run_name,epoch,max_epochs,epoch_start_time,train_end_time,val_end_time,train_minutes,validation_minutes,epoch_wall_minutes,train_loss,train_Dice,train_Jaccard,val_loss,val_Dice,val_Jaccard,val_bPQ,val_mPQ,old_lr,new_lr,new_best
sthelar40x_bps_9class_slide_adaptformer_gelu_red16_lr5e-5_clean_e3,1,3,2026-05-28 23:52:28.689000,2026-05-29 00:01:09.911000,2026-05-29 00:04:40.363000,8.69,3.51,12.19,9.8623,0.7389,0.6102,9.3455,0.7551,0.6332,0.4635,0.1552,5e-05,4.8e-05,1
sthelar40x_bps_9class_slide_adaptformer_gelu_red16_lr5e-5_clean_e3,2,3,2026-05-29 00:04:46.919000,2026-05-29 00:13:03.630000,2026-05-29 00:16:30.603000,8.28,3.45,11.73,8.8496,0.7546,0.6326,9.2913,0.7585,0.6371,0.4678,0.1604,4.8e-05,4.5e-05,1
sthelar40x_bps_9class_slide_adaptformer_gelu_red16_lr5e-5_clean_e3,3,3,2026-05-29 00:16:37.112000,2026-05-29 00:24:54.444000,2026-05-29 00:28:21.051000,8.29,3.44,11.73,8.6404,0.7609,0.6398,9.3194,0.7551,0.6328,0.459,0.1617,4.5e-05,4.3e-05,0
sthelar40x_bps_9class_slide_all_clean_unfreeze0_e3_seed42,1,3,2026-05-28 23:03:57.468000,2026-05-28 23:15:10.244000,2026-05-28 23:18:37.391000,11.21,3.45,14.67,9.7123,0.725,0.5937,9.8376,0.7141,0.5806,0.3751,0.1114,0.0001,9.5e-05,1
sthelar40x_bps_9class_slide_all_clean_unfreeze0_e3_seed42,2,3,2026-05-28 23:18:56.100000,2026-05-28 23:28:51.764000,2026-05-28 23:32:19.122000,9.93,3.46,13.38,9.0415,0.7364,0.6087,9.6378,0.7398,0.6132,0.4249,0.118,9.5e-05,9e-05,1
sthelar40x_bps_9class_slide_all_clean_unfreeze0_e3_seed42,3,3,2026-05-28 23:32:38.517000,2026-05-28 23:42:29.939000,2026-05-28 23:45:53.893000,9.86,3.4,13.26,8.9032,0.7462,0.6194,9.4936,0.7436,0.6182,0.4311,0.135,9e-05,8.6e-05,1
sthelar40x_bps_9class_slide_all_e3,1,3,2026-05-22 12:32:09.676000,2026-05-22 12:39:39.909000,2026-05-22 12:43:08.723000,7.5,3.48,10.98,9.7931,0.7385,0.6104,9.511,0.7375,0.6101,0.4282,0.1315,0.0001,9.5e-05,1
sthelar40x_bps_9class_slide_all_e3,2,3,2026-05-22 12:43:15.355000,2026-05-22 12:50:34.253000,2026-05-22 12:54:05.865000,7.31,3.53,10.84,8.8968,0.7486,0.6233,9.3416,0.7448,0.6197,0.4375,0.1457,9.5e-05,9e-05,1
sthelar40x_bps_9class_slide_all_e3,3,3,2026-05-22 12:54:12.323000,2026-05-22 13:04:25.195000,2026-05-22 13:07:57.619000,10.21,3.54,13.75,9.1449,0.7346,0.6062,9.4323,0.7447,0.619,0.4346,0.1364,9e-05,8.6e-05,0
sthelar40x_bps_9class_slide_all_e3_seed42,1,3,2026-05-25 10:14:11.713000,2026-05-25 10:21:31.103000,2026-05-25 10:25:03.687000,7.32,3.54,10.87,9.6048,0.7361,0.6075,9.4425,0.7412,0.6145,0.4328,0.1317,0.0001,9.5e-05,1
sthelar40x_bps_9class_slide_all_e3_seed42,2,3,2026-05-25 10:25:11.122000,2026-05-25 10:32:16.081000,2026-05-25 10:35:37.817000,7.08,3.36,10.44,8.8967,0.7461,0.6227,9.5092,0.7336,0.6053,0.4169,0.1201,9.5e-05,9e-05,0
sthelar40x_bps_9class_slide_all_e3_seed42,3,3,2026-05-25 10:35:41.249000,2026-05-25 10:45:10.027000,2026-05-25 10:48:36.911000,9.48,3.45,12.93,9.115,0.7391,0.6102,9.4089,0.7454,0.621,0.4428,0.1293,9e-05,8.6e-05,1
sthelar40x_bps_9class_slide_freeze_clean_e3_seed42,1,3,2026-05-28 23:03:57.090000,,2026-05-28 23:07:18.188000,,,3.35,,,,22.1564,0.7006,0.5618,0.4074,0.0601,0.0001,9.5e-05,1
sthelar40x_bps_9class_slide_freeze_clean_e3_seed42,2,3,2026-05-28 23:07:24.325000,,2026-05-28 23:10:36.343000,,,3.2,,,,22.1564,0.7006,0.5618,0.4074,0.0601,9.5e-05,9e-05,1
sthelar40x_bps_9class_slide_freeze_clean_e3_seed42,3,3,2026-05-28 23:10:41.976000,,2026-05-28 23:13:52.867000,,,3.18,,,,22.1564,0.7006,0.5618,0.4074,0.0601,9e-05,8.6e-05,1
sthelar40x_bps_9class_slide_freeze_e3,1,3,2026-05-22 14:56:09.546000,,2026-05-22 14:59:26.975000,,,3.29,,,,18.505,0.7006,0.5618,0.4074,0.0599,0.0001,9.5e-05,1
sthelar40x_bps_9class_slide_freeze_e3,2,3,2026-05-22 14:59:33.114000,,2026-05-22 15:02:44.620000,,,3.19,,,,18.505,0.7006,0.5618,0.4074,0.0599,9.5e-05,9e-05,1
sthelar40x_bps_9class_slide_freeze_e3,3,3,2026-05-22 15:02:50.460000,,2026-05-22 15:06:00.952000,,,3.17,,,,18.505,0.7006,0.5618,0.4074,0.0599,9e-05,8.6e-05,1
sthelar40x_bps_9class_slide_frozen_encoder_decoder_conv_adapters_red16_lr5e-5_e10_seed42_CLEAN,1,10,2026-06-22 11:06:48.450000,2026-06-22 11:10:59.763000,2026-06-22 11:13:00.891000,4.19,2.02,6.21,14.8322,0.6959,0.5604,13.7246,0.7059,0.5682,0.4021,0.0593,5e-05,4.8e-05,1
sthelar40x_bps_9class_slide_frozen_encoder_decoder_conv_adapters_red16_lr5e-5_e10_seed42_CLEAN,2,10,2026-06-22 11:13:04.558000,2026-06-22 11:17:05.948000,2026-06-22 11:19:07.731000,4.02,2.03,6.05,12.5688,0.7189,0.5852,11.7822,0.6958,0.5561,0.3818,0.0596,4.8e-05,4.5e-05,0
sthelar40x_bps_9class_slide_frozen_encoder_decoder_conv_adapters_red16_lr5e-5_e10_seed42_CLEAN,3,10,2026-06-22 11:19:09.529000,2026-06-22 11:23:18.160000,2026-06-22 11:25:20.958000,4.14,2.05,6.19,11.1659,0.6996,0.5602,10.8939,0.6797,0.5363,0.3435,0.0702,4.5e-05,4.3e-05,0
sthelar40x_bps_9class_slide_frozen_encoder_decoder_conv_adapters_red16_lr5e-5_e10_seed42_CLEAN,4,10,2026-06-22 11:25:22.833000,2026-06-22 11:29:35.097000,2026-06-22 11:31:37.754000,4.2,2.04,6.25,10.5867,0.6948,0.5544,10.4461,0.6868,0.5449,0.3494,0.0816,4.3e-05,4.1e-05,0
sthelar40x_bps_9class_slide_frozen_encoder_decoder_conv_adapters_red16_lr5e-5_e10_seed42_CLEAN,5,10,2026-06-22 11:31:39.634000,2026-06-22 11:35:50.212000,2026-06-22 11:37:55.252000,4.18,2.08,6.26,10.278,0.7145,0.5777,10.2581,0.7049,0.5675,0.3745,0.0963,4.1e-05,3.9e-05,0
sthelar40x_bps_9class_slide_frozen_encoder_decoder_conv_adapters_red16_lr5e-5_e10_seed42_CLEAN,6,10,2026-06-22 11:37:57.057000,2026-06-22 11:42:10.077000,2026-06-22 11:44:17.835000,4.22,2.13,6.35,10.1668,0.7201,0.5845,10.1552,0.7102,0.5742,0.3834,0.0952,3.9e-05,3.7e-05,0
sthelar40x_bps_9class_slide_frozen_encoder_decoder_conv_adapters_red16_lr5e-5_e10_seed42_CLEAN,7,10,2026-06-22 11:44:19.846000,2026-06-22 11:48:34.466000,2026-06-22 11:50:39.176000,4.24,2.08,6.32,9.9995,0.7312,0.5987,10.0748,0.7146,0.58,0.3901,0.0985,3.7e-05,3.5e-05,0
sthelar40x_bps_9class_slide_frozen_encoder_decoder_conv_adapters_red16_lr5e-5_e10_seed42_CLEAN,8,10,2026-06-22 11:50:40.965000,2026-06-22 11:54:54.902000,2026-06-22 11:57:01.843000,4.23,2.12,6.35,9.92,0.7325,0.6006,10.0032,0.7152,0.5809,0.3891,0.0922,3.5e-05,3.3e-05,0
sthelar40x_bps_9class_slide_frozen_encoder_decoder_conv_adapters_red16_lr5e-5_e10_seed42_CLEAN,9,10,2026-06-22 11:57:03.649000,2026-06-22 12:01:12.348000,2026-06-22 12:03:19.746000,4.14,2.12,6.27,9.8507,0.7329,0.6016,9.9821,0.7186,0.5853,0.3942,0.0955,3.3e-05,3.2e-05,0
sthelar40x_bps_9class_slide_frozen_encoder_decoder_conv_adapters_red16_lr5e-5_e10_seed42_CLEAN,10,10,2026-06-22 12:03:21.935000,2026-06-22 12:07:26.659000,2026-06-22 12:09:33.562000,4.08,2.12,6.19,9.8061,0.737,0.6057,9.8797,0.7213,0.5887,0.4002,0.0963,3.2e-05,3e-05,0
sthelar40x_bps_9class_slide_fullft_lr1e-5_e10_seed42_CLEAN_TRUE,1,10,2026-06-21 16:01:37.286000,2026-06-21 16:08:24.971000,2026-06-21 16:10:28.287000,6.79,2.06,8.85,11.1825,0.7243,0.593,10.0675,0.7386,0.6113,0.4371,0.1079,1e-05,1e-05,1
sthelar40x_bps_9class_slide_fullft_lr1e-5_e10_seed42_CLEAN_TRUE,2,10,2026-06-21 16:10:43.502000,2026-06-21 16:16:39.806000,2026-06-21 16:18:44.281000,5.94,2.07,8.01,9.4858,0.7487,0.6255,9.6489,0.7416,0.6163,0.4392,0.143,1e-05,9e-06,1
sthelar40x_bps_9class_slide_fullft_lr1e-5_e10_seed42_CLEAN_TRUE,3,10,2026-06-21 16:18:56.042000,2026-06-21 16:24:39.063000,2026-06-21 16:26:42.562000,5.72,2.06,7.78,9.0248,0.7609,0.6403,9.3579,0.7556,0.6339,0.4661,0.17,9e-06,9e-06,1
sthelar40x_bps_9class_slide_fullft_lr1e-5_e10_seed42_CLEAN_TRUE,4,10,2026-06-21 16:26:53.880000,2026-06-21 16:32:59.104000,2026-06-21 16:35:01.730000,6.09,2.04,8.13,8.7785,0.762,0.6421,9.3126,0.7547,0.6328,0.4616,0.1673,9e-06,8e-06,0
sthelar40x_bps_9class_slide_fullft_lr1e-5_e10_seed42_CLEAN_TRUE,5,10,2026-06-21 16:35:07.214000,2026-06-21 16:40:54.693000,2026-06-21 16:42:59.961000,5.79,2.09,7.88,8.6233,0.766,0.648,9.2668,0.7566,0.6353,0.4663,0.1726,8e-06,8e-06,1
sthelar40x_bps_9class_slide_fullft_lr1e-5_e10_seed42_CLEAN_TRUE,6,10,2026-06-21 16:43:12.377000,2026-06-21 16:49:02.337000,2026-06-21 16:51:03.250000,5.83,2.02,7.85,8.5499,0.7666,0.6512,9.2063,0.7538,0.6315,0.4618,0.1734,8e-06,7e-06,0
sthelar40x_bps_9class_slide_fullft_lr1e-5_e10_seed42_CLEAN_TRUE,7,10,2026-06-21 16:51:10.328000,2026-06-21 16:56:59.984000,2026-06-21 16:59:04.512000,5.83,2.08,7.9,8.3962,0.7777,0.66,9.1509,0.7542,0.632,0.4578,0.1726,7e-06,7e-06,0
sthelar40x_bps_9class_slide_fullft_lr1e-5_e10_seed42_CLEAN_TRUE,8,10,2026-06-21 16:59:10.271000,2026-06-21 17:05:10.458000,2026-06-21 17:07:15.274000,6.0,2.08,8.08,8.2789,0.7746,0.6588,9.1176,0.7557,0.6336,0.4623,0.1742,7e-06,7e-06,0
sthelar40x_bps_9class_slide_fullft_lr1e-5_e10_seed42_CLEAN_TRUE,9,10,2026-06-21 17:07:20.762000,2026-06-21 17:13:10.342000,2026-06-21 17:15:15.843000,5.83,2.09,7.92,8.1864,0.7745,0.657,9.0788,0.7583,0.6371,0.4682,0.1785,7e-06,6e-06,1
sthelar40x_bps_9class_slide_fullft_lr1e-5_e10_seed42_CLEAN_TRUE,10,10,2026-06-21 17:15:29.661000,2026-06-21 17:21:15.001000,2026-06-21 17:23:19.847000,5.76,2.08,7.84,8.1327,0.7755,0.6614,8.9866,0.7598,0.6393,0.4663,0.1803,6e-06,6e-06,0
sthelar40x_bps_9class_slide_lora_adaptformer_r8_a8_red16_decoder_conv_adapters_lr5e-5_e10_seed42_CLEAN,1,10,2026-06-21 14:45:05.297000,2026-06-21 14:50:27.140000,2026-06-21 14:52:36.071000,5.36,2.15,7.51,14.123,0.7344,0.6078,12.9163,0.744,0.6189,0.4414,0.0711,5e-05,4.8e-05,1
sthelar40x_bps_9class_slide_lora_adaptformer_r8_a8_red16_decoder_conv_adapters_lr5e-5_e10_seed42_CLEAN,2,10,2026-06-21 14:52:40.206000,2026-06-21 14:58:01.348000,2026-06-21 15:00:08.223000,5.35,2.11,7.47,11.537,0.7288,0.597,10.8563,0.7275,0.598,0.4135,0.0761,4.8e-05,4.5e-05,0
sthelar40x_bps_9class_slide_lora_adaptformer_r8_a8_red16_decoder_conv_adapters_lr5e-5_e10_seed42_CLEAN,3,10,2026-06-21 15:00:10.103000,2026-06-21 15:05:26.307000,2026-06-21 15:07:34.762000,5.27,2.14,7.41,10.3014,0.7369,0.6083,10.1736,0.744,0.6189,0.4417,0.0962,4.5e-05,4.3e-05,1
sthelar40x_bps_9class_slide_lora_adaptformer_r8_a8_red16_decoder_conv_adapters_lr5e-5_e10_seed42_CLEAN,4,10,2026-06-21 15:07:38.834000,2026-06-21 15:12:54.262000,2026-06-21 15:15:04.408000,5.26,2.17,7.43,9.7917,0.7436,0.6177,9.896,0.747,0.6236,0.4496,0.1208,4.3e-05,4.1e-05,1
sthelar40x_bps_9class_slide_lora_adaptformer_r8_a8_red16_decoder_conv_adapters_lr5e-5_e10_seed42_CLEAN,5,10,2026-06-21 15:15:08.112000,2026-06-21 15:20:29.507000,2026-06-21 15:22:38.854000,5.36,2.16,7.51,9.4904,0.7536,0.6278,9.7331,0.7432,0.6182,0.4413,0.131,4.1e-05,3.9e-05,0
sthelar40x_bps_9class_slide_lora_adaptformer_r8_a8_red16_decoder_conv_adapters_lr5e-5_e10_seed42_CLEAN,6,10,2026-06-21 15:22:40.853000,2026-06-21 15:28:06.299000,2026-06-21 15:30:14.819000,5.42,2.14,7.57,9.353,0.7564,0.6333,9.593,0.7463,0.6222,0.4481,0.1378,3.9e-05,3.7e-05,0
sthelar40x_bps_9class_slide_lora_adaptformer_r8_a8_red16_decoder_conv_adapters_lr5e-5_e10_seed42_CLEAN,7,10,2026-06-21 15:30:16.729000,2026-06-21 15:35:38.103000,2026-06-21 15:37:46.730000,5.36,2.14,7.5,9.157,0.7618,0.643,9.6382,0.7509,0.6284,0.4549,0.1328,3.7e-05,3.5e-05,1
sthelar40x_bps_9class_slide_lora_adaptformer_r8_a8_red16_decoder_conv_adapters_lr5e-5_e10_seed42_CLEAN,8,10,2026-06-21 15:37:50.531000,2026-06-21 15:43:06.767000,2026-06-21 15:45:15.453000,5.27,2.14,7.42,9.0454,0.7637,0.6454,9.5046,0.7467,0.6228,0.4511,0.1495,3.5e-05,3.3e-05,0
sthelar40x_bps_9class_slide_lora_adaptformer_r8_a8_red16_decoder_conv_adapters_lr5e-5_e10_seed42_CLEAN,9,10,2026-06-21 15:45:17.300000,2026-06-21 15:50:35.969000,2026-06-21 15:52:44.266000,5.31,2.14,7.45,8.9557,0.7624,0.6432,9.5521,0.7534,0.6314,0.4594,0.1498,3.3e-05,3.2e-05,1
sthelar40x_bps_9class_slide_lora_adaptformer_r8_a8_red16_decoder_conv_adapters_lr5e-5_e10_seed42_CLEAN,10,10,2026-06-21 15:52:48.063000,2026-06-21 15:58:03.432000,2026-06-21 16:00:13.288000,5.26,2.16,7.42,8.8844,0.7704,0.6498,9.341,0.7514,0.6288,0.4615,0.1592,3.2e-05,3e-05,1
sthelar40x_bps_9class_slide_lora_adaptformer_r8_a8_red16_decoder_heads_only_lr5e-5_e10_seed42_CLEAN,1,10,2026-06-21 14:45:04.699000,2026-06-21 14:50:19.342000,2026-06-21 14:52:26.226000,5.24,2.11,7.36,14.4168,0.7433,0.6164,13.6848,0.7463,0.6219,0.4447,0.0816,5e-05,4.8e-05,1
sthelar40x_bps_9class_slide_lora_adaptformer_r8_a8_red16_decoder_heads_only_lr5e-5_e10_seed42_CLEAN,2,10,2026-06-21 14:52:30.340000,2026-06-21 14:57:32.010000,2026-06-21 14:59:36.531000,5.03,2.08,7.1,12.7046,0.7261,0.5928,12.1188,0.7322,0.603,0.4188,0.0769,4.8e-05,4.5e-05,0
sthelar40x_bps_9class_slide_lora_adaptformer_r8_a8_red16_decoder_heads_only_lr5e-5_e10_seed42_CLEAN,3,10,2026-06-21 14:59:38.630000,2026-06-21 15:04:38.201000,2026-06-21 15:06:44.893000,4.99,2.11,7.1,11.5981,0.7238,0.5927,11.3155,0.7384,0.6104,0.4239,0.0686,4.5e-05,4.3e-05,0
sthelar40x_bps_9class_slide_lora_adaptformer_r8_a8_red16_decoder_heads_only_lr5e-5_e10_seed42_CLEAN,4,10,2026-06-21 15:06:47.095000,2026-06-21 15:11:44.641000,2026-06-21 15:13:51.637000,4.96,2.12,7.08,10.9941,0.7226,0.5914,11.0,0.7343,0.6051,0.4239,0.0717,4.3e-05,4.1e-05,0
sthelar40x_bps_9class_slide_lora_adaptformer_r8_a8_red16_decoder_heads_only_lr5e-5_e10_seed42_CLEAN,5,10,2026-06-21 15:13:53.815000,2026-06-21 15:18:49.412000,2026-06-21 15:20:57.172000,4.93,2.13,7.06,10.6648,0.7333,0.6036,10.8502,0.7332,0.6039,0.4166,0.073,4.1e-05,3.9e-05,0
sthelar40x_bps_9class_slide_lora_adaptformer_r8_a8_red16_decoder_heads_only_lr5e-5_e10_seed42_CLEAN,6,10,2026-06-21 15:20:59.285000,2026-06-21 15:25:51.804000,2026-06-21 15:27:59.175000,4.88,2.12,7.0,10.5262,0.7316,0.6033,10.7156,0.7323,0.6018,0.4181,0.0694,3.9e-05,3.7e-05,0
sthelar40x_bps_9class_slide_lora_adaptformer_r8_a8_red16_decoder_heads_only_lr5e-5_e10_seed42_CLEAN,7,10,2026-06-21 15:28:01.148000,2026-06-21 15:32:54.557000,2026-06-21 15:35:05.790000,4.89,2.19,7.08,10.3641,0.7443,0.6145,10.6198,0.7377,0.6098,0.4264,0.0867,3.7e-05,3.5e-05,0
sthelar40x_bps_9class_slide_lora_adaptformer_r8_a8_red16_decoder_heads_only_lr5e-5_e10_seed42_CLEAN,8,10,2026-06-21 15:35:07.714000,2026-06-21 15:40:02.181000,2026-06-21 15:42:13.363000,4.91,2.19,7.09,10.2424,0.7472,0.6217,10.5335,0.7405,0.6135,0.4338,0.0878,3.5e-05,3.3e-05,0
sthelar40x_bps_9class_slide_lora_adaptformer_r8_a8_red16_decoder_heads_only_lr5e-5_e10_seed42_CLEAN,9,10,2026-06-21 15:42:15.423000,2026-06-21 15:47:10.702000,2026-06-21 15:49:21.840000,4.92,2.19,7.11,10.1361,0.7484,0.6217,10.4909,0.7405,0.6134,0.4322,0.0923,3.3e-05,3.2e-05,0
sthelar40x_bps_9class_slide_lora_adaptformer_r8_a8_red16_decoder_heads_only_lr5e-5_e10_seed42_CLEAN,10,10,2026-06-21 15:49:23.821000,2026-06-21 15:54:17.269000,2026-06-21 15:56:26.883000,4.89,2.16,7.05,10.0463,0.7546,0.6286,10.3915,0.7435,0.6174,0.4431,0.0933,3.2e-05,3e-05,0
sthelar40x_bps_9class_slide_lora_adaptformer_r8_a8_red16_decoder_last_stage_lr5e-5_e10_seed42_CLEAN,1,10,2026-06-21 14:45:04.635000,2026-06-21 14:50:14.591000,2026-06-21 14:52:20.814000,5.17,2.1,7.27,10.2843,0.7251,0.5929,9.6604,0.7451,0.6196,0.4555,0.1277,5e-05,4.8e-05,1
sthelar40x_bps_9class_slide_lora_adaptformer_r8_a8_red16_decoder_last_stage_lr5e-5_e10_seed42_CLEAN,2,10,2026-06-21 14:52:24.877000,2026-06-21 14:57:31.580000,2026-06-21 14:59:39.807000,5.11,2.14,7.25,9.2152,0.749,0.6232,9.4911,0.7463,0.6213,0.4487,0.1544,4.8e-05,4.5e-05,0
sthelar40x_bps_9class_slide_lora_adaptformer_r8_a8_red16_decoder_last_stage_lr5e-5_e10_seed42_CLEAN,3,10,2026-06-21 14:59:41.849000,2026-06-21 15:04:46.776000,2026-06-21 15:06:56.097000,5.08,2.16,7.24,8.9249,0.7549,0.6352,9.3245,0.751,0.6268,0.4598,0.1603,4.5e-05,4.3e-05,1
sthelar40x_bps_9class_slide_lora_adaptformer_r8_a8_red16_decoder_last_stage_lr5e-5_e10_seed42_CLEAN,4,10,2026-06-21 15:07:00.283000,2026-06-21 15:12:00.098000,2026-06-21 15:14:07.304000,5.0,2.12,7.12,8.7465,0.7545,0.6332,9.3454,0.7535,0.6307,0.4609,0.1587,4.3e-05,4.1e-05,1
sthelar40x_bps_9class_slide_lora_adaptformer_r8_a8_red16_decoder_last_stage_lr5e-5_e10_seed42_CLEAN,5,10,2026-06-21 15:14:11.814000,2026-06-21 15:19:21.932000,2026-06-21 15:21:29.374000,5.17,2.12,7.29,8.6136,0.7609,0.6406,9.1552,0.7517,0.6283,0.4595,0.1632,4.1e-05,3.9e-05,0
sthelar40x_bps_9class_slide_lora_adaptformer_r8_a8_red16_decoder_last_stage_lr5e-5_e10_seed42_CLEAN,6,10,2026-06-21 15:21:31.622000,2026-06-21 15:26:33.667000,2026-06-21 15:28:41.013000,5.03,2.12,7.16,8.6082,0.7559,0.6375,9.1833,0.7538,0.6307,0.4624,0.1692,3.9e-05,3.7e-05,1
sthelar40x_bps_9class_slide_lora_adaptformer_r8_a8_red16_decoder_last_stage_lr5e-5_e10_seed42_CLEAN,7,10,2026-06-21 15:28:45.030000,2026-06-21 15:33:44.643000,2026-06-21 15:35:52.144000,4.99,2.13,7.12,8.5113,0.7651,0.6434,9.2524,0.7561,0.6334,0.463,0.163,3.7e-05,3.5e-05,1
sthelar40x_bps_9class_slide_lora_adaptformer_r8_a8_red16_decoder_last_stage_lr5e-5_e10_seed42_CLEAN,8,10,2026-06-21 15:35:56.053000,2026-06-21 15:40:51.704000,2026-06-21 15:43:01.739000,4.93,2.17,7.09,8.4103,0.7656,0.6476,9.0873,0.7561,0.6338,0.464,0.1745,3.5e-05,3.3e-05,1
sthelar40x_bps_9class_slide_lora_adaptformer_r8_a8_red16_decoder_last_stage_lr5e-5_e10_seed42_CLEAN,9,10,2026-06-21 15:43:05.843000,2026-06-21 15:48:07.258000,2026-06-21 15:50:17.152000,5.02,2.16,7.19,8.3606,0.7659,0.6468,9.072,0.7558,0.6336,0.464,0.1707,3.3e-05,3.2e-05,0
sthelar40x_bps_9class_slide_lora_adaptformer_r8_a8_red16_decoder_last_stage_lr5e-5_e10_seed42_CLEAN,10,10,2026-06-21 15:50:19.274000,2026-06-21 15:55:33.676000,2026-06-21 15:57:43.336000,5.24,2.16,7.4,8.3548,0.7688,0.6491,8.953,0.7548,0.632,0.4626,0.181,3.2e-05,3e-05,0
sthelar40x_bps_9class_slide_lora_ntonly_r16_a16_lr5e-5_clean_e3,1,3,2026-05-28 23:43:34.617000,2026-05-28 23:51:53.507000,2026-05-28 23:55:22.178000,8.31,3.48,11.79,11.1709,0.722,0.5919,10.6405,0.7289,0.5985,0.437,0.1464,5e-05,4.8e-05,1
sthelar40x_bps_9class_slide_lora_ntonly_r16_a16_lr5e-5_clean_e3,2,3,2026-05-28 23:55:28.874000,2026-05-29 00:03:48.576000,2026-05-29 00:07:16.317000,8.33,3.46,11.79,10.2986,0.7375,0.6106,10.5188,0.7323,0.6035,0.4406,0.1521,4.8e-05,4.5e-05,1
sthelar40x_bps_9class_slide_lora_ntonly_r16_a16_lr5e-5_clean_e3,3,3,2026-05-29 00:07:26.408000,2026-05-29 00:15:50.904000,2026-05-29 00:19:20.926000,8.41,3.5,11.91,10.0367,0.7417,0.6166,10.2528,0.7383,0.6113,0.4501,0.1648,4.5e-05,4.3e-05,1
sthelar40x_bps_9class_slide_lora_ntonly_r4_a4_lr5e-5_clean_e3,1,3,2026-05-28 23:22:49.345000,2026-05-28 23:30:54.214000,2026-05-28 23:34:24.272000,8.08,3.5,11.58,11.3123,0.7047,0.571,10.7535,0.725,0.593,0.4292,0.1332,5e-05,4.8e-05,1
sthelar40x_bps_9class_slide_lora_ntonly_r4_a4_lr5e-5_clean_e3,2,3,2026-05-28 23:34:30.177000,2026-05-28 23:42:43.405000,2026-05-28 23:46:11.631000,8.22,3.47,11.69,10.4422,0.7256,0.5956,10.466,0.7284,0.5979,0.4376,0.1547,4.8e-05,4.5e-05,1
sthelar40x_bps_9class_slide_lora_ntonly_r4_a4_lr5e-5_clean_e3,3,3,2026-05-28 23:46:21.353000,2026-05-28 23:54:36.183000,2026-05-28 23:58:06.858000,8.25,3.51,11.76,10.199,0.7386,0.6107,10.4744,0.7298,0.5996,0.4379,0.1563,4.5e-05,4.3e-05,1
sthelar40x_bps_9class_slide_lora_ntonly_r8_a8_lr5e-5_clean_e3,1,3,2026-05-28 23:26:54.737000,2026-05-28 23:35:25,2026-05-28 23:38:56.845000,8.5,3.53,12.04,11.278,0.7104,0.5798,10.6759,0.7263,0.5952,0.4333,0.1477,5e-05,4.8e-05,1
sthelar40x_bps_9class_slide_lora_ntonly_r8_a8_lr5e-5_clean_e3,2,3,2026-05-28 23:39:02.832000,2026-05-28 23:47:38.570000,2026-05-28 23:51:09.315000,8.6,3.51,12.11,10.3486,0.7342,0.6074,10.4112,0.7305,0.6009,0.4404,0.1636,4.8e-05,4.5e-05,1
sthelar40x_bps_9class_slide_lora_ntonly_r8_a8_lr5e-5_clean_e3,3,3,2026-05-28 23:51:15.394000,2026-05-29 00:00:06.359000,2026-05-29 00:03:38.605000,8.85,3.54,12.39,10.0984,0.7364,0.6125,10.3303,0.7322,0.6033,0.4433,0.1583,4.5e-05,4.3e-05,1
sthelar40x_bps_9class_slide_lora_r16_a16_e3,1,3,2026-05-25 10:14:11.623000,2026-05-25 10:23:06.977000,2026-05-25 10:26:38.755000,8.92,3.53,12.45,9.8503,0.7318,0.6034,9.588,0.7424,0.6172,0.432,0.1292,0.0001,9.5e-05,1
sthelar40x_bps_9class_slide_lora_r16_a16_e3,2,3,2026-05-25 10:26:45.761000,2026-05-25 10:35:05.652000,2026-05-25 10:38:35.210000,8.33,3.49,11.82,9.0387,0.7398,0.612,9.3511,0.752,0.6291,0.4553,0.164,9.5e-05,9e-05,1
sthelar40x_bps_9class_slide_lora_r16_a16_e3,3,3,2026-05-25 10:38:42.408000,2026-05-25 10:49:05.664000,2026-05-25 10:52:30.884000,10.39,3.42,13.81,9.7368,0.6977,0.5589,10.0435,0.704,0.5673,0.3485,0.0927,9e-05,8.6e-05,0
sthelar40x_bps_9class_slide_lora_r16_a16_lr5e-5_clean_e3,1,3,2026-05-28 23:03:56.921000,2026-05-28 23:13:06.315000,2026-05-28 23:16:42.909000,9.16,3.61,12.77,9.8824,0.7388,0.6116,9.3883,0.746,0.6205,0.4429,0.158,5e-05,4.8e-05,1
sthelar40x_bps_9class_slide_lora_r16_a16_lr5e-5_clean_e3,2,3,2026-05-28 23:16:49.198000,2026-05-28 23:25:49.363000,2026-05-28 23:29:21.822000,9.0,3.54,12.54,8.9748,0.7519,0.6275,9.2212,0.7563,0.6344,0.4603,0.1685,4.8e-05,4.5e-05,1
sthelar40x_bps_9class_slide_lora_r16_a16_lr5e-5_clean_e3,3,3,2026-05-28 23:29:28.252000,2026-05-28 23:38:10.598000,2026-05-28 23:41:44.695000,8.71,3.57,12.27,8.7461,0.7593,0.6372,9.1287,0.7553,0.6335,0.4588,0.1679,4.5e-05,4.3e-05,0
sthelar40x_bps_9class_slide_lora_r4_a4_e3,1,3,2026-05-25 10:14:17.488000,2026-05-25 10:23:18.957000,2026-05-25 10:26:52.879000,9.02,3.57,12.59,9.6928,0.7481,0.621,9.3511,0.7543,0.6319,0.4571,0.159,0.0001,9.5e-05,1
sthelar40x_bps_9class_slide_lora_r4_a4_e3,2,3,2026-05-25 10:26:59.889000,2026-05-25 10:35:51.448000,2026-05-25 10:39:26.558000,8.86,3.59,12.44,8.7567,0.7531,0.6291,9.1963,0.7508,0.6277,0.4508,0.1558,9.5e-05,9e-05,0
sthelar40x_bps_9class_slide_lora_r4_a4_e3,3,3,2026-05-25 10:39:29.897000,2026-05-25 10:50:04.714000,2026-05-25 10:53:35.435000,10.58,3.51,14.09,9.2416,0.7317,0.6017,9.6155,0.7423,0.6165,0.4329,0.1338,9e-05,8.6e-05,0
sthelar40x_bps_9class_slide_lora_r4_a4_lr5e-5_clean_e3,1,3,2026-05-28 23:03:56.580000,2026-05-28 23:12:59.427000,2026-05-28 23:16:38.661000,9.05,3.65,12.7,9.9309,0.7324,0.6015,9.5198,0.737,0.609,0.4285,0.1383,5e-05,4.8e-05,1
sthelar40x_bps_9class_slide_lora_r4_a4_lr5e-5_clean_e3,2,3,2026-05-28 23:16:45.177000,2026-05-28 23:25:27.402000,2026-05-28 23:29:00.445000,8.7,3.55,12.25,9.006,0.7496,0.6238,9.353,0.7469,0.6219,0.4435,0.1443,4.8e-05,4.5e-05,1
sthelar40x_bps_9class_slide_lora_r4_a4_lr5e-5_clean_e3,3,3,2026-05-28 23:29:06.899000,2026-05-28 23:37:50.135000,2026-05-28 23:41:25.098000,8.72,3.58,12.3,8.8221,0.7558,0.6322,9.2589,0.7443,0.6187,0.4381,0.1574,4.5e-05,4.3e-05,0
sthelar40x_bps_9class_slide_lora_r4_a4_lr5e-5_e3,1,3,2026-05-26 10:29:09.570000,2026-05-26 10:38:24.048000,2026-05-26 10:41:54.742000,9.24,3.51,12.75,10.1267,0.7401,0.6116,9.5899,0.7481,0.6238,0.4489,0.1314,5e-05,4.8e-05,1
sthelar40x_bps_9class_slide_lora_r4_a4_lr5e-5_e3,2,3,2026-05-26 10:42:01.956000,2026-05-26 10:50:46.335000,2026-05-26 10:54:17.078000,8.74,3.51,12.25,8.9459,0.7524,0.6278,9.2017,0.7497,0.6261,0.4516,0.1612,4.8e-05,4.5e-05,1
sthelar40x_bps_9class_slide_lora_r4_a4_lr5e-5_e3,3,3,2026-05-26 10:54:24.155000,2026-05-26 11:04:49.655000,2026-05-26 11:08:22.447000,10.43,3.55,13.97,8.9971,0.7463,0.6204,9.414,0.7528,0.6308,0.4569,0.1377,4.5e-05,4.3e-05,1
sthelar40x_bps_9class_slide_lora_r8_a8_decoder_conv_adapters_red16_lr5e-5_e10_seed42_CLEAN,1,10,2026-06-22 12:29:03.947000,2026-06-22 12:34:20.302000,2026-06-22 12:36:24.179000,5.27,2.06,7.34,14.7,0.7193,0.5876,13.8085,0.72,0.587,0.4188,0.0626,5e-05,4.8e-05,1
sthelar40x_bps_9class_slide_lora_r8_a8_decoder_conv_adapters_red16_lr5e-5_e10_seed42_CLEAN,2,10,2026-06-22 12:36:27.735000,2026-06-22 12:41:37.317000,2026-06-22 12:43:40.039000,5.16,2.05,7.21,12.5143,0.7357,0.6088,11.6353,0.7295,0.6,0.4375,0.0673,4.8e-05,4.5e-05,1
sthelar40x_bps_9class_slide_lora_r8_a8_decoder_conv_adapters_red16_lr5e-5_e10_seed42_CLEAN,3,10,2026-06-22 12:43:43.505000,2026-06-22 12:48:49.551000,2026-06-22 12:50:52.652000,5.1,2.05,7.15,11.0135,0.7264,0.5984,10.6279,0.7211,0.5896,0.412,0.074,4.5e-05,4.3e-05,0
sthelar40x_bps_9class_slide_lora_r8_a8_decoder_conv_adapters_red16_lr5e-5_e10_seed42_CLEAN,4,10,2026-06-22 12:50:54.519000,2026-06-22 12:56:19.376000,2026-06-22 12:58:24.689000,5.41,2.09,7.5,10.2848,0.7198,0.5882,10.0701,0.728,0.5984,0.425,0.1073,4.3e-05,4.1e-05,0
sthelar40x_bps_9class_slide_lora_r8_a8_decoder_conv_adapters_red16_lr5e-5_e10_seed42_CLEAN,5,10,2026-06-22 12:58:26.474000,2026-06-22 13:03:35.095000,2026-06-22 13:05:41.760000,5.14,2.11,7.25,9.9383,0.7326,0.6057,9.8513,0.7411,0.6149,0.4433,0.1405,4.1e-05,3.9e-05,1
sthelar40x_bps_9class_slide_lora_r8_a8_decoder_conv_adapters_red16_lr5e-5_e10_seed42_CLEAN,6,10,2026-06-22 13:05:45.437000,2026-06-22 13:11:02.716000,2026-06-22 13:13:08.991000,5.29,2.1,7.39,9.7818,0.7383,0.6117,9.7286,0.7419,0.6164,0.4458,0.1368,3.9e-05,3.7e-05,1
sthelar40x_bps_9class_slide_lora_r8_a8_decoder_conv_adapters_red16_lr5e-5_e10_seed42_CLEAN,7,10,2026-06-22 13:13:12.630000,2026-06-22 13:18:24.402000,2026-06-22 13:20:31.255000,5.2,2.11,7.31,9.6157,0.7458,0.6225,9.6103,0.7452,0.6207,0.4528,0.1486,3.7e-05,3.5e-05,1
sthelar40x_bps_9class_slide_lora_r8_a8_decoder_conv_adapters_red16_lr5e-5_e10_seed42_CLEAN,8,10,2026-06-22 13:20:34.871000,2026-06-22 13:25:49.324000,2026-06-22 13:27:57.434000,5.24,2.14,7.38,9.4482,0.752,0.6293,9.5799,0.7497,0.6263,0.4601,0.1496,3.5e-05,3.3e-05,1
sthelar40x_bps_9class_slide_lora_r8_a8_decoder_conv_adapters_red16_lr5e-5_e10_seed42_CLEAN,9,10,2026-06-22 13:28:02.046000,2026-06-22 13:33:17.152000,2026-06-22 13:35:25.910000,5.25,2.15,7.4,9.3842,0.7496,0.6249,9.4979,0.7487,0.625,0.4597,0.157,3.3e-05,3.2e-05,0
sthelar40x_bps_9class_slide_lora_r8_a8_decoder_conv_adapters_red16_lr5e-5_e10_seed42_CLEAN,10,10,2026-06-22 13:35:27.722000,2026-06-22 13:40:27.321000,2026-06-22 13:42:36.311000,4.99,2.15,7.14,9.3081,0.7532,0.6288,9.437,0.7458,0.6213,0.4534,0.1584,3.2e-05,3e-05,0
sthelar40x_bps_9class_slide_lora_r8_a8_e3,1,3,2026-05-22 14:28:57.904000,2026-05-22 14:37:34.698000,2026-05-22 14:41:14.523000,8.61,3.66,12.28,9.7023,0.7436,0.6158,9.4273,0.7451,0.6204,0.446,0.1514,0.0001,9.5e-05,1
sthelar40x_bps_9class_slide_lora_r8_a8_e3,2,3,2026-05-22 14:41:22.694000,2026-05-22 14:49:50.929000,2026-05-22 14:53:23.982000,8.47,3.55,12.02,8.8127,0.7508,0.6269,9.2661,0.7553,0.6336,0.4586,0.1645,9.5e-05,9e-05,1
sthelar40x_bps_9class_slide_lora_r8_a8_e3,3,3,2026-05-22 14:53:31.288000,2026-05-22 15:04:05.085000,2026-05-22 15:07:39.199000,10.56,3.57,14.13,9.3979,0.7183,0.5863,9.8178,0.7133,0.581,0.3701,0.1173,9e-05,8.6e-05,0
sthelar40x_bps_9class_slide_lora_r8_a8_lr2e-5_e3,1,3,2026-05-26 10:29:25.929000,2026-05-26 10:38:15.113000,2026-05-26 10:41:46.930000,8.82,3.53,12.35,10.9376,0.7279,0.5956,9.8958,0.7312,0.6029,0.4268,0.1184,2e-05,1.9e-05,1
sthelar40x_bps_9class_slide_lora_r8_a8_lr2e-5_e3,2,3,2026-05-26 10:41:55.120000,2026-05-26 10:50:16.575000,2026-05-26 10:53:46.123000,8.36,3.49,11.85,9.3913,0.7474,0.6226,9.4527,0.7463,0.6213,0.4474,0.1589,1.9e-05,1.8e-05,1
sthelar40x_bps_9class_slide_lora_r8_a8_lr2e-5_e3,3,3,2026-05-26 10:53:57.525000,2026-05-26 11:03:58.654000,2026-05-26 11:07:33.923000,10.02,3.59,13.61,9.1405,0.7504,0.6281,9.3742,0.749,0.6253,0.4532,0.1547,1.8e-05,1.7e-05,1
sthelar40x_bps_9class_slide_lora_r8_a8_lr5e-5_clean_e3,1,3,2026-05-28 23:03:56.567000,2026-05-28 23:13:07.039000,2026-05-28 23:16:45.303000,9.17,3.64,12.81,9.9307,0.7316,0.6042,9.4331,0.7398,0.6128,0.4357,0.1529,5e-05,4.8e-05,1
sthelar40x_bps_9class_slide_lora_r8_a8_lr5e-5_clean_e3,2,3,2026-05-28 23:16:52.081000,2026-05-28 23:25:43.443000,2026-05-28 23:29:18.736000,8.86,3.59,12.44,9.0058,0.7501,0.6262,9.1866,0.7481,0.6233,0.4458,0.1658,4.8e-05,4.5e-05,1
sthelar40x_bps_9class_slide_lora_r8_a8_lr5e-5_clean_e3,3,3,2026-05-28 23:29:25.183000,2026-05-28 23:38:19.410000,2026-05-28 23:41:57.462000,8.9,3.63,12.54,8.781,0.7539,0.6336,9.0974,0.7563,0.6341,0.458,0.1704,4.5e-05,4.3e-05,1
sthelar40x_bps_9class_slide_lora_r8_a8_lr5e-5_e3,1,3,2026-05-25 10:14:11.842000,2026-05-25 10:23:20.249000,2026-05-25 10:26:56.275000,9.14,3.6,12.74,10.0728,0.7414,0.6134,9.4991,0.7464,0.6213,0.4488,0.1482,5e-05,4.8e-05,1
sthelar40x_bps_9class_slide_lora_r8_a8_lr5e-5_e3,2,3,2026-05-25 10:27:04.118000,2026-05-25 10:36:06.469000,2026-05-25 10:39:44.397000,9.04,3.63,12.67,8.9152,0.7529,0.63,9.307,0.7541,0.6316,0.458,0.1653,4.8e-05,4.5e-05,1
sthelar40x_bps_9class_slide_lora_r8_a8_lr5e-5_e3,3,3,2026-05-25 10:39:51.115000,2026-05-25 10:50:12.258000,2026-05-25 10:53:56.576000,10.35,3.74,14.09,9.0399,0.7443,0.6198,9.4973,0.7474,0.6235,0.444,0.1457,4.5e-05,4.3e-05,0
sthelar40x_bps_9class_slide_lora_r8_a8_lr5e-5_e3_seed42,1,3,2026-05-26 10:29:14.532000,2026-05-26 10:38:27.423000,2026-05-26 10:42:02.566000,9.21,3.59,12.8,9.7883,0.7417,0.6144,9.481,0.7526,0.6295,0.4584,0.157,5e-05,4.8e-05,1
sthelar40x_bps_9class_slide_lora_r8_a8_lr5e-5_e3_seed42,2,3,2026-05-26 10:42:10.053000,2026-05-26 10:51:02.433000,2026-05-26 10:54:35.875000,8.87,3.56,12.43,8.8166,0.7551,0.6319,9.3244,0.7496,0.626,0.4498,0.1557,4.8e-05,4.5e-05,0
sthelar40x_bps_9class_slide_lora_r8_a8_lr5e-5_e3_seed42,3,3,2026-05-26 10:54:39.494000,2026-05-26 11:05:15.193000,2026-05-26 11:08:51.498000,10.59,3.61,14.2,8.9309,0.7467,0.622,9.2161,0.7537,0.6318,0.4595,0.1665,4.5e-05,4.3e-05,1
sthelar40x_bps_9class_slide_ntonly_clean_e3_seed42,1,3,2026-05-28 23:03:57.093000,2026-05-28 23:10:44.493000,2026-05-28 23:14:04.918000,6.79,3.34,10.13,11.1283,0.6861,0.5485,10.8484,0.705,0.567,0.4116,0.1221,0.0001,9.5e-05,1
sthelar40x_bps_9class_slide_ntonly_clean_e3_seed42,2,3,2026-05-28 23:14:12.011000,2026-05-28 23:20:41.106000,2026-05-28 23:23:58.082000,6.48,3.28,9.77,10.5739,0.6793,0.5425,10.6967,0.7053,0.5674,0.4126,0.1331,9.5e-05,9e-05,1
sthelar40x_bps_9class_slide_ntonly_clean_e3_seed42,3,3,2026-05-28 23:24:03.868000,2026-05-28 23:30:50.646000,2026-05-28 23:34:10.309000,6.78,3.33,10.11,10.4618,0.6844,0.5479,10.724,0.7046,0.5665,0.4109,0.1296,9e-05,8.6e-05,0
sthelar40x_bps_9class_slide_ntonly_e3,1,3,2026-05-22 14:28:57.952000,2026-05-22 14:35:47.869000,2026-05-22 14:39:19.107000,6.83,3.52,10.35,11.3779,0.6829,0.5456,10.942,0.7057,0.5679,0.4119,0.1186,0.0001,9.5e-05,1
sthelar40x_bps_9class_slide_ntonly_e3,2,3,2026-05-22 14:39:25.378000,2026-05-22 14:46:02.959000,2026-05-22 14:49:29.894000,6.63,3.45,10.08,10.5573,0.6798,0.5417,10.7666,0.7061,0.5683,0.4136,0.1291,9.5e-05,9e-05,1
sthelar40x_bps_9class_slide_ntonly_e3,3,3,2026-05-22 14:49:35.842000,2026-05-22 14:59:11.074000,2026-05-22 15:02:40.963000,9.59,3.5,13.09,10.3151,0.7246,0.5956,10.6455,0.7361,0.6093,0.429,0.1145,9e-05,8.6e-05,1
sthelar40x_bps_9class_slide_ntonly_e3_seed42,1,3,2026-05-25 10:14:11.854000,2026-05-25 10:21:13.424000,2026-05-25 10:24:42.589000,7.03,3.49,10.51,11.1283,0.6861,0.5485,10.8484,0.705,0.567,0.4116,0.1221,0.0001,9.5e-05,1
sthelar40x_bps_9class_slide_ntonly_e3_seed42,2,3,2026-05-25 10:24:48.385000,2026-05-25 10:31:43.907000,2026-05-25 10:35:18.755000,6.93,3.58,10.51,10.5739,0.6793,0.5425,10.6967,0.7053,0.5674,0.4126,0.1331,9.5e-05,9e-05,1
sthelar40x_bps_9class_slide_ntonly_e3_seed42,3,3,2026-05-25 10:35:24.750000,2026-05-25 10:44:58.627000,2026-05-25 10:48:40.112000,9.56,3.69,13.26,10.2696,0.7262,0.5956,10.1475,0.7371,0.6099,0.4367,0.1469,9e-05,8.6e-05,1
sthelar40x_bps_9class_slide_plora_r8_a8_e3,1,3,2026-05-25 10:14:11.897000,,,,,,,,,,,,,,0.0001,9.5e-05,1
sthelar40x_bps_9class_slide_plora_r8_a8_e3,2,3,2026-05-25 10:24:34.580000,,,,,,,,,,,,,,9.5e-05,9e-05,1
sthelar40x_bps_9class_slide_plora_r8_a8_e3,3,3,2026-05-25 10:34:56.090000,,,,,,,,,,,,,,9e-05,8.6e-05,1
sthelar40x_bps_9class_slide_vera_adaptformer_r16_a16_red16_decoder_conv_adapters_lr5e-5_e10_seed42_CLEAN,1,10,2026-06-22 13:03:55.560000,2026-06-22 13:09:24.052000,2026-06-22 13:11:32.781000,5.47,2.15,7.62,14.1117,0.739,0.6122,12.7123,0.7381,0.6121,0.4205,0.0669,5e-05,4.8e-05,1
sthelar40x_bps_9class_slide_vera_adaptformer_r16_a16_red16_decoder_conv_adapters_lr5e-5_e10_seed42_CLEAN,2,10,2026-06-22 13:11:36.501000,2026-06-22 13:17:07.405000,2026-06-22 13:19:15.433000,5.52,2.13,7.65,11.5754,0.7263,0.594,10.8239,0.7301,0.6007,0.4167,0.0761,4.8e-05,4.5e-05,0
sthelar40x_bps_9class_slide_vera_adaptformer_r16_a16_red16_decoder_conv_adapters_lr5e-5_e10_seed42_CLEAN,3,10,2026-06-22 13:19:17.343000,2026-06-22 13:24:41.380000,2026-06-22 13:26:49.678000,5.4,2.14,7.54,10.3255,0.7372,0.6092,10.1822,0.7415,0.6158,0.4399,0.1016,4.5e-05,4.3e-05,1
sthelar40x_bps_9class_slide_vera_adaptformer_r16_a16_red16_decoder_conv_adapters_lr5e-5_e10_seed42_CLEAN,4,10,2026-06-22 13:27:00.701000,2026-06-22 13:32:27.636000,2026-06-22 13:34:36.275000,5.45,2.14,7.59,9.8501,0.745,0.6214,9.954,0.7472,0.6232,0.4464,0.1227,4.3e-05,4.1e-05,1
sthelar40x_bps_9class_slide_vera_adaptformer_r16_a16_red16_decoder_conv_adapters_lr5e-5_e10_seed42_CLEAN,5,10,2026-06-22 13:34:39.881000,2026-06-22 13:40:16.385000,2026-06-22 13:42:24.849000,5.61,2.14,7.75,9.5283,0.7542,0.6304,9.9112,0.748,0.6242,0.4499,0.1383,4.1e-05,3.9e-05,1
sthelar40x_bps_9class_slide_vera_adaptformer_r16_a16_red16_decoder_conv_adapters_lr5e-5_e10_seed42_CLEAN,6,10,2026-06-22 13:42:28.471000,2026-06-22 13:47:53.235000,2026-06-22 13:50:02.890000,5.41,2.16,7.57,9.3686,0.7542,0.6346,9.6181,0.7521,0.6303,0.4571,0.1568,3.9e-05,3.7e-05,1
sthelar40x_bps_9class_slide_vera_adaptformer_r16_a16_red16_decoder_conv_adapters_lr5e-5_e10_seed42_CLEAN,7,10,2026-06-22 13:50:06.717000,2026-06-22 13:55:21.735000,2026-06-22 13:57:31.839000,5.25,2.17,7.42,9.1695,0.7643,0.6429,9.4701,0.7555,0.634,0.4665,0.1644,3.7e-05,3.5e-05,1
sthelar40x_bps_9class_slide_vera_adaptformer_r16_a16_red16_decoder_conv_adapters_lr5e-5_e10_seed42_CLEAN,8,10,2026-06-22 13:57:35.708000,2026-06-22 14:03:02.126000,2026-06-22 14:05:12.085000,5.44,2.17,7.61,9.0107,0.7672,0.6475,9.4235,0.7529,0.631,0.462,0.1687,3.5e-05,3.3e-05,0
sthelar40x_bps_9class_slide_vera_adaptformer_r16_a16_red16_decoder_conv_adapters_lr5e-5_e10_seed42_CLEAN,9,10,2026-06-22 14:05:13.948000,2026-06-22 14:10:34.226000,2026-06-22 14:12:46.594000,5.34,2.21,7.54,8.9287,0.7635,0.6441,9.2914,0.7608,0.6408,0.4771,0.1773,3.3e-05,3.2e-05,1
sthelar40x_bps_9class_slide_vera_adaptformer_r16_a16_red16_decoder_conv_adapters_lr5e-5_e10_seed42_CLEAN,10,10,2026-06-22 14:12:50.474000,2026-06-22 14:18:28.607000,2026-06-22 14:20:44.967000,5.64,2.27,7.91,8.8729,0.7683,0.6496,9.2859,0.7556,0.634,0.4692,0.1749,3.2e-05,3e-05,0
sthelar40x_bps_9class_slide_vera_adaptformer_r8_a8_red16_decoder_conv_adapters_lr5e-5_e10_seed42_CLEAN,1,10,2026-06-21 14:59:52.360000,2026-06-21 15:05:31.008000,2026-06-21 15:07:41.517000,5.64,2.18,7.82,14.116,0.7382,0.6111,12.7283,0.7381,0.6119,0.4192,0.0657,5e-05,4.8e-05,1
sthelar40x_bps_9class_slide_vera_adaptformer_r8_a8_red16_decoder_conv_adapters_lr5e-5_e10_seed42_CLEAN,2,10,2026-06-21 15:07:45.560000,2026-06-21 15:13:13.314000,2026-06-21 15:15:24.552000,5.46,2.19,7.65,11.5777,0.7267,0.5946,10.8496,0.7343,0.6064,0.4254,0.0779,4.8e-05,4.5e-05,1
sthelar40x_bps_9class_slide_vera_adaptformer_r8_a8_red16_decoder_conv_adapters_lr5e-5_e10_seed42_CLEAN,3,10,2026-06-21 15:15:28.924000,2026-06-21 15:21:01.419000,2026-06-21 15:23:15.075000,5.54,2.23,7.77,10.3338,0.7376,0.6099,10.1609,0.7396,0.6126,0.434,0.1019,4.5e-05,4.3e-05,1
sthelar40x_bps_9class_slide_vera_adaptformer_r8_a8_red16_decoder_conv_adapters_lr5e-5_e10_seed42_CLEAN,4,10,2026-06-21 15:23:19.356000,2026-06-21 15:28:50.252000,2026-06-21 15:31:06.163000,5.51,2.27,7.78,9.8392,0.7451,0.6218,9.9089,0.7479,0.6239,0.4492,0.1273,4.3e-05,4.1e-05,1
sthelar40x_bps_9class_slide_vera_adaptformer_r8_a8_red16_decoder_conv_adapters_lr5e-5_e10_seed42_CLEAN,5,10,2026-06-21 15:31:10.397000,2026-06-21 15:36:36.290000,2026-06-21 15:38:48.151000,5.43,2.2,7.63,9.5178,0.7541,0.6304,9.8933,0.7481,0.6243,0.4493,0.1392,4.1e-05,3.9e-05,1
sthelar40x_bps_9class_slide_vera_adaptformer_r8_a8_red16_decoder_conv_adapters_lr5e-5_e10_seed42_CLEAN,6,10,2026-06-21 15:38:52.379000,2026-06-21 15:44:21.600000,2026-06-21 15:46:35.397000,5.49,2.23,7.72,9.3596,0.7543,0.6349,9.6442,0.7524,0.6307,0.4588,0.1538,3.9e-05,3.7e-05,1
sthelar40x_bps_9class_slide_vera_adaptformer_r8_a8_red16_decoder_conv_adapters_lr5e-5_e10_seed42_CLEAN,7,10,2026-06-21 15:46:39.627000,2026-06-21 15:52:17.494000,2026-06-21 15:54:29.670000,5.63,2.2,7.83,9.1598,0.7646,0.6435,9.5194,0.7543,0.6324,0.4653,0.1639,3.7e-05,3.5e-05,1
sthelar40x_bps_9class_slide_vera_adaptformer_r8_a8_red16_decoder_conv_adapters_lr5e-5_e10_seed42_CLEAN,8,10,2026-06-21 15:54:34.876000,2026-06-21 16:00:00.987000,2026-06-21 16:02:13.297000,5.44,2.21,7.64,9.0084,0.7675,0.6482,9.463,0.7504,0.628,0.4611,0.166,3.5e-05,3.3e-05,0
sthelar40x_bps_9class_slide_vera_adaptformer_r8_a8_red16_decoder_conv_adapters_lr5e-5_e10_seed42_CLEAN,9,10,2026-06-21 16:02:15.629000,2026-06-21 16:07:40.016000,2026-06-21 16:09:52.547000,5.41,2.21,7.62,8.9219,0.7632,0.6439,9.3318,0.7598,0.6393,0.4743,0.1735,3.3e-05,3.2e-05,1
sthelar40x_bps_9class_slide_vera_adaptformer_r8_a8_red16_decoder_conv_adapters_lr5e-5_e10_seed42_CLEAN,10,10,2026-06-21 16:09:57.132000,2026-06-21 16:15:30.181000,2026-06-21 16:17:40.229000,5.55,2.17,7.72,8.8743,0.7668,0.648,9.3303,0.7545,0.6328,0.4669,0.1743,3.2e-05,3e-05,0
sthelar40x_bps_9class_slide_vera_adaptformer_r8_a8_red16_decoder_conv_adapters_lr5e-5_e10_seed43_CLEAN,1,10,2026-06-22 12:38:20.995000,2026-06-22 12:43:55.853000,2026-06-22 12:46:09.176000,5.58,2.22,7.8,13.3216,0.7381,0.6108,11.9984,0.7424,0.6177,0.4428,0.0781,5e-05,4.8e-05,1
sthelar40x_bps_9class_slide_vera_adaptformer_r8_a8_red16_decoder_conv_adapters_lr5e-5_e10_seed43_CLEAN,2,10,2026-06-22 12:46:13.943000,2026-06-22 12:51:41.521000,2026-06-22 12:53:52.894000,5.46,2.19,7.65,11.1899,0.7378,0.6096,10.6515,0.7303,0.6011,0.4104,0.0744,4.8e-05,4.5e-05,0
sthelar40x_bps_9class_slide_vera_adaptformer_r8_a8_red16_decoder_conv_adapters_lr5e-5_e10_seed43_CLEAN,3,10,2026-06-22 12:53:55.133000,2026-06-22 12:59:19.884000,2026-06-22 13:01:31.290000,5.41,2.19,7.6,10.1753,0.7328,0.6039,10.1537,0.7426,0.6173,0.4371,0.1035,4.5e-05,4.3e-05,0
sthelar40x_bps_9class_slide_vera_adaptformer_r8_a8_red16_decoder_conv_adapters_lr5e-5_e10_seed43_CLEAN,4,10,2026-06-22 13:01:33.334000,2026-06-22 13:07:04.137000,2026-06-22 13:09:15.890000,5.51,2.2,7.71,9.7355,0.7494,0.6234,9.966,0.7465,0.6216,0.4512,0.1212,4.3e-05,4.1e-05,1
sthelar40x_bps_9class_slide_vera_adaptformer_r8_a8_red16_decoder_conv_adapters_lr5e-5_e10_seed43_CLEAN,5,10,2026-06-22 13:09:20.545000,2026-06-22 13:14:50.362000,2026-06-22 13:17:04.274000,5.5,2.23,7.73,9.5198,0.751,0.6277,9.7916,0.754,0.6314,0.4622,0.1429,4.1e-05,3.9e-05,1
sthelar40x_bps_9class_slide_vera_adaptformer_r8_a8_red16_decoder_conv_adapters_lr5e-5_e10_seed43_CLEAN,6,10,2026-06-22 13:17:09.646000,2026-06-22 13:22:47.102000,2026-06-22 13:25:03.102000,5.62,2.27,7.89,9.2952,0.758,0.6368,9.6108,0.7546,0.632,0.4655,0.1505,3.9e-05,3.7e-05,1
sthelar40x_bps_9class_slide_vera_adaptformer_r8_a8_red16_decoder_conv_adapters_lr5e-5_e10_seed43_CLEAN,7,10,2026-06-22 13:25:09.808000,2026-06-22 13:30:42.977000,2026-06-22 13:32:57.123000,5.55,2.24,7.79,9.1669,0.7625,0.6407,9.5855,0.7542,0.632,0.4635,0.1553,3.7e-05,3.5e-05,0
sthelar40x_bps_9class_slide_vera_adaptformer_r8_a8_red16_decoder_conv_adapters_lr5e-5_e10_seed43_CLEAN,8,10,2026-06-22 13:32:59.274000,2026-06-22 13:38:31.667000,2026-06-22 13:40:51.082000,5.54,2.32,7.86,9.0321,0.7645,0.6444,9.6364,0.7529,0.6299,0.461,0.1544,3.5e-05,3.3e-05,0
sthelar40x_bps_9class_slide_vera_adaptformer_r8_a8_red16_decoder_conv_adapters_lr5e-5_e10_seed43_CLEAN,9,10,2026-06-22 13:40:53.539000,2026-06-22 13:46:33.521000,2026-06-22 13:48:45.982000,5.67,2.21,7.87,8.974,0.7678,0.6487,9.6249,0.7539,0.6317,0.4672,0.1516,3.3e-05,3.2e-05,1
sthelar40x_bps_9class_slide_vera_adaptformer_r8_a8_red16_decoder_conv_adapters_lr5e-5_e10_seed43_CLEAN,10,10,2026-06-22 13:48:50.312000,2026-06-22 13:54:18.795000,2026-06-22 13:56:36.790000,5.47,2.3,7.77,8.8681,0.7657,0.647,9.4927,0.7547,0.6326,0.4626,0.1632,3.2e-05,3e-05,0
sthelar40x_breast_5class_spatial_margin128_cap50000_fullft_lr1e-5_e10_seed42_CLEAN,1,10,2026-06-30 03:06:27.190000,2026-06-30 05:10:17.759000,2026-06-30 05:28:29.301000,123.84,18.19,142.04,4.5073,0.8068,0.6966,4.112,0.8394,0.7368,0.548,0.3618,1e-05,1e-05,1
sthelar40x_breast_5class_spatial_margin128_cap50000_fullft_lr1e-5_e10_seed42_CLEAN,2,10,2026-06-30 05:28:54.371000,2026-06-30 07:32:10.473000,2026-06-30 07:50:03.618000,123.27,17.89,141.15,4.1816,0.8233,0.7187,4.0916,0.8401,0.7372,0.5495,0.3619,1e-05,9e-06,1
sthelar40x_breast_5class_spatial_margin128_cap50000_fullft_lr1e-5_e10_seed42_CLEAN,3,10,2026-06-30 07:50:34.653000,2026-06-30 09:54:13.075000,2026-06-30 10:12:14.547000,123.64,18.02,141.66,3.8384,0.8295,0.7282,3.079,0.8492,0.7502,0.567,0.3828,9e-06,9e-06,1
sthelar40x_breast_5class_spatial_margin128_cap50000_fullft_lr1e-5_e10_seed42_CLEAN,4,10,2026-06-30 10:12:28.797000,2026-06-30 12:16:17.146000,2026-06-30 12:34:25.953000,123.81,18.15,141.95,3.0537,0.8328,0.7331,2.9943,0.8502,0.7508,0.5638,0.3809,9e-06,8e-06,0
sthelar40x_breast_5class_spatial_margin128_cap50000_fullft_lr1e-5_e10_seed42_CLEAN,5,10,2026-06-30 12:34:36.279000,2026-06-30 14:38:26.747000,2026-06-30 14:56:27.082000,123.84,18.01,141.85,3.0051,0.8359,0.738,2.9796,0.8481,0.7494,0.5624,0.3796,8e-06,8e-06,0
sthelar40x_breast_5class_spatial_margin128_cap50000_fullft_lr1e-5_e10_seed42_CLEAN,6,10,2026-06-30 14:56:44.331000,2026-06-30 17:01:20.135000,2026-06-30 17:19:09.638000,124.6,17.83,142.42,2.9726,0.8385,0.7406,2.9309,0.8542,0.7579,0.5746,0.3931,8e-06,7e-06,1
sthelar40x_breast_5class_spatial_margin128_cap50000_fullft_lr1e-5_e10_seed42_CLEAN,7,10,2026-06-30 17:19:47.988000,2026-06-30 19:21:13.214000,2026-06-30 19:37:10.273000,121.42,15.95,137.37,2.9479,0.8402,0.7434,2.9909,0.8465,0.7469,0.5604,0.3798,7e-06,7e-06,0
sthelar40x_breast_5class_spatial_margin128_cap50000_fullft_lr1e-5_e10_seed42_CLEAN,8,10,2026-06-30 19:37:16.251000,2026-06-30 21:44:34.804000,2026-06-30 22:02:41.766000,127.31,18.12,145.43,2.926,0.8413,0.7452,2.9419,0.8506,0.7526,0.5659,0.3794,7e-06,7e-06,0
sthelar40x_breast_5class_spatial_margin128_cap50000_fullft_lr1e-5_e10_seed42_CLEAN,9,10,2026-06-30 22:02:46.973000,2026-07-01 00:08:24.018000,2026-07-01 00:25:57.398000,125.62,17.56,143.17,2.9077,0.843,0.7477,2.9207,0.8534,0.7568,0.572,0.3895,7e-06,6e-06,0
sthelar40x_breast_5class_spatial_margin128_cap50000_fullft_lr1e-5_e10_seed42_CLEAN,10,10,2026-07-01 00:26:03.881000,2026-07-01 02:25:22.766000,2026-07-01 02:42:41.919000,119.31,17.32,136.63,2.8858,0.8437,0.749,2.893,0.8548,0.7586,0.5713,0.3953,6e-06,6e-06,0
sthelar40x_breast_5class_spatial_margin128_cap50000_lora_adaptformer_r8_a8_red16_decoder_heads_only_lr5e-5_e10_seed42_CLEAN,1,10,2026-06-30 17:11:35.879000,2026-06-30 18:54:59.442000,2026-06-30 19:13:10.891000,103.39,18.19,121.58,5.7112,0.7881,0.669,4.8115,0.8161,0.7027,0.5213,0.3292,5e-05,4.8e-05,1
sthelar40x_breast_5class_spatial_margin128_cap50000_lora_adaptformer_r8_a8_red16_decoder_heads_only_lr5e-5_e10_seed42_CLEAN,2,10,2026-06-30 19:13:25.219000,2026-06-30 20:57:05.162000,2026-06-30 21:15:25.658000,103.67,18.34,122.01,3.8985,0.8104,0.7008,3.5597,0.8304,0.7241,0.551,0.3596,4.8e-05,4.5e-05,1
sthelar40x_breast_5class_spatial_margin128_cap50000_lora_adaptformer_r8_a8_red16_decoder_heads_only_lr5e-5_e10_seed42_CLEAN,3,10,2026-06-30 21:15:30.374000,2026-06-30 22:57:56.702000,2026-06-30 23:15:58.149000,102.44,18.02,120.46,3.6189,0.8176,0.7104,3.4035,0.842,0.74,0.5728,0.3739,4.5e-05,4.3e-05,1
sthelar40x_breast_5class_spatial_margin128_cap50000_lora_adaptformer_r8_a8_red16_decoder_heads_only_lr5e-5_e10_seed42_CLEAN,4,10,2026-06-30 23:16:02.397000,2026-07-01 00:59:31.079000,2026-07-01 01:18:48.105000,103.48,19.28,122.76,3.5365,0.8211,0.7163,3.352,0.8432,0.7415,0.573,0.3834,4.3e-05,4.1e-05,1
sthelar40x_breast_5class_spatial_margin128_cap50000_lora_adaptformer_r8_a8_red16_decoder_heads_only_lr5e-5_e10_seed42_CLEAN,5,10,2026-07-01 01:18:52.218000,2026-07-01 03:05:06.851000,2026-07-01 03:24:30.134000,106.24,19.39,125.63,3.4779,0.8246,0.7208,3.3252,0.8455,0.7451,0.5795,0.3836,4.1e-05,3.9e-05,1
sthelar40x_breast_5class_spatial_margin128_cap50000_lora_adaptformer_r8_a8_red16_decoder_heads_only_lr5e-5_e10_seed42_CLEAN,6,10,2026-07-01 03:24:34.647000,2026-07-01 05:09:40.521000,2026-07-01 05:29:06.936000,105.1,19.44,124.54,3.4309,0.8277,0.7244,3.3269,0.8437,0.7423,0.5763,0.3869,3.9e-05,3.7e-05,0
sthelar40x_breast_5class_spatial_margin128_cap50000_lora_adaptformer_r8_a8_red16_decoder_heads_only_lr5e-5_e10_seed42_CLEAN,7,10,2026-07-01 05:29:09.309000,2026-07-01 07:19:48.350000,2026-07-01 07:39:16.437000,110.65,19.47,130.12,3.3966,0.8293,0.7272,3.2856,0.8462,0.7461,0.5816,0.3889,3.7e-05,3.5e-05,1
sthelar40x_breast_5class_spatial_margin128_cap50000_lora_adaptformer_r8_a8_red16_decoder_heads_only_lr5e-5_e10_seed42_CLEAN,8,10,2026-07-01 07:39:22.977000,2026-07-01 09:25:54.473000,2026-07-01 09:44:56.991000,106.52,19.04,125.57,3.3514,0.8303,0.7292,3.2641,0.8448,0.7436,0.5764,0.3881,3.5e-05,3.3e-05,0
sthelar40x_breast_5class_spatial_margin128_cap50000_lora_adaptformer_r8_a8_red16_decoder_heads_only_lr5e-5_e10_seed42_CLEAN,9,10,2026-07-01 09:45:00.380000,2026-07-01 11:34:23.796000,2026-07-01 11:53:56.521000,109.39,19.55,128.94,3.3166,0.8319,0.7318,3.2111,0.8479,0.7486,0.5835,0.3929,3.3e-05,3.2e-05,1
sthelar40x_breast_5class_spatial_margin128_cap50000_lora_adaptformer_r8_a8_red16_decoder_heads_only_lr5e-5_e10_seed42_CLEAN,10,10,2026-07-01 11:54:03.883000,2026-07-01 13:42:08.792000,2026-07-01 14:00:33.322000,108.08,18.41,126.49,3.283,0.8321,0.7317,3.2357,0.8474,0.7481,0.5831,0.3896,3.2e-05,3e-05,0
sthelar40x_breast_5class_spatial_margin128_cap50000_lora_adaptformer_r8_a8_red16_decoder_heads_only_lr5e-5_e10_seed43_CLEAN,1,10,2026-06-30 23:41:44.189000,2026-07-01 02:43:50.903000,2026-07-01 03:12:24.549000,182.11,28.56,210.67,5.5012,0.7893,0.6699,4.0885,0.8304,0.7229,0.5479,0.3484,5e-05,4.8e-05,1
sthelar40x_breast_5class_spatial_margin128_cap50000_lora_adaptformer_r8_a8_red16_decoder_heads_only_lr5e-5_e10_seed43_CLEAN,2,10,2026-07-01 03:12:27.886000,2026-07-01 06:14:04.207000,2026-07-01 06:45:06.239000,181.61,31.03,212.64,3.7723,0.8102,0.7005,3.5363,0.8354,0.7311,0.5604,0.3575,4.8e-05,4.5e-05,1
sthelar40x_breast_5class_spatial_margin128_cap50000_lora_adaptformer_r8_a8_red16_decoder_heads_only_lr5e-5_e10_seed43_CLEAN,3,10,2026-07-01 06:45:09.591000,2026-07-01 09:46:50.828000,2026-07-01 10:17:50.939000,181.69,31.0,212.69,3.5791,0.8165,0.7094,3.3853,0.8427,0.741,0.572,0.374,4.5e-05,4.3e-05,1
sthelar40x_breast_5class_spatial_margin128_cap50000_lora_adaptformer_r8_a8_red16_decoder_heads_only_lr5e-5_e10_seed43_CLEAN,4,10,2026-07-01 10:17:57.966000,2026-07-01 13:20:06.208000,2026-07-01 13:51:13.686000,182.14,31.12,213.26,3.4694,0.822,0.7167,3.322,0.8414,0.7396,0.5712,0.3793,4.3e-05,4.1e-05,0
sthelar40x_breast_5class_spatial_margin128_cap50000_lora_adaptformer_r8_a8_red16_decoder_heads_only_lr5e-5_e10_seed43_CLEAN,5,10,2026-07-01 13:51:13.695000,2026-07-01 16:52:09.936000,2026-07-01 17:23:25.317000,180.94,31.26,212.19,3.4033,0.8245,0.7205,3.3367,0.8403,0.7379,0.5658,0.3726,4.1e-05,3.9e-05,0
sthelar40x_breast_5class_spatial_margin128_cap50000_lora_adaptformer_r8_a8_red16_decoder_heads_only_lr5e-5_e10_seed43_CLEAN,6,10,2026-07-01 17:23:25.572000,2026-07-01 20:25:03.465000,2026-07-01 20:54:14.424000,181.63,29.18,210.81,3.3626,0.8272,0.7242,3.2997,0.8434,0.7423,0.576,0.3752,3.9e-05,3.7e-05,1
sthelar40x_breast_5class_spatial_margin128_cap50000_lora_adaptformer_r8_a8_red16_decoder_heads_only_lr5e-5_e10_seed43_CLEAN,7,10,2026-07-01 20:54:17.690000,,,,,,,,,,,,,,,,0
sthelar40x_colon_5class_spatial_margin128_cap50000_fullft_lr1e-5_e10_seed42_CLEAN,1,10,2026-06-30 18:05:41.654000,2026-06-30 18:48:36.979000,2026-06-30 18:56:49.449000,42.92,8.21,51.13,5.9692,0.7205,0.5811,5.2867,0.7653,0.6366,0.3971,0.241,1e-05,1e-05,1
sthelar40x_colon_5class_spatial_margin128_cap50000_fullft_lr1e-5_e10_seed42_CLEAN,2,10,2026-06-30 18:57:05.831000,2026-06-30 19:38:50.306000,2026-06-30 19:47:08.126000,41.74,8.3,50.04,5.3353,0.7428,0.6075,5.1484,0.7752,0.6471,0.4118,0.2579,1e-05,9e-06,1
sthelar40x_colon_5class_spatial_margin128_cap50000_fullft_lr1e-5_e10_seed42_CLEAN,3,10,2026-06-30 19:47:24.796000,2026-06-30 20:31:11.143000,2026-06-30 20:39:59.568000,43.77,8.81,52.58,5.1987,0.7518,0.6192,5.1932,0.7757,0.6483,0.4089,0.2552,9e-06,9e-06,0
sthelar40x_colon_5class_spatial_margin128_cap50000_fullft_lr1e-5_e10_seed42_CLEAN,4,10,2026-06-30 20:40:05.089000,2026-06-30 21:22:35.518000,2026-06-30 21:30:51.539000,42.51,8.27,50.77,5.1252,0.7577,0.6258,5.1061,0.7755,0.6483,0.4144,0.26,9e-06,8e-06,1
sthelar40x_colon_5class_spatial_margin128_cap50000_fullft_lr1e-5_e10_seed42_CLEAN,5,10,2026-06-30 21:31:07.513000,2026-06-30 22:13:51.196000,2026-06-30 22:22:09.913000,42.73,8.31,51.04,5.0752,0.7609,0.6308,5.0712,0.7795,0.6539,0.4185,0.2655,8e-06,8e-06,1
sthelar40x_colon_5class_spatial_margin128_cap50000_fullft_lr1e-5_e10_seed42_CLEAN,6,10,2026-06-30 22:22:25.763000,2026-06-30 23:05:43.883000,2026-06-30 23:13:55.959000,43.3,8.2,51.5,5.0249,0.7649,0.6349,5.0116,0.7828,0.6578,0.4304,0.2693,8e-06,7e-06,1
sthelar40x_colon_5class_spatial_margin128_cap50000_fullft_lr1e-5_e10_seed42_CLEAN,7,10,2026-06-30 23:14:09.200000,2026-06-30 23:56:43.275000,2026-07-01 00:04:56.418000,42.57,8.22,50.79,4.9897,0.7675,0.6384,5.0332,0.7811,0.6552,0.4209,0.2713,7e-06,7e-06,0
sthelar40x_colon_5class_spatial_margin128_cap50000_fullft_lr1e-5_e10_seed42_CLEAN,8,10,2026-07-01 00:05:01.747000,2026-07-01 00:48:37.587000,2026-07-01 00:57:17.164000,43.6,8.66,52.26,5.0867,0.7625,0.6325,5.1053,0.7751,0.6473,0.4042,0.2606,7e-06,7e-06,0
sthelar40x_colon_5class_spatial_margin128_cap50000_fullft_lr1e-5_e10_seed42_CLEAN,9,10,2026-07-01 00:57:23.156000,2026-07-01 01:41:29.168000,2026-07-01 01:50:11.021000,44.1,8.7,52.8,4.9962,0.7684,0.6392,5.0468,0.7847,0.6594,0.4253,0.2755,7e-06,6e-06,0
sthelar40x_colon_5class_spatial_margin128_cap50000_fullft_lr1e-5_e10_seed42_CLEAN,10,10,2026-07-01 01:50:17.518000,2026-07-01 02:34:08.015000,2026-07-01 02:42:47.327000,43.84,8.66,52.5,4.9672,0.7708,0.642,5.0146,0.7809,0.655,0.4244,0.2749,6e-06,6e-06,0
sthelar40x_colon_5class_spatial_margin128_cap50000_lora_adaptformer_r8_a8_red16_decoder_heads_only_lr5e-5_e10_seed42_CLEAN,1,10,2026-06-30 09:25:20.042000,2026-06-30 10:39:13.332000,2026-06-30 10:53:02.213000,73.89,13.81,87.7,8.5767,0.6725,0.5231,6.7359,0.7236,0.5832,0.2867,0.1595,5e-05,4.8e-05,1
sthelar40x_colon_5class_spatial_margin128_cap50000_lora_adaptformer_r8_a8_red16_decoder_heads_only_lr5e-5_e10_seed42_CLEAN,2,10,2026-06-30 10:53:11.490000,2026-06-30 12:01:28.382000,2026-06-30 12:16:01.500000,68.28,14.55,82.83,6.5067,0.7142,0.5696,6.0594,0.7649,0.6337,0.3898,0.2192,4.8e-05,4.5e-05,1
sthelar40x_colon_5class_spatial_margin128_cap50000_lora_adaptformer_r8_a8_red16_decoder_heads_only_lr5e-5_e10_seed42_CLEAN,3,10,2026-06-30 12:16:04.619000,2026-06-30 13:24:03.789000,2026-06-30 13:38:47.846000,67.99,14.73,82.72,6.0913,0.7316,0.5931,5.9124,0.7609,0.6305,0.3876,0.2337,4.5e-05,4.3e-05,0
sthelar40x_colon_5class_spatial_margin128_cap50000_lora_adaptformer_r8_a8_red16_decoder_heads_only_lr5e-5_e10_seed42_CLEAN,4,10,2026-06-30 13:38:47.869000,2026-06-30 14:47:11.457000,2026-06-30 15:01:56.187000,68.39,14.75,83.14,5.734,0.7353,0.5977,5.098,0.7675,0.6375,0.4038,0.2387,4.3e-05,4.1e-05,1
sthelar40x_colon_5class_spatial_margin128_cap50000_lora_adaptformer_r8_a8_red16_decoder_heads_only_lr5e-5_e10_seed42_CLEAN,5,10,2026-06-30 15:02:07.655000,2026-06-30 16:10:48.437000,2026-06-30 16:25:28.679000,68.68,14.67,83.35,4.9961,0.7384,0.6019,4.7024,0.7619,0.6305,0.3988,0.2424,4.1e-05,3.9e-05,0
sthelar40x_colon_5class_spatial_margin128_cap50000_lora_adaptformer_r8_a8_red16_decoder_heads_only_lr5e-5_e10_seed42_CLEAN,6,10,2026-06-30 16:25:28.685000,2026-06-30 17:34:18.771000,2026-06-30 17:48:59.368000,68.83,14.68,83.51,4.8002,0.7424,0.6064,4.5869,0.7665,0.6365,0.4022,0.2483,3.9e-05,3.7e-05,0
sthelar40x_colon_5class_spatial_margin128_cap50000_lora_adaptformer_r8_a8_red16_decoder_heads_only_lr5e-5_e10_seed42_CLEAN,7,10,2026-06-30 17:48:59.379000,2026-06-30 18:57:47.411000,2026-06-30 19:11:41.123000,68.8,13.9,82.7,4.7176,0.7449,0.6095,4.6903,0.7597,0.6268,0.3859,0.2374,3.7e-05,3.5e-05,0
sthelar40x_colon_5class_spatial_margin128_cap50000_lora_adaptformer_r8_a8_red16_decoder_heads_only_lr5e-5_e10_seed42_CLEAN,8,10,2026-06-30 19:11:41.141000,2026-06-30 20:28:55.201000,2026-06-30 20:42:12.495000,77.23,13.29,90.52,4.6487,0.7463,0.6125,4.5758,0.7648,0.6346,0.4116,0.26,3.5e-05,3.3e-05,1
sthelar40x_colon_5class_spatial_margin128_cap50000_lora_adaptformer_r8_a8_red16_decoder_heads_only_lr5e-5_e10_seed42_CLEAN,9,10,2026-06-30 20:42:16.005000,2026-06-30 21:58:56.009000,2026-06-30 22:12:15.481000,76.67,13.32,89.99,4.6034,0.7503,0.6158,4.5233,0.7693,0.6391,0.4079,0.257,3.3e-05,3.2e-05,0
sthelar40x_colon_5class_spatial_margin128_cap50000_lora_adaptformer_r8_a8_red16_decoder_heads_only_lr5e-5_e10_seed42_CLEAN,10,10,2026-06-30 22:12:15.487000,2026-06-30 23:24:36.184000,2026-06-30 23:39:11.923000,72.34,14.6,86.94,4.5686,0.7524,0.6184,4.4746,0.774,0.6457,0.4175,0.2599,3.2e-05,3e-05,1
sthelar40x_colon_5class_spatial_margin128_cap50000_lora_adaptformer_r8_a8_red16_decoder_heads_only_lr5e-5_e10_seed42_CLEAN,1,10,2026-06-30 20:32:19.843000,2026-06-30 21:13:07.530000,2026-06-30 21:22:08.420000,40.79,9.01,49.81,8.5718,0.6713,0.5217,6.7623,0.7187,0.5766,0.2755,0.151,5e-05,4.8e-05,1
sthelar40x_colon_5class_spatial_margin128_cap50000_lora_adaptformer_r8_a8_red16_decoder_heads_only_lr5e-5_e10_seed42_CLEAN,2,10,2026-06-30 21:22:12.379000,2026-06-30 22:02:01.560000,2026-06-30 22:10:42.803000,39.82,8.69,48.51,6.5113,0.7143,0.5699,6.0407,0.7633,0.6327,0.39,0.2205,4.8e-05,4.5e-05,1
sthelar40x_colon_5class_spatial_margin128_cap50000_lora_adaptformer_r8_a8_red16_decoder_heads_only_lr5e-5_e10_seed42_CLEAN,3,10,2026-06-30 22:10:46.921000,2026-06-30 22:50:55.216000,2026-06-30 22:59:34.865000,40.14,8.66,48.8,6.0927,0.7312,0.593,5.9133,0.7607,0.6302,0.3877,0.2341,4.5e-05,4.3e-05,0
sthelar40x_colon_5class_spatial_margin128_cap50000_lora_adaptformer_r8_a8_red16_decoder_heads_only_lr5e-5_e10_seed42_CLEAN,4,10,2026-06-30 22:59:36.980000,2026-06-30 23:39:47.153000,2026-06-30 23:48:27.201000,40.17,8.67,48.84,5.7398,0.7349,0.5972,5.1112,0.7637,0.6332,0.3987,0.2362,4.3e-05,4.1e-05,1
sthelar40x_colon_5class_spatial_margin128_cap50000_lora_adaptformer_r8_a8_red16_decoder_heads_only_lr5e-5_e10_seed42_CLEAN,5,10,2026-06-30 23:48:32.111000,2026-07-01 00:27:15.180000,2026-07-01 00:35:46.689000,38.72,8.53,47.24,4.9991,0.7377,0.6013,4.7089,0.7595,0.6275,0.3946,0.2412,4.1e-05,3.9e-05,0
sthelar40x_colon_5class_spatial_margin128_cap50000_lora_adaptformer_r8_a8_red16_decoder_heads_only_lr5e-5_e10_seed42_CLEAN,6,10,2026-07-01 00:35:48.792000,2026-07-01 01:13:33.457000,2026-07-01 01:22:00.913000,37.74,8.46,46.2,4.8014,0.7419,0.6058,4.5786,0.768,0.638,0.4052,0.2529,3.9e-05,3.7e-05,1
sthelar40x_colon_5class_spatial_margin128_cap50000_lora_adaptformer_r8_a8_red16_decoder_heads_only_lr5e-5_e10_seed42_CLEAN,7,10,2026-07-01 01:22:05.377000,2026-07-01 02:00:13.110000,2026-07-01 02:08:39.430000,38.13,8.44,46.57,4.719,0.7445,0.609,4.6922,0.7587,0.6254,0.3852,0.239,3.7e-05,3.5e-05,0
sthelar40x_colon_5class_spatial_margin128_cap50000_lora_adaptformer_r8_a8_red16_decoder_heads_only_lr5e-5_e10_seed42_CLEAN,8,10,2026-07-01 02:08:41.486000,2026-07-01 02:46:41.819000,2026-07-01 02:55:00.359000,38.01,8.31,46.31,4.6495,0.7458,0.6121,4.5555,0.7644,0.634,0.4118,0.2619,3.5e-05,3.3e-05,1
sthelar40x_colon_5class_spatial_margin128_cap50000_lora_adaptformer_r8_a8_red16_decoder_heads_only_lr5e-5_e10_seed42_CLEAN,9,10,2026-07-01 02:55:04.644000,2026-07-01 03:33:52.700000,2026-07-01 03:41:50.612000,38.8,7.97,46.77,4.6047,0.7499,0.6155,4.5522,0.7685,0.638,0.4051,0.2537,3.3e-05,3.2e-05,0
sthelar40x_colon_5class_spatial_margin128_cap50000_lora_adaptformer_r8_a8_red16_decoder_heads_only_lr5e-5_e10_seed42_CLEAN,10,10,2026-07-01 03:41:52.540000,2026-07-01 04:20:12.359000,2026-07-01 04:28:08.951000,38.33,7.94,46.27,4.5698,0.752,0.618,4.4817,0.7737,0.6455,0.4164,0.2593,3.2e-05,3e-05,1
sthelar40x_colon_5class_spatial_margin128_cap50000_lora_adaptformer_r8_a8_red16_decoder_heads_only_lr5e-5_e10_seed43_CLEAN,1,10,2026-06-30 23:46:05.058000,2026-07-01 00:52:47.927000,2026-07-01 01:06:02.025000,66.71,13.23,79.95,8.2528,0.6873,0.5382,6.654,0.7418,0.6023,0.3172,0.1648,5e-05,4.8e-05,1
sthelar40x_colon_5class_spatial_margin128_cap50000_lora_adaptformer_r8_a8_red16_decoder_heads_only_lr5e-5_e10_seed43_CLEAN,2,10,2026-07-01 01:06:05.366000,2026-07-01 02:13:45.117000,2026-07-01 02:26:32.826000,67.66,12.8,80.46,6.466,0.7115,0.566,6.2008,0.7289,0.5871,0.3448,0.2053,4.8e-05,4.5e-05,1
sthelar40x_colon_5class_spatial_margin128_cap50000_lora_adaptformer_r8_a8_red16_decoder_heads_only_lr5e-5_e10_seed43_CLEAN,3,10,2026-07-01 02:26:35.967000,2026-07-01 03:34:50.563000,2026-07-01 03:47:42.907000,68.24,12.87,81.12,6.1012,0.7271,0.5845,5.9593,0.752,0.6155,0.3694,0.2256,4.5e-05,4.3e-05,1
sthelar40x_colon_5class_spatial_margin128_cap50000_lora_adaptformer_r8_a8_red16_decoder_heads_only_lr5e-5_e10_seed43_CLEAN,4,10,2026-07-01 03:47:46.355000,2026-07-01 04:59:37.148000,2026-07-01 05:12:34.227000,71.85,12.95,84.8,5.4647,0.7301,0.5881,4.9539,0.7621,0.6298,0.3828,0.2191,4.3e-05,4.1e-05,1
sthelar40x_colon_5class_spatial_margin128_cap50000_lora_adaptformer_r8_a8_red16_decoder_heads_only_lr5e-5_e10_seed43_CLEAN,5,10,2026-07-01 05:12:37.386000,2026-07-01 06:25:19.602000,2026-07-01 06:38:29.248000,72.7,13.16,85.86,4.9588,0.7348,0.5939,4.7962,0.7638,0.6317,0.3925,0.244,4.1e-05,3.9e-05,1
sthelar40x_colon_5class_spatial_margin128_cap50000_lora_adaptformer_r8_a8_red16_decoder_heads_only_lr5e-5_e10_seed43_CLEAN,6,10,2026-07-01 06:38:32.414000,2026-07-01 07:52:12.887000,2026-07-01 08:05:01.034000,73.67,12.8,86.48,4.8327,0.738,0.5978,4.8285,0.7563,0.6217,0.3759,0.2361,3.9e-05,3.7e-05,0
sthelar40x_colon_5class_spatial_margin128_cap50000_lora_adaptformer_r8_a8_red16_decoder_heads_only_lr5e-5_e10_seed43_CLEAN,7,10,2026-07-01 08:05:01.088000,2026-07-01 09:18:52.833000,2026-07-01 09:31:42.537000,73.86,12.83,86.69,4.7285,0.7423,0.6036,4.6119,0.7677,0.6367,0.402,0.2395,3.7e-05,3.5e-05,1
sthelar40x_colon_5class_spatial_margin128_cap50000_lora_adaptformer_r8_a8_red16_decoder_heads_only_lr5e-5_e10_seed43_CLEAN,8,10,2026-07-01 09:31:45.515000,2026-07-01 10:45:13.266000,2026-07-01 10:58:04.345000,73.46,12.85,86.31,4.6846,0.7442,0.6058,4.5515,0.7619,0.6308,0.3986,0.2495,3.5e-05,3.3e-05,0
sthelar40x_colon_5class_spatial_margin128_cap50000_lora_adaptformer_r8_a8_red16_decoder_heads_only_lr5e-5_e10_seed43_CLEAN,9,10,2026-07-01 10:58:04.349000,2026-07-01 12:12:18.196000,2026-07-01 12:25:18.131000,74.23,13.0,87.23,4.6314,0.7479,0.6101,4.5508,0.7706,0.6406,0.4059,0.2538,3.3e-05,3.2e-05,1
sthelar40x_colon_5class_spatial_margin128_cap50000_lora_adaptformer_r8_a8_red16_decoder_heads_only_lr5e-5_e10_seed43_CLEAN,10,10,2026-07-01 12:25:21.115000,2026-07-01 13:38:59.795000,2026-07-01 13:51:54.405000,73.64,12.91,86.55,4.5889,0.7484,0.6112,4.5324,0.7654,0.636,0.4031,0.2504,3.2e-05,3e-05,0
sthelar40x_kidney_5class_spatial_margin128_fullft_lr1e-5_e10_seed42_CLEAN,1,10,2026-06-27 20:00:15.542000,2026-06-27 20:17:16.804000,2026-06-27 20:18:56.031000,17.02,1.65,18.67,5.0159,0.8057,0.6907,4.6468,0.835,0.7344,0.6093,0.2989,1e-05,1e-05,1
sthelar40x_kidney_5class_spatial_margin128_fullft_lr1e-5_e10_seed42_CLEAN,2,10,2026-06-27 20:19:06.964000,2026-06-27 20:34:46.952000,2026-06-27 20:36:27.363000,15.67,1.67,17.34,4.1995,0.819,0.7105,4.4744,0.8339,0.7309,0.6038,0.3161,1e-05,9e-06,0
sthelar40x_kidney_5class_spatial_margin128_fullft_lr1e-5_e10_seed42_CLEAN,3,10,2026-06-27 20:36:32.704000,2026-06-27 20:52:23.068000,2026-06-27 20:54:00.105000,15.84,1.62,17.46,4.0749,0.8254,0.7174,4.4202,0.8448,0.7494,0.6273,0.3169,9e-06,9e-06,1
sthelar40x_kidney_5class_spatial_margin128_fullft_lr1e-5_e10_seed42_CLEAN,4,10,2026-06-27 20:54:10.443000,2026-06-27 21:10:17.310000,2026-06-27 21:11:56.271000,16.11,1.65,17.76,4.0078,0.8291,0.7222,4.2807,0.8404,0.7418,0.6192,0.3337,9e-06,8e-06,0
sthelar40x_kidney_5class_spatial_margin128_fullft_lr1e-5_e10_seed42_CLEAN,5,10,2026-06-27 21:12:01.649000,2026-06-27 21:27:59.166000,2026-06-27 21:29:37.359000,15.96,1.64,17.6,3.9594,0.8306,0.7272,4.1495,0.8512,0.7577,0.6375,0.3514,8e-06,8e-06,1
sthelar40x_kidney_5class_spatial_margin128_fullft_lr1e-5_e10_seed42_CLEAN,6,10,2026-06-27 21:29:47.640000,2026-06-27 21:45:41.815000,2026-06-27 21:47:20.170000,15.9,1.64,17.54,3.9025,0.8355,0.733,4.1496,0.8539,0.7606,0.6397,0.3494,8e-06,7e-06,1
sthelar40x_kidney_5class_spatial_margin128_fullft_lr1e-5_e10_seed42_CLEAN,7,10,2026-06-27 21:47:30.451000,2026-06-27 22:04:28.137000,2026-06-27 22:06:07.254000,16.96,1.65,18.61,3.8736,0.8374,0.7344,4.1365,0.8512,0.7571,0.6388,0.3569,7e-06,7e-06,0
sthelar40x_kidney_5class_spatial_margin128_fullft_lr1e-5_e10_seed42_CLEAN,8,10,2026-06-27 22:06:12.837000,2026-06-27 22:22:11.803000,2026-06-27 22:23:54.583000,15.98,1.71,17.7,3.8514,0.8395,0.7372,4.2075,0.8412,0.7421,0.6161,0.3427,7e-06,7e-06,0
sthelar40x_kidney_5class_spatial_margin128_fullft_lr1e-5_e10_seed42_CLEAN,9,10,2026-06-27 22:23:59.706000,2026-06-27 22:39:41.791000,2026-06-27 22:41:20.737000,15.7,1.65,17.35,3.8369,0.839,0.7383,4.1816,0.8496,0.7546,0.6318,0.342,7e-06,6e-06,0
sthelar40x_kidney_5class_spatial_margin128_fullft_lr1e-5_e10_seed42_CLEAN,10,10,2026-06-27 22:41:26.171000,2026-06-27 22:57:29.683000,2026-06-27 22:59:07.458000,16.06,1.63,17.69,3.8106,0.8445,0.7431,4.1221,0.8523,0.7585,0.6368,0.3515,6e-06,6e-06,0
sthelar40x_kidney_5class_spatial_margin128_lora_adaptformer_r8_a8_red16_decoder_heads_only_lr5e-5_e10_seed42_CLEAN,1,10,2026-06-28 20:33:01.383000,2026-06-28 20:47:21.131000,2026-06-28 20:49:09.610000,14.33,1.81,16.14,8.0529,0.7688,0.6395,6.0892,0.8134,0.6998,0.5648,0.2244,5e-05,4.8e-05,1
sthelar40x_kidney_5class_spatial_margin128_lora_adaptformer_r8_a8_red16_decoder_heads_only_lr5e-5_e10_seed42_CLEAN,2,10,2026-06-28 20:49:14.521000,2026-06-28 21:03:17.120000,2026-06-28 21:05:03.972000,14.04,1.78,15.82,5.7476,0.7865,0.6639,5.4444,0.8153,0.7025,0.5691,0.2489,4.8e-05,4.5e-05,1
sthelar40x_kidney_5class_spatial_margin128_lora_adaptformer_r8_a8_red16_decoder_heads_only_lr5e-5_e10_seed42_CLEAN,3,10,2026-06-28 21:05:07.998000,2026-06-28 21:19:34.537000,2026-06-28 21:21:21.807000,14.44,1.79,16.23,5.2746,0.801,0.6818,5.1592,0.8222,0.7131,0.582,0.2956,4.5e-05,4.3e-05,1
sthelar40x_kidney_5class_spatial_margin128_lora_adaptformer_r8_a8_red16_decoder_heads_only_lr5e-5_e10_seed42_CLEAN,4,10,2026-06-28 21:21:25.507000,2026-06-28 21:36:04.164000,2026-06-28 21:37:49.224000,14.64,1.75,16.4,5.0186,0.81,0.6945,4.9788,0.825,0.7171,0.5894,0.2976,4.3e-05,4.1e-05,1
sthelar40x_kidney_5class_spatial_margin128_lora_adaptformer_r8_a8_red16_decoder_heads_only_lr5e-5_e10_seed42_CLEAN,5,10,2026-06-28 21:37:56.769000,2026-06-28 21:52:19.936000,2026-06-28 21:54:06.375000,14.39,1.77,16.16,4.8637,0.8118,0.6989,4.8037,0.8354,0.7327,0.6087,0.3089,4.1e-05,3.9e-05,1
sthelar40x_kidney_5class_spatial_margin128_lora_adaptformer_r8_a8_red16_decoder_heads_only_lr5e-5_e10_seed42_CLEAN,6,10,2026-06-28 21:54:10.059000,2026-06-28 22:08:34.572000,2026-06-28 22:10:21.416000,14.41,1.78,16.19,4.7518,0.8184,0.7068,4.8136,0.829,0.7231,0.598,0.3035,3.9e-05,3.7e-05,0
sthelar40x_kidney_5class_spatial_margin128_lora_adaptformer_r8_a8_red16_decoder_heads_only_lr5e-5_e10_seed42_CLEAN,7,10,2026-06-28 22:10:23.392000,2026-06-28 22:24:46.691000,2026-06-28 22:26:29.145000,14.39,1.71,16.1,4.6738,0.8195,0.7082,4.7483,0.8255,0.7184,0.5925,0.3136,3.7e-05,3.5e-05,0
sthelar40x_kidney_5class_spatial_margin128_lora_adaptformer_r8_a8_red16_decoder_heads_only_lr5e-5_e10_seed42_CLEAN,8,10,2026-06-28 22:26:31.050000,2026-06-28 22:40:51.354000,2026-06-28 22:42:34.086000,14.34,1.71,16.05,4.6021,0.8221,0.7123,4.6856,0.8367,0.735,0.6114,0.3156,3.5e-05,3.3e-05,1
sthelar40x_kidney_5class_spatial_margin128_lora_adaptformer_r8_a8_red16_decoder_heads_only_lr5e-5_e10_seed42_CLEAN,9,10,2026-06-28 22:42:37.824000,2026-06-28 22:56:38.116000,2026-06-28 22:58:19.759000,14.0,1.69,15.7,4.5531,0.8221,0.713,4.6305,0.8361,0.734,0.612,0.3172,3.3e-05,3.2e-05,1
sthelar40x_kidney_5class_spatial_margin128_lora_adaptformer_r8_a8_red16_decoder_heads_only_lr5e-5_e10_seed42_CLEAN,10,10,2026-06-28 22:58:23.601000,2026-06-28 23:12:45.841000,2026-06-28 23:14:30.111000,14.37,1.74,16.11,4.3842,0.8245,0.7158,4.5003,0.8309,0.7274,0.6043,0.3129,3.2e-05,3e-05,0
sthelar40x_kidney_5class_spatial_margin128_lora_adaptformer_r8_a8_red16_decoder_heads_only_lr5e-5_e10_seed43_CLEAN,1,10,2026-06-30 23:29:05.450000,2026-06-30 23:53:32.228000,2026-06-30 23:56:26.122000,24.45,2.9,27.34,6.9822,0.7788,0.653,5.9317,0.8209,0.7108,0.5803,0.2,5e-05,4.8e-05,1
sthelar40x_kidney_5class_spatial_margin128_lora_adaptformer_r8_a8_red16_decoder_heads_only_lr5e-5_e10_seed43_CLEAN,2,10,2026-06-30 23:56:31.082000,2026-07-01 00:20:09.484000,2026-07-01 00:23:01.718000,23.64,2.87,26.51,5.6822,0.7893,0.6667,5.4375,0.8259,0.7195,0.5928,0.2198,4.8e-05,4.5e-05,1
sthelar40x_kidney_5class_spatial_margin128_lora_adaptformer_r8_a8_red16_decoder_heads_only_lr5e-5_e10_seed43_CLEAN,3,10,2026-07-01 00:23:05.353000,2026-07-01 00:46:57.486000,2026-07-01 00:49:53.122000,23.87,2.93,26.8,5.2139,0.8068,0.6881,5.1222,0.8237,0.7178,0.5911,0.2566,4.5e-05,4.3e-05,0
sthelar40x_kidney_5class_spatial_margin128_lora_adaptformer_r8_a8_red16_decoder_heads_only_lr5e-5_e10_seed43_CLEAN,4,10,2026-07-01 00:49:53.126000,2026-07-01 01:14:08.448000,2026-07-01 01:17:09.554000,24.26,3.02,27.27,4.9568,0.8146,0.7009,4.9877,0.8271,0.7206,0.5955,0.2891,4.3e-05,4.1e-05,1
sthelar40x_kidney_5class_spatial_margin128_lora_adaptformer_r8_a8_red16_decoder_heads_only_lr5e-5_e10_seed43_CLEAN,5,10,2026-07-01 01:17:12.975000,2026-07-01 01:41:32.977000,2026-07-01 01:44:29.216000,24.33,2.94,27.27,4.814,0.8156,0.7054,4.9092,0.8385,0.7382,0.6182,0.2763,4.1e-05,3.9e-05,1
sthelar40x_kidney_5class_spatial_margin128_lora_adaptformer_r8_a8_red16_decoder_heads_only_lr5e-5_e10_seed43_CLEAN,6,10,2026-07-01 01:44:33.249000,2026-07-01 02:08:44.280000,2026-07-01 02:11:40.351000,24.18,2.93,27.12,4.7101,0.8201,0.7095,4.8235,0.8308,0.7262,0.604,0.3231,3.9e-05,3.7e-05,0
sthelar40x_kidney_5class_spatial_margin128_lora_adaptformer_r8_a8_red16_decoder_heads_only_lr5e-5_e10_seed43_CLEAN,7,10,2026-07-01 02:11:40.355000,2026-07-01 02:36:12.357000,2026-07-01 02:39:07.310000,24.53,2.92,27.45,4.6158,0.8214,0.7113,4.7785,0.8392,0.7395,0.621,0.3247,3.7e-05,3.5e-05,1
sthelar40x_kidney_5class_spatial_margin128_lora_adaptformer_r8_a8_red16_decoder_heads_only_lr5e-5_e10_seed43_CLEAN,8,10,2026-07-01 02:39:10.823000,2026-07-01 03:03:37.136000,2026-07-01 03:06:31.871000,24.44,2.91,27.35,4.5066,0.8234,0.7136,4.5153,0.8351,0.7342,0.6127,0.306,3.5e-05,3.3e-05,0
sthelar40x_kidney_5class_spatial_margin128_lora_adaptformer_r8_a8_red16_decoder_heads_only_lr5e-5_e10_seed43_CLEAN,9,10,2026-07-01 03:06:31.874000,2026-07-01 03:30:57.352000,2026-07-01 03:33:51.375000,24.42,2.9,27.33,4.0071,0.8223,0.7143,4.1966,0.8344,0.7331,0.612,0.3134,3.3e-05,3.2e-05,0
sthelar40x_kidney_5class_spatial_margin128_lora_adaptformer_r8_a8_red16_decoder_heads_only_lr5e-5_e10_seed43_CLEAN,10,10,2026-07-01 03:33:51.384000,2026-07-01 03:58:33.159000,2026-07-01 04:01:26.022000,24.7,2.88,27.58,3.7033,0.8241,0.7152,3.9072,0.8417,0.7434,0.6252,0.3306,3.2e-05,3e-05,1
sthelar40x_kidney_liver_tonsil_5class_spatial_margin128_adaptformer_red16_decoder_frozen_lr5e-5_e10_seed42_CLEAN,1,10,2026-06-25 00:14:25.607000,2026-06-25 01:07:34.051000,2026-06-25 01:21:32.894000,53.14,13.98,67.12,10.0911,0.7506,0.6186,9.6682,0.8068,0.6884,0.5481,0.1474,5e-05,4.8e-05,1
sthelar40x_kidney_liver_tonsil_5class_spatial_margin128_adaptformer_red16_decoder_frozen_lr5e-5_e10_seed42_CLEAN,2,10,2026-06-25 01:21:37.654000,2026-06-25 02:14:06.596000,2026-06-25 02:27:40.012000,52.48,13.56,66.04,9.5363,0.7588,0.6295,9.8144,0.7853,0.6596,0.5142,0.1312,4.8e-05,4.5e-05,0
sthelar40x_kidney_liver_tonsil_5class_spatial_margin128_adaptformer_red16_decoder_frozen_lr5e-5_e10_seed42_CLEAN,3,10,2026-06-25 02:27:41.901000,2026-06-25 03:20:19.104000,2026-06-25 03:34:03.226000,52.62,13.74,66.36,9.433,0.7644,0.6368,9.4097,0.8035,0.6862,0.5492,0.155,4.5e-05,4.3e-05,1
sthelar40x_kidney_liver_tonsil_5class_spatial_margin128_adaptformer_red16_decoder_frozen_lr5e-5_e10_seed42_CLEAN,4,10,2026-06-25 03:34:07.060000,2026-06-25 04:27:15.835000,2026-06-25 04:40:57.130000,53.15,13.69,66.83,9.3625,0.7672,0.6401,9.3963,0.8026,0.6849,0.5472,0.1492,4.3e-05,4.1e-05,0
sthelar40x_kidney_liver_tonsil_5class_spatial_margin128_adaptformer_red16_decoder_frozen_lr5e-5_e10_seed42_CLEAN,5,10,2026-06-25 04:40:59.047000,2026-06-25 05:34:56.956000,2026-06-25 05:48:32.122000,53.97,13.59,67.55,9.3303,0.7685,0.6425,9.1755,0.8129,0.6985,0.5603,0.1734,4.1e-05,3.9e-05,1
sthelar40x_kidney_liver_tonsil_5class_spatial_margin128_adaptformer_red16_decoder_frozen_lr5e-5_e10_seed42_CLEAN,6,10,2026-06-25 05:48:35.807000,2026-06-25 06:42:26.749000,2026-06-25 06:56:07.415000,53.85,13.68,67.53,9.2839,0.7704,0.6446,9.3342,0.8112,0.6963,0.5622,0.1599,3.9e-05,3.7e-05,1
sthelar40x_kidney_liver_tonsil_5class_spatial_margin128_adaptformer_red16_decoder_frozen_lr5e-5_e10_seed42_CLEAN,7,10,2026-06-25 06:56:11.017000,2026-06-25 07:49:26.568000,2026-06-25 08:02:49.062000,53.26,13.37,66.63,9.258,0.7703,0.6446,9.6483,0.7825,0.6569,0.5161,0.1464,3.7e-05,3.5e-05,0
sthelar40x_kidney_liver_tonsil_5class_spatial_margin128_adaptformer_red16_decoder_frozen_lr5e-5_e10_seed42_CLEAN,8,10,2026-06-25 08:02:50.899000,2026-06-25 08:56:10.621000,2026-06-25 09:09:46.588000,53.33,13.6,66.93,9.2318,0.7739,0.6498,9.2781,0.805,0.6876,0.5478,0.1609,3.5e-05,3.3e-05,0
sthelar40x_kidney_liver_tonsil_5class_spatial_margin128_adaptformer_red16_decoder_frozen_lr5e-5_e10_seed42_CLEAN,9,10,2026-06-25 09:09:48.493000,2026-06-25 10:02:54.501000,2026-06-25 10:16:10.631000,53.1,13.27,66.37,9.1915,0.7748,0.6511,9.492,0.7918,0.6693,0.5234,0.1519,3.3e-05,3.2e-05,0
sthelar40x_kidney_liver_tonsil_5class_spatial_margin128_adaptformer_red16_decoder_frozen_lr5e-5_e10_seed42_CLEAN,10,10,2026-06-25 10:16:12.506000,2026-06-25 11:08:32.624000,2026-06-25 11:21:42.252000,52.34,13.16,65.5,9.1761,0.7755,0.6518,9.3954,0.7908,0.6683,0.5264,0.1586,3.2e-05,3e-05,0
sthelar40x_kidney_liver_tonsil_5class_spatial_margin128_freeze_e10_seed42_CLEAN,1,10,2026-06-24 19:57:41.661000,,2026-06-24 20:09:48.402000,,,12.11,,,,19.5968,0.7846,0.6598,0.5489,0.0023,5e-05,4.8e-05,1
sthelar40x_kidney_liver_tonsil_5class_spatial_margin128_freeze_e10_seed42_CLEAN,2,10,2026-06-24 20:09:52.543000,,2026-06-24 20:21:52.669000,,,12.0,,,,19.5968,0.7846,0.6598,0.5489,0.0023,4.8e-05,4.5e-05,1
sthelar40x_kidney_liver_tonsil_5class_spatial_margin128_freeze_e10_seed42_CLEAN,3,10,2026-06-24 20:21:56.283000,,2026-06-24 20:33:54.645000,,,11.97,,,,19.5968,0.7846,0.6598,0.5489,0.0023,4.5e-05,4.3e-05,1
sthelar40x_kidney_liver_tonsil_5class_spatial_margin128_freeze_e10_seed42_CLEAN,4,10,2026-06-24 20:33:58.174000,,2026-06-24 20:45:58.165000,,,12.0,,,,19.5968,0.7846,0.6598,0.5489,0.0023,4.3e-05,4.1e-05,1
sthelar40x_kidney_liver_tonsil_5class_spatial_margin128_freeze_e10_seed42_CLEAN,5,10,2026-06-24 20:46:01.716000,,2026-06-24 20:57:57.667000,,,11.93,,,,19.5968,0.7846,0.6598,0.5489,0.0023,4.1e-05,3.9e-05,1
sthelar40x_kidney_liver_tonsil_5class_spatial_margin128_freeze_e10_seed42_CLEAN,6,10,2026-06-24 20:58:01.111000,,2026-06-24 21:10:02.628000,,,12.03,,,,19.5968,0.7846,0.6598,0.5489,0.0023,3.9e-05,3.7e-05,1
sthelar40x_kidney_liver_tonsil_5class_spatial_margin128_freeze_e10_seed42_CLEAN,7,10,2026-06-24 21:10:06.107000,,2026-06-24 21:22:18.149000,,,12.2,,,,19.5968,0.7846,0.6598,0.5489,0.0023,3.7e-05,3.5e-05,1
sthelar40x_kidney_liver_tonsil_5class_spatial_margin128_freeze_e10_seed42_CLEAN,8,10,2026-06-24 21:22:22.711000,,2026-06-24 21:34:49.386000,,,12.44,,,,19.5968,0.7846,0.6598,0.5489,0.0023,3.5e-05,3.3e-05,1
sthelar40x_kidney_liver_tonsil_5class_spatial_margin128_freeze_e10_seed42_CLEAN,9,10,2026-06-24 21:34:53.070000,,2026-06-24 21:46:49.053000,,,11.93,,,,19.5968,0.7846,0.6598,0.5489,0.0023,3.3e-05,3.2e-05,1
sthelar40x_kidney_liver_tonsil_5class_spatial_margin128_freeze_e10_seed42_CLEAN,10,10,2026-06-24 21:46:52.520000,,2026-06-24 21:59:06.376000,,,12.23,,,,19.5968,0.7846,0.6598,0.5489,0.0023,3.2e-05,3e-05,1
sthelar40x_kidney_liver_tonsil_5class_spatial_margin128_frozen_encoder_decoder_conv_adapters_lr5e-5_e10_seed42_CLEAN,1,10,2026-06-24 20:13:13.336000,2026-06-24 21:02:20.198000,2026-06-24 21:16:33.116000,49.11,14.22,63.33,6.6125,0.743,0.61,5.4299,0.8137,0.6992,0.5578,0.2516,5e-05,4.8e-05,1
sthelar40x_kidney_liver_tonsil_5class_spatial_margin128_frozen_encoder_decoder_conv_adapters_lr5e-5_e10_seed42_CLEAN,2,10,2026-06-24 21:16:37.246000,2026-06-24 22:06:21.939000,2026-06-24 22:20:27.420000,49.74,14.09,63.84,5.4078,0.7688,0.6427,5.2857,0.8156,0.7019,0.5633,0.2619,4.8e-05,4.5e-05,1
sthelar40x_kidney_liver_tonsil_5class_spatial_margin128_frozen_encoder_decoder_conv_adapters_lr5e-5_e10_seed42_CLEAN,3,10,2026-06-24 22:20:30.886000,2026-06-24 23:10:30.437000,2026-06-24 23:24:42.453000,49.99,14.2,64.19,4.3827,0.7728,0.6491,4.218,0.8164,0.7036,0.5659,0.2685,4.5e-05,4.3e-05,1
sthelar40x_kidney_liver_tonsil_5class_spatial_margin128_frozen_encoder_decoder_conv_adapters_lr5e-5_e10_seed42_CLEAN,4,10,2026-06-24 23:24:46.051000,2026-06-25 00:14:51.186000,2026-06-25 00:28:52.376000,50.09,14.02,64.11,4.2325,0.7757,0.6528,4.2222,0.8114,0.6965,0.5584,0.2645,4.3e-05,4.1e-05,0
sthelar40x_kidney_liver_tonsil_5class_spatial_margin128_frozen_encoder_decoder_conv_adapters_lr5e-5_e10_seed42_CLEAN,5,10,2026-06-25 00:28:54.121000,2026-06-25 01:18:54.161000,2026-06-25 01:32:58.159000,50.0,14.07,64.07,4.1815,0.7764,0.6547,4.184,0.8186,0.7066,0.5686,0.272,4.1e-05,3.9e-05,1
sthelar40x_kidney_liver_tonsil_5class_spatial_margin128_frozen_encoder_decoder_conv_adapters_lr5e-5_e10_seed42_CLEAN,6,10,2026-06-25 01:33:01.846000,2026-06-25 02:22:42.689000,2026-06-25 02:36:52.608000,49.68,14.17,63.85,4.1413,0.7787,0.6566,4.1648,0.817,0.7045,0.566,0.2697,3.9e-05,3.7e-05,0
sthelar40x_kidney_liver_tonsil_5class_spatial_margin128_frozen_encoder_decoder_conv_adapters_lr5e-5_e10_seed42_CLEAN,7,10,2026-06-25 02:36:54.353000,2026-06-25 03:27:00.961000,2026-06-25 03:41:09.941000,50.11,14.15,64.26,4.1295,0.7784,0.6566,4.1012,0.819,0.7075,0.5691,0.2795,3.7e-05,3.5e-05,1
sthelar40x_kidney_liver_tonsil_5class_spatial_margin128_frozen_encoder_decoder_conv_adapters_lr5e-5_e10_seed42_CLEAN,8,10,2026-06-25 03:41:13.534000,2026-06-25 04:31:12.464000,2026-06-25 04:45:10.770000,49.98,13.97,63.95,4.1117,0.7807,0.6597,4.0936,0.815,0.7021,0.5657,0.2773,3.5e-05,3.3e-05,0
sthelar40x_kidney_liver_tonsil_5class_spatial_margin128_frozen_encoder_decoder_conv_adapters_lr5e-5_e10_seed42_CLEAN,9,10,2026-06-25 04:45:12.546000,2026-06-25 05:35:24.414000,2026-06-25 05:49:33.882000,50.2,14.16,64.36,4.081,0.7812,0.6604,4.1264,0.8199,0.708,0.5697,0.2788,3.3e-05,3.2e-05,1
sthelar40x_kidney_liver_tonsil_5class_spatial_margin128_frozen_encoder_decoder_conv_adapters_lr5e-5_e10_seed42_CLEAN,10,10,2026-06-25 05:49:37.339000,2026-06-25 06:41:20.536000,2026-06-25 06:55:29.125000,51.72,14.14,65.86,4.0699,0.7816,0.6609,4.0836,0.8177,0.7054,0.5667,0.28,3.2e-05,3e-05,0
sthelar40x_kidney_liver_tonsil_5class_spatial_margin128_fullft_lr1e-5_e10_seed42_CLEAN,1,10,2026-06-24 19:58:43.722000,2026-06-24 21:08:04.608000,2026-06-24 21:22:21.444000,69.35,14.28,83.63,5.0243,0.797,0.6829,4.6712,0.8353,0.7321,0.5992,0.341,1e-05,1e-05,1
sthelar40x_kidney_liver_tonsil_5class_spatial_margin128_fullft_lr1e-5_e10_seed42_CLEAN,2,10,2026-06-24 21:22:32.743000,2026-06-24 22:32:20.884000,2026-06-24 22:46:22.738000,69.8,14.03,83.83,4.5943,0.8096,0.7005,4.549,0.8419,0.7409,0.6075,0.354,1e-05,9e-06,1
sthelar40x_kidney_liver_tonsil_5class_spatial_margin128_fullft_lr1e-5_e10_seed42_CLEAN,3,10,2026-06-24 22:46:34.150000,2026-06-24 23:56:12.856000,2026-06-25 00:10:17.039000,69.65,14.07,83.71,4.5373,0.8108,0.702,4.5434,0.844,0.7439,0.6122,0.3554,9e-06,9e-06,1
sthelar40x_kidney_liver_tonsil_5class_spatial_margin128_fullft_lr1e-5_e10_seed42_CLEAN,4,10,2026-06-25 00:10:27.278000,2026-06-25 01:19:48.006000,2026-06-25 01:33:58.839000,69.35,14.18,83.53,4.4661,0.8163,0.7093,4.4527,0.8395,0.738,0.6076,0.3643,9e-06,8e-06,0
sthelar40x_kidney_liver_tonsil_5class_spatial_margin128_fullft_lr1e-5_e10_seed42_CLEAN,5,10,2026-06-25 01:34:05.054000,2026-06-25 02:44:32.081000,2026-06-25 02:58:49.108000,70.45,14.28,84.73,4.4119,0.8191,0.7135,4.4812,0.8407,0.739,0.6053,0.3573,8e-06,8e-06,0
sthelar40x_kidney_liver_tonsil_5class_spatial_margin128_fullft_lr1e-5_e10_seed42_CLEAN,6,10,2026-06-25 02:58:54.677000,2026-06-25 04:08:05.892000,2026-06-25 04:22:23.884000,69.19,14.3,83.49,4.0423,0.8201,0.7156,3.681,0.8472,0.7485,0.6175,0.3617,8e-06,7e-06,1
sthelar40x_kidney_liver_tonsil_5class_spatial_margin128_fullft_lr1e-5_e10_seed42_CLEAN,7,10,2026-06-25 04:22:34.301000,2026-06-25 05:32:32.364000,2026-06-25 05:46:38.940000,69.97,14.11,84.08,3.4057,0.8202,0.716,3.3599,0.8508,0.7554,0.6268,0.3814,7e-06,7e-06,1
sthelar40x_kidney_liver_tonsil_5class_spatial_margin128_fullft_lr1e-5_e10_seed42_CLEAN,8,10,2026-06-25 05:46:49.297000,2026-06-25 06:56:10.525000,2026-06-25 07:10:30.090000,69.35,14.33,83.68,3.3415,0.8246,0.7214,3.3689,0.8467,0.7468,0.6158,0.3772,7e-06,7e-06,0
sthelar40x_kidney_liver_tonsil_5class_spatial_margin128_fullft_lr1e-5_e10_seed42_CLEAN,9,10,2026-06-25 07:10:35.349000,2026-06-25 08:22:42.718000,2026-06-25 08:37:02.117000,72.12,14.32,86.45,3.3052,0.8247,0.7216,3.3099,0.8515,0.7544,0.6248,0.383,7e-06,6e-06,0
sthelar40x_kidney_liver_tonsil_5class_spatial_margin128_fullft_lr1e-5_e10_seed42_CLEAN,10,10,2026-06-25 08:37:07.556000,2026-06-25 09:48:08.467000,2026-06-25 10:02:32.040000,71.02,14.39,85.41,3.2917,0.8254,0.7229,3.3197,0.8489,0.7503,0.6199,0.3822,6e-06,6e-06,0
sthelar40x_kidney_liver_tonsil_5class_spatial_margin128_fullft_lr1e-5_e10_seed43_KEEPALL_FISHER,1,10,2026-06-26 00:23:16.008000,2026-06-26 01:32:01.593000,2026-06-26 01:45:58.583000,68.76,13.95,82.71,4.9445,0.7978,0.6838,4.733,0.8258,0.7168,0.5799,0.3332,1e-05,1e-05,1
sthelar40x_kidney_liver_tonsil_5class_spatial_margin128_fullft_lr1e-5_e10_seed43_KEEPALL_FISHER,2,10,2026-06-26 01:46:08.976000,2026-06-26 02:53:02.972000,2026-06-26 03:07:01.568000,66.9,13.98,80.88,4.5723,0.8093,0.7004,4.5697,0.8372,0.7347,0.6013,0.3487,1e-05,9e-06,1
sthelar40x_kidney_liver_tonsil_5class_spatial_margin128_fullft_lr1e-5_e10_seed43_KEEPALL_FISHER,3,10,2026-06-26 03:07:11.786000,2026-06-26 04:13:20.796000,2026-06-26 04:27:41.985000,66.15,14.35,80.5,4.482,0.8145,0.7066,4.4548,0.8426,0.7419,0.6097,0.3593,9e-06,9e-06,1
sthelar40x_kidney_liver_tonsil_5class_spatial_margin128_fullft_lr1e-5_e10_seed43_KEEPALL_FISHER,4,10,2026-06-26 04:27:52.980000,2026-06-26 05:34:59.268000,2026-06-26 05:49:31.532000,67.1,14.54,81.64,4.3949,0.8164,0.7097,4.3159,0.842,0.7406,0.6089,0.362,9e-06,8e-06,0
sthelar40x_kidney_liver_tonsil_5class_spatial_margin128_fullft_lr1e-5_e10_seed43_KEEPALL_FISHER,5,10,2026-06-26 05:49:37.402000,2026-06-26 06:56:28.969000,2026-06-26 07:10:45.698000,66.86,14.28,81.14,3.5602,0.8169,0.7094,3.4611,0.843,0.7422,0.6052,0.3636,8e-06,8e-06,0
sthelar40x_kidney_liver_tonsil_5class_spatial_margin128_fullft_lr1e-5_e10_seed43_KEEPALL_FISHER,6,10,2026-06-26 07:10:51.307000,2026-06-26 08:17:33.709000,2026-06-26 08:31:49.578000,66.71,14.26,80.97,3.4213,0.8199,0.7143,3.4689,0.8394,0.7367,0.6025,0.3638,8e-06,7e-06,0
sthelar40x_kidney_liver_tonsil_5class_spatial_margin128_fullft_lr1e-5_e10_seed43_KEEPALL_FISHER,7,10,2026-06-26 08:31:55.776000,2026-06-26 09:40:05.966000,2026-06-26 09:54:10.341000,68.17,14.07,82.24,3.3652,0.8212,0.7167,3.4323,0.8382,0.7346,0.6031,0.3658,7e-06,7e-06,0
sthelar40x_kidney_liver_tonsil_5class_spatial_margin128_fullft_lr1e-5_e10_seed43_KEEPALL_FISHER,8,10,2026-06-26 09:54:16.176000,2026-06-26 11:00:21.964000,2026-06-26 11:14:50.264000,66.1,14.47,80.57,3.3337,0.8224,0.7187,3.3848,0.8473,0.7477,0.6166,0.3752,7e-06,7e-06,1
sthelar40x_kidney_liver_tonsil_5class_spatial_margin128_fullft_lr1e-5_e10_seed43_KEEPALL_FISHER,9,10,2026-06-26 11:15:01.988000,2026-06-26 12:20:55.238000,2026-06-26 12:35:06.710000,65.89,14.19,80.08,3.3122,0.8257,0.7219,3.3298,0.8514,0.754,0.6249,0.3851,7e-06,6e-06,1
sthelar40x_kidney_liver_tonsil_5class_spatial_margin128_fullft_lr1e-5_e10_seed43_KEEPALL_FISHER,10,10,2026-06-26 12:35:17.766000,2026-06-26 13:43:07.620000,2026-06-26 13:56:58.962000,67.83,13.86,81.69,3.2953,0.8245,0.7214,3.2936,0.8545,0.759,0.6291,0.3867,6e-06,6e-06,1
sthelar40x_kidney_liver_tonsil_5class_spatial_margin128_lora_adaptformer_r8_a8_red16_decoder_conv_adapters_lr5e-5_e10_seed42_CLEAN,1,10,2026-06-25 10:22:30.601000,2026-06-25 11:27:47.616000,2026-06-25 11:42:12.415000,65.28,14.41,79.7,5.8331,0.7823,0.6628,4.8904,0.8224,0.713,0.5772,0.3206,5e-05,4.8e-05,1
sthelar40x_kidney_liver_tonsil_5class_spatial_margin128_lora_adaptformer_r8_a8_red16_decoder_conv_adapters_lr5e-5_e10_seed42_CLEAN,2,10,2026-06-25 11:42:16.434000,2026-06-25 12:44:32.883000,2026-06-25 12:58:57.473000,62.27,14.41,76.68,4.603,0.8022,0.6905,3.7293,0.8368,0.7352,0.6054,0.3376,4.8e-05,4.5e-05,1
sthelar40x_kidney_liver_tonsil_5class_spatial_margin128_lora_adaptformer_r8_a8_red16_decoder_conv_adapters_lr5e-5_e10_seed42_CLEAN,3,10,2026-06-25 12:59:01.287000,2026-06-25 14:01:18.957000,2026-06-25 14:15:55.265000,62.29,14.61,76.9,3.7249,0.8054,0.6959,3.6182,0.8405,0.7398,0.6095,0.3503,4.5e-05,4.3e-05,1
sthelar40x_kidney_liver_tonsil_5class_spatial_margin128_lora_adaptformer_r8_a8_red16_decoder_conv_adapters_lr5e-5_e10_seed42_CLEAN,4,10,2026-06-25 14:15:59.206000,2026-06-25 15:18:02.430000,2026-06-25 15:32:36.749000,62.05,14.57,76.63,3.6405,0.8098,0.701,3.5957,0.8369,0.7338,0.6035,0.3481,4.3e-05,4.1e-05,0
sthelar40x_kidney_liver_tonsil_5class_spatial_margin128_lora_adaptformer_r8_a8_red16_decoder_conv_adapters_lr5e-5_e10_seed42_CLEAN,5,10,2026-06-25 15:32:38.839000,2026-06-25 16:35:31.372000,2026-06-25 16:50:22.778000,62.88,14.86,77.73,3.5791,0.8115,0.7035,3.6201,0.8406,0.7392,0.6088,0.3472,4.1e-05,3.9e-05,0
sthelar40x_kidney_liver_tonsil_5class_spatial_margin128_lora_adaptformer_r8_a8_red16_decoder_conv_adapters_lr5e-5_e10_seed42_CLEAN,6,10,2026-06-25 16:50:24.854000,2026-06-25 17:53:21.930000,2026-06-25 18:08:07.197000,62.95,14.75,77.71,3.5375,0.8132,0.7057,3.547,0.8397,0.7382,0.607,0.3468,3.9e-05,3.7e-05,0
sthelar40x_kidney_liver_tonsil_5class_spatial_margin128_lora_adaptformer_r8_a8_red16_decoder_conv_adapters_lr5e-5_e10_seed42_CLEAN,7,10,2026-06-25 18:08:09.321000,2026-06-25 19:11:44.371000,2026-06-25 19:26:29.604000,63.58,14.75,78.34,3.5234,0.8129,0.7058,3.5328,0.8383,0.7363,0.6047,0.3561,3.7e-05,3.5e-05,0
sthelar40x_kidney_liver_tonsil_5class_spatial_margin128_lora_adaptformer_r8_a8_red16_decoder_conv_adapters_lr5e-5_e10_seed42_CLEAN,8,10,2026-06-25 19:26:31.827000,2026-06-25 20:29:31.416000,2026-06-25 20:44:11.269000,62.99,14.66,77.66,3.4966,0.8163,0.7099,3.4824,0.8386,0.7369,0.607,0.3622,3.5e-05,3.3e-05,0
sthelar40x_kidney_liver_tonsil_5class_spatial_margin128_lora_adaptformer_r8_a8_red16_decoder_conv_adapters_lr5e-5_e10_seed42_CLEAN,9,10,2026-06-25 20:44:13.276000,2026-06-25 21:49:13.719000,2026-06-25 22:03:47.186000,65.01,14.56,79.57,3.4664,0.8175,0.7111,3.5198,0.8398,0.7381,0.6063,0.3567,3.3e-05,3.2e-05,0
sthelar40x_kidney_liver_tonsil_5class_spatial_margin128_lora_adaptformer_r8_a8_red16_decoder_conv_adapters_lr5e-5_e10_seed42_CLEAN,10,10,2026-06-25 22:03:49.195000,2026-06-25 23:08:43.390000,2026-06-25 23:23:25.961000,64.9,14.71,79.61,3.4519,0.817,0.7118,3.5089,0.8376,0.734,0.6007,0.3621,3.2e-05,3e-05,0
sthelar40x_kidney_liver_tonsil_5class_spatial_margin128_lora_adaptformer_r8_a8_red16_decoder_conv_adapters_lr5e-5_e10_seed43_CLEAN,1,10,2026-06-26 00:23:16.008000,2026-06-26 01:28:21.380000,2026-06-26 01:42:49.538000,65.09,14.47,79.56,5.6685,0.7843,0.6649,4.9154,0.8288,0.7222,0.5915,0.3211,5e-05,4.8e-05,1
sthelar40x_kidney_liver_tonsil_5class_spatial_margin128_lora_adaptformer_r8_a8_red16_decoder_conv_adapters_lr5e-5_e10_seed43_CLEAN,2,10,2026-06-26 01:42:53.598000,2026-06-26 02:47:27.414000,2026-06-26 03:01:41.729000,64.56,14.24,78.8,4.4193,0.802,0.691,3.8693,0.8275,0.7221,0.591,0.3197,4.8e-05,4.5e-05,0
sthelar40x_kidney_liver_tonsil_5class_spatial_margin128_lora_adaptformer_r8_a8_red16_decoder_conv_adapters_lr5e-5_e10_seed43_CLEAN,3,10,2026-06-26 03:01:43.830000,2026-06-26 04:06:24.025000,2026-06-26 04:21:17.513000,64.67,14.89,79.56,3.7024,0.8077,0.6977,3.6174,0.8381,0.7354,0.6034,0.347,4.5e-05,4.3e-05,1
sthelar40x_kidney_liver_tonsil_5class_spatial_margin128_lora_adaptformer_r8_a8_red16_decoder_conv_adapters_lr5e-5_e10_seed43_CLEAN,4,10,2026-06-26 04:21:21.782000,2026-06-26 05:25:51.477000,2026-06-26 05:40:43.795000,64.49,14.87,79.37,3.6214,0.8096,0.7005,3.6146,0.8378,0.735,0.603,0.3503,4.3e-05,4.1e-05,0
sthelar40x_kidney_liver_tonsil_5class_spatial_margin128_lora_adaptformer_r8_a8_red16_decoder_conv_adapters_lr5e-5_e10_seed43_CLEAN,5,10,2026-06-26 05:40:46.976000,2026-06-26 06:45:16.216000,2026-06-26 07:00:05.768000,64.49,14.83,79.31,3.5765,0.8122,0.7036,3.5066,0.842,0.7416,0.6102,0.3614,4.1e-05,3.9e-05,1
sthelar40x_kidney_liver_tonsil_5class_spatial_margin128_lora_adaptformer_r8_a8_red16_decoder_conv_adapters_lr5e-5_e10_seed43_CLEAN,6,10,2026-06-26 07:00:09.917000,2026-06-26 08:04:03.383000,2026-06-26 08:18:48.490000,63.89,14.75,78.64,3.5393,0.8145,0.7064,3.5459,0.8371,0.7346,0.6026,0.35,3.9e-05,3.7e-05,0
sthelar40x_kidney_liver_tonsil_5class_spatial_margin128_lora_adaptformer_r8_a8_red16_decoder_conv_adapters_lr5e-5_e10_seed43_CLEAN,7,10,2026-06-26 08:18:50.582000,2026-06-26 09:23:25.916000,2026-06-26 09:37:56.187000,64.59,14.5,79.09,3.511,0.8141,0.7068,3.5042,0.8374,0.7354,0.6028,0.3552,3.7e-05,3.5e-05,0
sthelar40x_kidney_liver_tonsil_5class_spatial_margin128_lora_adaptformer_r8_a8_red16_decoder_conv_adapters_lr5e-5_e10_seed43_CLEAN,8,10,2026-06-26 09:37:58.567000,2026-06-26 10:42:24.865000,2026-06-26 10:57:15.236000,64.44,14.84,79.28,3.4837,0.8155,0.7085,3.4559,0.843,0.7429,0.6116,0.3665,3.5e-05,3.3e-05,1
sthelar40x_kidney_liver_tonsil_5class_spatial_margin128_lora_adaptformer_r8_a8_red16_decoder_conv_adapters_lr5e-5_e10_seed43_CLEAN,9,10,2026-06-26 10:57:19.119000,2026-06-26 12:00:24.644000,2026-06-26 12:15:17.076000,63.09,14.87,77.97,3.4689,0.8167,0.7103,3.4403,0.8484,0.7502,0.6202,0.371,3.3e-05,3.2e-05,1
sthelar40x_kidney_liver_tonsil_5class_spatial_margin128_lora_adaptformer_r8_a8_red16_decoder_conv_adapters_lr5e-5_e10_seed43_CLEAN,10,10,2026-06-26 12:15:21.263000,2026-06-26 13:19:58.163000,2026-06-26 13:34:40.590000,64.61,14.71,79.32,3.443,0.8162,0.7104,3.4777,0.8405,0.7387,0.6062,0.3598,3.2e-05,3e-05,0
sthelar40x_kidney_liver_tonsil_5class_spatial_margin128_lora_adaptformer_r8_a8_red16_decoder_heads_only_lr5e-5_e10_seed42_CLEAN,1,10,2026-06-25 11:34:04.629000,2026-06-25 12:30:31.204000,2026-06-25 12:44:43.473000,56.44,14.2,70.65,6.8837,0.7668,0.6413,5.6503,0.8268,0.718,0.5834,0.3003,5e-05,4.8e-05,1
sthelar40x_kidney_liver_tonsil_5class_spatial_margin128_lora_adaptformer_r8_a8_red16_decoder_heads_only_lr5e-5_e10_seed42_CLEAN,2,10,2026-06-25 12:44:47.799000,2026-06-25 13:41:47.366000,2026-06-25 13:55:56.977000,56.99,14.16,71.15,5.5134,0.7965,0.6814,5.4348,0.8276,0.72,0.5882,0.3062,4.8e-05,4.5e-05,1
sthelar40x_kidney_liver_tonsil_5class_spatial_margin128_lora_adaptformer_r8_a8_red16_decoder_heads_only_lr5e-5_e10_seed42_CLEAN,3,10,2026-06-25 13:56:00.606000,2026-06-25 14:52:52.387000,2026-06-25 15:06:57.345000,56.86,14.08,70.95,4.5374,0.7989,0.6854,4.1814,0.8373,0.7342,0.6085,0.3386,4.5e-05,4.3e-05,1
sthelar40x_kidney_liver_tonsil_5class_spatial_margin128_lora_adaptformer_r8_a8_red16_decoder_heads_only_lr5e-5_e10_seed42_CLEAN,4,10,2026-06-25 15:07:01.206000,2026-06-25 16:03:28.416000,2026-06-25 16:17:34.705000,56.45,14.1,70.56,4.1821,0.8046,0.6918,4.0069,0.8323,0.7275,0.6001,0.342,4.3e-05,4.1e-05,0
sthelar40x_kidney_liver_tonsil_5class_spatial_margin128_lora_adaptformer_r8_a8_red16_decoder_heads_only_lr5e-5_e10_seed42_CLEAN,5,10,2026-06-25 16:17:36.596000,2026-06-25 17:13:46.479000,2026-06-25 17:27:51.918000,56.16,14.09,70.26,4.0805,0.8054,0.6943,4.0084,0.8359,0.7315,0.6046,0.339,4.1e-05,3.9e-05,0
sthelar40x_kidney_liver_tonsil_5class_spatial_margin128_lora_adaptformer_r8_a8_red16_decoder_heads_only_lr5e-5_e10_seed42_CLEAN,6,10,2026-06-25 17:27:53.848000,2026-06-25 18:24:14.406000,2026-06-25 18:38:22.070000,56.34,14.13,70.47,4.0085,0.8076,0.6975,3.9222,0.8372,0.7345,0.6082,0.3464,3.9e-05,3.7e-05,0
sthelar40x_kidney_liver_tonsil_5class_spatial_margin128_lora_adaptformer_r8_a8_red16_decoder_heads_only_lr5e-5_e10_seed42_CLEAN,7,10,2026-06-25 18:38:23.994000,2026-06-25 19:35:05.246000,2026-06-25 19:49:15.052000,56.69,14.16,70.85,3.9781,0.8073,0.6968,3.8821,0.8367,0.7329,0.6053,0.3547,3.7e-05,3.5e-05,0
sthelar40x_kidney_liver_tonsil_5class_spatial_margin128_lora_adaptformer_r8_a8_red16_decoder_heads_only_lr5e-5_e10_seed42_CLEAN,8,10,2026-06-25 19:49:17.031000,2026-06-25 20:46:32.494000,2026-06-25 21:00:43.489000,57.26,14.18,71.44,3.9434,0.8104,0.7021,3.787,0.8432,0.7425,0.6164,0.3626,3.5e-05,3.3e-05,1
sthelar40x_kidney_liver_tonsil_5class_spatial_margin128_lora_adaptformer_r8_a8_red16_decoder_heads_only_lr5e-5_e10_seed42_CLEAN,9,10,2026-06-25 21:00:47.428000,2026-06-25 21:58:00.007000,2026-06-25 22:12:06.535000,57.21,14.11,71.32,3.9004,0.8119,0.7035,3.8506,0.8418,0.7406,0.6158,0.3631,3.3e-05,3.2e-05,0
sthelar40x_kidney_liver_tonsil_5class_spatial_margin128_lora_adaptformer_r8_a8_red16_decoder_heads_only_lr5e-5_e10_seed42_CLEAN,10,10,2026-06-25 22:12:08.468000,2026-06-25 23:10:16.839000,2026-06-25 23:24:20.886000,58.14,14.07,72.21,3.8786,0.8123,0.7044,3.7535,0.8438,0.7435,0.6179,0.367,3.2e-05,3e-05,1
sthelar40x_kidney_liver_tonsil_5class_spatial_margin128_lora_adaptformer_r8_a8_red16_decoder_heads_only_lr5e-5_e10_seed43_CLEAN,1,10,2026-06-26 00:23:16.007000,2026-06-26 01:21:30.916000,2026-06-26 01:35:40.290000,58.25,14.16,72.4,6.7339,0.7687,0.6428,5.7857,0.8268,0.7192,0.5884,0.2749,5e-05,4.8e-05,1
sthelar40x_kidney_liver_tonsil_5class_spatial_margin128_lora_adaptformer_r8_a8_red16_decoder_heads_only_lr5e-5_e10_seed43_CLEAN,2,10,2026-06-26 01:35:44.323000,2026-06-26 02:33:24.781000,2026-06-26 02:47:20.628000,57.67,13.93,71.61,5.4496,0.7939,0.6789,4.8405,0.8302,0.725,0.5986,0.3097,4.8e-05,4.5e-05,1
sthelar40x_kidney_liver_tonsil_5class_spatial_margin128_lora_adaptformer_r8_a8_red16_decoder_heads_only_lr5e-5_e10_seed43_CLEAN,3,10,2026-06-26 02:47:24.441000,2026-06-26 03:46:13.872000,2026-06-26 04:00:17.191000,58.82,14.06,72.88,4.3978,0.8001,0.6863,4.1087,0.8379,0.735,0.6088,0.3413,4.5e-05,4.3e-05,1
sthelar40x_kidney_liver_tonsil_5class_spatial_margin128_lora_adaptformer_r8_a8_red16_decoder_heads_only_lr5e-5_e10_seed43_CLEAN,4,10,2026-06-26 04:00:20.792000,2026-06-26 04:59:35.497000,2026-06-26 05:13:38.689000,59.25,14.05,73.3,4.1479,0.8026,0.6913,4.022,0.8346,0.7304,0.6023,0.338,4.3e-05,4.1e-05,0
sthelar40x_kidney_liver_tonsil_5class_spatial_margin128_lora_adaptformer_r8_a8_red16_decoder_heads_only_lr5e-5_e10_seed43_CLEAN,5,10,2026-06-26 05:13:40.570000,2026-06-26 06:11:58.628000,2026-06-26 06:26:07.317000,58.3,14.14,72.45,4.0542,0.8063,0.695,3.9904,0.8313,0.7252,0.5963,0.3432,4.1e-05,3.9e-05,0
sthelar40x_kidney_liver_tonsil_5class_spatial_margin128_lora_adaptformer_r8_a8_red16_decoder_heads_only_lr5e-5_e10_seed43_CLEAN,6,10,2026-06-26 06:26:09.247000,2026-06-26 07:23:43.970000,2026-06-26 07:38:32.536000,57.58,14.81,72.39,4.0008,0.8084,0.6976,3.8743,0.8369,0.7336,0.6063,0.3518,3.9e-05,3.7e-05,0
sthelar40x_kidney_liver_tonsil_5class_spatial_margin128_lora_adaptformer_r8_a8_red16_decoder_heads_only_lr5e-5_e10_seed43_CLEAN,7,10,2026-06-26 07:38:34.580000,2026-06-26 08:37:13.205000,2026-06-26 08:51:37.680000,58.64,14.41,73.05,3.9563,0.8083,0.6985,3.8934,0.8352,0.731,0.6033,0.3497,3.7e-05,3.5e-05,0
sthelar40x_kidney_liver_tonsil_5class_spatial_margin128_lora_adaptformer_r8_a8_red16_decoder_heads_only_lr5e-5_e10_seed43_CLEAN,8,10,2026-06-26 08:51:39.591000,2026-06-26 09:50:27.241000,2026-06-26 10:05:12.420000,58.79,14.75,73.55,3.9148,0.8092,0.7002,3.8556,0.8372,0.7338,0.6051,0.3522,3.5e-05,3.3e-05,0
sthelar40x_kidney_liver_tonsil_5class_spatial_margin128_lora_adaptformer_r8_a8_red16_decoder_heads_only_lr5e-5_e10_seed43_CLEAN,9,10,2026-06-26 10:05:14.350000,2026-06-26 11:03:39.364000,2026-06-26 11:18:27.702000,58.42,14.81,73.22,3.89,0.8118,0.7029,3.8157,0.843,0.7419,0.6145,0.3649,3.3e-05,3.2e-05,1
sthelar40x_kidney_liver_tonsil_5class_spatial_margin128_lora_adaptformer_r8_a8_red16_decoder_heads_only_lr5e-5_e10_seed43_CLEAN,10,10,2026-06-26 11:18:31.505000,2026-06-26 12:17:07.703000,2026-06-26 12:31:43.723000,58.6,14.6,73.2,3.8567,0.8106,0.7019,3.7789,0.8411,0.7394,0.6121,0.3596,3.2e-05,3e-05,0
sthelar40x_kidney_liver_tonsil_5class_spatial_margin128_lora_adaptformer_r8_a8_red16_decoder_last_stage_lr5e-5_e10_seed42_CLEAN,1,10,2026-06-25 18:51:08.520000,2026-06-25 19:48:02.856000,2026-06-25 20:02:10.919000,56.91,14.13,71.04,5.01,0.7885,0.6725,4.7329,0.8282,0.7228,0.5913,0.33,5e-05,4.8e-05,1
sthelar40x_kidney_liver_tonsil_5class_spatial_margin128_lora_adaptformer_r8_a8_red16_decoder_last_stage_lr5e-5_e10_seed42_CLEAN,2,10,2026-06-25 20:02:15.763000,2026-06-25 20:59:24.528000,2026-06-25 21:13:31.337000,57.15,14.11,71.26,3.7605,0.8024,0.6907,3.7229,0.831,0.726,0.5946,0.3294,4.8e-05,4.5e-05,1
sthelar40x_kidney_liver_tonsil_5class_spatial_margin128_lora_adaptformer_r8_a8_red16_decoder_last_stage_lr5e-5_e10_seed42_CLEAN,3,10,2026-06-25 21:13:35.310000,2026-06-25 22:11:06.679000,2026-06-25 22:25:13.617000,57.52,14.12,71.64,3.6285,0.8061,0.6958,3.5685,0.8427,0.7433,0.6158,0.3544,4.5e-05,4.3e-05,1
sthelar40x_kidney_liver_tonsil_5class_spatial_margin128_lora_adaptformer_r8_a8_red16_decoder_last_stage_lr5e-5_e10_seed42_CLEAN,4,10,2026-06-25 22:25:17.731000,2026-06-25 23:23:25.780000,2026-06-25 23:37:32.318000,58.13,14.11,72.24,3.5902,0.8102,0.6998,3.565,0.8359,0.7327,0.6023,0.3519,4.3e-05,4.1e-05,0
sthelar40x_kidney_liver_tonsil_5class_spatial_margin128_lora_adaptformer_r8_a8_red16_decoder_last_stage_lr5e-5_e10_seed42_CLEAN,5,10,2026-06-25 23:37:34.327000,2026-06-26 00:35:37.122000,2026-06-26 00:49:42.327000,58.05,14.09,72.13,3.5495,0.8103,0.7012,3.5605,0.8402,0.7387,0.6097,0.3507,4.1e-05,3.9e-05,0
sthelar40x_kidney_liver_tonsil_5class_spatial_margin128_lora_adaptformer_r8_a8_red16_decoder_last_stage_lr5e-5_e10_seed42_CLEAN,6,10,2026-06-26 00:49:44.206000,2026-06-26 01:47:50.811000,2026-06-26 02:01:56.225000,58.11,14.09,72.2,3.5181,0.8121,0.7038,3.5422,0.84,0.7385,0.6089,0.3552,3.9e-05,3.7e-05,0
sthelar40x_kidney_liver_tonsil_5class_spatial_margin128_lora_adaptformer_r8_a8_red16_decoder_last_stage_lr5e-5_e10_seed42_CLEAN,7,10,2026-06-26 02:01:58.341000,2026-06-26 03:01:18.433000,2026-06-26 03:15:28.168000,59.33,14.16,73.5,3.5111,0.8115,0.7026,3.4968,0.84,0.7378,0.6081,0.3614,3.7e-05,3.5e-05,0
sthelar40x_kidney_liver_tonsil_5class_spatial_margin128_lora_adaptformer_r8_a8_red16_decoder_last_stage_lr5e-5_e10_seed42_CLEAN,8,10,2026-06-26 03:15:30.372000,2026-06-26 04:14:31.556000,2026-06-26 04:28:54.810000,59.02,14.39,73.41,3.4884,0.8145,0.7078,3.4585,0.8446,0.7447,0.6167,0.3691,3.5e-05,3.3e-05,1
sthelar40x_kidney_liver_tonsil_5class_spatial_margin128_lora_adaptformer_r8_a8_red16_decoder_last_stage_lr5e-5_e10_seed42_CLEAN,9,10,2026-06-26 04:28:59.008000,2026-06-26 05:27:30.632000,2026-06-26 05:41:53.303000,58.53,14.38,72.9,3.462,0.8157,0.7089,3.4789,0.8419,0.7405,0.6132,0.3649,3.3e-05,3.2e-05,0
sthelar40x_kidney_liver_tonsil_5class_spatial_margin128_lora_adaptformer_r8_a8_red16_decoder_last_stage_lr5e-5_e10_seed42_CLEAN,10,10,2026-06-26 05:41:55.576000,2026-06-26 06:40:00.161000,2026-06-26 06:54:52.154000,58.08,14.87,72.94,3.4503,0.8159,0.7096,3.4251,0.8452,0.7452,0.616,0.374,3.2e-05,3e-05,0
sthelar40x_kidney_liver_tonsil_5class_spatial_margin128_lora_adaptformer_r8_a8_red16_decoder_last_stage_lr5e-5_e10_seed43_CLEAN,1,10,2026-06-26 07:07:52.313000,2026-06-26 08:08:48.916000,2026-06-26 08:23:27.944000,60.94,14.65,75.59,4.8194,0.7896,0.6736,3.778,0.8327,0.7274,0.5962,0.3298,5e-05,4.8e-05,1
sthelar40x_kidney_liver_tonsil_5class_spatial_margin128_lora_adaptformer_r8_a8_red16_decoder_last_stage_lr5e-5_e10_seed43_CLEAN,2,10,2026-06-26 08:23:31.964000,2026-06-26 09:24:40.632000,2026-06-26 09:39:04.456000,61.14,14.4,75.54,3.7091,0.8011,0.6896,3.6545,0.8299,0.7254,0.5972,0.3416,4.8e-05,4.5e-05,1
sthelar40x_kidney_liver_tonsil_5class_spatial_margin128_lora_adaptformer_r8_a8_red16_decoder_last_stage_lr5e-5_e10_seed43_CLEAN,3,10,2026-06-26 09:39:08.326000,2026-06-26 10:39:29.850000,2026-06-26 10:54:37.446000,60.36,15.13,75.49,3.6274,0.807,0.6962,3.5466,0.8395,0.7374,0.6056,0.3503,4.5e-05,4.3e-05,1
sthelar40x_kidney_liver_tonsil_5class_spatial_margin128_lora_adaptformer_r8_a8_red16_decoder_last_stage_lr5e-5_e10_seed43_CLEAN,4,10,2026-06-26 10:54:41.792000,2026-06-26 11:54:56.014000,2026-06-26 12:09:38.047000,60.24,14.7,74.94,3.5773,0.8079,0.699,3.5951,0.8377,0.7356,0.606,0.3432,4.3e-05,4.1e-05,1
sthelar40x_kidney_liver_tonsil_5class_spatial_margin128_lora_adaptformer_r8_a8_red16_decoder_last_stage_lr5e-5_e10_seed43_CLEAN,5,10,2026-06-26 12:09:41.952000,2026-06-26 13:11:32.518000,2026-06-26 13:25:42.638000,61.84,14.17,76.01,3.5468,0.8113,0.702,3.5535,0.8357,0.7321,0.601,0.3518,4.1e-05,3.9e-05,0
sthelar40x_kidney_liver_tonsil_5class_spatial_margin128_lora_adaptformer_r8_a8_red16_decoder_last_stage_lr5e-5_e10_seed43_CLEAN,6,10,2026-06-26 13:25:44.581000,2026-06-26 14:24:20.423000,2026-06-26 14:38:33.581000,58.6,14.22,72.82,3.5208,0.813,0.7042,3.463,0.8411,0.7413,0.6118,0.3612,3.9e-05,3.7e-05,1
sthelar40x_kidney_liver_tonsil_5class_spatial_margin128_lora_adaptformer_r8_a8_red16_decoder_last_stage_lr5e-5_e10_seed43_CLEAN,7,10,2026-06-26 14:38:37.321000,2026-06-26 15:37:09.282000,2026-06-26 15:51:24.989000,58.53,14.26,72.79,3.5023,0.8125,0.7045,3.5073,0.8372,0.7347,0.6041,0.3597,3.7e-05,3.5e-05,0
sthelar40x_kidney_liver_tonsil_5class_spatial_margin128_lora_adaptformer_r8_a8_red16_decoder_last_stage_lr5e-5_e10_seed43_CLEAN,8,10,2026-06-26 15:51:27.227000,2026-06-26 16:50:32.618000,2026-06-26 17:04:50.751000,59.09,14.3,73.39,3.4756,0.8131,0.7062,3.4791,0.8402,0.7389,0.6094,0.3615,3.5e-05,3.3e-05,0
sthelar40x_kidney_liver_tonsil_5class_spatial_margin128_lora_adaptformer_r8_a8_red16_decoder_last_stage_lr5e-5_e10_seed43_CLEAN,9,10,2026-06-26 17:04:52.861000,2026-06-26 18:04:55.051000,2026-06-26 18:19:15.030000,60.04,14.33,74.37,3.4683,0.8152,0.7083,3.4895,0.8443,0.7448,0.6159,0.3636,,,1
sthelar40x_kidney_liver_tonsil_5class_spatial_margin128_lora_adaptformer_r8_a8_red16_decoder_last_stage_lr5e-5_e10_seed43_CLEAN,1,10,2026-06-27 20:15:36.764000,2026-06-27 21:14:32.882000,2026-06-27 21:28:58.132000,58.94,14.42,73.36,4.8194,0.7896,0.6736,3.778,0.8327,0.7274,0.5962,0.3298,5e-05,4.8e-05,1
sthelar40x_kidney_liver_tonsil_5class_spatial_margin128_lora_adaptformer_r8_a8_red16_decoder_last_stage_lr5e-5_e10_seed43_CLEAN,2,10,2026-06-27 21:29:02.226000,2026-06-27 22:27:12.247000,2026-06-27 22:41:22.858000,58.17,14.18,72.34,3.7091,0.8011,0.6896,3.6545,0.8299,0.7254,0.5972,0.3416,4.8e-05,4.5e-05,1
sthelar40x_kidney_liver_tonsil_5class_spatial_margin128_lora_adaptformer_r8_a8_red16_decoder_last_stage_lr5e-5_e10_seed43_CLEAN,3,10,2026-06-27 22:41:26.639000,2026-06-27 23:40:18.972000,2026-06-27 23:55:18.021000,58.87,14.98,73.86,3.6274,0.807,0.6962,3.5466,0.8395,0.7374,0.6056,0.3503,4.5e-05,4.3e-05,1
sthelar40x_kidney_liver_tonsil_5class_spatial_margin128_lora_adaptformer_r8_a8_red16_decoder_last_stage_lr5e-5_e10_seed43_CLEAN,4,10,2026-06-27 23:55:21.757000,2026-06-28 00:53:18.078000,2026-06-28 01:08:18.290000,57.94,15.0,72.94,3.5773,0.8079,0.699,3.5951,0.8377,0.7356,0.606,0.3432,4.3e-05,4.1e-05,1
sthelar40x_kidney_liver_tonsil_5class_spatial_margin128_lora_adaptformer_r8_a8_red16_decoder_last_stage_lr5e-5_e10_seed43_CLEAN,5,10,2026-06-28 01:08:22.035000,2026-06-28 02:06:32.072000,2026-06-28 02:21:33.360000,58.17,15.02,73.19,3.5468,0.8113,0.702,3.5535,0.8357,0.7321,0.601,0.3518,4.1e-05,3.9e-05,0
sthelar40x_kidney_liver_tonsil_5class_spatial_margin128_lora_adaptformer_r8_a8_red16_decoder_last_stage_lr5e-5_e10_seed43_CLEAN,6,10,2026-06-28 02:21:35.389000,2026-06-28 03:19:43.134000,2026-06-28 03:34:15.264000,58.13,14.54,72.66,3.5208,0.813,0.7042,3.463,0.8411,0.7413,0.6118,0.3612,3.9e-05,3.7e-05,1
sthelar40x_kidney_liver_tonsil_5class_spatial_margin128_lora_adaptformer_r8_a8_red16_decoder_last_stage_lr5e-5_e10_seed43_CLEAN,7,10,2026-06-28 03:34:18.998000,2026-06-28 04:33:58.131000,2026-06-28 04:48:22.232000,59.65,14.4,74.05,3.5023,0.8125,0.7045,3.5073,0.8372,0.7347,0.6041,0.3597,3.7e-05,3.5e-05,0
sthelar40x_kidney_liver_tonsil_5class_spatial_margin128_lora_adaptformer_r8_a8_red16_decoder_last_stage_lr5e-5_e10_seed43_CLEAN,8,10,2026-06-28 04:48:24.256000,2026-06-28 05:47:24.120000,2026-06-28 06:01:37.380000,59.0,14.22,73.22,3.4756,0.8131,0.7062,3.4791,0.8402,0.7389,0.6094,0.3615,3.5e-05,3.3e-05,0
sthelar40x_kidney_liver_tonsil_5class_spatial_margin128_lora_adaptformer_r8_a8_red16_decoder_last_stage_lr5e-5_e10_seed43_CLEAN,9,10,2026-06-28 06:01:39.184000,2026-06-28 07:00:15.621000,2026-06-28 07:14:22.093000,58.61,14.11,72.72,3.4683,0.8152,0.7083,3.4895,0.8443,0.7448,0.6159,0.3636,3.3e-05,3.2e-05,1
sthelar40x_kidney_liver_tonsil_5class_spatial_margin128_lora_adaptformer_r8_a8_red16_decoder_last_stage_lr5e-5_e10_seed43_CLEAN,10,10,2026-06-28 07:14:25.673000,2026-06-28 08:12:53.655000,2026-06-28 08:27:12.065000,58.47,14.31,72.77,3.4466,0.8146,0.708,3.4383,0.8424,0.7422,0.6128,0.3674,3.2e-05,3e-05,0
sthelar40x_kidney_liver_tonsil_5class_spatial_margin128_lora_r8_a8_decoder_frozen_lr5e-5_e10_seed42_CLEAN,1,10,2026-06-24 22:09:47.428000,2026-06-24 23:07:01.117000,2026-06-24 23:20:51.610000,57.23,13.84,71.07,11.2877,0.7488,0.6183,10.3302,0.8072,0.6899,0.5385,0.1202,5e-05,4.8e-05,1
sthelar40x_kidney_liver_tonsil_5class_spatial_margin128_lora_r8_a8_decoder_frozen_lr5e-5_e10_seed42_CLEAN,2,10,2026-06-24 23:20:55.718000,2026-06-25 00:19:05.895000,2026-06-25 00:32:57.572000,58.17,13.86,72.03,10.348,0.7397,0.6039,10.2642,0.7886,0.6638,0.5024,0.1165,4.8e-05,4.5e-05,0
sthelar40x_kidney_liver_tonsil_5class_spatial_margin128_lora_r8_a8_decoder_frozen_lr5e-5_e10_seed42_CLEAN,3,10,2026-06-25 00:32:59.468000,2026-06-25 01:31:11.037000,2026-06-25 01:45:05.634000,58.19,13.91,72.1,10.1197,0.7407,0.6069,10.0118,0.7994,0.6798,0.5288,0.1357,4.5e-05,4.3e-05,0
sthelar40x_kidney_liver_tonsil_5class_spatial_margin128_lora_r8_a8_decoder_frozen_lr5e-5_e10_seed42_CLEAN,4,10,2026-06-25 01:45:07.457000,2026-06-25 02:42:52.397000,2026-06-25 02:56:37.181000,57.75,13.75,71.5,9.9913,0.7446,0.6104,9.8117,0.8105,0.6951,0.5411,0.1322,4.3e-05,4.1e-05,1
sthelar40x_kidney_liver_tonsil_5class_spatial_margin128_lora_r8_a8_decoder_frozen_lr5e-5_e10_seed42_CLEAN,5,10,2026-06-25 02:56:40.656000,2026-06-25 03:54:09.374000,2026-06-25 04:07:47.955000,57.48,13.64,71.12,9.8904,0.7454,0.6127,9.7219,0.803,0.6838,0.533,0.1387,4.1e-05,3.9e-05,0
sthelar40x_kidney_liver_tonsil_5class_spatial_margin128_lora_r8_a8_decoder_frozen_lr5e-5_e10_seed42_CLEAN,6,10,2026-06-25 04:07:49.699000,2026-06-25 05:04:41.530000,2026-06-25 05:18:28.466000,56.86,13.78,70.65,9.8211,0.7475,0.6147,9.5695,0.8066,0.6897,0.5396,0.1561,3.9e-05,3.7e-05,0
sthelar40x_kidney_liver_tonsil_5class_spatial_margin128_lora_r8_a8_decoder_frozen_lr5e-5_e10_seed42_CLEAN,7,10,2026-06-25 05:18:30.219000,2026-06-25 06:15:57.867000,2026-06-25 06:29:31.892000,57.46,13.57,71.03,9.7854,0.7473,0.615,10.0296,0.7951,0.6732,0.5209,0.1315,3.7e-05,3.5e-05,0
sthelar40x_kidney_liver_tonsil_5class_spatial_margin128_lora_r8_a8_decoder_frozen_lr5e-5_e10_seed42_CLEAN,8,10,2026-06-25 06:29:33.943000,2026-06-25 07:27:27.602000,2026-06-25 07:41:11.102000,57.89,13.72,71.62,9.7609,0.7512,0.6192,9.5127,0.8106,0.6948,0.5435,0.1452,3.5e-05,3.3e-05,1
sthelar40x_kidney_liver_tonsil_5class_spatial_margin128_lora_r8_a8_decoder_frozen_lr5e-5_e10_seed42_CLEAN,9,10,2026-06-25 07:41:14.877000,2026-06-25 08:39:24.901000,2026-06-25 08:53:20.080000,58.17,13.92,72.09,9.7206,0.7525,0.6209,9.884,0.795,0.6723,0.5186,0.1348,3.3e-05,3.2e-05,0
sthelar40x_kidney_liver_tonsil_5class_spatial_margin128_lora_r8_a8_decoder_frozen_lr5e-5_e10_seed42_CLEAN,10,10,2026-06-25 08:53:22.538000,2026-06-25 09:50:53.948000,2026-06-25 10:05:05.208000,57.52,14.19,71.71,9.6978,0.7524,0.6216,9.5272,0.8105,0.6944,0.5414,0.1475,3.2e-05,3e-05,0
sthelar40x_kidney_liver_tonsil_5class_spatial_margin128_vera_adaptformer_r16_a16_red16_decoder_conv_adapters_lr5e-5_e10_seed42_CLEAN,1,10,2026-06-25 10:22:30.623000,2026-06-25 11:27:39.572000,2026-06-25 11:42:17.162000,65.15,14.63,79.78,5.85,0.7823,0.663,4.9465,0.8229,0.7137,0.578,0.3185,5e-05,4.8e-05,1
sthelar40x_kidney_liver_tonsil_5class_spatial_margin128_vera_adaptformer_r16_a16_red16_decoder_conv_adapters_lr5e-5_e10_seed42_CLEAN,2,10,2026-06-25 11:42:21.122000,2026-06-25 12:46:58.981000,2026-06-25 13:01:30.759000,64.63,14.53,79.16,4.8191,0.8021,0.6904,4.216,0.8339,0.7311,0.6002,0.3317,4.8e-05,4.5e-05,1
sthelar40x_kidney_liver_tonsil_5class_spatial_margin128_vera_adaptformer_r16_a16_red16_decoder_conv_adapters_lr5e-5_e10_seed42_CLEAN,3,10,2026-06-25 13:01:34.745000,2026-06-25 14:06:14.456000,2026-06-25 14:20:59.113000,64.66,14.74,79.41,3.7533,0.805,0.6955,3.6707,0.8372,0.7347,0.6027,0.3429,4.5e-05,4.3e-05,1
sthelar40x_kidney_liver_tonsil_5class_spatial_margin128_vera_adaptformer_r16_a16_red16_decoder_conv_adapters_lr5e-5_e10_seed42_CLEAN,4,10,2026-06-25 14:21:03.069000,2026-06-25 15:26:11.950000,2026-06-25 15:41:02.129000,65.15,14.84,79.98,3.6404,0.8103,0.701,3.5818,0.8379,0.7355,0.6058,0.3508,4.3e-05,4.1e-05,1
sthelar40x_kidney_liver_tonsil_5class_spatial_margin128_vera_adaptformer_r16_a16_red16_decoder_conv_adapters_lr5e-5_e10_seed42_CLEAN,5,10,2026-06-25 15:41:06.375000,2026-06-25 16:46:37.455000,2026-06-25 17:01:35.279000,65.52,14.96,80.48,3.578,0.8116,0.7029,3.6082,0.8358,0.7317,0.6004,0.3472,4.1e-05,3.9e-05,0
sthelar40x_kidney_liver_tonsil_5class_spatial_margin128_vera_adaptformer_r16_a16_red16_decoder_conv_adapters_lr5e-5_e10_seed42_CLEAN,6,10,2026-06-25 17:01:37.297000,2026-06-25 18:07:22.106000,2026-06-25 18:22:14.408000,65.75,14.87,80.62,3.5399,0.8133,0.7048,3.5287,0.84,0.7385,0.6083,0.3555,3.9e-05,3.7e-05,1
sthelar40x_kidney_liver_tonsil_5class_spatial_margin128_vera_adaptformer_r16_a16_red16_decoder_conv_adapters_lr5e-5_e10_seed42_CLEAN,7,10,2026-06-25 18:22:18.418000,2026-06-25 19:28:11.956000,2026-06-25 19:43:08.120000,65.89,14.94,80.83,3.5241,0.8121,0.7045,3.4813,0.8422,0.7419,0.6106,0.3647,3.7e-05,3.5e-05,1
sthelar40x_kidney_liver_tonsil_5class_spatial_margin128_vera_adaptformer_r16_a16_red16_decoder_conv_adapters_lr5e-5_e10_seed42_CLEAN,8,10,2026-06-25 19:43:12.198000,2026-06-25 20:49:04.941000,2026-06-25 21:03:48.720000,65.88,14.73,80.61,3.5054,0.8153,0.7083,3.5031,0.839,0.737,0.6054,0.3592,3.5e-05,3.3e-05,0
sthelar40x_kidney_liver_tonsil_5class_spatial_margin128_vera_adaptformer_r16_a16_red16_decoder_conv_adapters_lr5e-5_e10_seed42_CLEAN,9,10,2026-06-25 21:03:50.774000,2026-06-25 22:10:41.969000,2026-06-25 22:25:20.371000,66.85,14.64,81.49,3.4698,0.8155,0.7093,3.5447,0.8365,0.7327,0.5996,0.3509,3.3e-05,3.2e-05,0
sthelar40x_kidney_liver_tonsil_5class_spatial_margin128_vera_adaptformer_r16_a16_red16_decoder_conv_adapters_lr5e-5_e10_seed42_CLEAN,10,10,2026-06-25 22:25:22.321000,2026-06-25 23:32:33.549000,2026-06-25 23:46:59.729000,67.19,14.44,81.62,3.4547,0.8158,0.7103,3.4952,0.8384,0.7356,0.6027,0.3577,3.2e-05,3e-05,0
sthelar40x_kidney_liver_tonsil_5class_spatial_margin128_vera_adaptformer_r16_a16_red16_decoder_conv_adapters_lr5e-5_e10_seed43_CLEAN,1,10,2026-06-26 15:04:02.049000,2026-06-26 16:07:51.668000,2026-06-26 16:22:49.653000,63.83,14.97,78.79,5.6507,0.7851,0.6659,4.8638,0.8287,0.7226,0.5893,0.3209,5e-05,4.8e-05,1
sthelar40x_kidney_liver_tonsil_5class_spatial_margin128_vera_adaptformer_r16_a16_red16_decoder_conv_adapters_lr5e-5_e10_seed43_CLEAN,2,10,2026-06-26 16:22:53.834000,2026-06-26 17:28:57.253000,2026-06-26 17:43:42.024000,66.06,14.75,80.8,4.4941,0.8015,0.6903,3.8741,0.8289,0.7251,0.5953,0.3227,4.8e-05,4.5e-05,1
sthelar40x_kidney_liver_tonsil_5class_spatial_margin128_vera_adaptformer_r16_a16_red16_decoder_conv_adapters_lr5e-5_e10_seed43_CLEAN,3,10,2026-06-26 17:43:46.101000,2026-06-26 18:47:41.392000,2026-06-26 19:02:18.072000,63.92,14.61,78.53,3.713,0.8074,0.6965,3.6294,0.836,0.7327,0.6021,0.3465,,,1
sthelar40x_kidney_liver_tonsil_5class_spatial_margin128_vera_adaptformer_r16_a16_red16_decoder_conv_adapters_lr5e-5_e10_seed43_CLEAN,1,10,2026-06-27 23:59:47.327000,2026-06-28 01:03:20.845000,2026-06-28 01:18:35.260000,63.56,15.24,78.8,5.6507,0.7851,0.6659,4.8638,0.8287,0.7226,0.5893,0.3209,5e-05,4.8e-05,1
sthelar40x_kidney_liver_tonsil_5class_spatial_margin128_vera_adaptformer_r16_a16_red16_decoder_conv_adapters_lr5e-5_e10_seed43_CLEAN,2,10,2026-06-28 01:18:39.099000,2026-06-28 02:22:24.844000,2026-06-28 02:37:21.373000,63.76,14.94,78.7,4.4941,0.8015,0.6903,3.8741,0.8289,0.7251,0.5953,0.3227,4.8e-05,4.5e-05,1
sthelar40x_kidney_liver_tonsil_5class_spatial_margin128_vera_adaptformer_r16_a16_red16_decoder_conv_adapters_lr5e-5_e10_seed43_CLEAN,3,10,2026-06-28 02:37:25.121000,2026-06-28 03:41:59.539000,2026-06-28 03:56:53.396000,64.57,14.9,79.47,3.713,0.8074,0.6965,3.6294,0.836,0.7327,0.6021,0.3465,4.5e-05,4.3e-05,1
sthelar40x_kidney_liver_tonsil_5class_spatial_margin128_vera_adaptformer_r16_a16_red16_decoder_conv_adapters_lr5e-5_e10_seed43_CLEAN,4,10,2026-06-28 03:56:57.330000,2026-06-28 05:01:08.604000,2026-06-28 05:16:02.643000,64.19,14.9,79.09,3.6279,0.8088,0.6999,3.6122,0.838,0.735,0.6037,0.3503,4.3e-05,4.1e-05,1
sthelar40x_kidney_liver_tonsil_5class_spatial_margin128_vera_adaptformer_r16_a16_red16_decoder_conv_adapters_lr5e-5_e10_seed43_CLEAN,5,10,2026-06-28 05:16:06.669000,2026-06-28 06:22:00.772000,2026-06-28 06:36:32.357000,65.9,14.53,80.43,3.5765,0.8122,0.703,3.5429,0.839,0.7367,0.606,0.3565,4.1e-05,3.9e-05,1
sthelar40x_kidney_liver_tonsil_5class_spatial_margin128_vera_adaptformer_r16_a16_red16_decoder_conv_adapters_lr5e-5_e10_seed43_CLEAN,6,10,2026-06-28 06:36:36.003000,2026-06-28 07:43:22.015000,2026-06-28 07:57:48.710000,66.77,14.44,81.21,3.538,0.8138,0.7061,3.516,0.8397,0.7383,0.6071,0.356,3.9e-05,3.7e-05,1
sthelar40x_kidney_liver_tonsil_5class_spatial_margin128_vera_adaptformer_r16_a16_red16_decoder_conv_adapters_lr5e-5_e10_seed43_CLEAN,7,10,2026-06-28 07:57:52.389000,2026-06-28 09:03:13.787000,2026-06-28 09:17:44.812000,65.36,14.52,79.87,3.5139,0.8139,0.7065,3.4515,0.8447,0.747,0.6185,0.3661,3.7e-05,3.5e-05,1
sthelar40x_kidney_liver_tonsil_5class_spatial_margin128_vera_adaptformer_r16_a16_red16_decoder_conv_adapters_lr5e-5_e10_seed43_CLEAN,8,10,2026-06-28 09:17:48.700000,2026-06-28 10:23:05.819000,2026-06-28 10:37:37.563000,65.29,14.53,79.81,3.4868,0.8151,0.7082,3.4675,0.843,0.7433,0.6124,0.3645,3.5e-05,3.3e-05,0
sthelar40x_kidney_liver_tonsil_5class_spatial_margin128_vera_adaptformer_r16_a16_red16_decoder_conv_adapters_lr5e-5_e10_seed43_CLEAN,9,10,2026-06-28 10:37:39.489000,2026-06-28 11:43:06.525000,2026-06-28 11:57:36.825000,65.45,14.5,79.96,3.4743,0.8163,0.7099,3.4513,0.8475,0.7495,0.6188,0.371,3.3e-05,3.2e-05,1
sthelar40x_kidney_liver_tonsil_5class_spatial_margin128_vera_adaptformer_r16_a16_red16_decoder_conv_adapters_lr5e-5_e10_seed43_CLEAN,10,10,2026-06-28 11:57:40.464000,2026-06-28 13:02:20.573000,2026-06-28 13:16:50.455000,64.67,14.5,79.17,3.4527,0.8158,0.7093,3.5004,0.839,0.7364,0.6039,0.3585,3.2e-05,3e-05,0
sthelar40x_kidney_liver_tonsil_5class_spatial_margin128_vera_adaptformer_r16_a16_red16_decoder_heads_only_lr5e-5_e10_seed43_CLEAN,1,10,2026-06-26 15:04:02.049000,2026-06-26 16:04:17.489000,2026-06-26 16:19:07.800000,60.26,14.84,75.1,6.7449,0.7679,0.6418,5.732,0.8285,0.7213,0.5911,0.2634,5e-05,4.8e-05,1
sthelar40x_kidney_liver_tonsil_5class_spatial_margin128_vera_adaptformer_r16_a16_red16_decoder_heads_only_lr5e-5_e10_seed43_CLEAN,2,10,2026-06-26 16:19:13.355000,2026-06-26 17:22:11.712000,2026-06-26 17:36:27.835000,62.97,14.27,77.24,5.4618,0.7942,0.679,4.9114,0.8275,0.7205,0.593,0.3034,4.8e-05,4.5e-05,1
sthelar40x_kidney_liver_tonsil_5class_spatial_margin128_vera_adaptformer_r16_a16_red16_decoder_heads_only_lr5e-5_e10_seed43_CLEAN,3,10,2026-06-26 17:36:31.754000,2026-06-26 18:36:16.363000,2026-06-26 18:51:00.529000,59.74,14.74,74.48,4.4088,0.7996,0.6861,4.1566,0.8305,0.7244,0.5965,0.3326,,,1
sthelar40x_kidney_liver_tonsil_5class_spatial_margin128_vera_adaptformer_r16_a16_red16_decoder_heads_only_lr5e-5_e10_seed43_CLEAN,1,10,2026-06-28 02:24:58.826000,2026-06-28 03:25:45.053000,2026-06-28 03:40:54.107000,60.77,15.15,75.92,6.7449,0.7679,0.6418,5.732,0.8285,0.7213,0.5911,0.2634,5e-05,4.8e-05,1
sthelar40x_kidney_liver_tonsil_5class_spatial_margin128_vera_adaptformer_r16_a16_red16_decoder_heads_only_lr5e-5_e10_seed43_CLEAN,2,10,2026-06-28 03:40:58.342000,2026-06-28 04:41:25.937000,2026-06-28 04:56:35.050000,60.46,15.15,75.61,5.4618,0.7942,0.679,4.9114,0.8275,0.7205,0.593,0.3034,4.8e-05,4.5e-05,1
sthelar40x_kidney_liver_tonsil_5class_spatial_margin128_vera_adaptformer_r16_a16_red16_decoder_heads_only_lr5e-5_e10_seed43_CLEAN,3,10,2026-06-28 04:56:38.804000,2026-06-28 05:56:24.286000,2026-06-28 06:11:44.566000,59.76,15.34,75.1,4.4088,0.7996,0.6861,4.1566,0.8305,0.7244,0.5965,0.3326,4.5e-05,4.3e-05,1
sthelar40x_kidney_liver_tonsil_5class_spatial_margin128_vera_adaptformer_r16_a16_red16_decoder_heads_only_lr5e-5_e10_seed43_CLEAN,4,10,2026-06-28 06:11:48.185000,2026-06-28 07:11:14.753000,2026-06-28 07:26:44.253000,59.44,15.49,74.93,4.1599,0.8017,0.6897,4.0379,0.8321,0.7266,0.5973,0.3378,4.3e-05,4.1e-05,1
sthelar40x_kidney_liver_tonsil_5class_spatial_margin128_vera_adaptformer_r16_a16_red16_decoder_heads_only_lr5e-5_e10_seed43_CLEAN,5,10,2026-06-28 07:26:47.913000,2026-06-28 08:26:39.119000,2026-06-28 08:41:46.009000,59.85,15.11,74.97,4.0647,0.8057,0.6939,3.9584,0.8348,0.7303,0.6013,0.3411,4.1e-05,3.9e-05,1
sthelar40x_kidney_liver_tonsil_5class_spatial_margin128_vera_adaptformer_r16_a16_red16_decoder_heads_only_lr5e-5_e10_seed43_CLEAN,6,10,2026-06-28 08:41:50.118000,2026-06-28 09:42:06.361000,2026-06-28 09:57:17.293000,60.27,15.18,75.45,4.0111,0.8074,0.6969,3.851,0.8377,0.7352,0.6073,0.3492,3.9e-05,3.7e-05,1
sthelar40x_kidney_liver_tonsil_5class_spatial_margin128_vera_adaptformer_r16_a16_red16_decoder_heads_only_lr5e-5_e10_seed43_CLEAN,7,10,2026-06-28 09:57:21.163000,2026-06-28 10:57:24.969000,2026-06-28 11:12:57.901000,60.06,15.55,75.61,3.969,0.8075,0.6973,3.8399,0.8363,0.7334,0.6053,0.3496,3.7e-05,3.5e-05,0
sthelar40x_kidney_liver_tonsil_5class_spatial_margin128_vera_adaptformer_r16_a16_red16_decoder_heads_only_lr5e-5_e10_seed43_CLEAN,8,10,2026-06-28 11:12:59.839000,2026-06-28 12:12:57.071000,2026-06-28 12:27:28.752000,59.95,14.53,74.48,3.9264,0.8088,0.6995,3.8591,0.8363,0.7335,0.6041,0.3536,3.5e-05,3.3e-05,0
sthelar40x_kidney_liver_tonsil_5class_spatial_margin128_vera_adaptformer_r16_a16_red16_decoder_heads_only_lr5e-5_e10_seed43_CLEAN,9,10,2026-06-28 12:27:30.827000,2026-06-28 13:27:43.437000,2026-06-28 13:42:19.863000,60.21,14.61,74.82,3.8995,0.8113,0.702,3.8116,0.8411,0.7394,0.6113,0.3627,3.3e-05,3.2e-05,1
sthelar40x_kidney_liver_tonsil_5class_spatial_margin128_vera_adaptformer_r16_a16_red16_decoder_heads_only_lr5e-5_e10_seed43_CLEAN,10,10,2026-06-28 13:42:23.641000,2026-06-28 14:42:14.798000,2026-06-28 14:56:43.580000,59.85,14.48,74.33,3.8738,0.8101,0.7012,3.8552,0.8372,0.7333,0.6033,0.3536,3.2e-05,3e-05,0
sthelar40x_kidney_liver_tonsil_5class_spatial_margin128_vera_r16_a16_decoder_frozen_lr5e-5_e10_seed42_CLEAN,1,10,2026-06-25 07:07:25.117000,2026-06-25 08:03:38.732000,2026-06-25 08:16:27.863000,56.23,12.82,69.05,13.1595,0.7035,0.5653,12.6593,0.7926,0.6706,0.5567,0.0587,5e-05,4.8e-05,1
sthelar40x_kidney_liver_tonsil_5class_spatial_margin128_vera_r16_a16_decoder_frozen_lr5e-5_e10_seed42_CLEAN,2,10,2026-06-25 08:16:32.003000,2026-06-25 09:12:54.776000,2026-06-25 09:26:04.136000,56.38,13.16,69.54,12.9332,0.7159,0.5798,12.7037,0.798,0.6783,0.5607,0.0818,4.8e-05,4.5e-05,1
sthelar40x_kidney_liver_tonsil_5class_spatial_margin128_vera_r16_a16_decoder_frozen_lr5e-5_e10_seed42_CLEAN,3,10,2026-06-25 09:26:08.274000,2026-06-25 10:22:07.455000,2026-06-25 10:35:24.506000,55.99,13.28,69.27,12.6626,0.7296,0.5961,12.4114,0.8045,0.6877,0.5641,0.0823,4.5e-05,4.3e-05,1
sthelar40x_kidney_liver_tonsil_5class_spatial_margin128_vera_r16_a16_decoder_frozen_lr5e-5_e10_seed42_CLEAN,4,10,2026-06-25 10:35:28.776000,2026-06-25 11:31:07.123000,2026-06-25 11:44:16.227000,55.64,13.15,68.79,12.4467,0.7422,0.6103,12.5438,0.8023,0.6853,0.5583,0.0539,4.3e-05,4.1e-05,0
sthelar40x_kidney_liver_tonsil_5class_spatial_margin128_vera_r16_a16_decoder_frozen_lr5e-5_e10_seed42_CLEAN,5,10,2026-06-25 11:44:18.207000,2026-06-25 12:39:12.941000,2026-06-25 12:52:29.452000,54.91,13.28,68.19,12.3301,0.7457,0.6145,12.2673,0.8056,0.6895,0.5595,0.0668,4.1e-05,3.9e-05,0
sthelar40x_kidney_liver_tonsil_5class_spatial_margin128_vera_r16_a16_decoder_frozen_lr5e-5_e10_seed42_CLEAN,6,10,2026-06-25 12:52:31.435000,2026-06-25 13:48:03.727000,2026-06-25 14:01:24.068000,55.54,13.34,68.88,12.2428,0.7485,0.6185,12.2432,0.8043,0.688,0.5582,0.0718,3.9e-05,3.7e-05,0
sthelar40x_kidney_liver_tonsil_5class_spatial_margin128_vera_r16_a16_decoder_frozen_lr5e-5_e10_seed42_CLEAN,7,10,2026-06-25 14:01:25.919000,2026-06-25 14:57:13.699000,2026-06-25 15:10:31.502000,55.8,13.3,69.09,12.2129,0.7485,0.6184,12.18,0.806,0.6902,0.5589,0.0683,3.7e-05,3.5e-05,0
sthelar40x_kidney_liver_tonsil_5class_spatial_margin128_vera_r16_a16_decoder_frozen_lr5e-5_e10_seed42_CLEAN,8,10,2026-06-25 15:10:33.470000,2026-06-25 16:06:09.396000,2026-06-25 16:19:21.773000,55.6,13.21,68.81,12.1481,0.7518,0.6226,12.3859,0.806,0.6903,0.5605,0.0562,3.5e-05,3.3e-05,0
sthelar40x_kidney_liver_tonsil_5class_spatial_margin128_vera_r16_a16_decoder_frozen_lr5e-5_e10_seed42_CLEAN,9,10,2026-06-25 16:19:23.686000,2026-06-25 17:14:46.830000,2026-06-25 17:28:08.203000,55.39,13.36,68.74,12.0924,0.7524,0.6234,12.3933,0.8083,0.6929,0.5622,0.0779,3.3e-05,3.2e-05,0
sthelar40x_kidney_liver_tonsil_5class_spatial_margin128_vera_r16_a16_decoder_frozen_lr5e-5_e10_seed42_CLEAN,10,10,2026-06-25 17:28:10.240000,2026-06-25 18:25:11.439000,2026-06-25 18:38:25.092000,57.02,13.23,70.25,12.0449,0.7526,0.6236,12.0821,0.8079,0.6925,0.5626,0.0723,3.2e-05,3e-05,0
sthelar40x_liver_5class_slide_adaptformer_gelu_red16_lr5e-5_e10_seed42_CLEAN,1,10,2026-06-16 19:56:51.124000,2026-06-16 20:23:06.468000,2026-06-16 20:25:11.402000,26.26,2.08,28.34,4.4019,0.821,0.7172,4.0587,0.8163,0.718,0.6082,0.3943,5e-05,4.8e-05,1
sthelar40x_liver_5class_slide_adaptformer_gelu_red16_lr5e-5_e10_seed42_CLEAN,2,10,2026-06-16 20:25:15.845000,2026-06-16 20:51:56.209000,2026-06-16 20:53:59.178000,26.67,2.05,28.72,3.9936,0.8334,0.7339,3.0991,0.815,0.7151,0.6056,0.4032,4.8e-05,4.5e-05,0
sthelar40x_liver_5class_slide_adaptformer_gelu_red16_lr5e-5_e10_seed42_CLEAN,3,10,2026-06-16 20:54:01.545000,2026-06-16 21:20:33.478000,2026-06-16 21:22:31.658000,26.53,1.97,28.5,3.1041,0.8337,0.7365,3.0157,0.8058,0.7006,0.5894,0.3958,4.5e-05,4.3e-05,0
sthelar40x_liver_5class_slide_adaptformer_gelu_red16_lr5e-5_e10_seed42_CLEAN,4,10,2026-06-16 21:22:34.019000,2026-06-16 21:48:52.762000,2026-06-16 21:50:57.416000,26.31,2.08,28.39,3.0492,0.8391,0.7432,2.8456,0.8335,0.7408,0.6304,0.4261,4.3e-05,4.1e-05,1
sthelar40x_liver_5class_slide_adaptformer_gelu_red16_lr5e-5_e10_seed42_CLEAN,5,10,2026-06-16 21:51:01.882000,2026-06-16 22:17:55.513000,2026-06-16 22:20:00.141000,26.89,2.08,28.97,3.0241,0.8421,0.7462,2.969,0.8207,0.7203,0.6053,0.4072,4.1e-05,3.9e-05,0
sthelar40x_liver_5class_slide_adaptformer_gelu_red16_lr5e-5_e10_seed42_CLEAN,6,10,2026-06-16 22:20:02.777000,2026-06-16 22:46:15.535000,2026-06-16 22:48:25.203000,26.21,2.16,28.37,2.9881,0.8439,0.7495,2.9182,0.8163,0.7156,0.604,0.4143,3.9e-05,3.7e-05,0
sthelar40x_liver_5class_slide_adaptformer_gelu_red16_lr5e-5_e10_seed42_CLEAN,7,10,2026-06-16 22:48:27.578000,2026-06-16 23:15:12.649000,2026-06-16 23:17:21.295000,26.75,2.14,28.9,2.9706,0.8461,0.7515,2.9015,0.8217,0.722,0.6083,0.4156,3.7e-05,3.5e-05,0
sthelar40x_liver_5class_slide_adaptformer_gelu_red16_lr5e-5_e10_seed42_CLEAN,8,10,2026-06-16 23:17:23.925000,2026-06-16 23:43:46.153000,2026-06-16 23:45:44.348000,26.37,1.97,28.34,2.9603,0.8455,0.7508,2.8851,0.8314,0.7365,0.6284,0.4235,3.5e-05,3.3e-05,0
sthelar40x_liver_5class_slide_adaptformer_gelu_red16_lr5e-5_e10_seed42_CLEAN,9,10,2026-06-16 23:45:46.908000,2026-06-17 00:12:03.986000,2026-06-17 00:14:06.221000,26.28,2.04,28.32,2.941,0.8463,0.7526,2.8838,0.8278,0.7306,0.6176,0.4244,3.3e-05,3.2e-05,0
sthelar40x_liver_5class_slide_adaptformer_gelu_red16_lr5e-5_e10_seed42_CLEAN,10,10,2026-06-17 00:14:08.722000,2026-06-17 00:40:47.520000,2026-06-17 00:42:50.484000,26.65,2.05,28.7,2.922,0.8479,0.7549,2.8115,0.831,0.7358,0.6239,0.4327,3.2e-05,3e-05,0
sthelar40x_liver_5class_spatial_adaptformer_gelu_red16_lr5e-5_e10_seed42_CLEAN,1,10,2026-06-15 18:51:10.885000,2026-06-15 19:25:27.957000,2026-06-15 19:32:28.338000,34.28,7.01,41.29,4.5166,0.8136,0.7039,4.0631,0.8523,0.7573,0.642,0.4141,5e-05,4.8e-05,1
sthelar40x_liver_5class_spatial_adaptformer_gelu_red16_lr5e-5_e10_seed42_CLEAN,2,10,2026-06-15 19:32:32.941000,2026-06-15 20:06:51.791000,2026-06-15 20:13:45.140000,34.31,6.89,41.2,4.0547,0.8269,0.7237,2.9974,0.8597,0.7697,0.6547,0.43,4.8e-05,4.5e-05,1
sthelar40x_liver_5class_spatial_adaptformer_gelu_red16_lr5e-5_e10_seed42_CLEAN,3,10,2026-06-15 20:15:50.104000,2026-06-15 21:01:59.277000,2026-06-15 21:08:49.522000,46.15,6.84,52.99,3.1931,0.8302,0.7292,2.9277,0.8538,0.76,0.6426,0.4286,4.5e-05,4.3e-05,0
sthelar40x_liver_5class_spatial_adaptformer_gelu_red16_lr5e-5_e10_seed42_CLEAN,4,10,2026-06-15 21:08:51.671000,2026-06-15 21:43:05.236000,2026-06-15 21:49:59.608000,34.23,6.91,41.13,3.145,0.8341,0.7339,2.8856,0.862,0.7725,0.6581,0.4407,4.3e-05,4.1e-05,1
sthelar40x_liver_5class_spatial_adaptformer_gelu_red16_lr5e-5_e10_seed42_CLEAN,5,10,2026-06-15 21:50:03.743000,2026-06-15 22:24:07.545000,2026-06-15 22:30:59.137000,34.06,6.86,40.92,3.1118,0.8364,0.7361,2.8704,0.8574,0.7659,0.6491,0.4365,4.1e-05,3.9e-05,0
sthelar40x_liver_5class_spatial_adaptformer_gelu_red16_lr5e-5_e10_seed42_CLEAN,6,10,2026-06-15 22:31:01.442000,2026-06-15 23:05:48.371000,2026-06-15 23:12:42.317000,34.78,6.9,41.68,3.1061,0.837,0.7376,2.8445,0.8626,0.7732,0.6576,0.4469,3.9e-05,3.7e-05,0
sthelar40x_liver_5class_spatial_adaptformer_gelu_red16_lr5e-5_e10_seed42_CLEAN,7,10,2026-06-15 23:12:44.611000,2026-06-15 23:47:34.296000,2026-06-15 23:54:23.567000,34.83,6.82,41.65,3.0726,0.8381,0.7402,2.8111,0.8641,0.7758,0.6607,0.452,3.7e-05,3.5e-05,1
sthelar40x_liver_5class_spatial_adaptformer_gelu_red16_lr5e-5_e10_seed42_CLEAN,8,10,2026-06-15 23:54:28.260000,2026-06-16 00:29:32.321000,2026-06-16 00:36:23.132000,35.07,6.85,41.91,3.0442,0.8417,0.7433,2.8741,0.8573,0.7646,0.6478,0.4411,3.5e-05,3.3e-05,0
sthelar40x_liver_5class_spatial_adaptformer_gelu_red16_lr5e-5_e10_seed42_CLEAN,9,10,2026-06-16 00:36:25.435000,2026-06-16 01:11:30.342000,2026-06-16 01:18:19.516000,35.08,6.82,41.9,3.0319,0.8404,0.7428,2.7935,0.8667,0.7798,0.6669,0.4572,3.3e-05,3.2e-05,1
sthelar40x_liver_5class_spatial_adaptformer_gelu_red16_lr5e-5_e10_seed42_CLEAN,10,10,2026-06-16 01:18:25.314000,2026-06-16 01:52:35.727000,2026-06-16 01:59:34.178000,34.17,6.97,41.15,3.019,0.8426,0.7458,2.7867,0.8684,0.7819,0.6672,0.4613,3.2e-05,3e-05,1
sthelar40x_liver_5class_spatial_adaptformer_gelu_red16_lr5e-5_e10_seed43_CLEAN,1,10,2026-06-18 15:02:07.629000,2026-06-18 15:36:31.857000,2026-06-18 15:43:28.050000,34.4,6.94,41.34,4.4689,0.816,0.7066,4.1266,0.8413,0.7404,0.6238,0.4038,5e-05,4.8e-05,1
sthelar40x_liver_5class_spatial_adaptformer_gelu_red16_lr5e-5_e10_seed43_CLEAN,2,10,2026-06-18 15:43:33.515000,2026-06-18 16:17:56.832000,2026-06-18 16:24:52.084000,34.39,6.92,41.31,3.5263,0.827,0.7232,2.9408,0.8591,0.7698,0.6544,0.4275,4.8e-05,4.5e-05,1
sthelar40x_liver_5class_spatial_adaptformer_gelu_red16_lr5e-5_e10_seed43_CLEAN,3,10,2026-06-18 16:24:57.387000,2026-06-18 16:59:28.856000,2026-06-18 17:06:23.843000,34.52,6.92,41.44,3.1882,0.8321,0.7298,2.9373,0.8551,0.762,0.6471,0.4352,4.5e-05,4.3e-05,0
sthelar40x_liver_5class_spatial_adaptformer_gelu_red16_lr5e-5_e10_seed43_CLEAN,4,10,2026-06-18 17:06:26.777000,2026-06-18 17:41:09.599000,2026-06-18 17:48:07.483000,34.71,6.96,41.68,3.15,0.8329,0.7326,2.8757,0.8619,0.772,0.6581,0.4412,4.3e-05,4.1e-05,1
sthelar40x_liver_5class_spatial_adaptformer_gelu_red16_lr5e-5_e10_seed43_CLEAN,5,10,2026-06-18 17:48:12.463000,2026-06-18 18:22:34.118000,2026-06-18 18:29:31.300000,34.36,6.95,41.31,3.1142,0.8342,0.7347,2.878,0.8611,0.7702,0.6553,0.4437,4.1e-05,3.9e-05,0
sthelar40x_liver_5class_spatial_adaptformer_gelu_red16_lr5e-5_e10_seed43_CLEAN,6,10,2026-06-18 18:29:33.664000,2026-06-18 19:04:26.328000,2026-06-18 19:11:24.901000,34.88,6.98,41.85,3.0921,0.8365,0.7376,2.8643,0.8579,0.7659,0.6514,0.443,3.9e-05,3.7e-05,0
sthelar40x_liver_5class_spatial_adaptformer_gelu_red16_lr5e-5_e10_seed43_CLEAN,7,10,2026-06-18 19:11:27.350000,2026-06-18 19:46:17.744000,2026-06-18 19:53:16.614000,34.84,6.98,41.82,3.0702,0.8386,0.74,2.9229,0.8542,0.7596,0.6435,0.4388,3.7e-05,3.5e-05,0
sthelar40x_liver_5class_spatial_adaptformer_gelu_red16_lr5e-5_e10_seed43_CLEAN,8,10,2026-06-18 19:53:19.073000,2026-06-18 20:28:26.369000,2026-06-18 20:35:26.218000,35.12,7.0,42.12,3.055,0.8404,0.7423,2.8939,0.8573,0.7638,0.6458,0.4379,3.5e-05,3.3e-05,0
sthelar40x_liver_5class_spatial_adaptformer_gelu_red16_lr5e-5_e10_seed43_CLEAN,9,10,2026-06-18 20:35:30.778000,2026-06-18 21:10:37.469000,2026-06-18 21:17:40.280000,35.11,7.05,42.16,3.0272,0.8422,0.745,2.9113,0.8527,0.757,0.6389,0.4363,3.3e-05,3.2e-05,0
sthelar40x_liver_5class_spatial_adaptformer_gelu_red16_lr5e-5_e10_seed43_CLEAN,10,10,2026-06-18 21:17:42.541000,2026-06-18 21:52:53.814000,2026-06-18 21:59:47.537000,35.19,6.9,42.08,3.0272,0.8425,0.7453,2.8082,0.8621,0.7728,0.657,0.4498,3.2e-05,3e-05,0
sthelar40x_liver_5class_spatial_fullft_lr1e-5_e10_seed42_KEEPALL_FISHER,1,10,2026-06-24 16:21:28.077000,2026-06-24 16:59:15.973000,2026-06-24 17:06:50.705000,37.8,7.58,45.38,4.7249,0.814,0.7055,4.1367,0.8471,0.7489,0.6344,0.4153,1e-05,1e-05,1
sthelar40x_liver_5class_spatial_fullft_lr1e-5_e10_seed42_KEEPALL_FISHER,2,10,2026-06-24 17:07:04.623000,2026-06-24 17:43:46.439000,2026-06-24 17:50:57.780000,36.7,7.19,43.89,4.2478,0.831,0.7294,4.0065,0.8517,0.7564,0.6411,0.4249,1e-05,9e-06,1
sthelar40x_liver_5class_spatial_fullft_lr1e-5_e10_seed42_KEEPALL_FISHER,3,10,2026-06-24 17:51:08.750000,2026-06-24 18:29:31.689000,2026-06-24 18:36:30.785000,38.38,6.98,45.37,4.1567,0.8346,0.7348,3.9778,0.8522,0.7562,0.6415,0.43,9e-06,9e-06,1
sthelar40x_liver_5class_spatial_fullft_lr1e-5_e10_seed42_KEEPALL_FISHER,4,10,2026-06-24 18:36:46.477000,2026-06-24 19:14:58.628000,2026-06-24 19:21:53.266000,38.2,6.91,45.11,4.0917,0.8387,0.7398,3.8257,0.8658,0.778,0.6643,0.455,9e-06,8e-06,1
sthelar40x_liver_5class_spatial_fullft_lr1e-5_e10_seed42_KEEPALL_FISHER,5,10,2026-06-24 19:22:09.930000,2026-06-24 20:02:34.820000,2026-06-24 20:09:30.307000,40.41,6.92,47.34,4.049,0.8412,0.7433,3.801,0.8655,0.778,0.6654,0.457,8e-06,8e-06,1
sthelar40x_liver_5class_spatial_fullft_lr1e-5_e10_seed42_KEEPALL_FISHER,6,10,2026-06-24 20:09:41.103000,2026-06-24 20:50:53.696000,2026-06-24 20:57:44.659000,41.21,6.85,48.06,4.0262,0.8428,0.7456,3.8198,0.8659,0.7778,0.6647,0.4543,8e-06,7e-06,0
sthelar40x_liver_5class_spatial_fullft_lr1e-5_e10_seed42_KEEPALL_FISHER,7,10,2026-06-24 20:57:50.166000,2026-06-24 21:38:07.682000,2026-06-24 21:44:56.491000,40.29,6.81,47.11,3.9978,0.8444,0.7478,3.8202,0.8652,0.7758,0.6604,0.4545,7e-06,7e-06,0
sthelar40x_liver_5class_spatial_fullft_lr1e-5_e10_seed42_KEEPALL_FISHER,8,10,2026-06-24 21:45:01.928000,2026-06-24 22:25:13.596000,2026-06-24 22:32:06.909000,40.19,6.89,47.08,3.9681,0.8476,0.7512,3.8115,0.8628,0.7726,0.6569,0.4527,7e-06,7e-06,0
sthelar40x_liver_5class_spatial_fullft_lr1e-5_e10_seed42_KEEPALL_FISHER,9,10,2026-06-24 22:32:12.215000,2026-06-24 23:13:54.136000,2026-06-24 23:20:41.119000,41.7,6.78,48.48,3.9227,0.8474,0.7513,3.745,0.8657,0.7769,0.6621,0.46,7e-06,6e-06,0
sthelar40x_liver_5class_spatial_fullft_lr1e-5_e10_seed42_KEEPALL_FISHER,10,10,2026-06-24 23:20:46.028000,2026-06-25 00:01:03.933000,2026-06-25 00:07:56.304000,40.3,6.87,47.17,3.3355,0.8496,0.7547,3.021,0.8662,0.7779,0.663,0.4646,6e-06,6e-06,0
sthelar40x_liver_5class_spatial_fullft_lr5e-5_e10_seed42_CLEAN_TRUE,1,10,2026-06-17 12:40:19.070000,2026-06-17 13:16:07.763000,2026-06-17 13:23:47.736000,35.81,7.67,43.48,4.5539,0.8103,0.6997,4.2418,0.8239,0.7131,0.589,0.3778,5e-05,4.8e-05,1
sthelar40x_liver_5class_spatial_fullft_lr5e-5_e10_seed42_CLEAN_TRUE,2,10,2026-06-17 13:23:57.688000,2026-06-17 13:58:55.365000,2026-06-17 14:06:42.262000,34.96,7.78,42.74,4.0369,0.8257,0.7208,3.1284,0.8468,0.7483,0.6269,0.4053,4.8e-05,4.5e-05,1
sthelar40x_liver_5class_spatial_fullft_lr5e-5_e10_seed42_CLEAN_TRUE,3,10,2026-06-17 14:06:53.346000,2026-06-17 14:43:01.389000,2026-06-17 14:50:45.785000,36.13,7.74,43.87,3.2271,0.8296,0.7266,3.05,0.8476,0.7503,0.6304,0.4089,4.5e-05,4.3e-05,1
sthelar40x_liver_5class_spatial_fullft_lr5e-5_e10_seed42_CLEAN_TRUE,4,10,2026-06-17 14:50:56.540000,2026-06-17 15:25:56.179000,2026-06-17 15:33:44.613000,34.99,7.81,42.8,3.1613,0.834,0.732,2.9733,0.8509,0.7544,0.633,0.419,4.3e-05,4.1e-05,1
sthelar40x_liver_5class_spatial_fullft_lr5e-5_e10_seed42_CLEAN_TRUE,5,10,2026-06-17 15:33:55.503000,2026-06-17 16:09:30.495000,2026-06-17 16:17:17.844000,35.58,7.79,43.37,3.1256,0.8369,0.7363,2.8602,0.864,0.7752,0.6579,0.4407,4.1e-05,3.9e-05,1
sthelar40x_liver_5class_spatial_fullft_lr5e-5_e10_seed42_CLEAN_TRUE,6,10,2026-06-17 16:17:29.366000,2026-06-17 16:53:34.687000,2026-06-17 17:01:24.297000,36.09,7.83,43.92,3.1003,0.8386,0.7388,2.8327,0.8679,0.7807,0.6643,0.4499,3.9e-05,3.7e-05,1
sthelar40x_liver_5class_spatial_fullft_lr5e-5_e10_seed42_CLEAN_TRUE,7,10,2026-06-17 17:01:36.928000,2026-06-17 17:36:50.298000,2026-06-17 17:44:29.704000,35.22,7.66,42.88,3.0656,0.8407,0.7417,2.8664,0.8619,0.7707,0.6513,0.4413,3.7e-05,3.5e-05,0
sthelar40x_liver_5class_spatial_fullft_lr5e-5_e10_seed42_CLEAN_TRUE,8,10,2026-06-17 17:44:35.939000,2026-06-17 18:19:55.989000,2026-06-17 18:27:50.220000,35.33,7.9,43.24,3.0354,0.8442,0.7459,2.8662,0.8597,0.7675,0.65,0.4416,3.5e-05,3.3e-05,0
sthelar40x_liver_5class_spatial_fullft_lr5e-5_e10_seed42_CLEAN_TRUE,9,10,2026-06-17 18:27:56.063000,2026-06-17 19:04:14.985000,2026-06-17 19:12:10.670000,36.32,7.93,44.24,3.0003,0.8445,0.7466,2.8447,0.8688,0.7809,0.6657,0.4474,3.3e-05,3.2e-05,1
sthelar40x_liver_5class_spatial_fullft_lr5e-5_e10_seed42_CLEAN_TRUE,10,10,2026-06-17 19:12:21.774000,2026-06-17 19:47:46.664000,2026-06-17 19:55:31.962000,35.41,7.75,43.17,2.9867,0.8473,0.7507,2.7866,0.8671,0.7799,0.6623,0.4532,3.2e-05,3e-05,0
sthelar40x_liver_5class_spatial_lora_adaptformer_ntonly_r8_a8_gelu_red16_lr5e-5_e10_seed42_CLEAN,1,10,2026-06-16 19:42:29.127000,2026-06-16 20:13:46.436000,2026-06-16 20:21:00.076000,31.29,7.23,38.52,4.9483,0.7914,0.6728,4.4247,0.8368,0.7333,0.6167,0.3772,5e-05,4.8e-05,1
sthelar40x_liver_5class_spatial_lora_adaptformer_ntonly_r8_a8_gelu_red16_lr5e-5_e10_seed42_CLEAN,2,10,2026-06-16 20:21:04.125000,2026-06-16 20:52:00.106000,2026-06-16 20:59:10.139000,30.93,7.17,38.1,4.3569,0.7999,0.6832,3.2515,0.8366,0.7335,0.6118,0.3956,4.8e-05,4.5e-05,0
sthelar40x_liver_5class_spatial_lora_adaptformer_ntonly_r8_a8_gelu_red16_lr5e-5_e10_seed42_CLEAN,3,10,2026-06-16 20:59:12.225000,2026-06-16 21:30:19.424000,2026-06-16 21:37:32.034000,31.12,7.21,38.33,3.4559,0.8034,0.6887,3.1608,0.8418,0.7414,0.6267,0.4099,4.5e-05,4.3e-05,1
sthelar40x_liver_5class_spatial_lora_adaptformer_ntonly_r8_a8_gelu_red16_lr5e-5_e10_seed42_CLEAN,4,10,2026-06-16 21:37:35.922000,2026-06-16 22:08:58.202000,2026-06-16 22:16:10.290000,31.37,7.2,38.57,3.3825,0.8078,0.6944,3.107,0.841,0.7396,0.626,0.4184,4.3e-05,4.1e-05,0
sthelar40x_liver_5class_spatial_lora_adaptformer_ntonly_r8_a8_gelu_red16_lr5e-5_e10_seed42_CLEAN,5,10,2026-06-16 22:16:12.454000,2026-06-16 22:47:04.781000,2026-06-16 22:54:17.797000,30.87,7.22,38.09,3.3356,0.8112,0.6987,3.1118,0.8425,0.742,0.6285,0.418,4.1e-05,3.9e-05,1
sthelar40x_liver_5class_spatial_lora_adaptformer_ntonly_r8_a8_gelu_red16_lr5e-5_e10_seed42_CLEAN,6,10,2026-06-16 22:54:22.911000,2026-06-16 23:25:18.794000,2026-06-16 23:32:35.998000,30.93,7.29,38.22,3.3162,0.8114,0.6992,3.0037,0.851,0.7546,0.6419,0.436,3.9e-05,3.7e-05,1
sthelar40x_liver_5class_spatial_lora_adaptformer_ntonly_r8_a8_gelu_red16_lr5e-5_e10_seed42_CLEAN,7,10,2026-06-16 23:32:40.243000,2026-06-17 00:04:30.107000,2026-06-17 00:11:41.763000,31.83,7.19,39.03,3.2818,0.8132,0.7024,3.0553,0.8418,0.7411,0.6266,0.4199,3.7e-05,3.5e-05,0
sthelar40x_liver_5class_spatial_lora_adaptformer_ntonly_r8_a8_gelu_red16_lr5e-5_e10_seed42_CLEAN,8,10,2026-06-17 00:11:44.031000,2026-06-17 00:42:47.906000,2026-06-17 00:50:07.116000,31.06,7.32,38.38,3.2485,0.8163,0.7057,3.0409,0.8439,0.7435,0.631,0.4268,3.5e-05,3.3e-05,0
sthelar40x_liver_5class_spatial_lora_adaptformer_ntonly_r8_a8_gelu_red16_lr5e-5_e10_seed42_CLEAN,9,10,2026-06-17 00:50:09.223000,2026-06-17 01:20:44.419000,2026-06-17 01:28:02.131000,30.59,7.3,37.88,3.2263,0.8158,0.7063,3.006,0.8457,0.7465,0.6342,0.431,3.3e-05,3.2e-05,0
sthelar40x_liver_5class_spatial_lora_adaptformer_ntonly_r8_a8_gelu_red16_lr5e-5_e10_seed42_CLEAN,10,10,2026-06-17 01:28:04.644000,2026-06-17 01:58:54.466000,2026-06-17 02:06:11.940000,30.83,7.29,38.12,3.2136,0.8179,0.7086,2.9595,0.85,0.7533,0.6403,0.4399,3.2e-05,3e-05,0
sthelar40x_liver_5class_spatial_lora_adaptformer_r4_a4_red16_lr5e-5_e10_seed42_CLEAN,1,10,2026-06-17 17:21:21.932000,2026-06-17 17:53:51.310000,2026-06-17 18:02:02.244000,32.49,8.18,40.67,4.5054,0.8143,0.7052,4.1331,0.8521,0.7571,0.6442,0.4067,5e-05,4.8e-05,1
sthelar40x_liver_5class_spatial_lora_adaptformer_r4_a4_red16_lr5e-5_e10_seed42_CLEAN,2,10,2026-06-17 18:02:07.546000,2026-06-17 18:34:07.495000,2026-06-17 18:42:12.736000,32.0,8.09,40.09,4.0178,0.8282,0.7245,3.051,0.8491,0.7531,0.6331,0.4186,4.8e-05,4.5e-05,0
sthelar40x_liver_5class_spatial_lora_adaptformer_r4_a4_red16_lr5e-5_e10_seed42_CLEAN,3,10,2026-06-17 18:42:15.056000,2026-06-17 19:14:24.297000,2026-06-17 19:22:33.192000,32.15,8.15,40.3,3.1877,0.8315,0.7299,3.0037,0.8527,0.7579,0.6405,0.4267,4.5e-05,4.3e-05,0
sthelar40x_liver_5class_spatial_lora_adaptformer_r4_a4_red16_lr5e-5_e10_seed42_CLEAN,4,10,2026-06-17 19:22:36.606000,2026-06-17 19:54:45.317000,2026-06-17 20:02:49.876000,32.15,8.08,40.22,3.1352,0.8346,0.7343,2.9203,0.8581,0.7668,0.6508,0.4338,4.3e-05,4.1e-05,1
sthelar40x_liver_5class_spatial_lora_adaptformer_r4_a4_red16_lr5e-5_e10_seed42_CLEAN,5,10,2026-06-17 20:02:54.701000,2026-06-17 20:34:40.932000,2026-06-17 20:42:37.349000,31.77,7.94,39.71,3.1036,0.8372,0.7372,2.8679,0.8612,0.7711,0.656,0.4448,4.1e-05,3.9e-05,1
sthelar40x_liver_5class_spatial_lora_adaptformer_r4_a4_red16_lr5e-5_e10_seed42_CLEAN,6,10,2026-06-17 20:42:49.212000,2026-06-17 21:14:56.843000,2026-06-17 21:23:04.735000,32.13,8.13,40.26,3.093,0.8371,0.7384,2.8814,0.8562,0.7631,0.6474,0.4408,3.9e-05,3.7e-05,0
sthelar40x_liver_5class_spatial_lora_adaptformer_r4_a4_red16_lr5e-5_e10_seed42_CLEAN,7,10,2026-06-17 21:23:07.218000,2026-06-17 21:55:16.205000,2026-06-17 22:03:10.627000,32.15,7.91,40.06,3.0621,0.8385,0.7408,2.7682,0.869,0.7829,0.6672,0.4589,3.7e-05,3.5e-05,1
sthelar40x_liver_5class_spatial_lora_adaptformer_r4_a4_red16_lr5e-5_e10_seed42_CLEAN,8,10,2026-06-17 22:03:15.291000,2026-06-17 22:35:25.719000,2026-06-17 22:43:43.053000,32.17,8.29,40.46,3.0395,0.8418,0.7446,2.7974,0.8705,0.7847,0.6675,0.4547,3.5e-05,3.3e-05,1
sthelar40x_liver_5class_spatial_lora_adaptformer_r4_a4_red16_lr5e-5_e10_seed42_CLEAN,9,10,2026-06-17 22:43:49.647000,2026-06-17 23:16:00.660000,2026-06-17 23:24:06.005000,32.18,8.09,40.27,3.0243,0.8412,0.744,2.8817,0.8574,0.7644,0.6495,0.4473,3.3e-05,3.2e-05,0
sthelar40x_liver_5class_spatial_lora_adaptformer_r4_a4_red16_lr5e-5_e10_seed42_CLEAN,10,10,2026-06-17 23:24:08.932000,2026-06-17 23:56:08.574000,2026-06-18 00:04:02.135000,31.99,7.89,39.89,3.0079,0.8438,0.7469,2.7892,0.8665,0.7793,0.6652,0.4598,3.2e-05,3e-05,0
sthelar40x_liver_5class_spatial_lora_adaptformer_r8_a8_gelu_red16_lr5e-5_e10_seed42_CLEAN,1,10,2026-06-18 17:28:24.873000,2026-06-18 18:05:51.043000,2026-06-18 18:13:08.276000,37.44,7.29,44.72,4.5158,0.813,0.7039,4.0507,0.853,0.7586,0.6422,0.4148,5e-05,4.8e-05,1
sthelar40x_liver_5class_spatial_lora_adaptformer_r8_a8_gelu_red16_lr5e-5_e10_seed42_CLEAN,2,10,2026-06-18 18:13:12.916000,2026-06-18 18:51:01.677000,2026-06-18 18:58:21.284000,37.81,7.33,45.14,4.0025,0.8277,0.7243,3.0043,0.8562,0.7653,0.6489,0.4249,4.8e-05,4.5e-05,1
sthelar40x_liver_5class_spatial_lora_adaptformer_r8_a8_gelu_red16_lr5e-5_e10_seed42_CLEAN,3,10,2026-06-18 18:58:26.186000,2026-06-18 19:35:56.853000,2026-06-18 19:43:13.913000,37.51,7.28,44.8,3.1915,0.8309,0.7295,2.8899,0.8648,0.7768,0.6611,0.4427,4.5e-05,4.3e-05,1
sthelar40x_liver_5class_spatial_lora_adaptformer_r8_a8_gelu_red16_lr5e-5_e10_seed42_CLEAN,4,10,2026-06-18 19:43:18.663000,2026-06-18 20:20:53.257000,2026-06-18 20:28:11.742000,37.58,7.31,44.88,3.1392,0.8343,0.734,2.8531,0.8661,0.7789,0.6628,0.4472,4.3e-05,4.1e-05,1
sthelar40x_liver_5class_spatial_lora_adaptformer_r8_a8_gelu_red16_lr5e-5_e10_seed42_CLEAN,5,10,2026-06-18 20:28:16.418000,2026-06-18 21:05:57.491000,2026-06-18 21:13:14.372000,37.68,7.28,44.97,3.105,0.8373,0.738,2.9895,0.8512,0.7552,0.6362,0.4203,4.1e-05,3.9e-05,0
sthelar40x_liver_5class_spatial_lora_adaptformer_r8_a8_gelu_red16_lr5e-5_e10_seed42_CLEAN,6,10,2026-06-18 21:13:32.107000,2026-06-18 21:50:54.351000,2026-06-18 21:58:10.944000,37.37,7.28,44.65,3.0929,0.8376,0.7384,2.7966,0.8678,0.7814,0.6668,0.4567,3.9e-05,3.7e-05,1
sthelar40x_liver_5class_spatial_lora_adaptformer_r8_a8_gelu_red16_lr5e-5_e10_seed42_CLEAN,7,10,2026-06-18 21:58:15.977000,2026-06-18 22:35:38.048000,2026-06-18 22:42:52.266000,37.37,7.24,44.6,3.0595,0.8391,0.7411,2.8527,0.8621,0.7722,0.6566,0.4458,3.7e-05,3.5e-05,0
sthelar40x_liver_5class_spatial_lora_adaptformer_r8_a8_gelu_red16_lr5e-5_e10_seed42_CLEAN,8,10,2026-06-18 22:42:54.678000,2026-06-18 23:20:14.032000,2026-06-18 23:27:28.529000,37.32,7.24,44.56,3.0399,0.842,0.744,2.8616,0.8616,0.7713,0.6538,0.444,3.5e-05,3.3e-05,0
sthelar40x_liver_5class_spatial_lora_adaptformer_r8_a8_gelu_red16_lr5e-5_e10_seed42_CLEAN,9,10,2026-06-18 23:27:30.977000,2026-06-19 00:05:18.051000,2026-06-19 00:12:28.799000,37.78,7.18,44.96,3.0226,0.8409,0.7439,2.8146,0.8659,0.7782,0.6634,0.4526,3.3e-05,3.2e-05,0
sthelar40x_liver_5class_spatial_lora_adaptformer_r8_a8_gelu_red16_lr5e-5_e10_seed42_CLEAN,10,10,2026-06-19 00:12:31.235000,2026-06-19 00:49:29.575000,2026-06-19 00:56:40.491000,36.97,7.18,44.15,3.0141,0.8431,0.7465,2.7642,0.8671,0.7803,0.6664,0.4607,3.2e-05,3e-05,0
sthelar40x_liver_5class_spatial_lora_adaptformer_r8_a8_red16_decoder_conv_adapters_lr5e-5_e10_seed42_CLEAN,1,10,2026-06-19 15:37:25.204000,2026-06-19 16:14:01.301000,2026-06-19 16:21:25.032000,36.6,7.4,44.0,5.7136,0.8001,0.6853,4.2844,0.8489,0.7523,0.6395,0.4037,5e-05,4.8e-05,1
sthelar40x_liver_5class_spatial_lora_adaptformer_r8_a8_red16_decoder_conv_adapters_lr5e-5_e10_seed42_CLEAN,2,10,2026-06-19 16:21:29.114000,2026-06-19 16:58:25.094000,2026-06-19 17:05:46.534000,36.93,7.36,44.29,4.4261,0.8241,0.7191,4.1546,0.851,0.7559,0.6436,0.4191,4.8e-05,4.5e-05,1
sthelar40x_liver_5class_spatial_lora_adaptformer_r8_a8_red16_decoder_conv_adapters_lr5e-5_e10_seed42_CLEAN,3,10,2026-06-19 17:05:50.159000,2026-06-19 17:42:59.888000,2026-06-19 17:50:23.710000,37.16,7.4,44.56,4.322,0.8277,0.7256,4.0652,0.8548,0.7617,0.6492,0.4264,4.5e-05,4.3e-05,1
sthelar40x_liver_5class_spatial_lora_adaptformer_r8_a8_red16_decoder_conv_adapters_lr5e-5_e10_seed42_CLEAN,4,10,2026-06-19 17:50:27.541000,2026-06-19 18:27:19.051000,2026-06-19 18:34:45.286000,36.86,7.44,44.3,3.5179,0.8317,0.7299,2.9666,0.8641,0.7761,0.6653,0.4456,4.3e-05,4.1e-05,1
sthelar40x_liver_5class_spatial_lora_adaptformer_r8_a8_red16_decoder_conv_adapters_lr5e-5_e10_seed42_CLEAN,5,10,2026-06-19 18:34:49.054000,2026-06-19 19:11:43.647000,2026-06-19 19:19:08.139000,36.91,7.41,44.32,3.1918,0.8348,0.7339,2.9193,0.8611,0.7713,0.6617,0.4472,4.1e-05,3.9e-05,0
sthelar40x_liver_5class_spatial_lora_adaptformer_r8_a8_red16_decoder_conv_adapters_lr5e-5_e10_seed42_CLEAN,6,10,2026-06-19 19:19:10.249000,2026-06-19 19:56:02.370000,2026-06-19 20:03:23.497000,36.87,7.35,44.22,3.1586,0.8345,0.735,2.9903,0.8516,0.7563,0.6437,0.4344,3.9e-05,3.7e-05,0
sthelar40x_liver_5class_spatial_lora_adaptformer_r8_a8_red16_decoder_conv_adapters_lr5e-5_e10_seed42_CLEAN,7,10,2026-06-19 20:03:25.313000,2026-06-19 20:39:59.708000,2026-06-19 20:47:21.619000,36.57,7.37,43.94,3.1225,0.8366,0.7377,2.871,0.8631,0.7738,0.6623,0.4515,3.7e-05,3.5e-05,0
sthelar40x_liver_5class_spatial_lora_adaptformer_r8_a8_red16_decoder_conv_adapters_lr5e-5_e10_seed42_CLEAN,8,10,2026-06-19 20:47:23.485000,2026-06-19 21:23:59.959000,2026-06-19 21:31:24.541000,36.61,7.41,44.02,3.0934,0.8393,0.7405,2.9238,0.8611,0.7706,0.6593,0.4403,3.5e-05,3.3e-05,0
sthelar40x_liver_5class_spatial_lora_adaptformer_r8_a8_red16_decoder_conv_adapters_lr5e-5_e10_seed42_CLEAN,9,10,2026-06-19 21:31:26.516000,2026-06-19 22:06:24.353000,2026-06-19 22:13:48.129000,34.96,7.4,42.36,3.0697,0.8384,0.7405,2.8407,0.8671,0.7798,0.6692,0.4561,3.3e-05,3.2e-05,1
sthelar40x_liver_5class_spatial_lora_adaptformer_r8_a8_red16_decoder_conv_adapters_lr5e-5_e10_seed42_CLEAN,10,10,2026-06-19 22:13:52.182000,2026-06-19 22:48:17.755000,2026-06-19 22:55:38.166000,34.43,7.34,41.77,3.0578,0.8401,0.7421,2.8161,0.8645,0.7759,0.665,0.4605,3.2e-05,3e-05,0
sthelar40x_liver_5class_spatial_lora_adaptformer_r8_a8_red16_decoder_heads_only_lr5e-5_e10_seed42_CLEAN,1,10,2026-06-20 11:35:03.301000,2026-06-20 12:09:44.588000,2026-06-20 12:16:58.169000,34.69,7.23,41.91,6.7339,0.7862,0.6652,5.3026,0.8414,0.7404,0.6249,0.3193,5e-05,4.8e-05,1
sthelar40x_liver_5class_spatial_lora_adaptformer_r8_a8_red16_decoder_heads_only_lr5e-5_e10_seed42_CLEAN,2,10,2026-06-20 12:17:02.518000,2026-06-20 12:51:51.992000,2026-06-20 12:59:08.146000,34.82,7.27,42.09,5.0801,0.8158,0.7061,4.7398,0.8509,0.7548,0.6407,0.4054,4.8e-05,4.5e-05,1
sthelar40x_liver_5class_spatial_lora_adaptformer_r8_a8_red16_decoder_heads_only_lr5e-5_e10_seed42_CLEAN,3,10,2026-06-20 12:59:11.948000,2026-06-20 13:33:50.343000,2026-06-20 13:41:09.002000,34.64,7.31,41.95,4.7915,0.8223,0.7163,4.5348,0.8534,0.7581,0.6455,0.418,4.5e-05,4.3e-05,1
sthelar40x_liver_5class_spatial_lora_adaptformer_r8_a8_red16_decoder_heads_only_lr5e-5_e10_seed42_CLEAN,4,10,2026-06-20 13:41:12.773000,2026-06-20 14:16:03.878000,2026-06-20 14:23:19.107000,34.85,7.25,42.11,4.2818,0.826,0.7208,3.8057,0.8583,0.766,0.6556,0.4302,4.3e-05,4.1e-05,1
sthelar40x_liver_5class_spatial_lora_adaptformer_r8_a8_red16_decoder_heads_only_lr5e-5_e10_seed42_CLEAN,5,10,2026-06-20 14:23:22.956000,2026-06-20 14:58:06.524000,2026-06-20 15:05:24.218000,34.73,7.29,42.02,3.6632,0.829,0.7252,3.5171,0.8474,0.7492,0.6366,0.4158,4.1e-05,3.9e-05,0
sthelar40x_liver_5class_spatial_lora_adaptformer_r8_a8_red16_decoder_heads_only_lr5e-5_e10_seed42_CLEAN,6,10,2026-06-20 15:05:26.176000,2026-06-20 15:39:49.151000,2026-06-20 15:47:04.213000,34.38,7.25,41.63,3.5625,0.8298,0.7269,3.3245,0.8606,0.7698,0.6596,0.441,3.9e-05,3.7e-05,1
sthelar40x_liver_5class_spatial_lora_adaptformer_r8_a8_red16_decoder_heads_only_lr5e-5_e10_seed42_CLEAN,7,10,2026-06-20 15:47:07.893000,2026-06-20 16:22:39.084000,2026-06-20 16:30:20.061000,35.52,7.68,43.2,3.4942,0.8314,0.7295,3.3528,0.8558,0.7621,0.6511,0.4322,3.7e-05,3.5e-05,0
sthelar40x_liver_5class_spatial_lora_adaptformer_r8_a8_red16_decoder_heads_only_lr5e-5_e10_seed42_CLEAN,8,10,2026-06-20 16:30:22.166000,2026-06-20 17:05:42.508000,2026-06-20 17:13:20.315000,35.34,7.63,42.97,3.4483,0.8347,0.7331,3.2998,0.8543,0.7595,0.6484,0.4352,3.5e-05,3.3e-05,0
sthelar40x_liver_5class_spatial_lora_adaptformer_r8_a8_red16_decoder_heads_only_lr5e-5_e10_seed42_CLEAN,9,10,2026-06-20 17:13:22.181000,2026-06-20 17:48:32.621000,2026-06-20 17:56:05.993000,35.17,7.56,42.73,3.4131,0.8339,0.7334,3.2432,0.86,0.7689,0.6587,0.444,3.3e-05,3.2e-05,0
sthelar40x_liver_5class_spatial_lora_adaptformer_r8_a8_red16_decoder_heads_only_lr5e-5_e10_seed42_CLEAN,10,10,2026-06-20 17:56:07.985000,2026-06-20 18:31:19.140000,2026-06-20 18:38:55.266000,35.19,7.6,42.79,3.3917,0.8358,0.7357,3.1743,0.864,0.7749,0.666,0.4535,3.2e-05,3e-05,1
sthelar40x_liver_5class_spatial_lora_adaptformer_r8_a8_red16_decoder_last_stage_lr5e-5_e10_seed42_CLEAN,1,10,2026-06-20 11:35:03.300000,2026-06-20 12:10:58.564000,2026-06-20 12:18:15.333000,35.92,7.28,43.2,4.6118,0.8089,0.6982,4.1503,0.8475,0.7503,0.6374,0.4087,5e-05,4.8e-05,1
sthelar40x_liver_5class_spatial_lora_adaptformer_r8_a8_red16_decoder_last_stage_lr5e-5_e10_seed42_CLEAN,2,10,2026-06-20 12:20:47.497000,2026-06-20 12:56:36.475000,2026-06-20 13:03:49.019000,35.82,7.21,43.03,3.9326,0.8242,0.7193,3.0368,0.8508,0.7565,0.6455,0.4257,4.8e-05,4.5e-05,1
sthelar40x_liver_5class_spatial_lora_adaptformer_r8_a8_red16_decoder_last_stage_lr5e-5_e10_seed42_CLEAN,3,10,2026-06-20 13:03:58.971000,2026-06-20 13:39:44.779000,2026-06-20 13:46:59.240000,35.76,7.24,43.0,3.2439,0.8273,0.7243,2.9627,0.8592,0.7678,0.6583,0.4389,4.5e-05,4.3e-05,1
sthelar40x_liver_5class_spatial_lora_adaptformer_r8_a8_red16_decoder_last_stage_lr5e-5_e10_seed42_CLEAN,4,10,2026-06-20 13:48:00.676000,2026-06-20 14:23:24.530000,2026-06-20 14:30:37.264000,35.4,7.21,42.61,3.19,0.8307,0.7287,2.91,0.8606,0.7705,0.6614,0.4445,4.3e-05,4.1e-05,1
sthelar40x_liver_5class_spatial_lora_adaptformer_r8_a8_red16_decoder_last_stage_lr5e-5_e10_seed42_CLEAN,5,10,2026-06-20 14:30:42.682000,2026-06-20 15:06:22.979000,2026-06-20 15:13:37.736000,35.67,7.25,42.92,3.1587,0.8335,0.7324,2.943,0.853,0.7586,0.6491,0.4379,4.1e-05,3.9e-05,0
sthelar40x_liver_5class_spatial_lora_adaptformer_r8_a8_red16_decoder_last_stage_lr5e-5_e10_seed42_CLEAN,6,10,2026-06-20 15:13:43.610000,2026-06-20 15:49:33.041000,2026-06-20 15:56:42.875000,35.82,7.16,42.99,3.143,0.8332,0.7324,2.8419,0.865,0.7773,0.6692,0.4545,3.9e-05,3.7e-05,1
sthelar40x_liver_5class_spatial_lora_adaptformer_r8_a8_red16_decoder_last_stage_lr5e-5_e10_seed42_CLEAN,7,10,2026-06-20 15:56:50.480000,2026-06-20 16:33:25.266000,2026-06-20 16:41:00.315000,36.58,7.58,44.16,3.1125,0.8346,0.7346,2.9008,0.8603,0.7698,0.6607,0.444,3.7e-05,3.5e-05,0
sthelar40x_liver_5class_spatial_lora_adaptformer_r8_a8_red16_decoder_last_stage_lr5e-5_e10_seed42_CLEAN,8,10,2026-06-20 16:41:02.326000,2026-06-20 17:17:45.336000,2026-06-20 17:25:22.146000,36.72,7.61,44.33,3.0911,0.8374,0.7376,2.9096,0.8567,0.7636,0.6531,0.4412,3.5e-05,3.3e-05,0
sthelar40x_liver_5class_spatial_lora_adaptformer_r8_a8_red16_decoder_last_stage_lr5e-5_e10_seed42_CLEAN,9,10,2026-06-20 17:25:24.064000,2026-06-20 18:01:50.343000,2026-06-20 18:09:30.753000,36.44,7.67,44.11,3.0714,0.8367,0.7378,2.8814,0.8644,0.7757,0.6657,0.4514,3.3e-05,3.2e-05,0
sthelar40x_liver_5class_spatial_lora_adaptformer_r8_a8_red16_decoder_last_stage_lr5e-5_e10_seed42_CLEAN,10,10,2026-06-20 18:09:32.738000,2026-06-20 18:45:57.891000,2026-06-20 18:53:28.821000,36.42,7.52,43.93,3.0618,0.8382,0.7398,2.8371,0.864,0.7756,0.6673,0.4576,3.2e-05,3e-05,0
sthelar40x_liver_5class_spatial_lora_r8_a8_lr5e-5_e10_seed42_CLEAN,1,10,2026-06-15 19:37:13.199000,2026-06-15 20:14:30.265000,2026-06-15 20:28:41.777000,37.28,14.19,51.48,4.5952,0.807,0.695,4.138,0.8478,0.7511,0.6339,0.4046,5e-05,4.8e-05,1
sthelar40x_liver_5class_spatial_lora_r8_a8_lr5e-5_e10_seed42_CLEAN,2,10,2026-06-15 20:31:58.833000,2026-06-15 21:15:40.638000,2026-06-15 21:22:46.339000,43.7,7.1,50.79,4.1082,0.8225,0.7169,3.0793,0.8504,0.7563,0.6355,0.4115,4.8e-05,4.5e-05,1
sthelar40x_liver_5class_spatial_lora_r8_a8_lr5e-5_e10_seed42_CLEAN,3,10,2026-06-15 21:22:51.743000,2026-06-15 21:57:38.992000,2026-06-15 22:04:48.672000,34.79,7.16,41.95,3.266,0.8255,0.7221,2.9992,0.8531,0.7593,0.6431,0.4212,4.5e-05,4.3e-05,1
sthelar40x_liver_5class_spatial_lora_r8_a8_lr5e-5_e10_seed42_CLEAN,4,10,2026-06-15 22:04:54.350000,2026-06-15 22:39:02.751000,2026-06-15 22:46:26.714000,34.14,7.4,41.54,3.2254,0.8301,0.7277,2.9338,0.8621,0.7725,0.657,0.4332,4.3e-05,4.1e-05,1
sthelar40x_liver_5class_spatial_lora_r8_a8_lr5e-5_e10_seed42_CLEAN,5,10,2026-06-15 22:46:32.426000,2026-06-15 23:21:21.139000,2026-06-15 23:28:25.516000,34.81,7.07,41.88,3.1922,0.8329,0.7309,2.9737,0.8574,0.7653,0.6468,0.4233,4.1e-05,3.9e-05,0
sthelar40x_liver_5class_spatial_lora_r8_a8_lr5e-5_e10_seed42_CLEAN,6,10,2026-06-15 23:28:27.842000,2026-06-16 00:03:32.041000,2026-06-16 00:10:38.393000,35.07,7.11,42.18,3.1814,0.8331,0.7325,2.9398,0.8544,0.7608,0.6453,0.4309,3.9e-05,3.7e-05,0
sthelar40x_liver_5class_spatial_lora_r8_a8_lr5e-5_e10_seed42_CLEAN,7,10,2026-06-16 00:10:40.869000,2026-06-16 00:45:24.255000,2026-06-16 00:52:28.774000,34.72,7.08,41.8,3.1544,0.8344,0.7344,2.9464,0.8567,0.7648,0.6464,0.4243,3.7e-05,3.5e-05,0
sthelar40x_liver_5class_spatial_lora_r8_a8_lr5e-5_e10_seed42_CLEAN,8,10,2026-06-16 00:52:31.183000,2026-06-16 01:27:41.710000,2026-06-16 01:34:47.025000,35.18,7.09,42.26,3.1348,0.8376,0.7379,2.8659,0.8689,0.7826,0.6638,0.4446,3.5e-05,3.3e-05,1
sthelar40x_liver_5class_spatial_lora_r8_a8_lr5e-5_e10_seed42_CLEAN,9,10,2026-06-16 01:34:54.025000,2026-06-16 02:10:06.137000,2026-06-16 02:17:13.198000,35.2,7.12,42.32,3.1183,0.8365,0.7379,2.9125,0.8602,0.769,0.6547,0.4367,3.3e-05,3.2e-05,0
sthelar40x_liver_5class_spatial_lora_r8_a8_lr5e-5_e10_seed42_CLEAN,10,10,2026-06-16 02:17:16.134000,2026-06-16 02:52:18.728000,2026-06-16 02:59:23.716000,35.04,7.08,42.13,3.1162,0.8382,0.7396,2.8656,0.8642,0.7755,0.6599,0.4441,3.2e-05,3e-05,0
sthelar40x_liver_5class_spatial_margin128_fullft_lr1e-5_e10_seed42_CLEAN,1,10,2026-06-27 19:02:53.361000,2026-06-27 19:39:20.863000,2026-06-27 19:46:59.282000,36.46,7.64,44.1,4.7208,0.8156,0.7073,4.0893,0.8556,0.7623,0.6479,0.4254,1e-05,1e-05,1
sthelar40x_liver_5class_spatial_margin128_fullft_lr1e-5_e10_seed42_CLEAN,2,10,2026-06-27 19:47:10.251000,2026-06-27 20:23:00.371000,2026-06-27 20:30:39.685000,35.84,7.66,43.49,4.2495,0.831,0.7283,3.9286,0.8612,0.7716,0.6588,0.4413,1e-05,9e-06,1
sthelar40x_liver_5class_spatial_margin128_fullft_lr1e-5_e10_seed42_CLEAN,3,10,2026-06-27 20:30:50.421000,2026-06-27 21:07:15.968000,2026-06-27 21:14:34.162000,36.43,7.3,43.73,4.1489,0.8352,0.7352,3.8759,0.8626,0.7728,0.6598,0.4479,9e-06,9e-06,1
sthelar40x_liver_5class_spatial_margin128_fullft_lr1e-5_e10_seed42_CLEAN,4,10,2026-06-27 21:14:44.863000,2026-06-27 21:51:01.542000,2026-06-27 21:58:24.229000,36.28,7.38,43.66,4.092,0.839,0.74,3.9115,0.8573,0.7641,0.6514,0.4445,9e-06,8e-06,0
sthelar40x_liver_5class_spatial_margin128_fullft_lr1e-5_e10_seed42_CLEAN,5,10,2026-06-27 21:58:30.105000,2026-06-27 22:33:36.702000,2026-06-27 22:41:05.045000,35.11,7.47,42.58,4.0435,0.8429,0.745,3.7935,0.8681,0.7816,0.6695,0.4575,8e-06,8e-06,1
sthelar40x_liver_5class_spatial_margin128_fullft_lr1e-5_e10_seed42_CLEAN,6,10,2026-06-27 22:41:15.284000,2026-06-27 23:17:11.894000,2026-06-27 23:24:38.138000,35.94,7.44,43.38,4.0132,0.8415,0.7446,3.8379,0.8589,0.7676,0.6519,0.4494,8e-06,7e-06,0
sthelar40x_liver_5class_spatial_margin128_fullft_lr1e-5_e10_seed42_CLEAN,7,10,2026-06-27 23:24:43.497000,2026-06-28 00:00:03.844000,2026-06-28 00:07:35.593000,35.34,7.53,42.87,3.9931,0.8455,0.7492,3.7897,0.8645,0.7759,0.661,0.4564,7e-06,7e-06,0
sthelar40x_liver_5class_spatial_margin128_fullft_lr1e-5_e10_seed42_CLEAN,8,10,2026-06-28 00:07:40.792000,2026-06-28 00:42:30.052000,2026-06-28 00:49:52.491000,34.82,7.37,42.19,3.9606,0.8475,0.7516,3.7634,0.8712,0.7872,0.6749,0.4626,7e-06,7e-06,1
sthelar40x_liver_5class_spatial_margin128_fullft_lr1e-5_e10_seed42_CLEAN,9,10,2026-06-28 00:50:02.766000,2026-06-28 01:25:57.193000,2026-06-28 01:33:33.186000,35.91,7.6,43.51,3.9363,0.8457,0.7514,3.6998,0.875,0.7917,0.6784,0.4719,7e-06,6e-06,1
sthelar40x_liver_5class_spatial_margin128_fullft_lr1e-5_e10_seed42_CLEAN,10,10,2026-06-28 01:33:44.151000,2026-06-28 02:09:12.723000,2026-06-28 02:16:46.560000,35.48,7.56,43.04,3.4266,0.8496,0.7543,3.1117,0.8669,0.7787,0.6635,0.4612,6e-06,6e-06,0
sthelar40x_liver_5class_spatial_margin128_lora_adaptformer_r8_a8_red16_decoder_heads_only_lr5e-5_e10_seed42_CLEAN,1,10,2026-06-28 13:33:34.416000,2026-06-28 14:06:32.930000,2026-06-28 14:13:25.745000,32.98,6.88,39.86,6.7368,0.788,0.667,5.3527,0.8405,0.7384,0.6223,0.3067,5e-05,4.8e-05,1
sthelar40x_liver_5class_spatial_margin128_lora_adaptformer_r8_a8_red16_decoder_heads_only_lr5e-5_e10_seed42_CLEAN,2,10,2026-06-28 14:13:29.853000,2026-06-28 14:46:40.273000,2026-06-28 14:53:29.746000,33.17,6.82,40.0,5.0968,0.8153,0.7056,4.8034,0.852,0.7568,0.645,0.3763,4.8e-05,4.5e-05,1
sthelar40x_liver_5class_spatial_margin128_lora_adaptformer_r8_a8_red16_decoder_heads_only_lr5e-5_e10_seed42_CLEAN,3,10,2026-06-28 14:53:33.367000,2026-06-28 15:27:10.003000,2026-06-28 15:34:05.920000,33.61,6.93,40.54,4.7999,0.8215,0.716,4.5381,0.8574,0.765,0.6541,0.4187,4.5e-05,4.3e-05,1
sthelar40x_liver_5class_spatial_margin128_lora_adaptformer_r8_a8_red16_decoder_heads_only_lr5e-5_e10_seed42_CLEAN,4,10,2026-06-28 15:34:09.711000,2026-06-28 16:08:09.930000,2026-06-28 16:15:00.864000,34.0,6.85,40.85,4.2975,0.8257,0.7212,3.8095,0.8585,0.7664,0.6574,0.4299,4.3e-05,4.1e-05,1
sthelar40x_liver_5class_spatial_margin128_lora_adaptformer_r8_a8_red16_decoder_heads_only_lr5e-5_e10_seed42_CLEAN,5,10,2026-06-28 16:15:04.485000,2026-06-28 16:48:25.239000,2026-06-28 16:55:19.771000,33.35,6.91,40.25,3.6795,0.8286,0.7248,3.3988,0.8611,0.7706,0.6596,0.4372,4.1e-05,3.9e-05,1
sthelar40x_liver_5class_spatial_margin128_lora_adaptformer_r8_a8_red16_decoder_heads_only_lr5e-5_e10_seed42_CLEAN,6,10,2026-06-28 16:55:23.487000,2026-06-28 17:29:21.446000,2026-06-28 17:36:06.488000,33.97,6.75,40.72,3.5573,0.8285,0.7262,3.3951,0.8573,0.7653,0.6532,0.4328,3.9e-05,3.7e-05,0
sthelar40x_liver_5class_spatial_margin128_lora_adaptformer_r8_a8_red16_decoder_heads_only_lr5e-5_e10_seed42_CLEAN,7,10,2026-06-28 17:36:08.450000,2026-06-28 18:10:09.327000,2026-06-28 18:17:12.815000,34.01,7.06,41.07,3.4913,0.8321,0.7304,3.345,0.8612,0.7709,0.6617,0.4419,3.7e-05,3.5e-05,1
sthelar40x_liver_5class_spatial_margin128_lora_adaptformer_r8_a8_red16_decoder_heads_only_lr5e-5_e10_seed42_CLEAN,8,10,2026-06-28 18:17:16.610000,2026-06-28 18:51:43.215000,2026-06-28 18:58:41.779000,34.44,6.98,41.42,3.449,0.8343,0.7329,3.2813,0.8567,0.7643,0.6549,0.4307,3.5e-05,3.3e-05,0
sthelar40x_liver_5class_spatial_margin128_lora_adaptformer_r8_a8_red16_decoder_heads_only_lr5e-5_e10_seed42_CLEAN,9,10,2026-06-28 18:58:43.848000,2026-06-28 19:34:29.438000,2026-06-28 19:41:34.597000,35.76,7.09,42.85,3.4267,0.832,0.7314,3.1965,0.8652,0.7768,0.6674,0.45,3.3e-05,3.2e-05,1
sthelar40x_liver_5class_spatial_margin128_lora_adaptformer_r8_a8_red16_decoder_heads_only_lr5e-5_e10_seed42_CLEAN,10,10,2026-06-28 19:41:38.352000,2026-06-28 20:18:02.323000,2026-06-28 20:25:21.556000,36.4,7.32,43.72,3.3846,0.8362,0.7356,3.2167,0.858,0.7656,0.6558,0.4434,3.2e-05,3e-05,0
sthelar40x_liver_5class_spatial_margin128_lora_adaptformer_r8_a8_red16_decoder_heads_only_lr5e-5_e10_seed42_V100_RETEST,1,10,2026-06-30 09:29:03.801000,2026-06-30 10:20:22.163000,2026-06-30 10:33:02.067000,51.31,12.67,63.97,6.7357,0.788,0.667,5.3708,0.8411,0.7395,0.6243,0.3064,5e-05,4.8e-05,1
sthelar40x_liver_5class_spatial_margin128_lora_adaptformer_r8_a8_red16_decoder_heads_only_lr5e-5_e10_seed42_V100_RETEST,2,10,2026-06-30 10:33:05.266000,2026-06-30 11:25:14.590000,2026-06-30 11:37:58.830000,52.16,12.74,64.89,5.1007,0.8152,0.7054,4.7919,0.8529,0.7583,0.6458,0.3759,4.8e-05,4.5e-05,1
sthelar40x_liver_5class_spatial_margin128_lora_adaptformer_r8_a8_red16_decoder_heads_only_lr5e-5_e10_seed42_V100_RETEST,3,10,2026-06-30 11:38:01.784000,2026-06-30 12:30:01.184000,2026-06-30 12:42:41.201000,51.99,12.67,64.66,4.8014,0.8215,0.7159,4.5354,0.8571,0.7647,0.6537,0.4204,4.5e-05,4.3e-05,1
sthelar40x_liver_5class_spatial_margin128_lora_adaptformer_r8_a8_red16_decoder_heads_only_lr5e-5_e10_seed42_V100_RETEST,4,10,2026-06-30 12:42:44.389000,2026-06-30 13:34:45.264000,2026-06-30 13:47:36.886000,52.01,12.86,64.87,4.2981,0.8257,0.7211,3.8107,0.8584,0.7662,0.6566,0.4287,4.3e-05,4.1e-05,1
sthelar40x_liver_5class_spatial_margin128_lora_adaptformer_r8_a8_red16_decoder_heads_only_lr5e-5_e10_seed42_V100_RETEST,5,10,2026-06-30 13:47:41.383000,2026-06-30 14:39:48.454000,2026-06-30 14:52:43.672000,52.12,12.92,65.04,3.6803,0.8286,0.7248,3.403,0.8621,0.7721,0.6615,0.4334,4.1e-05,3.9e-05,1
sthelar40x_liver_5class_spatial_margin128_lora_adaptformer_r8_a8_red16_decoder_heads_only_lr5e-5_e10_seed42_V100_RETEST,6,10,2026-06-30 14:52:48.323000,2026-06-30 15:45:00.939000,2026-06-30 15:57:43.532000,52.21,12.71,64.92,3.5575,0.8286,0.7263,3.3948,0.8584,0.7669,0.6554,0.4334,3.9e-05,3.7e-05,0
sthelar40x_liver_5class_spatial_margin128_lora_adaptformer_r8_a8_red16_decoder_heads_only_lr5e-5_e10_seed42_V100_RETEST,7,10,2026-06-30 15:57:43.600000,2026-06-30 16:49:51.357000,2026-06-30 17:02:37.186000,52.13,12.76,64.89,3.4912,0.8323,0.7305,3.3546,0.861,0.7702,0.6606,0.4329,3.7e-05,3.5e-05,0
sthelar40x_liver_5class_spatial_margin128_lora_adaptformer_r8_a8_red16_decoder_heads_only_lr5e-5_e10_seed42_V100_RETEST,8,10,2026-06-30 17:02:37.192000,2026-06-30 17:54:59.806000,2026-06-30 18:07:26.175000,52.38,12.44,64.82,3.4489,0.8343,0.733,3.286,0.8574,0.7649,0.6554,0.436,3.5e-05,3.3e-05,0
sthelar40x_liver_5class_spatial_margin128_lora_adaptformer_r8_a8_red16_decoder_heads_only_lr5e-5_e10_seed42_V100_RETEST,9,10,2026-06-30 18:07:26.248000,2026-06-30 18:59:54.388000,2026-06-30 19:12:16.380000,52.47,12.37,64.84,3.4264,0.8322,0.7316,3.1992,0.8643,0.7755,0.6661,0.4488,3.3e-05,3.2e-05,1
sthelar40x_liver_5class_spatial_margin128_lora_adaptformer_r8_a8_red16_decoder_heads_only_lr5e-5_e10_seed42_V100_RETEST,10,10,2026-06-30 19:12:19.778000,2026-06-30 20:05:02.687000,2026-06-30 20:17:37.423000,52.72,12.58,65.29,3.3843,0.8364,0.7358,3.2224,0.857,0.7641,0.6544,0.4397,3.2e-05,3e-05,0
sthelar40x_liver_5class_spatial_margin128_lora_adaptformer_r8_a8_red16_decoder_heads_only_lr5e-5_e10_seed43_CLEAN,1,10,2026-06-30 23:27:33.578000,2026-07-01 00:19:25.327000,2026-07-01 00:32:08.501000,51.86,12.72,64.58,6.2023,0.7935,0.674,5.2631,0.8446,0.7454,0.6292,0.2859,5e-05,4.8e-05,1
sthelar40x_liver_5class_spatial_margin128_lora_adaptformer_r8_a8_red16_decoder_heads_only_lr5e-5_e10_seed43_CLEAN,2,10,2026-07-01 00:32:12.862000,2026-07-01 01:23:35.661000,2026-07-01 01:35:47.915000,51.38,12.2,63.58,5.0647,0.8161,0.7074,4.8143,0.8502,0.7544,0.6425,0.3874,4.8e-05,4.5e-05,1
sthelar40x_liver_5class_spatial_margin128_lora_adaptformer_r8_a8_red16_decoder_heads_only_lr5e-5_e10_seed43_CLEAN,3,10,2026-07-01 01:35:51.426000,2026-07-01 02:27:06.380000,2026-07-01 02:39:41.431000,51.25,12.58,63.83,4.6794,0.8237,0.7178,4.3473,0.8545,0.7609,0.6499,0.4004,4.5e-05,4.3e-05,1
sthelar40x_liver_5class_spatial_margin128_lora_adaptformer_r8_a8_red16_decoder_heads_only_lr5e-5_e10_seed43_CLEAN,4,10,2026-07-01 02:39:44.724000,2026-07-01 03:30:25.481000,2026-07-01 03:42:42.170000,50.68,12.28,62.96,3.7864,0.8255,0.7214,3.5372,0.8495,0.7523,0.6414,0.4153,4.3e-05,4.1e-05,0
sthelar40x_liver_5class_spatial_margin128_lora_adaptformer_r8_a8_red16_decoder_heads_only_lr5e-5_e10_seed43_CLEAN,5,10,2026-07-01 03:42:42.175000,2026-07-01 04:34:10.246000,2026-07-01 04:46:43.663000,51.47,12.56,64.02,3.5559,0.8292,0.7255,3.3567,0.8541,0.7596,0.6495,0.433,4.1e-05,3.9e-05,0
sthelar40x_liver_5class_spatial_margin128_lora_adaptformer_r8_a8_red16_decoder_heads_only_lr5e-5_e10_seed43_CLEAN,6,10,2026-07-01 04:46:43.668000,2026-07-01 05:38:50.142000,2026-07-01 05:51:17.492000,52.11,12.46,64.56,3.4814,0.8312,0.7285,3.3025,0.8606,0.7701,0.6607,0.4357,3.9e-05,3.7e-05,1
sthelar40x_liver_5class_spatial_margin128_lora_adaptformer_r8_a8_red16_decoder_heads_only_lr5e-5_e10_seed43_CLEAN,7,10,2026-07-01 05:51:20.905000,2026-07-01 06:43:19.365000,2026-07-01 06:55:58.167000,51.97,12.65,64.62,3.4294,0.8325,0.7311,3.2286,0.8636,0.7743,0.6658,0.4475,3.7e-05,3.5e-05,1
sthelar40x_liver_5class_spatial_margin128_lora_adaptformer_r8_a8_red16_decoder_heads_only_lr5e-5_e10_seed43_CLEAN,8,10,2026-07-01 06:56:02.440000,2026-07-01 07:46:40.534000,2026-07-01 07:59:16.738000,50.63,12.6,63.24,3.391,0.8344,0.7331,3.2238,0.8605,0.769,0.6605,0.4459,3.5e-05,3.3e-05,0
sthelar40x_liver_5class_spatial_margin128_lora_adaptformer_r8_a8_red16_decoder_heads_only_lr5e-5_e10_seed43_CLEAN,9,10,2026-07-01 07:59:16.743000,2026-07-01 08:51:26.224000,2026-07-01 09:04:01.089000,52.16,12.58,64.74,3.3687,0.8357,0.7347,3.1687,0.8639,0.7745,0.6657,0.4509,3.3e-05,3.2e-05,0
sthelar40x_liver_5class_spatial_margin128_lora_adaptformer_r8_a8_red16_decoder_heads_only_lr5e-5_e10_seed43_CLEAN,10,10,2026-07-01 09:04:01.247000,2026-07-01 09:56:08.338000,2026-07-01 10:08:32.139000,52.12,12.4,64.51,3.3358,0.8365,0.7365,3.1393,0.8633,0.7735,0.6657,0.4503,3.2e-05,3e-05,0
sthelar40x_liver_5class_spatial_vera_adaptformer_r16_a16_red16_decoder_conv_adapters_lr5e-5_e10_seed43_CLEAN,1,10,2026-06-23 10:33:59.986000,2026-06-23 11:11:44.095000,2026-06-23 11:19:26.396000,37.74,7.71,45.44,5.2727,0.8059,0.6921,4.2713,0.8536,0.7593,0.6477,0.4016,5e-05,4.8e-05,1
sthelar40x_liver_5class_spatial_vera_adaptformer_r16_a16_red16_decoder_conv_adapters_lr5e-5_e10_seed43_CLEAN,2,10,2026-06-23 11:19:30.835000,2026-06-23 11:57:34.458000,2026-06-23 12:05:09.508000,38.06,7.58,45.64,4.3921,0.8248,0.7199,4.2467,0.8414,0.7401,0.626,0.4,4.8e-05,4.5e-05,0
sthelar40x_liver_5class_spatial_vera_adaptformer_r16_a16_red16_decoder_conv_adapters_lr5e-5_e10_seed43_CLEAN,3,10,2026-06-23 12:05:11.540000,2026-06-23 12:43:06.668000,2026-06-23 12:50:43.455000,37.92,7.61,45.53,3.6225,0.8298,0.7271,3.0614,0.8567,0.765,0.653,0.4278,4.5e-05,4.3e-05,1
sthelar40x_liver_5class_spatial_vera_adaptformer_r16_a16_red16_decoder_conv_adapters_lr5e-5_e10_seed43_CLEAN,4,10,2026-06-23 12:50:47.641000,2026-06-23 13:28:35.309000,2026-06-23 13:36:11.697000,37.79,7.61,45.4,3.2558,0.8303,0.7289,3.0086,0.8585,0.768,0.6575,0.4349,4.3e-05,4.1e-05,1
sthelar40x_liver_5class_spatial_vera_adaptformer_r16_a16_red16_decoder_conv_adapters_lr5e-5_e10_seed43_CLEAN,5,10,2026-06-23 13:36:16.006000,2026-06-23 14:14:00.203000,2026-06-23 14:21:40.944000,37.74,7.68,45.42,3.2043,0.8325,0.7323,3.0082,0.8526,0.7577,0.6471,0.4311,4.1e-05,3.9e-05,0
sthelar40x_liver_5class_spatial_vera_adaptformer_r16_a16_red16_decoder_conv_adapters_lr5e-5_e10_seed43_CLEAN,6,10,2026-06-23 14:21:43.101000,2026-06-23 14:59:13.977000,2026-06-23 15:06:53.231000,37.51,7.65,45.17,3.1639,0.8354,0.7359,2.931,0.8578,0.7651,0.6539,0.444,3.9e-05,3.7e-05,0
sthelar40x_liver_5class_spatial_vera_adaptformer_r16_a16_red16_decoder_conv_adapters_lr5e-5_e10_seed43_CLEAN,7,10,2026-06-23 15:06:55.299000,2026-06-23 15:44:39.377000,2026-06-23 15:52:16.268000,37.73,7.61,45.35,3.1371,0.8367,0.7374,2.9053,0.8628,0.7731,0.6611,0.4453,3.7e-05,3.5e-05,1
sthelar40x_liver_5class_spatial_vera_adaptformer_r16_a16_red16_decoder_conv_adapters_lr5e-5_e10_seed43_CLEAN,8,10,2026-06-23 15:52:20.429000,2026-06-23 16:30:31.629000,2026-06-23 16:38:12.946000,38.19,7.69,45.88,3.1077,0.8389,0.7397,2.8812,0.8656,0.7772,0.6675,0.4516,3.5e-05,3.3e-05,1
sthelar40x_liver_5class_spatial_vera_adaptformer_r16_a16_red16_decoder_conv_adapters_lr5e-5_e10_seed43_CLEAN,9,10,2026-06-23 16:38:17.089000,2026-06-23 17:16:09.328000,2026-06-23 17:23:49.755000,37.87,7.67,45.54,3.0841,0.8398,0.7414,2.8709,0.8614,0.7714,0.6596,0.4487,3.3e-05,3.2e-05,0
sthelar40x_liver_5class_spatial_vera_adaptformer_r16_a16_red16_decoder_conv_adapters_lr5e-5_e10_seed43_CLEAN,10,10,2026-06-23 17:23:52.059000,2026-06-23 18:01:32.839000,2026-06-23 18:09:14.820000,37.68,7.7,45.38,3.0765,0.8396,0.7416,2.9298,0.8564,0.7637,0.6518,0.439,3.2e-05,3e-05,0
sthelar40x_liver_5class_spatial_vera_adaptformer_r8_a8_red16_decoder_all_lr5e-5_e10_seed42_CLEAN,1,10,2026-06-20 11:33:12.474000,2026-06-20 12:10:46.086000,2026-06-20 12:18:05.129000,37.56,7.32,44.88,4.5161,0.8138,0.7042,4.0737,0.8519,0.7567,0.6411,0.4155,5e-05,4.8e-05,1
sthelar40x_liver_5class_spatial_vera_adaptformer_r8_a8_red16_decoder_all_lr5e-5_e10_seed42_CLEAN,2,10,2026-06-20 12:18:09.837000,2026-06-20 12:55:02.583000,2026-06-20 13:02:22.467000,36.88,7.33,44.21,4.0408,0.8272,0.724,2.9746,0.86,0.7699,0.6541,0.4343,4.8e-05,4.5e-05,1
sthelar40x_liver_5class_spatial_vera_adaptformer_r8_a8_red16_decoder_all_lr5e-5_e10_seed42_CLEAN,3,10,2026-06-20 13:02:27.260000,2026-06-20 13:39:58.278000,2026-06-20 13:47:14.919000,37.52,7.28,44.79,3.1913,0.8302,0.7294,2.9195,0.8547,0.7625,0.6466,0.4319,4.5e-05,4.3e-05,0
sthelar40x_liver_5class_spatial_vera_adaptformer_r8_a8_red16_decoder_all_lr5e-5_e10_seed42_CLEAN,4,10,2026-06-20 13:47:17.587000,2026-06-20 14:24:19.157000,2026-06-20 14:31:33.430000,37.03,7.24,44.26,3.1438,0.8343,0.7341,2.8694,0.8625,0.7737,0.6589,0.4417,4.3e-05,4.1e-05,1
sthelar40x_liver_5class_spatial_vera_adaptformer_r8_a8_red16_decoder_all_lr5e-5_e10_seed42_CLEAN,5,10,2026-06-20 14:31:38.205000,2026-06-20 15:08:47.597000,2026-06-20 15:16:02.603000,37.16,7.25,44.41,3.1146,0.8367,0.7363,2.8616,0.8603,0.7702,0.6532,0.4394,4.1e-05,3.9e-05,0
sthelar40x_liver_5class_spatial_vera_adaptformer_r8_a8_red16_decoder_all_lr5e-5_e10_seed42_CLEAN,6,10,2026-06-20 15:16:05.129000,2026-06-20 15:53:05.472000,2026-06-20 16:00:22.754000,37.01,7.29,44.29,3.1053,0.8372,0.7379,2.8459,0.8652,0.7772,0.6625,0.4511,3.9e-05,3.7e-05,1
sthelar40x_liver_5class_spatial_vera_adaptformer_r8_a8_red16_decoder_all_lr5e-5_e10_seed42_CLEAN,7,10,2026-06-20 16:00:28.867000,2026-06-20 16:37:37.038000,2026-06-20 16:44:51.478000,37.14,7.24,44.38,3.072,0.8382,0.7405,2.8432,0.8635,0.7744,0.659,0.449,3.7e-05,3.5e-05,0
sthelar40x_liver_5class_spatial_vera_adaptformer_r8_a8_red16_decoder_all_lr5e-5_e10_seed42_CLEAN,8,10,2026-06-20 16:44:54.033000,2026-06-20 17:21:51.203000,2026-06-20 17:29:05.242000,36.95,7.23,44.19,3.0412,0.8417,0.7432,2.9153,0.8548,0.7601,0.6419,0.4347,3.5e-05,3.3e-05,0
sthelar40x_liver_5class_spatial_vera_adaptformer_r8_a8_red16_decoder_all_lr5e-5_e10_seed42_CLEAN,9,10,2026-06-20 17:29:07.543000,2026-06-20 18:06:11.357000,2026-06-20 18:13:31.809000,37.06,7.34,44.4,3.0318,0.8407,0.743,2.7927,0.8669,0.7797,0.6663,0.4593,3.3e-05,3.2e-05,1
sthelar40x_liver_5class_spatial_vera_adaptformer_r8_a8_red16_decoder_all_lr5e-5_e10_seed42_CLEAN,10,10,2026-06-20 18:13:36.442000,2026-06-20 18:50:11.115000,2026-06-20 18:58:03.027000,36.58,7.87,44.44,3.0205,0.8427,0.7459,2.7896,0.8688,0.7825,0.6675,0.4573,3.2e-05,3e-05,1
sthelar40x_liver_5class_spatial_vera_adaptformer_r8_a8_red16_decoder_conv_adapters_lr5e-5_e10_seed42_CLEAN,1,10,2026-06-20 20:21:27.850000,2026-06-20 21:00:17.570000,2026-06-20 21:08:11.722000,38.83,7.9,46.73,5.7643,0.8005,0.6864,4.2918,0.8468,0.7489,0.6368,0.407,5e-05,4.8e-05,1
sthelar40x_liver_5class_spatial_vera_adaptformer_r8_a8_red16_decoder_conv_adapters_lr5e-5_e10_seed42_CLEAN,2,10,2026-06-20 21:08:16.119000,2026-06-20 21:46:27.183000,2026-06-20 21:54:15.785000,38.18,7.81,45.99,4.4048,0.8253,0.7203,4.1467,0.8515,0.757,0.6439,0.4161,4.8e-05,4.5e-05,1
sthelar40x_liver_5class_spatial_vera_adaptformer_r8_a8_red16_decoder_conv_adapters_lr5e-5_e10_seed42_CLEAN,3,10,2026-06-20 21:54:19.834000,2026-06-20 22:32:44.979000,2026-06-20 22:40:38.151000,38.42,7.89,46.31,4.0344,0.8279,0.7252,3.1223,0.8524,0.7575,0.6452,0.4236,4.5e-05,4.3e-05,1
sthelar40x_liver_5class_spatial_vera_adaptformer_r8_a8_red16_decoder_conv_adapters_lr5e-5_e10_seed42_CLEAN,4,10,2026-06-20 22:40:42.371000,2026-06-20 23:19:41.206000,2026-06-20 23:27:31.782000,38.98,7.84,46.82,3.2377,0.832,0.7305,2.9441,0.8614,0.7718,0.6615,0.4444,4.3e-05,4.1e-05,1
sthelar40x_liver_5class_spatial_vera_adaptformer_r8_a8_red16_decoder_conv_adapters_lr5e-5_e10_seed42_CLEAN,5,10,2026-06-20 23:27:35.638000,2026-06-21 00:06:32.462000,2026-06-21 00:14:24.297000,38.95,7.86,46.81,3.1774,0.834,0.7335,2.959,0.8562,0.7634,0.6511,0.438,4.1e-05,3.9e-05,0
sthelar40x_liver_5class_spatial_vera_adaptformer_r8_a8_red16_decoder_conv_adapters_lr5e-5_e10_seed42_CLEAN,6,10,2026-06-21 00:14:26.305000,2026-06-21 00:53:14.083000,2026-06-21 01:01:02.930000,38.8,7.81,46.61,3.1519,0.8341,0.7346,2.9416,0.8596,0.7685,0.6568,0.4418,3.9e-05,3.7e-05,0
sthelar40x_liver_5class_spatial_vera_adaptformer_r8_a8_red16_decoder_conv_adapters_lr5e-5_e10_seed42_CLEAN,7,10,2026-06-21 01:01:04.992000,2026-06-21 01:39:41.162000,2026-06-21 01:47:29.077000,38.6,7.8,46.4,3.1275,0.8352,0.7355,2.9139,0.8584,0.7669,0.6558,0.444,3.7e-05,3.5e-05,0
sthelar40x_liver_5class_spatial_vera_adaptformer_r8_a8_red16_decoder_conv_adapters_lr5e-5_e10_seed42_CLEAN,8,10,2026-06-21 01:47:31.058000,2026-06-21 02:26:05.375000,2026-06-21 02:33:53.491000,38.57,7.8,46.37,3.1007,0.8381,0.7389,2.9662,0.8574,0.7648,0.6536,0.4331,3.5e-05,3.3e-05,0
sthelar40x_liver_5class_spatial_vera_adaptformer_r8_a8_red16_decoder_conv_adapters_lr5e-5_e10_seed42_CLEAN,9,10,2026-06-21 02:33:55.499000,2026-06-21 03:12:35.535000,2026-06-21 03:20:27,38.67,7.86,46.53,3.0801,0.8376,0.7391,2.8806,0.8599,0.7686,0.6576,0.4503,3.3e-05,3.2e-05,0
sthelar40x_liver_5class_spatial_vera_adaptformer_r8_a8_red16_decoder_conv_adapters_lr5e-5_e10_seed42_CLEAN,10,10,2026-06-21 03:20:28.991000,2026-06-21 03:58:50.121000,2026-06-21 04:06:40.688000,38.35,7.84,46.19,3.0652,0.8397,0.7415,2.8599,0.8607,0.7701,0.6592,0.453,3.2e-05,3e-05,0
sthelar40x_liver_5class_spatial_vera_adaptformer_r8_a8_red16_decoder_conv_adapters_lr5e-5_e10_seed43_CLEAN,1,10,2026-06-23 10:24:39.801000,2026-06-23 10:58:49.398000,2026-06-23 11:07:00.873000,34.16,8.19,42.35,5.2725,0.8057,0.6918,4.2893,0.8517,0.7563,0.6449,0.3987,5e-05,4.8e-05,1
sthelar40x_liver_5class_spatial_vera_adaptformer_r8_a8_red16_decoder_conv_adapters_lr5e-5_e10_seed43_CLEAN,2,10,2026-06-23 11:07:05.724000,2026-06-23 11:41:16.887000,2026-06-23 11:49:30.706000,34.19,8.23,42.42,4.3909,0.8247,0.7199,4.2035,0.8442,0.7444,0.631,0.4076,4.8e-05,4.5e-05,0
sthelar40x_liver_5class_spatial_vera_adaptformer_r8_a8_red16_decoder_conv_adapters_lr5e-5_e10_seed43_CLEAN,3,10,2026-06-23 11:49:32.872000,2026-06-23 12:23:27.297000,2026-06-23 12:31:31.015000,33.91,8.06,41.97,3.618,0.8297,0.727,3.0264,0.8591,0.7685,0.6571,0.4351,4.5e-05,4.3e-05,1
sthelar40x_liver_5class_spatial_vera_adaptformer_r8_a8_red16_decoder_conv_adapters_lr5e-5_e10_seed43_CLEAN,4,10,2026-06-23 12:31:35.389000,2026-06-23 13:05:36.166000,2026-06-23 13:13:50.927000,34.01,8.25,42.26,3.2553,0.8301,0.7288,2.9938,0.8594,0.7697,0.6605,0.4392,4.3e-05,4.1e-05,1
sthelar40x_liver_5class_spatial_vera_adaptformer_r8_a8_red16_decoder_conv_adapters_lr5e-5_e10_seed43_CLEAN,5,10,2026-06-23 13:13:55.451000,2026-06-23 13:48:04.030000,2026-06-23 13:56:27.592000,34.14,8.39,42.54,3.2016,0.8324,0.7323,2.9993,0.853,0.7584,0.648,0.4328,4.1e-05,3.9e-05,0
sthelar40x_liver_5class_spatial_vera_adaptformer_r8_a8_red16_decoder_conv_adapters_lr5e-5_e10_seed43_CLEAN,6,10,2026-06-23 13:56:30.931000,2026-06-23 14:30:41.409000,2026-06-23 14:38:29.501000,34.17,7.8,41.98,3.1642,0.8353,0.7358,2.9487,0.8577,0.7656,0.6555,0.4407,3.9e-05,3.7e-05,0
sthelar40x_liver_5class_spatial_vera_adaptformer_r8_a8_red16_decoder_conv_adapters_lr5e-5_e10_seed43_CLEAN,7,10,2026-06-23 14:38:31.610000,2026-06-23 15:12:59.911000,2026-06-23 15:21:04.786000,34.47,8.08,42.55,3.1389,0.8364,0.7371,2.88,0.864,0.7753,0.6653,0.4519,3.7e-05,3.5e-05,1
sthelar40x_liver_5class_spatial_vera_adaptformer_r8_a8_red16_decoder_conv_adapters_lr5e-5_e10_seed43_CLEAN,8,10,2026-06-23 15:21:08.798000,2026-06-23 15:55:22.279000,2026-06-23 16:03:20.602000,34.22,7.97,42.2,3.108,0.8385,0.7393,2.867,0.865,0.7765,0.6678,0.4528,3.5e-05,3.3e-05,1
sthelar40x_liver_5class_spatial_vera_adaptformer_r8_a8_red16_decoder_conv_adapters_lr5e-5_e10_seed43_CLEAN,9,10,2026-06-23 16:03:24.658000,2026-06-23 16:37:41.075000,2026-06-23 16:45:53.113000,34.27,8.2,42.47,3.0862,0.8394,0.7411,2.8678,0.862,0.7724,0.661,0.4481,3.3e-05,3.2e-05,0
sthelar40x_liver_5class_spatial_vera_adaptformer_r8_a8_red16_decoder_conv_adapters_lr5e-5_e10_seed43_CLEAN,10,10,2026-06-23 16:45:55.878000,2026-06-23 17:19:59.381000,2026-06-23 17:28:07.548000,34.06,8.14,42.19,3.0784,0.8394,0.7414,2.8951,0.8579,0.7662,0.6544,0.4472,3.2e-05,3e-05,0
sthelar40x_liver_5class_spatial_vera_r8_a8_decoder_all_lr5e-5_e10_seed42_CLEAN,1,10,2026-06-20 11:33:10.912000,2026-06-20 12:08:56.001000,2026-06-20 12:16:14.317000,35.75,7.31,43.06,4.6382,0.8037,0.6902,4.2598,0.8335,0.7288,0.6071,0.3822,5e-05,4.8e-05,1
sthelar40x_liver_5class_spatial_vera_r8_a8_decoder_all_lr5e-5_e10_seed42_CLEAN,2,10,2026-06-20 12:16:18.890000,2026-06-20 12:51:55.265000,2026-06-20 12:59:08.836000,35.61,7.23,42.83,4.2062,0.8169,0.7085,3.2808,0.8308,0.7257,0.6026,0.3831,4.8e-05,4.5e-05,0
sthelar40x_liver_5class_spatial_vera_r8_a8_decoder_all_lr5e-5_e10_seed42_CLEAN,3,10,2026-06-20 12:59:11.311000,2026-06-20 13:34:41.072000,2026-06-20 13:41:56.348000,35.5,7.25,42.75,3.3535,0.8195,0.7129,3.1088,0.8421,0.742,0.6226,0.4056,4.5e-05,4.3e-05,1
sthelar40x_liver_5class_spatial_vera_r8_a8_decoder_all_lr5e-5_e10_seed42_CLEAN,4,10,2026-06-20 13:42:00.820000,2026-06-20 14:17:39.475000,2026-06-20 14:24:58.395000,35.64,7.32,42.96,3.3149,0.8223,0.7164,3.1069,0.8419,0.7425,0.6182,0.4017,4.3e-05,4.1e-05,0
sthelar40x_liver_5class_spatial_vera_r8_a8_decoder_all_lr5e-5_e10_seed42_CLEAN,5,10,2026-06-20 14:25:00.793000,2026-06-20 15:00:23.398000,2026-06-20 15:07:35.847000,35.38,7.21,42.58,3.2831,0.8246,0.7193,3.0442,0.8504,0.7556,0.6338,0.4111,4.1e-05,3.9e-05,1
sthelar40x_liver_5class_spatial_vera_r8_a8_decoder_all_lr5e-5_e10_seed42_CLEAN,6,10,2026-06-20 15:07:40.322000,2026-06-20 15:43:01.492000,2026-06-20 15:50:17.965000,35.35,7.27,42.63,3.2759,0.8253,0.7208,3.024,0.8517,0.7564,0.638,0.4194,3.9e-05,3.7e-05,1
sthelar40x_liver_5class_spatial_vera_r8_a8_decoder_all_lr5e-5_e10_seed42_CLEAN,7,10,2026-06-20 15:50:22.463000,2026-06-20 16:25:53.616000,2026-06-20 16:33:07.842000,35.52,7.24,42.76,3.2587,0.8267,0.7225,3.0512,0.8472,0.7496,0.6275,0.415,3.7e-05,3.5e-05,0
sthelar40x_liver_5class_spatial_vera_r8_a8_decoder_all_lr5e-5_e10_seed42_CLEAN,8,10,2026-06-20 16:33:10.411000,2026-06-20 17:08:36.618000,2026-06-20 17:15:53.786000,35.44,7.29,42.72,3.2327,0.83,0.7262,3.0222,0.8508,0.7546,0.6325,0.4167,3.5e-05,3.3e-05,0
sthelar40x_liver_5class_spatial_vera_r8_a8_decoder_all_lr5e-5_e10_seed42_CLEAN,9,10,2026-06-20 17:15:56.006000,2026-06-20 17:51:17.310000,2026-06-20 17:58:32,35.36,7.24,42.6,3.2196,0.8293,0.7255,2.9872,0.8533,0.7587,0.6397,0.4239,3.3e-05,3.2e-05,1
sthelar40x_liver_5class_spatial_vera_r8_a8_decoder_all_lr5e-5_e10_seed42_CLEAN,10,10,2026-06-20 17:58:36.703000,2026-06-20 18:34:03.274000,2026-06-20 18:41:17.975000,35.44,7.25,42.69,3.2136,0.8312,0.7286,3.0266,0.8484,0.7515,0.6314,0.4174,3.2e-05,3e-05,0
sthelar40x_liver_5class_spatial_vit256_lora_adaptformer_r8_a8_gelu_red16_lr5e-5_e10_seed42_CLEAN,1,10,2026-06-18 17:29:16.585000,2026-06-18 17:58:47.046000,2026-06-18 18:05:27.133000,29.51,6.67,36.18,3.9353,0.7893,0.6702,3.1906,0.8443,0.7459,0.6248,0.394,5e-05,4.8e-05,1
sthelar40x_liver_5class_spatial_vit256_lora_adaptformer_r8_a8_gelu_red16_lr5e-5_e10_seed42_CLEAN,2,10,2026-06-18 18:05:28.100000,2026-06-18 18:34:34.469000,2026-06-18 18:41:06.637000,29.11,6.54,35.64,3.5066,0.803,0.6888,3.1584,0.8407,0.7411,0.6204,0.3942,4.8e-05,4.5e-05,0
sthelar40x_liver_5class_spatial_vit256_lora_adaptformer_r8_a8_gelu_red16_lr5e-5_e10_seed42_CLEAN,3,10,2026-06-18 18:41:07.027000,2026-06-18 19:10:21.834000,2026-06-18 19:17:01.596000,29.25,6.66,35.91,3.451,0.8069,0.6944,3.1449,0.8501,0.7541,0.6332,0.401,4.5e-05,4.3e-05,1
sthelar40x_liver_5class_spatial_vit256_lora_adaptformer_r8_a8_gelu_red16_lr5e-5_e10_seed42_CLEAN,4,10,2026-06-18 19:17:02.340000,2026-06-18 19:46:04.169000,2026-06-18 19:52:37.338000,29.03,6.55,35.58,3.4134,0.81,0.6987,3.1343,0.847,0.7497,0.6276,0.4039,4.3e-05,4.1e-05,0
sthelar40x_liver_5class_spatial_vit256_lora_adaptformer_r8_a8_gelu_red16_lr5e-5_e10_seed42_CLEAN,5,10,2026-06-18 19:52:37.749000,2026-06-18 20:21:57.978000,2026-06-18 20:28:40.327000,29.34,6.71,36.04,3.3895,0.8121,0.7012,3.0861,0.8468,0.7492,0.6274,0.4065,4.1e-05,3.9e-05,0
sthelar40x_liver_5class_spatial_vit256_lora_adaptformer_r8_a8_gelu_red16_lr5e-5_e10_seed42_CLEAN,6,10,2026-06-18 20:28:40.660000,2026-06-18 20:57:29.441000,2026-06-18 21:04:01.558000,28.81,6.54,35.35,3.3847,0.8128,0.7027,3.0519,0.8498,0.7535,0.6313,0.4124,3.9e-05,3.7e-05,0
sthelar40x_liver_5class_spatial_vit256_lora_adaptformer_r8_a8_gelu_red16_lr5e-5_e10_seed42_CLEAN,7,10,2026-06-18 21:04:01.867000,2026-06-18 21:33:29.372000,2026-06-18 21:40:13.816000,29.46,6.74,36.2,3.3569,0.8137,0.7046,3.0365,0.8502,0.7547,0.6341,0.4162,3.7e-05,3.5e-05,1
sthelar40x_liver_5class_spatial_vit256_lora_adaptformer_r8_a8_gelu_red16_lr5e-5_e10_seed42_CLEAN,8,10,2026-06-18 21:40:14.667000,2026-06-18 22:09:47.404000,2026-06-18 22:16:20.597000,29.55,6.55,36.1,3.3355,0.8172,0.7084,3.048,0.8506,0.7547,0.6329,0.4121,3.5e-05,3.3e-05,0
sthelar40x_liver_5class_spatial_vit256_lora_adaptformer_r8_a8_gelu_red16_lr5e-5_e10_seed42_CLEAN,9,10,2026-06-18 22:16:20.981000,2026-06-18 22:45:31.804000,2026-06-18 22:52:00.985000,29.18,6.49,35.67,3.3198,0.8167,0.7078,3.0176,0.8528,0.7587,0.6366,0.4199,3.3e-05,3.2e-05,1
sthelar40x_liver_5class_spatial_vit256_lora_adaptformer_r8_a8_gelu_red16_lr5e-5_e10_seed42_CLEAN,10,10,2026-06-18 22:52:01.720000,2026-06-18 23:20:59.726000,2026-06-18 23:27:31.634000,28.97,6.53,35.5,3.3094,0.818,0.71,3.0469,0.851,0.756,0.6346,0.4176,3.2e-05,3e-05,0
sthelar40x_liver_9class_slide_adaptformer_gelu_red16_lr5e-5_e10_seed42_CLEAN,1,10,2026-06-15 10:09:00.523000,2026-06-15 10:39:55.003000,2026-06-15 10:42:11.653000,30.91,2.28,33.19,8.1177,0.8303,0.7251,7.6474,0.8055,0.7026,0.5902,0.3106,5e-05,4.8e-05,1
sthelar40x_liver_9class_slide_adaptformer_gelu_red16_lr5e-5_e10_seed42_CLEAN,2,10,2026-06-15 10:42:18.962000,2026-06-15 11:12:19.046000,2026-06-15 11:14:36.560000,30.0,2.29,32.29,5.4822,0.8382,0.7373,4.4054,0.8119,0.7122,0.6007,0.3286,4.8e-05,4.5e-05,1
sthelar40x_liver_9class_slide_adaptformer_gelu_red16_lr5e-5_e10_seed42_CLEAN,3,10,2026-06-15 11:14:42.018000,2026-06-15 11:45:16.610000,2026-06-15 11:47:33.486000,30.58,2.28,32.86,4.6372,0.8411,0.7423,4.3622,0.8113,0.7105,0.5976,0.336,4.5e-05,4.3e-05,0
sthelar40x_liver_9class_slide_adaptformer_gelu_red16_lr5e-5_e10_seed42_CLEAN,4,10,2026-06-15 11:47:35.866000,2026-06-15 12:17:57.863000,2026-06-15 12:20:13.893000,30.37,2.27,32.63,4.5655,0.844,0.747,4.3228,0.8145,0.7175,0.6082,0.3416,4.3e-05,4.1e-05,1
sthelar40x_liver_9class_slide_adaptformer_gelu_red16_lr5e-5_e10_seed42_CLEAN,5,10,2026-06-15 12:20:18.809000,2026-06-15 12:51:29.825000,2026-06-15 12:53:58.259000,31.18,2.47,33.66,4.521,0.8463,0.7494,4.3062,0.8144,0.7128,0.5993,0.3449,4.1e-05,3.9e-05,0
sthelar40x_liver_9class_slide_adaptformer_gelu_red16_lr5e-5_e10_seed42_CLEAN,6,10,2026-06-15 12:55:12.522000,2026-06-15 13:37:02.548000,2026-06-15 13:39:18.314000,41.83,2.26,44.1,4.4796,0.8467,0.7497,4.3901,0.8071,0.7002,0.5819,0.3336,3.9e-05,3.7e-05,0
sthelar40x_liver_9class_slide_adaptformer_gelu_red16_lr5e-5_e10_seed42_CLEAN,7,10,2026-06-15 13:39:48.840000,2026-06-15 14:12:02.503000,2026-06-15 14:14:33.734000,32.23,2.52,34.75,4.4219,0.8482,0.7527,4.1798,0.8362,0.7439,0.6322,0.3661,3.7e-05,3.5e-05,1
sthelar40x_liver_9class_slide_adaptformer_gelu_red16_lr5e-5_e10_seed42_CLEAN,8,10,2026-06-15 14:14:40.413000,2026-06-15 14:45:04.395000,2026-06-15 14:47:17.852000,30.4,2.22,32.62,4.3957,0.8503,0.7549,4.2922,0.8208,0.7242,0.6135,0.3422,3.5e-05,3.3e-05,0
sthelar40x_liver_9class_slide_adaptformer_gelu_red16_lr5e-5_e10_seed42_CLEAN,9,10,2026-06-15 14:47:20.085000,2026-06-15 15:17:40.657000,2026-06-15 15:19:56.516000,30.34,2.26,32.61,4.3867,0.8525,0.7579,4.1659,0.8233,0.7245,0.6109,0.3593,3.3e-05,3.2e-05,0
sthelar40x_liver_9class_slide_adaptformer_gelu_red16_lr5e-5_e10_seed42_CLEAN,10,10,2026-06-15 15:19:58.847000,2026-06-15 15:50:24.665000,2026-06-15 15:52:44.594000,30.43,2.33,32.76,4.3636,0.8515,0.7575,4.1669,0.8191,0.7201,0.6074,0.3566,3.2e-05,3e-05,0
sthelar40x_liver_9class_slide_lora_ntonly_r4_a4_lr5e-5_e10_seed42_CLEAN,1,10,2026-06-15 10:15:27.688000,2026-06-15 10:44:29.290000,2026-06-15 10:46:43.152000,29.03,2.23,31.26,8.9837,0.8038,0.6878,8.3615,0.8074,0.7061,0.605,0.2902,5e-05,4.8e-05,1
sthelar40x_liver_9class_slide_lora_ntonly_r4_a4_lr5e-5_e10_seed42_CLEAN,2,10,2026-06-15 10:46:47.974000,2026-06-15 11:16:14.816000,2026-06-15 11:18:30.273000,29.45,2.26,31.7,6.4331,0.8174,0.7071,5.1815,0.8038,0.7012,0.5996,0.3097,4.8e-05,4.5e-05,0
sthelar40x_liver_9class_slide_lora_ntonly_r4_a4_lr5e-5_e10_seed42_CLEAN,3,10,2026-06-15 11:18:35.316000,2026-06-15 11:48:02.910000,2026-06-15 11:50:16.144000,29.46,2.22,31.68,5.3805,0.8199,0.7117,5.1917,0.8009,0.6974,0.5944,0.3009,4.5e-05,4.3e-05,0
sthelar40x_liver_9class_slide_lora_ntonly_r4_a4_lr5e-5_e10_seed42_CLEAN,4,10,2026-06-15 11:50:17.990000,2026-06-15 12:19:37.364000,2026-06-15 12:21:52.190000,29.32,2.25,31.57,5.3104,0.8223,0.7156,5.1318,0.7998,0.6967,0.595,0.3085,4.3e-05,4.1e-05,0
sthelar40x_liver_9class_slide_lora_ntonly_r4_a4_lr5e-5_e10_seed42_CLEAN,5,10,2026-06-15 12:21:54.557000,2026-06-15 12:52:09.989000,2026-06-15 12:54:23.756000,30.26,2.23,32.49,5.2534,0.8237,0.717,5.1251,0.7972,0.6931,0.5905,0.3135,4.1e-05,3.9e-05,0
sthelar40x_liver_9class_slide_lora_ntonly_r4_a4_lr5e-5_e10_seed42_CLEAN,6,10,2026-06-15 12:57:11.272000,2026-06-15 13:34:47.424000,2026-06-15 13:37:05.181000,37.6,2.3,39.9,5.2311,0.8231,0.7161,5.0478,0.7976,0.6935,0.5913,0.3111,3.9e-05,3.7e-05,0
sthelar40x_liver_9class_slide_lora_ntonly_r4_a4_lr5e-5_e10_seed42_CLEAN,7,10,2026-06-15 13:37:07.143000,2026-06-15 14:08:07.114000,2026-06-15 14:10:35.193000,31.0,2.47,33.47,5.1747,0.824,0.7184,5.0549,0.7958,0.6913,0.5884,0.3105,3.7e-05,3.5e-05,0
sthelar40x_liver_9class_slide_lora_ntonly_r4_a4_lr5e-5_e10_seed42_CLEAN,8,10,2026-06-15 14:10:37.054000,2026-06-15 14:40:03.172000,2026-06-15 14:42:16.486000,29.44,2.22,31.66,5.1555,0.8259,0.7202,4.9339,0.7984,0.6958,0.5938,0.3208,3.5e-05,3.3e-05,0
sthelar40x_liver_9class_slide_lora_ntonly_r4_a4_lr5e-5_e10_seed42_CLEAN,9,10,2026-06-15 14:42:18.506000,2026-06-15 15:11:57.830000,2026-06-15 15:14:10.478000,29.66,2.21,31.87,5.136,0.8268,0.7215,4.893,0.7981,0.6958,0.5937,0.323,3.3e-05,3.2e-05,0
sthelar40x_liver_9class_slide_lora_ntonly_r4_a4_lr5e-5_e10_seed42_CLEAN,10,10,2026-06-15 15:14:12.546000,2026-06-15 15:43:41.501000,2026-06-15 15:45:56.631000,29.48,2.25,31.73,5.1171,0.8261,0.7214,4.9091,0.7992,0.6976,0.5962,0.3248,3.2e-05,3e-05,0
sthelar40x_liver_9class_slide_lora_r8_a8_lr5e-5_e10_seed42_CLEAN,1,10,2026-06-15 10:09:00.522000,2026-06-15 10:41:35.883000,2026-06-15 10:43:56.539000,32.59,2.34,34.93,8.215,0.826,0.7197,7.7678,0.797,0.6912,0.5765,0.296,5e-05,4.8e-05,1
sthelar40x_liver_9class_slide_lora_r8_a8_lr5e-5_e10_seed42_CLEAN,2,10,2026-06-15 10:44:02.707000,2026-06-15 11:16:43.304000,2026-06-15 11:19:02.799000,32.68,2.32,35.0,5.6017,0.8364,0.7351,4.6245,0.8058,0.7028,0.5895,0.3137,4.8e-05,4.5e-05,1
sthelar40x_liver_9class_slide_lora_r8_a8_lr5e-5_e10_seed42_CLEAN,3,10,2026-06-15 11:19:09.366000,2026-06-15 11:51:56.774000,2026-06-15 11:54:17.219000,32.79,2.34,35.13,4.7228,0.8385,0.7387,4.3771,0.8217,0.7258,0.6168,0.3366,4.5e-05,4.3e-05,1
sthelar40x_liver_9class_slide_lora_r8_a8_lr5e-5_e10_seed42_CLEAN,4,10,2026-06-15 11:54:21.780000,2026-06-15 12:27:00.878000,2026-06-15 12:29:20.376000,32.65,2.32,34.98,4.658,0.8422,0.7441,4.3696,0.8177,0.7212,0.6101,0.3363,4.3e-05,4.1e-05,0
sthelar40x_liver_9class_slide_lora_r8_a8_lr5e-5_e10_seed42_CLEAN,5,10,2026-06-15 12:29:22.939000,2026-06-15 13:07:59.693000,2026-06-15 13:10:25.769000,38.61,2.43,41.05,4.6086,0.8443,0.7468,4.3765,0.8159,0.7149,0.6015,0.3352,4.1e-05,3.9e-05,0
sthelar40x_liver_9class_slide_lora_r8_a8_lr5e-5_e10_seed42_CLEAN,6,10,2026-06-15 13:13:05.380000,2026-06-15 13:49:15.299000,2026-06-15 13:51:34.039000,36.17,2.31,38.48,4.5773,0.8452,0.7478,4.3181,0.8194,0.7192,0.6046,0.3386,3.9e-05,3.7e-05,0
sthelar40x_liver_9class_slide_lora_r8_a8_lr5e-5_e10_seed42_CLEAN,7,10,2026-06-15 13:51:36.564000,2026-06-15 14:23:59.916000,2026-06-15 14:26:19.626000,32.39,2.33,34.72,4.5238,0.8457,0.7496,4.3677,0.8151,0.7128,0.599,0.3311,3.7e-05,3.5e-05,0
sthelar40x_liver_9class_slide_lora_r8_a8_lr5e-5_e10_seed42_CLEAN,8,10,2026-06-15 14:26:22.076000,2026-06-15 14:58:50.756000,2026-06-15 15:01:10.493000,32.48,2.33,34.81,4.5227,0.8487,0.7519,4.3509,0.8188,0.7184,0.6035,0.3393,3.5e-05,3.3e-05,0
sthelar40x_liver_9class_slide_lora_r8_a8_lr5e-5_e10_seed42_CLEAN,9,10,2026-06-15 15:01:12.978000,2026-06-15 15:33:37.510000,2026-06-15 15:35:59,32.41,2.36,34.77,4.5113,0.8503,0.7546,4.316,0.8226,0.7223,0.6089,0.3442,3.3e-05,3.2e-05,0
sthelar40x_liver_9class_slide_lora_r8_a8_lr5e-5_e10_seed42_CLEAN,10,10,2026-06-15 15:36:02.493000,2026-06-15 16:06:49.175000,2026-06-15 16:09:09.757000,30.78,2.34,33.12,4.4839,0.8492,0.7541,4.2249,0.8247,0.7289,0.6177,0.3538,3.2e-05,3e-05,1
sthelar40x_lung_5class_spatial_margin128_cap50000_fullft_lr1e-5_e10_seed42_CLEAN,1,10,2026-07-01 02:55:44.308000,2026-07-01 03:38:51.447000,2026-07-01 03:44:51.424000,43.12,6.0,49.12,4.7828,0.7665,0.6445,4.2036,0.8334,0.7218,0.5637,0.2989,1e-05,1e-05,1
sthelar40x_lung_5class_spatial_margin128_cap50000_fullft_lr1e-5_e10_seed42_CLEAN,2,10,2026-07-01 03:45:02.300000,2026-07-01 04:26:55.911000,2026-07-01 04:32:58.324000,41.89,6.04,47.93,4.261,0.7857,0.6685,4.0043,0.8412,0.7326,0.5809,0.3308,1e-05,9e-06,1
sthelar40x_lung_5class_spatial_margin128_cap50000_fullft_lr1e-5_e10_seed42_CLEAN,3,10,2026-07-01 04:33:12.554000,2026-07-01 05:16:18.404000,2026-07-01 05:22:14.159000,43.1,5.93,49.03,4.133,0.7938,0.6794,4.0248,0.8401,0.7312,0.5729,0.3224,9e-06,9e-06,0
sthelar40x_lung_5class_spatial_margin128_cap50000_fullft_lr1e-5_e10_seed42_CLEAN,4,10,2026-07-01 05:22:20.322000,2026-07-01 06:04:45.601000,2026-07-01 06:10:43.908000,42.42,5.97,48.39,4.0634,0.7977,0.6856,3.9919,0.8344,0.7227,0.5637,0.3204,9e-06,8e-06,0
sthelar40x_lung_5class_spatial_margin128_cap50000_fullft_lr1e-5_e10_seed42_CLEAN,5,10,2026-07-01 06:10:49.705000,2026-07-01 06:56:03.255000,2026-07-01 07:02:07.065000,45.23,6.06,51.29,4.0105,0.8009,0.689,3.8092,0.8495,0.7449,0.5955,0.3524,8e-06,8e-06,1
sthelar40x_lung_5class_spatial_margin128_cap50000_fullft_lr1e-5_e10_seed42_CLEAN,6,10,2026-07-01 07:02:22.200000,2026-07-01 07:45:05.386000,2026-07-01 07:51:12.703000,42.72,6.12,48.84,3.9843,0.8047,0.6932,3.7859,0.8506,0.7466,0.5914,0.3498,8e-06,7e-06,0
sthelar40x_lung_5class_spatial_margin128_cap50000_fullft_lr1e-5_e10_seed42_CLEAN,7,10,2026-07-01 07:51:21.666000,2026-07-01 08:33:44.593000,2026-07-01 08:39:41.644000,42.38,5.95,48.33,3.9424,0.8074,0.6964,3.8292,0.8455,0.7393,0.5851,0.3428,7e-06,7e-06,0
sthelar40x_lung_5class_spatial_margin128_cap50000_fullft_lr1e-5_e10_seed42_CLEAN,8,10,2026-07-01 08:39:51.624000,2026-07-01 09:22:53.489000,2026-07-01 09:28:50.844000,43.03,5.96,48.99,3.9035,0.8103,0.6997,3.8434,0.842,0.7337,0.5778,0.3496,7e-06,7e-06,0
sthelar40x_lung_5class_spatial_margin128_cap50000_fullft_lr1e-5_e10_seed42_CLEAN,9,10,2026-07-01 09:28:57.122000,2026-07-01 10:11:48.167000,2026-07-01 10:17:44.271000,42.85,5.94,48.79,3.5088,0.808,0.7,3.1401,0.8442,0.7374,0.5781,0.3525,7e-06,6e-06,0
sthelar40x_lung_5class_spatial_margin128_cap50000_fullft_lr1e-5_e10_seed42_CLEAN,10,10,2026-07-01 10:17:54.343000,2026-07-01 11:01:10.906000,2026-07-01 11:07:08.759000,43.28,5.96,49.24,2.9499,0.8102,0.7017,2.774,0.8489,0.744,0.5935,0.3652,6e-06,6e-06,0
sthelar40x_lung_5class_spatial_margin128_cap50000_lora_adaptformer_r8_a8_red16_decoder_heads_only_lr5e-5_e10_seed42_CLEAN,1,10,2026-06-30 09:24:58.372000,2026-06-30 10:25:02.215000,2026-06-30 10:34:40.301000,60.06,9.63,69.7,6.8334,0.7324,0.5989,5.3979,0.8131,0.6931,0.5303,0.2445,5e-05,4.8e-05,1
sthelar40x_lung_5class_spatial_margin128_cap50000_lora_adaptformer_r8_a8_red16_decoder_heads_only_lr5e-5_e10_seed42_CLEAN,2,10,2026-06-30 10:34:43.876000,2026-06-30 11:35:35.651000,2026-06-30 11:45:04.785000,60.86,9.49,70.35,5.2424,0.7652,0.641,4.9543,0.8228,0.7059,0.5505,0.2702,4.8e-05,4.5e-05,1
sthelar40x_lung_5class_spatial_margin128_cap50000_lora_adaptformer_r8_a8_red16_decoder_heads_only_lr5e-5_e10_seed42_CLEAN,3,10,2026-06-30 11:45:08.055000,2026-06-30 12:46:00.683000,2026-06-30 12:55:46.610000,60.88,9.77,70.64,4.9192,0.7739,0.6523,4.6598,0.8302,0.7164,0.5639,0.2884,4.5e-05,4.3e-05,1
sthelar40x_lung_5class_spatial_margin128_cap50000_lora_adaptformer_r8_a8_red16_decoder_heads_only_lr5e-5_e10_seed42_CLEAN,4,10,2026-06-30 12:55:50.200000,2026-06-30 13:56:57.605000,2026-06-30 14:06:53.904000,61.12,9.94,71.06,4.0787,0.7778,0.6583,3.7462,0.8298,0.7156,0.5653,0.295,4.3e-05,4.1e-05,1
sthelar40x_lung_5class_spatial_margin128_cap50000_lora_adaptformer_r8_a8_red16_decoder_heads_only_lr5e-5_e10_seed42_CLEAN,5,10,2026-06-30 14:07:01.878000,2026-06-30 15:08:48.551000,2026-06-30 15:18:36.537000,61.78,9.8,71.58,3.7498,0.7824,0.664,3.5369,0.8349,0.7234,0.575,0.3085,4.1e-05,3.9e-05,1
sthelar40x_lung_5class_spatial_margin128_cap50000_lora_adaptformer_r8_a8_red16_decoder_heads_only_lr5e-5_e10_seed42_CLEAN,6,10,2026-06-30 15:18:40.296000,2026-06-30 16:20:40.356000,2026-06-30 16:30:28.286000,62.0,9.8,71.8,3.6558,0.7873,0.6698,3.5813,0.8312,0.7175,0.5688,0.2949,3.9e-05,3.7e-05,0
sthelar40x_lung_5class_spatial_margin128_cap50000_lora_adaptformer_r8_a8_red16_decoder_heads_only_lr5e-5_e10_seed42_CLEAN,7,10,2026-06-30 16:30:28.365000,2026-06-30 17:31:34.968000,2026-06-30 17:41:16.813000,61.11,9.7,70.81,3.5948,0.7896,0.6735,3.475,0.8329,0.7205,0.572,0.3073,3.7e-05,3.5e-05,0
sthelar40x_lung_5class_spatial_margin128_cap50000_lora_adaptformer_r8_a8_red16_decoder_heads_only_lr5e-5_e10_seed42_CLEAN,8,10,2026-06-30 17:41:16.818000,2026-06-30 18:43:11.301000,2026-06-30 18:52:35.356000,61.91,9.4,71.31,3.546,0.7929,0.6772,3.4111,0.8375,0.7272,0.5805,0.3171,3.5e-05,3.3e-05,1
sthelar40x_lung_5class_spatial_margin128_cap50000_lora_adaptformer_r8_a8_red16_decoder_heads_only_lr5e-5_e10_seed42_CLEAN,9,10,2026-06-30 18:52:40.432000,2026-06-30 19:54:17.926000,2026-06-30 20:03:51.352000,61.62,9.56,71.18,3.5179,0.793,0.6768,3.3724,0.8388,0.7289,0.5832,0.3281,3.3e-05,3.2e-05,1
sthelar40x_lung_5class_spatial_margin128_cap50000_lora_adaptformer_r8_a8_red16_decoder_heads_only_lr5e-5_e10_seed42_CLEAN,10,10,2026-06-30 20:03:54.728000,2026-06-30 21:09:28.604000,2026-06-30 21:18:26.939000,65.56,8.97,74.54,3.4805,0.7945,0.6796,3.3227,0.8389,0.7289,0.584,0.336,3.2e-05,3e-05,1
sthelar40x_lung_5class_spatial_margin128_cap50000_lora_adaptformer_r8_a8_red16_decoder_heads_only_lr5e-5_e10_seed42_CLEAN,1,10,2026-07-01 02:59:24.509000,2026-07-01 03:35:02.355000,2026-07-01 03:40:24.392000,35.63,5.37,41.0,6.8337,0.7323,0.599,5.4022,0.8143,0.6951,0.5336,0.2403,5e-05,4.8e-05,1
sthelar40x_lung_5class_spatial_margin128_cap50000_lora_adaptformer_r8_a8_red16_decoder_heads_only_lr5e-5_e10_seed42_CLEAN,2,10,2026-07-01 03:40:28.921000,2026-07-01 04:16:37.471000,2026-07-01 04:22:13.588000,36.14,5.6,41.74,5.2484,0.7651,0.641,4.9595,0.8229,0.7059,0.5521,0.2699,4.8e-05,4.5e-05,1
sthelar40x_lung_5class_spatial_margin128_cap50000_lora_adaptformer_r8_a8_red16_decoder_heads_only_lr5e-5_e10_seed42_CLEAN,3,10,2026-07-01 04:24:53.675000,2026-07-01 05:01:47.326000,2026-07-01 05:07:26.092000,36.89,5.65,42.54,4.9211,0.7735,0.6521,4.6714,0.8298,0.7158,0.5636,0.2889,4.5e-05,4.3e-05,1
sthelar40x_lung_5class_spatial_margin128_cap50000_lora_adaptformer_r8_a8_red16_decoder_heads_only_lr5e-5_e10_seed42_CLEAN,4,10,2026-07-01 05:07:30.290000,2026-07-01 05:44:19.466000,2026-07-01 05:50:01.662000,36.82,5.7,42.52,4.0712,0.7776,0.6579,3.715,0.832,0.7189,0.5697,0.2964,4.3e-05,4.1e-05,1
sthelar40x_lung_5class_spatial_margin128_cap50000_lora_adaptformer_r8_a8_red16_decoder_heads_only_lr5e-5_e10_seed42_CLEAN,5,10,2026-07-01 05:50:05.438000,2026-07-01 06:27:39.128000,2026-07-01 06:33:14.213000,37.56,5.58,43.15,3.7483,0.7821,0.6636,3.5747,0.8328,0.72,0.5708,0.3015,4.1e-05,3.9e-05,1
sthelar40x_lung_5class_spatial_margin128_cap50000_lora_adaptformer_r8_a8_red16_decoder_heads_only_lr5e-5_e10_seed42_CLEAN,6,10,2026-07-01 06:33:18.043000,2026-07-01 07:09:24.685000,2026-07-01 07:15:16.414000,36.11,5.86,41.97,3.6555,0.787,0.6696,3.5883,0.8307,0.7167,0.5666,0.2951,3.9e-05,3.7e-05,0
sthelar40x_lung_5class_spatial_margin128_cap50000_lora_adaptformer_r8_a8_red16_decoder_heads_only_lr5e-5_e10_seed42_CLEAN,7,10,2026-07-01 07:15:19.168000,2026-07-01 07:51:47.821000,2026-07-01 07:57:31.993000,36.48,5.74,42.21,3.5941,0.7893,0.6733,3.4468,0.8335,0.7211,0.5737,0.312,3.7e-05,3.5e-05,1
sthelar40x_lung_5class_spatial_margin128_cap50000_lora_adaptformer_r8_a8_red16_decoder_heads_only_lr5e-5_e10_seed42_CLEAN,8,10,2026-07-01 07:57:37.014000,2026-07-01 08:34:09.799000,2026-07-01 08:39:47.560000,36.55,5.63,42.18,3.5434,0.7924,0.6769,3.4057,0.8385,0.7285,0.5831,0.3176,3.5e-05,3.3e-05,1
sthelar40x_lung_5class_spatial_margin128_cap50000_lora_adaptformer_r8_a8_red16_decoder_heads_only_lr5e-5_e10_seed42_CLEAN,9,10,2026-07-01 08:39:52.238000,2026-07-01 09:16:04.792000,2026-07-01 09:21:46.029000,36.21,5.69,41.9,3.5159,0.7925,0.6763,3.3565,0.8392,0.7295,0.5839,0.3281,3.3e-05,3.2e-05,1
sthelar40x_lung_5class_spatial_margin128_cap50000_lora_adaptformer_r8_a8_red16_decoder_heads_only_lr5e-5_e10_seed42_CLEAN,10,10,2026-07-01 09:21:49.923000,2026-07-01 09:58:41.301000,2026-07-01 10:04:28.724000,36.86,5.79,42.65,3.4782,0.7942,0.6792,3.3042,0.84,0.7307,0.5865,0.3393,3.2e-05,3e-05,1
sthelar40x_lung_5class_spatial_margin128_cap50000_lora_adaptformer_r8_a8_red16_decoder_heads_only_lr5e-5_e10_seed43_CLEAN,1,10,2026-06-30 23:48:12.071000,2026-07-01 00:53:35.721000,2026-07-01 01:03:48.372000,65.39,10.21,75.61,6.46,0.7375,0.6045,5.512,0.8148,0.6958,0.533,0.2168,5e-05,4.8e-05,1
sthelar40x_lung_5class_spatial_margin128_cap50000_lora_adaptformer_r8_a8_red16_decoder_heads_only_lr5e-5_e10_seed43_CLEAN,2,10,2026-07-01 01:03:52.359000,2026-07-01 02:08:44.862000,2026-07-01 02:18:35.715000,64.88,9.85,74.72,5.2437,0.7664,0.6428,4.9854,0.8283,0.7145,0.5605,0.2809,4.8e-05,4.5e-05,1
sthelar40x_lung_5class_spatial_margin128_cap50000_lora_adaptformer_r8_a8_red16_decoder_heads_only_lr5e-5_e10_seed43_CLEAN,3,10,2026-07-01 02:18:39.921000,2026-07-01 03:24:26.305000,2026-07-01 03:34:16.397000,65.77,9.83,75.61,4.6534,0.7752,0.654,4.1668,0.8312,0.7179,0.5668,0.2918,4.5e-05,4.3e-05,1
sthelar40x_lung_5class_spatial_margin128_cap50000_lora_adaptformer_r8_a8_red16_decoder_heads_only_lr5e-5_e10_seed43_CLEAN,4,10,2026-07-01 03:34:19.840000,2026-07-01 04:40:31.808000,2026-07-01 04:50:31.322000,66.2,9.99,76.19,3.8917,0.78,0.6602,3.6161,0.8351,0.7236,0.5744,0.3051,4.3e-05,4.1e-05,1
sthelar40x_lung_5class_spatial_margin128_cap50000_lora_adaptformer_r8_a8_red16_decoder_heads_only_lr5e-5_e10_seed43_CLEAN,5,10,2026-07-01 04:50:34.901000,2026-07-01 05:56:27.051000,2026-07-01 06:06:10.222000,65.87,9.72,75.59,3.7196,0.7852,0.6663,3.6244,0.8285,0.7142,0.5612,0.3029,4.1e-05,3.9e-05,0
sthelar40x_lung_5class_spatial_margin128_cap50000_lora_adaptformer_r8_a8_red16_decoder_heads_only_lr5e-5_e10_seed43_CLEAN,6,10,2026-07-01 06:06:10.227000,2026-07-01 07:11:13.417000,2026-07-01 07:21:08.936000,65.05,9.93,74.98,3.6336,0.7882,0.6713,3.5646,0.8288,0.7148,0.5638,0.3037,3.9e-05,3.7e-05,0
sthelar40x_lung_5class_spatial_margin128_cap50000_lora_adaptformer_r8_a8_red16_decoder_heads_only_lr5e-5_e10_seed43_CLEAN,7,10,2026-07-01 07:21:08.941000,2026-07-01 08:25:54.351000,2026-07-01 08:36:02.294000,64.76,10.13,74.89,3.5644,0.7916,0.6752,3.3938,0.8409,0.7319,0.5873,0.3295,3.7e-05,3.5e-05,1
sthelar40x_lung_5class_spatial_margin128_cap50000_lora_adaptformer_r8_a8_red16_decoder_heads_only_lr5e-5_e10_seed43_CLEAN,8,10,2026-07-01 08:36:06.047000,2026-07-01 09:41:05.906000,2026-07-01 09:51:19.680000,65.0,10.23,75.23,3.5185,0.7921,0.6764,3.3594,0.8416,0.7327,0.5865,0.3352,3.5e-05,3.3e-05,0
sthelar40x_lung_5class_spatial_margin128_cap50000_lora_adaptformer_r8_a8_red16_decoder_heads_only_lr5e-5_e10_seed43_CLEAN,9,10,2026-07-01 09:51:19.686000,2026-07-01 10:56:30.566000,2026-07-01 11:06:52.839000,65.18,10.37,75.55,3.4849,0.7931,0.6781,3.3757,0.8312,0.7179,0.5652,0.3259,3.3e-05,3.2e-05,0
sthelar40x_lung_5class_spatial_margin128_cap50000_lora_adaptformer_r8_a8_red16_decoder_heads_only_lr5e-5_e10_seed43_CLEAN,10,10,2026-07-01 11:06:52.883000,2026-07-01 12:12:34.923000,2026-07-01 12:22:54.182000,65.7,10.32,76.02,3.4456,0.7975,0.6822,3.3069,0.8304,0.7168,0.5655,0.3334,3.2e-05,3e-05,0
sthelar40x_ovary_5class_spatial_margin128_fullft_lr1e-5_e10_seed42_CLEAN,1,10,2026-06-27 20:07:08.912000,2026-06-27 20:56:43.457000,2026-06-27 21:04:23.635000,49.58,7.67,57.25,4.9317,0.7709,0.6517,4.4291,0.8275,0.7192,0.5597,0.3245,1e-05,1e-05,1
sthelar40x_ovary_5class_spatial_margin128_fullft_lr1e-5_e10_seed42_CLEAN,2,10,2026-06-27 21:04:33.721000,2026-06-27 21:52:45.509000,2026-06-27 22:00:30.244000,48.2,7.75,55.94,4.4485,0.7872,0.6731,4.302,0.8335,0.7275,0.5691,0.3409,1e-05,9e-06,1
sthelar40x_ovary_5class_spatial_margin128_fullft_lr1e-5_e10_seed42_CLEAN,3,10,2026-06-27 22:00:40.749000,2026-06-27 22:49:31.594000,2026-06-27 22:57:11.348000,48.85,7.66,56.51,4.3363,0.7954,0.6833,4.2637,0.8335,0.7284,0.5728,0.3477,9e-06,9e-06,1
sthelar40x_ovary_5class_spatial_margin128_fullft_lr1e-5_e10_seed42_CLEAN,4,10,2026-06-27 22:57:21.846000,2026-06-27 23:46:22.082000,2026-06-27 23:53:56.899000,49.0,7.58,56.58,4.2877,0.798,0.6862,4.2512,0.8306,0.7235,0.562,0.3455,9e-06,8e-06,0
sthelar40x_ovary_5class_spatial_margin128_fullft_lr1e-5_e10_seed42_CLEAN,5,10,2026-06-27 23:54:02.272000,2026-06-28 00:42:42.857000,2026-06-28 00:50:35.487000,48.68,7.88,56.55,4.2358,0.7999,0.69,4.2708,0.8287,0.7208,0.5594,0.346,8e-06,8e-06,0
sthelar40x_ovary_5class_spatial_margin128_fullft_lr1e-5_e10_seed42_CLEAN,6,10,2026-06-28 00:50:40.711000,2026-06-28 01:38:34.693000,2026-06-28 01:46:27.837000,47.9,7.89,55.79,4.2064,0.8014,0.6914,4.2191,0.834,0.7279,0.5659,0.3518,8e-06,7e-06,0
sthelar40x_ovary_5class_spatial_margin128_fullft_lr1e-5_e10_seed42_CLEAN,7,10,2026-06-28 01:46:33.108000,2026-06-28 02:34:57.222000,2026-06-28 02:42:42.475000,48.4,7.75,56.16,4.1814,0.802,0.6933,4.1869,0.8352,0.7298,0.5718,0.3575,7e-06,7e-06,0
sthelar40x_ovary_5class_spatial_margin128_fullft_lr1e-5_e10_seed42_CLEAN,8,10,2026-06-28 02:42:47.709000,2026-06-28 03:31:03.747000,2026-06-28 03:38:54.462000,48.27,7.85,56.11,4.1269,0.8031,0.695,4.1609,0.8329,0.7256,0.5629,0.3465,7e-06,7e-06,0
sthelar40x_ovary_5class_spatial_margin128_fullft_lr1e-5_e10_seed42_CLEAN,9,10,2026-06-28 03:38:59.558000,2026-06-28 04:28:26.486000,2026-06-28 04:36:18.911000,49.45,7.87,57.32,3.3576,0.8046,0.698,3.2893,0.8372,0.7322,0.5735,0.3539,7e-06,6e-06,1
sthelar40x_ovary_5class_spatial_margin128_fullft_lr1e-5_e10_seed42_CLEAN,10,10,2026-06-28 04:36:29.436000,2026-06-28 05:24:27.280000,2026-06-28 05:32:20.585000,47.96,7.89,55.85,3.1445,0.8068,0.6989,3.2049,0.8344,0.7289,0.5681,0.3554,6e-06,6e-06,0
sthelar40x_ovary_5class_spatial_margin128_lora_adaptformer_r8_a8_red16_decoder_heads_only_lr5e-5_e10_seed42_CLEAN,1,10,2026-06-28 20:33:25.219000,2026-06-28 21:17:12.069000,2026-06-28 21:25:08.689000,43.78,7.94,51.72,6.9618,0.7383,0.6076,5.7145,0.815,0.7015,0.5402,0.2541,5e-05,4.8e-05,1
sthelar40x_ovary_5class_spatial_margin128_lora_adaptformer_r8_a8_red16_decoder_heads_only_lr5e-5_e10_seed42_CLEAN,2,10,2026-06-28 21:25:14.137000,2026-06-28 22:09:09.897000,2026-06-28 22:17:10.645000,43.93,8.01,51.94,5.463,0.7719,0.6517,5.1729,0.8284,0.7195,0.5665,0.304,4.8e-05,4.5e-05,1
sthelar40x_ovary_5class_spatial_margin128_lora_adaptformer_r8_a8_red16_decoder_heads_only_lr5e-5_e10_seed42_CLEAN,3,10,2026-06-28 22:17:15.694000,2026-06-28 22:59:42.893000,2026-06-28 23:07:10.067000,42.45,7.45,49.91,4.9968,0.7808,0.6629,4.5257,0.8243,0.7145,0.5607,0.3035,4.5e-05,4.3e-05,0
sthelar40x_ovary_5class_spatial_margin128_lora_adaptformer_r8_a8_red16_decoder_heads_only_lr5e-5_e10_seed42_CLEAN,4,10,2026-06-28 23:07:12.034000,2026-06-28 23:52:58.735000,2026-06-29 00:00:19.628000,45.78,7.35,53.13,4.1787,0.7835,0.6673,4.0136,0.8271,0.7185,0.5646,0.3196,4.3e-05,4.1e-05,0
sthelar40x_ovary_5class_spatial_margin128_lora_adaptformer_r8_a8_red16_decoder_heads_only_lr5e-5_e10_seed42_CLEAN,5,10,2026-06-29 00:00:21.569000,2026-06-29 00:47:30.699000,2026-06-29 00:54:50.848000,47.15,7.34,54.49,3.9968,0.7865,0.6717,3.945,0.829,0.7203,0.5666,0.3247,4.1e-05,3.9e-05,1
sthelar40x_ovary_5class_spatial_margin128_lora_adaptformer_r8_a8_red16_decoder_heads_only_lr5e-5_e10_seed42_CLEAN,6,10,2026-06-29 00:54:54.412000,2026-06-29 01:41:39.709000,2026-06-29 01:48:57.093000,46.75,7.29,54.04,3.9377,0.789,0.6735,3.7699,0.8309,0.723,0.5692,0.3339,3.9e-05,3.7e-05,1
sthelar40x_ovary_5class_spatial_margin128_lora_adaptformer_r8_a8_red16_decoder_heads_only_lr5e-5_e10_seed42_CLEAN,7,10,2026-06-29 01:49:00.639000,2026-06-29 02:35:54.016000,2026-06-29 02:43:15.776000,46.89,7.36,54.25,3.8698,0.7892,0.6752,3.8001,0.8317,0.7238,0.5704,0.335,3.7e-05,3.5e-05,1
sthelar40x_ovary_5class_spatial_margin128_lora_adaptformer_r8_a8_red16_decoder_heads_only_lr5e-5_e10_seed42_CLEAN,8,10,2026-06-29 02:43:19.447000,2026-06-29 03:30:13.707000,2026-06-29 03:37:35.852000,46.9,7.37,54.27,3.8113,0.7908,0.6766,3.8002,0.8263,0.7161,0.5597,0.3302,3.5e-05,3.3e-05,0
sthelar40x_ovary_5class_spatial_margin128_lora_adaptformer_r8_a8_red16_decoder_heads_only_lr5e-5_e10_seed42_CLEAN,9,10,2026-06-29 03:37:37.642000,2026-06-29 04:24:05.738000,2026-06-29 04:31:26.514000,46.47,7.35,53.81,3.7712,0.7919,0.6789,3.7082,0.8326,0.7256,0.5742,0.3382,3.3e-05,3.2e-05,1
sthelar40x_ovary_5class_spatial_margin128_lora_adaptformer_r8_a8_red16_decoder_heads_only_lr5e-5_e10_seed42_CLEAN,10,10,2026-06-29 04:31:30.396000,2026-06-29 05:18:47.795000,2026-06-29 05:26:05.962000,47.29,7.3,54.59,3.7173,0.7941,0.6809,3.716,0.8301,0.7217,0.567,0.3391,3.2e-05,3e-05,0
sthelar40x_ovary_5class_spatial_margin128_lora_adaptformer_r8_a8_red16_decoder_heads_only_lr5e-5_e10_seed43_CLEAN,1,10,2026-06-30 23:48:12.187000,2026-07-01 01:06:19.254000,2026-07-01 01:21:01.575000,78.12,14.71,92.82,6.8368,0.7398,0.6095,5.8219,0.8164,0.7032,0.5414,0.2565,5e-05,4.8e-05,1
sthelar40x_ovary_5class_spatial_margin128_lora_adaptformer_r8_a8_red16_decoder_heads_only_lr5e-5_e10_seed43_CLEAN,2,10,2026-07-01 01:21:05.352000,2026-07-01 02:39:19.459000,2026-07-01 02:53:42.258000,78.24,14.38,92.62,5.5119,0.7711,0.651,5.2962,0.8243,0.7151,0.5643,0.2904,4.8e-05,4.5e-05,1
sthelar40x_ovary_5class_spatial_margin128_lora_adaptformer_r8_a8_red16_decoder_heads_only_lr5e-5_e10_seed43_CLEAN,3,10,2026-07-01 02:53:45.620000,2026-07-01 04:12:45.464000,2026-07-01 04:27:10.270000,79.0,14.41,93.41,4.8935,0.7791,0.661,4.3344,0.828,0.7197,0.5693,0.3188,4.5e-05,4.3e-05,1
sthelar40x_ovary_5class_spatial_margin128_lora_adaptformer_r8_a8_red16_decoder_heads_only_lr5e-5_e10_seed43_CLEAN,4,10,2026-07-01 04:27:13.623000,2026-07-01 05:45:51.173000,2026-07-01 06:00:04.917000,78.63,14.23,92.85,4.18,0.783,0.6664,3.9837,0.8323,0.7258,0.578,0.3307,4.3e-05,4.1e-05,1
sthelar40x_ovary_5class_spatial_margin128_lora_adaptformer_r8_a8_red16_decoder_heads_only_lr5e-5_e10_seed43_CLEAN,5,10,2026-07-01 06:00:09.936000,2026-07-01 07:18:47.207000,2026-07-01 07:33:21.574000,78.62,14.57,93.19,4.0065,0.7855,0.6701,3.8966,0.8313,0.7241,0.5744,0.3251,4.1e-05,3.9e-05,0
sthelar40x_ovary_5class_spatial_margin128_lora_adaptformer_r8_a8_red16_decoder_heads_only_lr5e-5_e10_seed43_CLEAN,6,10,2026-07-01 07:33:21.584000,2026-07-01 08:49:50.259000,2026-07-01 09:04:22.143000,76.48,14.53,91.01,3.9246,0.7878,0.6728,3.8418,0.8314,0.7235,0.5731,0.3367,3.9e-05,3.7e-05,0
sthelar40x_ovary_5class_spatial_margin128_lora_adaptformer_r8_a8_red16_decoder_heads_only_lr5e-5_e10_seed43_CLEAN,7,10,2026-07-01 09:04:22.150000,2026-07-01 10:22:07.231000,2026-07-01 10:36:43.669000,77.75,14.61,92.36,3.8588,0.7899,0.6752,3.795,0.8313,0.7233,0.5721,0.3389,3.7e-05,3.5e-05,0
sthelar40x_ovary_5class_spatial_margin128_lora_adaptformer_r8_a8_red16_decoder_heads_only_lr5e-5_e10_seed43_CLEAN,8,10,2026-07-01 10:36:43.689000,2026-07-01 11:54:40.306000,2026-07-01 12:09:11.918000,77.94,14.53,92.47,3.8036,0.7905,0.6771,3.7471,0.8296,0.7207,0.5689,0.3441,3.5e-05,3.3e-05,0
sthelar40x_ovary_5class_spatial_margin128_lora_adaptformer_r8_a8_red16_decoder_heads_only_lr5e-5_e10_seed43_CLEAN,9,10,2026-07-01 12:09:11.925000,2026-07-01 13:27:08.333000,2026-07-01 13:41:23.773000,77.94,14.26,92.2,3.7629,0.7912,0.6774,3.7265,0.8332,0.7259,0.5762,0.3471,3.3e-05,3.2e-05,0
sthelar40x_ovary_5class_spatial_margin128_lora_adaptformer_r8_a8_red16_decoder_heads_only_lr5e-5_e10_seed43_CLEAN,10,10,2026-07-01 13:41:23.966000,2026-07-01 14:59:15.556000,2026-07-01 15:13:04.578000,77.86,13.82,91.68,3.7419,0.7937,0.6802,3.6955,0.8319,0.7244,0.5746,0.3491,3.2e-05,3e-05,0
sthelar40x_pancreatic_5class_spatial_margin128_cap50000_lora_adaptformer_r8_a8_red16_decoder_heads_only_lr5e-5_e10_seed43_CLEAN,1,10,2026-06-30 23:57:47.915000,2026-07-01 01:16:27.334000,2026-07-01 01:27:02.199000,78.66,10.58,89.24,6.9334,0.7396,0.6019,6.2795,0.7266,0.5876,0.3443,0.1591,5e-05,4.8e-05,1
sthelar40x_pancreatic_5class_spatial_margin128_cap50000_lora_adaptformer_r8_a8_red16_decoder_heads_only_lr5e-5_e10_seed43_CLEAN,2,10,2026-07-01 01:27:07.338000,2026-07-01 02:46:25.761000,2026-07-01 02:57:07.031000,79.31,10.69,89.99,5.5463,0.7713,0.6448,5.5085,0.7564,0.625,0.4167,0.2386,4.8e-05,4.5e-05,1
sthelar40x_pancreatic_5class_spatial_margin128_cap50000_lora_adaptformer_r8_a8_red16_decoder_heads_only_lr5e-5_e10_seed43_CLEAN,3,10,2026-07-01 02:57:11.047000,2026-07-01 04:16:38.044000,2026-07-01 04:27:15.353000,79.45,10.62,90.07,4.6246,0.7768,0.6513,4.5341,0.7529,0.6204,0.4112,0.2519,4.5e-05,4.3e-05,0
sthelar40x_pancreatic_5class_spatial_margin128_cap50000_lora_adaptformer_r8_a8_red16_decoder_heads_only_lr5e-5_e10_seed43_CLEAN,4,10,2026-07-01 04:27:15.470000,2026-07-01 05:46:25.933000,2026-07-01 05:57:01.617000,79.17,10.59,89.77,4.0817,0.7789,0.6544,4.3823,0.75,0.6169,0.4049,0.2477,4.3e-05,4.1e-05,0
sthelar40x_pancreatic_5class_spatial_margin128_cap50000_lora_adaptformer_r8_a8_red16_decoder_heads_only_lr5e-5_e10_seed43_CLEAN,5,10,2026-07-01 05:57:01.624000,2026-07-01 07:16:33.589000,2026-07-01 07:26:58.479000,79.53,10.41,89.95,3.9366,0.7828,0.6597,4.2228,0.7614,0.6316,0.4282,0.2646,4.1e-05,3.9e-05,1
sthelar40x_pancreatic_5class_spatial_margin128_cap50000_lora_adaptformer_r8_a8_red16_decoder_heads_only_lr5e-5_e10_seed43_CLEAN,6,10,2026-07-01 07:27:01.816000,2026-07-01 08:46:32.799000,2026-07-01 08:56:57.157000,79.52,10.41,89.92,3.8638,0.7853,0.6629,4.211,0.7589,0.6271,0.4243,0.2634,3.9e-05,3.7e-05,0
sthelar40x_pancreatic_5class_spatial_margin128_cap50000_lora_adaptformer_r8_a8_red16_decoder_heads_only_lr5e-5_e10_seed43_CLEAN,7,10,2026-07-01 08:56:57.162000,2026-07-01 10:19:05.268000,2026-07-01 10:29:40.006000,82.14,10.58,92.71,3.8059,0.7881,0.6659,4.1409,0.7656,0.6363,0.4376,0.2687,3.7e-05,3.5e-05,1
sthelar40x_pancreatic_5class_spatial_margin128_cap50000_lora_adaptformer_r8_a8_red16_decoder_heads_only_lr5e-5_e10_seed43_CLEAN,8,10,2026-07-01 10:29:43.973000,2026-07-01 11:49:21.169000,2026-07-01 11:59:54.388000,79.62,10.55,90.17,3.7435,0.7904,0.6687,4.0679,0.7674,0.639,0.44,0.2778,3.5e-05,3.3e-05,1
sthelar40x_pancreatic_5class_spatial_margin128_cap50000_lora_adaptformer_r8_a8_red16_decoder_heads_only_lr5e-5_e10_seed43_CLEAN,9,10,2026-07-01 11:59:57.636000,2026-07-01 13:19:02.441000,2026-07-01 13:29:49.590000,79.08,10.79,89.87,3.713,0.7898,0.6692,4.1267,0.767,0.6385,0.4366,0.2608,3.3e-05,3.2e-05,0
sthelar40x_pancreatic_5class_spatial_margin128_cap50000_lora_adaptformer_r8_a8_red16_decoder_heads_only_lr5e-5_e10_seed43_CLEAN,10,10,2026-07-01 13:29:49.693000,2026-07-01 14:49:46.847000,2026-07-01 15:00:36.786000,79.95,10.83,90.78,3.6789,0.7909,0.6707,4.0142,0.7688,0.6405,0.444,0.2822,3.2e-05,3e-05,1
sthelar40x_skin_5class_spatial_margin128_cap50000_lora_adaptformer_r8_a8_red16_decoder_heads_only_lr5e-5_e10_seed42_CLEAN,1,10,2026-06-30 09:24:57.750000,2026-06-30 10:07:51.405000,2026-06-30 10:14:18.919000,42.89,6.46,49.35,7.5231,0.6602,0.5378,6.302,0.6041,0.4838,0.3358,0.1287,5e-05,4.8e-05,1
sthelar40x_skin_5class_spatial_margin128_cap50000_lora_adaptformer_r8_a8_red16_decoder_heads_only_lr5e-5_e10_seed42_CLEAN,2,10,2026-06-30 10:14:23.633000,2026-06-30 10:57:45.530000,2026-06-30 11:04:16.117000,43.36,6.51,49.87,5.7843,0.6826,0.5656,5.9268,0.6195,0.502,0.3648,0.172,4.8e-05,4.5e-05,1
sthelar40x_skin_5class_spatial_margin128_cap50000_lora_adaptformer_r8_a8_red16_decoder_heads_only_lr5e-5_e10_seed42_CLEAN,3,10,2026-06-30 11:04:19.567000,2026-06-30 11:47:47.185000,2026-06-30 11:54:15.252000,43.46,6.47,49.93,5.3743,0.7031,0.5916,5.7172,0.6273,0.5127,0.3856,0.1961,4.5e-05,4.3e-05,1
sthelar40x_skin_5class_spatial_margin128_cap50000_lora_adaptformer_r8_a8_red16_decoder_heads_only_lr5e-5_e10_seed42_CLEAN,4,10,2026-06-30 11:54:18.532000,2026-06-30 12:37:47.542000,2026-06-30 12:44:07.825000,43.48,6.34,49.82,5.1643,0.7088,0.5979,5.5848,0.6344,0.5189,0.3885,0.2129,4.3e-05,4.1e-05,1
sthelar40x_skin_5class_spatial_margin128_cap50000_lora_adaptformer_r8_a8_red16_decoder_heads_only_lr5e-5_e10_seed42_CLEAN,5,10,2026-06-30 12:44:10.837000,2026-06-30 13:27:22.389000,2026-06-30 13:33:56.591000,43.19,6.57,49.76,5.0348,0.7111,0.6024,5.5297,0.6268,0.5126,0.3825,0.2137,4.1e-05,3.9e-05,0
sthelar40x_skin_5class_spatial_margin128_cap50000_lora_adaptformer_r8_a8_red16_decoder_heads_only_lr5e-5_e10_seed42_CLEAN,6,10,2026-06-30 13:33:56.596000,2026-06-30 14:17:11.280000,2026-06-30 14:23:47.160000,43.24,6.6,49.84,4.9134,0.7168,0.6092,5.5646,0.6258,0.5094,0.3772,0.2124,3.9e-05,3.7e-05,0
sthelar40x_skin_5class_spatial_margin128_cap50000_lora_adaptformer_r8_a8_red16_decoder_heads_only_lr5e-5_e10_seed42_CLEAN,7,10,2026-06-30 14:23:47.165000,2026-06-30 15:07:02.444000,2026-06-30 15:13:25.447000,43.25,6.38,49.64,4.8227,0.7187,0.6119,5.4566,0.6266,0.512,0.3817,0.2152,3.7e-05,3.5e-05,0
sthelar40x_skin_5class_spatial_margin128_cap50000_lora_adaptformer_r8_a8_red16_decoder_heads_only_lr5e-5_e10_seed42_CLEAN,8,10,2026-06-30 15:13:25.915000,2026-06-30 15:56:17.424000,2026-06-30 16:02:37.221000,42.86,6.33,49.19,4.7586,0.717,0.6103,5.4251,0.6365,0.5229,0.3979,0.2191,3.5e-05,3.3e-05,1
sthelar40x_skin_5class_spatial_margin128_cap50000_lora_adaptformer_r8_a8_red16_decoder_heads_only_lr5e-5_e10_seed42_CLEAN,9,10,2026-06-30 16:02:40.732000,2026-06-30 16:45:19.210000,2026-06-30 16:51:44.589000,42.64,6.42,49.06,4.6845,0.7209,0.6145,5.3809,0.6357,0.5199,0.3902,0.2222,3.3e-05,3.2e-05,0
sthelar40x_skin_5class_spatial_margin128_cap50000_lora_adaptformer_r8_a8_red16_decoder_heads_only_lr5e-5_e10_seed42_CLEAN,10,10,2026-06-30 16:51:44.594000,2026-06-30 17:34:18.721000,2026-06-30 17:40:30.494000,42.57,6.2,48.77,4.6266,0.7221,0.617,5.3397,0.6444,0.5302,0.406,0.2366,3.2e-05,3e-05,1
sthelar40x_skin_5class_spatial_margin128_cap50000_lora_adaptformer_r8_a8_red16_decoder_heads_only_lr5e-5_e10_seed43_CLEAN,1,10,2026-07-01 07:12:03.925000,2026-07-01 07:58:14.680000,2026-07-01 08:04:56.671000,46.18,6.7,52.88,7.0378,0.6604,0.5392,6.2804,0.6074,0.4889,0.3455,0.1247,5e-05,4.8e-05,1
sthelar40x_skin_5class_spatial_margin128_cap50000_lora_adaptformer_r8_a8_red16_decoder_heads_only_lr5e-5_e10_seed43_CLEAN,2,10,2026-07-01 08:05:00.115000,2026-07-01 08:51:01.932000,2026-07-01 08:57:32.463000,46.03,6.51,52.54,5.7258,0.6888,0.5714,6.0006,0.6132,0.5003,0.3672,0.1448,4.8e-05,4.5e-05,1
sthelar40x_skin_5class_spatial_margin128_cap50000_lora_adaptformer_r8_a8_red16_decoder_heads_only_lr5e-5_e10_seed43_CLEAN,3,10,2026-07-01 08:57:36.292000,2026-07-01 09:43:12.498000,2026-07-01 09:49:52.232000,45.6,6.66,52.27,5.3294,0.701,0.5894,5.7441,0.6204,0.5076,0.3815,0.1803,4.5e-05,4.3e-05,1
sthelar40x_skin_5class_spatial_margin128_cap50000_lora_adaptformer_r8_a8_red16_decoder_heads_only_lr5e-5_e10_seed43_CLEAN,4,10,2026-07-01 09:49:56.029000,2026-07-01 10:35:36.146000,2026-07-01 10:42:28.026000,45.67,6.86,52.53,5.1044,0.7111,0.602,5.6297,0.6377,0.5241,0.3982,0.2056,4.3e-05,4.1e-05,1
sthelar40x_skin_5class_spatial_margin128_cap50000_lora_adaptformer_r8_a8_red16_decoder_heads_only_lr5e-5_e10_seed43_CLEAN,5,10,2026-07-01 10:42:32.917000,2026-07-01 11:28:47.908000,2026-07-01 11:35:38.365000,46.25,6.84,53.09,4.9603,0.7113,0.604,5.616,0.6288,0.5128,0.3838,0.2042,4.1e-05,3.9e-05,0
sthelar40x_skin_5class_spatial_margin128_cap50000_lora_adaptformer_r8_a8_red16_decoder_heads_only_lr5e-5_e10_seed43_CLEAN,6,10,2026-07-01 11:35:38.370000,2026-07-01 12:21:52.469000,2026-07-01 12:28:27.405000,46.23,6.58,52.82,4.848,0.7133,0.6075,5.4805,0.6268,0.5125,0.384,0.2098,3.9e-05,3.7e-05,0
sthelar40x_skin_5class_spatial_margin128_cap50000_lora_adaptformer_r8_a8_red16_decoder_heads_only_lr5e-5_e10_seed43_CLEAN,7,10,2026-07-01 12:28:27.410000,2026-07-01 13:15:35.929000,2026-07-01 13:22:02.300000,47.14,6.44,53.58,4.7799,0.716,0.6097,5.5309,0.6215,0.5067,0.3718,0.2043,3.7e-05,3.5e-05,0
sthelar40x_skin_5class_spatial_margin128_cap50000_lora_adaptformer_r8_a8_red16_decoder_heads_only_lr5e-5_e10_seed43_CLEAN,8,10,2026-07-01 13:22:02.523000,2026-07-01 14:09:40.692000,2026-07-01 14:16:11.026000,47.64,6.51,54.14,4.7169,0.719,0.6134,5.4669,0.6183,0.5036,0.3696,0.2048,3.5e-05,3.3e-05,0
sthelar40x_skin_5class_spatial_margin128_cap50000_lora_adaptformer_r8_a8_red16_decoder_heads_only_lr5e-5_e10_seed43_CLEAN,9,10,2026-07-01 14:16:11.171000,2026-07-01 15:03:44.922000,2026-07-01 15:10:09.121000,47.56,6.4,53.97,4.6444,0.7228,0.6172,5.4123,0.6356,0.521,0.3929,0.2186,3.3e-05,3.2e-05,0
sthelar40x_skin_5class_spatial_margin128_cap50000_lora_adaptformer_r8_a8_red16_decoder_heads_only_lr5e-5_e10_seed43_CLEAN,10,10,2026-07-01 15:10:09.201000,2026-07-01 16:02:23.720000,2026-07-01 16:08:34.215000,52.24,6.17,58.42,4.6001,0.7218,0.6169,5.4169,0.6261,0.5104,0.3793,0.2123,3.2e-05,3e-05,0
sthelar40x_tonsil_5class_spatial_margin128_cap50000_lora_adaptformer_r8_a8_red16_decoder_heads_only_lr5e-5_e10_seed43_CLEAN,1,10,2026-06-30 23:29:06.992000,2026-07-01 01:14:02.940000,2026-07-01 01:46:42.546000,104.93,32.66,137.59,8.0018,0.731,0.5974,6.8315,0.7822,0.6548,0.5024,0.2129,5e-05,4.8e-05,1
sthelar40x_tonsil_5class_spatial_margin128_cap50000_lora_adaptformer_r8_a8_red16_decoder_heads_only_lr5e-5_e10_seed43_CLEAN,2,10,2026-07-01 01:46:46.052000,2026-07-01 03:30:29.691000,2026-07-01 04:04:01.312000,103.73,33.53,137.25,6.5818,0.7538,0.6273,6.1737,0.8125,0.6982,0.5578,0.2725,4.8e-05,4.5e-05,1
sthelar40x_tonsil_5class_spatial_margin128_cap50000_lora_adaptformer_r8_a8_red16_decoder_heads_only_lr5e-5_e10_seed43_CLEAN,3,10,2026-07-01 04:04:45.312000,2026-07-01 05:49:26.665000,2026-07-01 06:22:38.181000,104.69,33.19,137.88,5.7233,0.7615,0.6398,5.1312,0.8067,0.691,0.5531,0.2781,4.5e-05,4.3e-05,0
sthelar40x_tonsil_5class_spatial_margin128_cap50000_lora_adaptformer_r8_a8_red16_decoder_heads_only_lr5e-5_e10_seed43_CLEAN,4,10,2026-07-01 06:22:38.333000,2026-07-01 08:06:53.351000,2026-07-01 08:40:04.899000,104.25,33.19,137.44,5.1211,0.7644,0.6444,4.8708,0.8038,0.687,0.5463,0.2814,4.3e-05,4.1e-05,0
sthelar40x_tonsil_5class_spatial_margin128_cap50000_lora_adaptformer_r8_a8_red16_decoder_heads_only_lr5e-5_e10_seed43_CLEAN,5,10,2026-07-01 08:40:04.905000,2026-07-01 10:25:08.891000,2026-07-01 10:55:52.164000,105.07,30.72,135.79,4.9904,0.7676,0.6483,4.765,0.8136,0.6987,0.5577,0.2929,4.1e-05,3.9e-05,0
sthelar40x_tonsil_5class_spatial_margin128_cap50000_lora_adaptformer_r8_a8_red16_decoder_heads_only_lr5e-5_e10_seed43_CLEAN,6,10,2026-07-01 10:55:52.170000,2026-07-01 12:41:44.358000,2026-07-01 13:15:15.641000,105.87,33.52,139.39,4.9029,0.7697,0.651,4.7067,0.8194,0.7066,0.5632,0.2993,3.9e-05,3.7e-05,1
sthelar40x_tonsil_5class_spatial_margin128_cap50000_lora_adaptformer_r8_a8_red16_decoder_heads_only_lr5e-5_e10_seed43_CLEAN,7,10,2026-07-01 13:15:19.113000,2026-07-01 15:00:15.249000,2026-07-01 15:34:01.712000,104.94,33.77,138.71,4.8478,0.7713,0.6531,4.6697,0.8165,0.7043,0.5644,0.2999,3.7e-05,3.5e-05,1
sthelar40x_tonsil_5class_spatial_margin128_cap50000_lora_adaptformer_r8_a8_red16_decoder_heads_only_lr5e-5_e10_seed43_CLEAN,8,10,2026-07-01 15:34:05.040000,2026-07-01 17:21:00.706000,2026-07-01 17:54:18.698000,106.93,33.3,140.23,4.8083,0.7739,0.6558,4.6379,0.8106,0.6963,0.5561,0.2979,3.5e-05,3.3e-05,0
sthelar40x_tonsil_5class_spatial_margin128_cap50000_lora_adaptformer_r8_a8_red16_decoder_heads_only_lr5e-5_e10_seed43_CLEAN,9,10,2026-07-01 17:54:18.705000,2026-07-01 19:42:19.330000,2026-07-01 20:14:58.176000,108.01,32.65,140.66,4.7588,0.7744,0.6562,4.5614,0.8132,0.6989,0.5598,0.3001,3.3e-05,3.2e-05,0
sthelar40x_tonsil_5class_spatial_margin128_cap50000_lora_adaptformer_r8_a8_red16_decoder_heads_only_lr5e-5_e10_seed43_CLEAN,10,10,2026-07-01 20:14:58.386000,,,,,,,,,,,,,,,,0
sthelar40x_tonsil_9class_slide_adaptformer_gelu_red16_lr5e-5_e10_seed42_CLEAN,1,10,2026-06-11 13:58:15.052000,2026-06-11 15:15:26.961000,2026-06-11 15:22:35.705000,77.2,7.15,84.34,10.1378,0.8178,0.6992,9.5552,0.827,0.7186,0.5594,0.1717,5e-05,4.8e-05,1
sthelar40x_tonsil_9class_slide_adaptformer_gelu_red16_lr5e-5_e10_seed42_CLEAN,2,10,2026-06-11 15:22:45.996000,2026-06-11 16:04:30.263000,2026-06-11 16:11:39.174000,41.74,7.15,48.89,9.5861,0.8265,0.7117,8.0799,0.8246,0.7098,0.5509,0.1781,4.8e-05,4.5e-05,0
sthelar40x_tonsil_9class_slide_adaptformer_gelu_red16_lr5e-5_e10_seed42_CLEAN,3,10,2026-06-11 16:11:44.616000,2026-06-11 16:53:41.939000,2026-06-11 17:00:52.221000,41.96,7.17,49.13,7.6049,0.8297,0.7167,7.2942,0.8344,0.7253,0.5676,0.1938,4.5e-05,4.3e-05,1
sthelar40x_tonsil_9class_slide_adaptformer_gelu_red16_lr5e-5_e10_seed42_CLEAN,4,10,2026-06-11 17:00:58.599000,2026-06-11 17:42:54.891000,2026-06-11 17:50:03.413000,41.94,7.14,49.08,7.4207,0.832,0.7188,7.3071,0.8302,0.7178,0.5618,0.1901,4.3e-05,4.1e-05,0
sthelar40x_tonsil_9class_slide_adaptformer_gelu_red16_lr5e-5_e10_seed42_CLEAN,5,10,2026-06-11 17:50:06.022000,2026-06-11 18:31:39.160000,2026-06-11 18:38:49.261000,41.55,7.17,48.72,7.3522,0.8327,0.721,7.1303,0.8379,0.7298,0.5763,0.1974,4.1e-05,3.9e-05,1
sthelar40x_tonsil_9class_slide_adaptformer_gelu_red16_lr5e-5_e10_seed42_CLEAN,6,10,2026-06-11 18:38:54.171000,2026-06-11 19:20:18.228000,2026-06-11 19:27:25.953000,41.4,7.13,48.53,7.2942,0.8337,0.722,7.1433,0.8387,0.7307,0.5757,0.1966,3.9e-05,3.7e-05,0
sthelar40x_tonsil_9class_slide_adaptformer_gelu_red16_lr5e-5_e10_seed42_CLEAN,7,10,2026-06-11 19:27:28.272000,2026-06-11 20:08:47.037000,2026-06-11 20:15:59.774000,41.31,7.21,48.53,7.2478,0.8347,0.7238,7.1302,0.8403,0.733,0.5778,0.1972,3.7e-05,3.5e-05,1
sthelar40x_tonsil_9class_slide_adaptformer_gelu_red16_lr5e-5_e10_seed42_CLEAN,8,10,2026-06-11 20:16:06.809000,2026-06-11 20:57:25.735000,2026-06-11 21:04:37.967000,41.32,7.2,48.52,7.2134,0.8353,0.7248,7.0391,0.8383,0.7305,0.5765,0.2079,3.5e-05,3.3e-05,0
sthelar40x_tonsil_9class_slide_adaptformer_gelu_red16_lr5e-5_e10_seed42_CLEAN,9,10,2026-06-11 21:04:42.394000,2026-06-11 21:46:17.202000,2026-06-11 21:53:31.810000,41.58,7.24,48.82,7.2011,0.8355,0.7246,7.0767,0.8364,0.7273,0.5746,0.2027,3.3e-05,3.2e-05,0
sthelar40x_tonsil_9class_slide_adaptformer_gelu_red16_lr5e-5_e10_seed42_CLEAN,10,10,2026-06-11 21:53:34.182000,2026-06-11 22:35:28.027000,2026-06-11 22:42:40.191000,41.9,7.2,49.1,7.1617,0.8364,0.726,7.1133,0.8332,0.7233,0.5674,0.1994,3.2e-05,3e-05,0
sthelar40x_tonsil_9class_slide_adaptformer_gelu_red16_lr5e-5_e10_seed43_CLEAN,1,10,2026-06-13 00:04:49.565000,2026-06-13 00:46:31.461000,2026-06-13 00:53:41.524000,41.7,7.17,48.87,10.1655,0.817,0.6986,9.6144,0.8232,0.7109,0.5529,0.1717,5e-05,4.8e-05,1
sthelar40x_tonsil_9class_slide_adaptformer_gelu_red16_lr5e-5_e10_seed43_CLEAN,2,10,2026-06-13 00:53:47.505000,2026-06-13 01:38:38.279000,2026-06-13 01:44:56.310000,44.85,6.3,51.15,9.5161,0.8269,0.7131,8.3811,0.8316,0.7204,0.5585,0.1708,4.8e-05,4.5e-05,1
sthelar40x_tonsil_9class_slide_adaptformer_gelu_red16_lr5e-5_e10_seed43_CLEAN,3,10,2026-06-13 01:45:00.940000,2026-06-13 02:30:35.581000,2026-06-13 02:36:55.674000,45.58,6.33,51.91,7.6198,0.8297,0.7172,7.3205,0.8316,0.7218,0.5631,0.1873,4.5e-05,4.3e-05,1
sthelar40x_tonsil_9class_slide_adaptformer_gelu_red16_lr5e-5_e10_seed43_CLEAN,4,10,2026-06-13 02:37:00.246000,2026-06-13 03:22:43.498000,2026-06-13 03:29:03.183000,45.72,6.33,52.05,7.4295,0.832,0.7198,7.1635,0.8367,0.728,0.5717,0.1942,4.3e-05,4.1e-05,1
sthelar40x_tonsil_9class_slide_adaptformer_gelu_red16_lr5e-5_e10_seed43_CLEAN,5,10,2026-06-13 03:29:07.593000,2026-06-13 04:14:41.859000,2026-06-13 04:21:03.841000,45.57,6.37,51.94,7.3578,0.8334,0.7213,7.1883,0.8367,0.7276,0.5692,0.198,4.1e-05,3.9e-05,0
sthelar40x_tonsil_9class_slide_adaptformer_gelu_red16_lr5e-5_e10_seed43_CLEAN,6,10,2026-06-13 04:21:06.125000,2026-06-13 05:06:33.759000,2026-06-13 05:12:58.459000,45.46,6.41,51.87,7.2895,0.8336,0.7217,7.1531,0.8341,0.7242,0.5677,0.2024,3.9e-05,3.7e-05,0
sthelar40x_tonsil_9class_slide_adaptformer_gelu_red16_lr5e-5_e10_seed43_CLEAN,7,10,2026-06-13 05:13:00.622000,2026-06-13 05:58:26.652000,2026-06-13 06:04:45.277000,45.43,6.31,51.74,7.2459,0.8348,0.7235,7.1036,0.8331,0.723,0.5668,0.2017,3.7e-05,3.5e-05,0
sthelar40x_tonsil_9class_slide_adaptformer_gelu_red16_lr5e-5_e10_seed43_CLEAN,8,10,2026-06-13 06:04:47.422000,2026-06-13 06:50:17.718000,2026-06-13 06:56:38.199000,45.5,6.34,51.85,7.2004,0.8346,0.7242,7.0695,0.8397,0.7322,0.5787,0.2026,3.5e-05,3.3e-05,1
sthelar40x_tonsil_9class_slide_adaptformer_gelu_red16_lr5e-5_e10_seed43_CLEAN,9,10,2026-06-13 06:56:42.810000,2026-06-13 07:42:16.236000,2026-06-13 07:48:37.738000,45.56,6.36,51.92,7.1618,0.8359,0.7251,7.0127,0.8379,0.7305,0.5743,0.2034,3.3e-05,3.2e-05,0
sthelar40x_tonsil_9class_slide_adaptformer_gelu_red16_lr5e-5_e10_seed43_CLEAN,10,10,2026-06-13 07:48:39.880000,2026-06-13 08:34:34.182000,2026-06-13 08:40:52.647000,45.91,6.31,52.21,7.1603,0.835,0.7251,7.0301,0.8394,0.7323,0.58,0.2033,3.2e-05,3e-05,1
sthelar40x_tonsil_9class_slide_adaptformer_gelu_red16_lr5e-5_e5,1,5,2026-05-29 22:20:35.710000,2026-05-29 23:37:36.057000,2026-05-29 23:48:27.249000,77.01,10.85,87.86,10.1377,0.8178,0.6992,9.5582,0.827,0.7187,0.5594,0.1716,5e-05,4.8e-05,1
sthelar40x_tonsil_9class_slide_adaptformer_gelu_red16_lr5e-5_e5,2,5,2026-05-29 23:48:35.134000,2026-05-30 01:07:02.408000,2026-05-30 01:17:49.687000,78.45,10.79,89.24,9.5842,0.8265,0.7117,8.0735,0.8245,0.7096,0.5506,0.1773,4.8e-05,4.5e-05,0
sthelar40x_tonsil_9class_slide_adaptformer_gelu_red16_lr5e-5_e5,3,5,2026-05-30 01:17:53.066000,2026-05-30 02:37:12.647000,2026-05-30 02:48:05.479000,79.33,10.88,90.21,7.6061,0.8297,0.7167,7.2814,0.8349,0.726,0.5681,0.1936,4.5e-05,4.3e-05,1
sthelar40x_tonsil_9class_slide_adaptformer_gelu_red16_lr5e-5_e5,4,5,2026-05-30 02:48:12.258000,2026-05-30 04:07:44.515000,2026-05-30 04:18:33.677000,79.54,10.82,90.36,7.419,0.8319,0.7189,7.2907,0.8311,0.7191,0.5625,0.192,4.3e-05,4.1e-05,0
sthelar40x_tonsil_9class_slide_adaptformer_gelu_red16_lr5e-5_e5,5,5,2026-05-30 04:18:37.415000,2026-05-30 05:38:05.787000,2026-05-30 05:48:50.417000,79.47,10.74,90.22,7.353,0.8327,0.7209,7.106,0.8385,0.7307,0.578,0.202,4.1e-05,3.9e-05,1
sthelar40x_tonsil_9class_slide_adaptformer_gelu_red8_lr5e-5_e10_seed42_CLEAN,1,10,2026-06-15 17:52:11.690000,2026-06-15 19:02:10.392000,2026-06-15 19:09:18.115000,69.98,7.13,77.11,10.1054,0.8186,0.7001,9.536,0.825,0.7118,0.546,0.1733,5e-05,4.8e-05,1
sthelar40x_tonsil_9class_slide_adaptformer_gelu_red8_lr5e-5_e10_seed42_CLEAN,2,10,2026-06-15 19:09:30.684000,,,,,,,,,,,,,,,,0
sthelar40x_tonsil_9class_slide_adaptformer_gelu_red8_lr5e-5_e10_seed42_CLEAN,1,10,2026-06-16 10:12:43.689000,2026-06-16 11:00:17.718000,2026-06-16 11:08:34.685000,47.57,8.28,55.85,10.1054,0.8186,0.7001,9.536,0.825,0.7118,0.546,0.1733,5e-05,4.8e-05,1
sthelar40x_tonsil_9class_slide_adaptformer_gelu_red8_lr5e-5_e10_seed42_CLEAN,2,10,2026-06-16 11:08:42.281000,2026-06-16 11:54:01.691000,2026-06-16 12:00:35.875000,45.32,6.57,51.89,9.5143,0.8268,0.7123,7.7915,0.837,0.7285,0.574,0.19,4.8e-05,4.5e-05,1
sthelar40x_tonsil_9class_slide_adaptformer_gelu_red8_lr5e-5_e10_seed42_CLEAN,3,10,2026-06-16 12:00:42.814000,2026-06-16 12:46:09.799000,2026-06-16 12:52:35.106000,45.45,6.42,51.87,7.5602,0.8302,0.7175,7.2286,0.8357,0.726,0.5665,0.1965,4.5e-05,4.3e-05,0
sthelar40x_tonsil_9class_slide_adaptformer_gelu_red8_lr5e-5_e10_seed42_CLEAN,4,10,2026-06-16 12:52:37.589000,2026-06-16 13:38:32.388000,2026-06-16 13:44:59.659000,45.91,6.45,52.37,7.3854,0.8325,0.7202,7.1939,0.8316,0.7204,0.5628,0.1973,4.3e-05,4.1e-05,0
sthelar40x_tonsil_9class_slide_adaptformer_gelu_red8_lr5e-5_e10_seed42_CLEAN,5,10,2026-06-16 13:45:01.942000,2026-06-16 14:30:26.537000,2026-06-16 14:36:53.038000,45.41,6.44,51.85,7.3147,0.834,0.7225,7.1843,0.8332,0.723,0.5644,0.1966,4.1e-05,3.9e-05,0
sthelar40x_tonsil_9class_slide_adaptformer_gelu_red8_lr5e-5_e10_seed42_CLEAN,6,10,2026-06-16 14:36:55.319000,2026-06-16 15:21:42.517000,2026-06-16 15:28:11.982000,44.79,6.49,51.28,7.2638,0.8343,0.723,7.0974,0.8417,0.7351,0.5814,0.2042,3.9e-05,3.7e-05,1
sthelar40x_tonsil_9class_slide_adaptformer_gelu_red8_lr5e-5_e10_seed42_CLEAN,7,10,2026-06-16 15:28:16.986000,2026-06-16 16:13:13.757000,2026-06-16 16:19:40.391000,44.95,6.44,51.39,7.2091,0.8349,0.7244,7.2873,0.8321,0.7204,0.5633,0.1918,3.7e-05,3.5e-05,0
sthelar40x_tonsil_9class_slide_adaptformer_gelu_red8_lr5e-5_e10_seed42_CLEAN,8,10,2026-06-16 16:19:42.572000,2026-06-16 17:04:42.428000,2026-06-16 17:11:07.210000,45.0,6.41,51.41,7.1816,0.8365,0.7262,7.0971,0.8343,0.7239,0.5675,0.2063,3.5e-05,3.3e-05,0
sthelar40x_tonsil_9class_slide_adaptformer_gelu_red8_lr5e-5_e10_seed42_CLEAN,9,10,2026-06-16 17:11:09.414000,2026-06-16 17:55:35.696000,2026-06-16 18:02:06.496000,44.44,6.51,50.95,7.1573,0.8362,0.7257,7.0571,0.8385,0.7302,0.5776,0.2084,3.3e-05,3.2e-05,0
sthelar40x_tonsil_9class_slide_adaptformer_gelu_red8_lr5e-5_e10_seed42_CLEAN,10,10,2026-06-16 18:02:08.783000,2026-06-16 18:47:31.843000,2026-06-16 18:54:02.946000,45.38,6.52,51.9,7.1377,0.8369,0.7267,7.1348,0.8259,0.712,0.5539,0.1997,3.2e-05,3e-05,0
sthelar40x_tonsil_9class_slide_freeze_e10_seed42_CLEAN,1,10,2026-06-15 17:54:50.327000,,2026-06-15 18:00:53.116000,,,6.05,,,,22.4467,0.7715,0.6463,0.5335,0.0661,5e-05,4.8e-05,1
sthelar40x_tonsil_9class_slide_freeze_e10_seed42_CLEAN,2,10,2026-06-15 18:00:57.550000,,2026-06-15 18:06:45.940000,,,5.81,,,,22.4467,0.7715,0.6463,0.5335,0.0661,4.8e-05,4.5e-05,1
sthelar40x_tonsil_9class_slide_freeze_e10_seed42_CLEAN,3,10,2026-06-15 18:06:49.532000,,2026-06-15 18:12:31.663000,,,5.7,,,,22.4467,0.7715,0.6463,0.5335,0.0661,4.5e-05,4.3e-05,1
sthelar40x_tonsil_9class_slide_freeze_e10_seed42_CLEAN,4,10,2026-06-15 18:12:35.494000,,2026-06-15 18:18:21.470000,,,5.77,,,,22.4467,0.7715,0.6463,0.5335,0.0661,4.3e-05,4.1e-05,1
sthelar40x_tonsil_9class_slide_freeze_e10_seed42_CLEAN,5,10,2026-06-15 18:18:28.400000,,2026-06-15 18:24:20.182000,,,5.86,,,,22.4467,0.7715,0.6463,0.5335,0.0661,4.1e-05,3.9e-05,1
sthelar40x_tonsil_9class_slide_freeze_e10_seed42_CLEAN,6,10,2026-06-15 18:24:26.213000,,2026-06-15 18:30:22.062000,,,5.93,,,,22.4467,0.7715,0.6463,0.5335,0.0661,3.9e-05,3.7e-05,1
sthelar40x_tonsil_9class_slide_freeze_e10_seed42_CLEAN,7,10,2026-06-15 18:30:27.049000,,2026-06-15 18:36:19.199000,,,5.87,,,,22.4467,0.7715,0.6463,0.5335,0.0661,3.7e-05,3.5e-05,1
sthelar40x_tonsil_9class_slide_freeze_e10_seed42_CLEAN,8,10,2026-06-15 18:36:23.256000,,2026-06-15 18:42:16.443000,,,5.89,,,,22.4467,0.7715,0.6463,0.5335,0.0661,3.5e-05,3.3e-05,1
sthelar40x_tonsil_9class_slide_freeze_e10_seed42_CLEAN,9,10,2026-06-15 18:42:21.104000,,2026-06-15 18:48:10.998000,,,5.83,,,,22.4467,0.7715,0.6463,0.5335,0.0661,3.3e-05,3.2e-05,1
sthelar40x_tonsil_9class_slide_freeze_e10_seed42_CLEAN,10,10,2026-06-15 18:48:16.536000,,2026-06-15 18:54:00.405000,,,5.73,,,,22.4467,0.7715,0.6463,0.5335,0.0661,3.2e-05,3e-05,1
sthelar40x_tonsil_9class_slide_fullft_lr1e-5_e10_seed42_CLEAN_TRUE,1,10,2026-06-18 13:16:26.469000,2026-06-18 14:06:39.632000,2026-06-18 14:13:40.909000,50.22,7.02,57.24,10.4013,0.8149,0.6952,9.504,0.8334,0.7248,0.5696,0.1791,1e-05,1e-05,1
sthelar40x_tonsil_9class_slide_fullft_lr1e-5_e10_seed42_CLEAN_TRUE,2,10,2026-06-18 14:13:54.927000,2026-06-18 15:02:59.743000,2026-06-18 15:10:03.296000,49.08,7.06,56.14,9.6692,0.8281,0.7145,9.3562,0.8327,0.7215,0.5652,0.1884,1e-05,9e-06,0
sthelar40x_tonsil_9class_slide_fullft_lr1e-5_e10_seed42_CLEAN_TRUE,3,10,2026-06-18 15:10:10.001000,2026-06-18 15:59:12.666000,2026-06-18 16:06:00.169000,49.04,6.79,55.84,9.486,0.8318,0.7187,9.2202,0.8395,0.7323,0.5774,0.195,9e-06,9e-06,1
sthelar40x_tonsil_9class_slide_fullft_lr1e-5_e10_seed42_CLEAN_TRUE,4,10,2026-06-18 16:06:12.371000,2026-06-18 16:54:50.702000,2026-06-18 17:01:43.472000,48.64,6.88,55.52,9.3711,0.8335,0.7219,9.239,0.8332,0.7228,0.5641,0.1933,9e-06,8e-06,0
sthelar40x_tonsil_9class_slide_fullft_lr1e-5_e10_seed42_CLEAN_TRUE,5,10,2026-06-18 17:01:49.559000,2026-06-18 17:50:23.518000,2026-06-18 17:57:06.500000,48.57,6.72,55.28,9.3018,0.8346,0.7234,9.207,0.8405,0.7331,0.5792,0.1936,8e-06,8e-06,1
sthelar40x_tonsil_9class_slide_fullft_lr1e-5_e10_seed42_CLEAN_TRUE,6,10,2026-06-18 17:57:18.387000,2026-06-18 18:47:45.704000,2026-06-18 18:54:34.677000,50.46,6.82,57.27,9.243,0.836,0.7254,9.129,0.8413,0.7347,0.5817,0.1997,8e-06,7e-06,1
sthelar40x_tonsil_9class_slide_fullft_lr1e-5_e10_seed42_CLEAN_TRUE,7,10,2026-06-18 18:54:46.313000,2026-06-18 19:44:33.092000,2026-06-18 19:51:32.697000,49.78,6.99,56.77,9.1769,0.8365,0.7264,9.1026,0.8385,0.7303,0.5764,0.2034,7e-06,7e-06,0
sthelar40x_tonsil_9class_slide_fullft_lr1e-5_e10_seed42_CLEAN_TRUE,8,10,2026-06-18 19:51:40.678000,2026-06-18 20:42:17.848000,2026-06-18 20:48:52.983000,50.62,6.59,57.21,9.1339,0.8386,0.7281,9.0252,0.8397,0.7324,0.5803,0.2089,7e-06,7e-06,0
sthelar40x_tonsil_9class_slide_fullft_lr1e-5_e10_seed42_CLEAN_TRUE,9,10,2026-06-18 20:48:58.607000,2026-06-18 21:41:39.628000,2026-06-18 21:48:13.198000,52.68,6.56,59.24,9.0921,0.8373,0.728,8.9763,0.8398,0.7328,0.5797,0.2108,7e-06,6e-06,0
sthelar40x_tonsil_9class_slide_fullft_lr1e-5_e10_seed42_CLEAN_TRUE,10,10,2026-06-18 21:48:19.192000,2026-06-18 22:37:24.757000,2026-06-18 22:44:00.244000,49.09,6.59,55.68,9.058,0.8388,0.729,8.9944,0.8414,0.7342,0.5821,0.2097,6e-06,6e-06,1
sthelar40x_tonsil_9class_slide_fullft_lr5e-5_e10_seed42,1,10,2026-06-03 16:41:07.295000,2026-06-03 18:35:11.957000,2026-06-03 18:46:02.515000,114.08,10.84,124.92,10.3744,0.8183,0.6996,9.5439,0.8274,0.7179,0.5589,0.1767,5e-05,4.8e-05,1
sthelar40x_tonsil_9class_slide_fullft_lr5e-5_e10_seed42,2,10,2026-06-03 18:46:23.591000,2026-06-03 20:37:48.879000,2026-06-03 20:48:39.403000,111.42,10.84,122.26,8.1289,0.8272,0.7119,7.4316,0.8332,0.7221,0.5611,0.186,4.8e-05,4.5e-05,1
sthelar40x_tonsil_9class_slide_fullft_lr5e-5_e10_seed42,3,10,2026-06-03 20:49:04.613000,2026-06-03 22:45:14.665000,2026-06-03 22:56:20.171000,116.17,11.09,127.26,7.8573,0.8301,0.7162,7.3263,0.8335,0.7235,0.5588,0.1905,4.5e-05,4.3e-05,0
sthelar40x_tonsil_9class_slide_fullft_lr5e-5_e10_seed42,4,10,2026-06-03 22:56:29.565000,2026-06-04 00:49:43.939000,2026-06-04 01:00:31.019000,113.24,10.78,124.02,7.7441,0.8321,0.7196,7.2342,0.8377,0.7291,0.5709,0.2026,4.3e-05,4.1e-05,1
sthelar40x_tonsil_9class_slide_fullft_lr5e-5_e10_seed42,5,10,2026-06-04 01:00:49.445000,2026-06-04 02:54:56.245000,2026-06-04 03:05:44.072000,114.11,10.8,124.91,7.6802,0.8325,0.7207,7.2292,0.8327,0.7217,0.5611,0.1947,4.1e-05,3.9e-05,0
sthelar40x_tonsil_9class_slide_fullft_lr5e-5_e10_seed42,6,10,2026-06-04 03:05:54.065000,2026-06-04 04:59:14.004000,2026-06-04 05:10:06.988000,113.33,10.88,124.22,7.6164,0.8343,0.723,7.1725,0.8371,0.7282,0.5695,0.1979,3.9e-05,3.7e-05,0
sthelar40x_tonsil_9class_slide_fullft_lr5e-5_e10_seed42,7,10,2026-06-04 05:10:15.833000,2026-06-04 07:03:02.527000,2026-06-04 07:13:47.714000,112.78,10.75,123.53,7.563,0.8354,0.7243,7.0644,0.8388,0.7311,0.5765,0.2045,3.7e-05,3.5e-05,1
sthelar40x_tonsil_9class_slide_fullft_lr5e-5_e10_seed42,8,10,2026-06-04 07:14:04.292000,2026-06-04 09:06:11.253000,2026-06-04 09:16:58.823000,112.12,10.79,122.91,7.5193,0.8366,0.7264,7.2178,0.8258,0.7123,0.551,0.1978,3.5e-05,3.3e-05,0
sthelar40x_tonsil_9class_slide_fullft_lr5e-5_e10_seed42,9,10,2026-06-04 09:17:09.257000,2026-06-04 11:16:31.311000,2026-06-04 11:27:17.970000,119.37,10.78,130.15,7.4872,0.8365,0.7267,7.1217,0.839,0.7307,0.5751,0.2053,3.3e-05,3.2e-05,0
sthelar40x_tonsil_9class_slide_fullft_lr5e-5_e10_seed42,10,10,2026-06-04 11:27:26.787000,2026-06-04 13:24:23.950000,2026-06-04 13:36:28.690000,116.95,12.08,129.03,7.4557,0.8384,0.7278,7.0247,0.8385,0.7306,0.5725,0.2132,,,0
sthelar40x_tonsil_9class_slide_fullft_lr5e-5_e10_seed42_CLEAN,1,10,2026-06-15 17:52:11.690000,2026-06-15 19:16:12.298000,2026-06-15 19:23:01.588000,84.01,6.82,90.83,10.1112,0.8179,0.6993,9.5814,0.8179,0.706,0.5494,0.1687,5e-05,4.8e-05,1
sthelar40x_tonsil_9class_slide_fullft_lr5e-5_e10_seed42_CLEAN,2,10,2026-06-15 19:23:14.556000,,,,,,,,,,,,,,,,0
sthelar40x_tonsil_9class_slide_fullft_lr5e-5_e10_seed42_CLEAN_TRUE,1,10,2026-06-17 11:24:50.862000,2026-06-17 12:17:47.369000,2026-06-17 12:24:09.912000,52.94,6.38,59.32,10.1112,0.8179,0.6993,9.5814,0.8179,0.706,0.5494,0.1687,5e-05,4.8e-05,1
sthelar40x_tonsil_9class_slide_fullft_lr5e-5_e10_seed42_CLEAN_TRUE,2,10,2026-06-17 12:24:20.728000,2026-06-17 13:11:41.206000,2026-06-17 13:18:35.252000,47.34,6.9,54.24,9.3931,0.8269,0.7126,7.6686,0.8286,0.7159,0.5544,0.186,4.8e-05,4.5e-05,1
sthelar40x_tonsil_9class_slide_fullft_lr5e-5_e10_seed42_CLEAN_TRUE,3,10,2026-06-17 13:18:45.402000,2026-06-17 14:05:17.163000,2026-06-17 14:12:16.915000,46.53,7.0,53.53,7.5362,0.8309,0.7173,7.2598,0.8389,0.7316,0.5724,0.1892,4.5e-05,4.3e-05,1
sthelar40x_tonsil_9class_slide_fullft_lr5e-5_e10_seed42_CLEAN_TRUE,4,10,2026-06-17 14:12:27.075000,2026-06-17 14:58:15.209000,2026-06-17 15:05:17.403000,45.8,7.04,52.84,7.3666,0.8323,0.7203,7.2562,0.8274,0.7145,0.5524,0.1931,4.3e-05,4.1e-05,0
sthelar40x_tonsil_9class_slide_fullft_lr5e-5_e10_seed42_CLEAN_TRUE,5,10,2026-06-17 15:05:22.954000,2026-06-17 15:50:55.455000,2026-06-17 15:57:55.627000,45.54,7.0,52.54,7.2783,0.8331,0.7216,7.1622,0.8348,0.7248,0.5669,0.2,4.1e-05,3.9e-05,0
sthelar40x_tonsil_9class_slide_fullft_lr5e-5_e10_seed42_CLEAN_TRUE,6,10,2026-06-17 15:58:02.660000,,,,,,,,,,,,,,3.9e-05,3.7e-05,1
sthelar40x_tonsil_9class_slide_fullft_lr5e-5_e10_seed42_CLEAN_TRUE,7,10,2026-06-17 16:51:39.858000,2026-06-17 17:38:12.332000,,46.54,,,7.1447,0.8352,0.7246,,,,,,3.7e-05,3.5e-05,0
sthelar40x_tonsil_9class_slide_fullft_lr5e-5_e10_seed42_CLEAN_TRUE,8,10,2026-06-17 17:44:35.208000,2026-06-17 18:31:21.927000,,46.78,,,7.1002,0.8374,0.7266,,,,,,3.5e-05,3.3e-05,0
sthelar40x_tonsil_9class_slide_fullft_lr5e-5_e10_seed42_CLEAN_TRUE,9,10,2026-06-17 18:37:41.804000,2026-06-17 19:24:59.890000,,47.3,,,7.0688,0.8364,0.7267,,,,,,3.3e-05,3.2e-05,1
sthelar40x_tonsil_9class_slide_fullft_lr5e-5_e10_seed42_CLEAN_TRUE,10,10,2026-06-17 19:31:28.044000,2026-06-17 20:21:56.729000,,50.48,,,7.039,0.8381,0.7279,,,,,,3.2e-05,3e-05,0
sthelar40x_tonsil_9class_slide_fullft_lr5e-5_e1_seed42_TEST,1,1,2026-06-16 17:45:34.258000,2026-06-16 18:36:43.324000,2026-06-16 18:43:06.730000,51.15,6.39,57.54,10.1112,0.8179,0.6993,9.5814,0.8179,0.706,0.5494,0.1687,5e-05,4.8e-05,1
sthelar40x_tonsil_9class_slide_lora_adaptformer_ntonly_r8_a8_gelu_red16_lr5e-5_e10_seed42_CLEAN,1,10,2026-06-16 17:58:55.771000,2026-06-16 18:46:48.444000,2026-06-16 18:53:09.508000,47.88,6.35,54.23,11.8774,0.7969,0.6703,11.0902,0.7867,0.6734,0.5145,0.1536,5e-05,4.8e-05,1
sthelar40x_tonsil_9class_slide_lora_adaptformer_ntonly_r8_a8_gelu_red16_lr5e-5_e10_seed42_CLEAN,2,10,2026-06-16 18:53:13.503000,2026-06-16 19:37:19.215000,2026-06-16 19:43:42.666000,44.1,6.39,50.49,11.1442,0.8011,0.6757,9.8377,0.7408,0.6034,0.4459,0.1369,4.8e-05,4.5e-05,0
sthelar40x_tonsil_9class_slide_lora_adaptformer_ntonly_r8_a8_gelu_red16_lr5e-5_e10_seed42_CLEAN,3,10,2026-06-16 19:43:44.786000,2026-06-16 20:27:12.711000,2026-06-16 20:33:46.629000,43.47,6.57,50.03,9.0308,0.7998,0.6733,8.8584,0.761,0.6254,0.478,0.1531,4.5e-05,4.3e-05,0
sthelar40x_tonsil_9class_slide_lora_adaptformer_ntonly_r8_a8_gelu_red16_lr5e-5_e10_seed42_CLEAN,4,10,2026-06-16 20:33:48.595000,2026-06-16 21:16:13.494000,2026-06-16 21:22:18.093000,42.41,6.08,48.49,8.7794,0.7994,0.6723,9.7473,0.6581,0.5047,0.3802,0.1279,4.3e-05,4.1e-05,0
sthelar40x_tonsil_9class_slide_lora_adaptformer_ntonly_r8_a8_gelu_red16_lr5e-5_e10_seed42_CLEAN,5,10,2026-06-16 21:22:20.078000,2026-06-16 22:04:35.155000,2026-06-16 22:11:02.907000,42.25,6.46,48.71,8.6505,0.7995,0.6725,8.6533,0.7691,0.6371,0.4809,0.1516,4.1e-05,3.9e-05,0
sthelar40x_tonsil_9class_slide_lora_adaptformer_ntonly_r8_a8_gelu_red16_lr5e-5_e10_seed42_CLEAN,6,10,2026-06-16 22:11:05.187000,2026-06-16 22:53:32.273000,2026-06-16 22:58:42.065000,42.45,5.16,47.61,8.5382,0.7989,0.6719,11.7692,0.3963,0.2589,0.1815,0.0645,3.9e-05,3.7e-05,0
sthelar40x_tonsil_9class_slide_lora_adaptformer_ntonly_r8_a8_gelu_red16_lr5e-5_e10_seed42_CLEAN,7,10,2026-06-16 22:58:44.859000,2026-06-16 23:41:17.905000,2026-06-16 23:46:30.222000,42.55,5.21,47.76,8.4342,0.7988,0.6713,11.3982,0.4415,0.2968,0.2065,0.0754,3.7e-05,3.5e-05,0
sthelar40x_tonsil_9class_slide_lora_adaptformer_ntonly_r8_a8_gelu_red16_lr5e-5_e10_seed42_CLEAN,8,10,2026-06-16 23:46:32.408000,2026-06-17 00:28:40.962000,2026-06-17 00:34:07.458000,42.14,5.44,47.58,8.3919,0.799,0.6714,10.5287,0.4891,0.3377,0.2273,0.0873,3.5e-05,3.3e-05,0
sthelar40x_tonsil_9class_slide_lora_adaptformer_ntonly_r8_a8_gelu_red16_lr5e-5_e10_seed42_CLEAN,9,10,2026-06-17 00:34:09.982000,2026-06-17 01:21:42.301000,2026-06-17 01:26:13.379000,47.54,4.52,52.06,8.3352,0.7978,0.6699,12.7221,0.2705,0.1686,0.1076,0.0466,3.3e-05,3.2e-05,0
sthelar40x_tonsil_9class_slide_lora_adaptformer_ntonly_r8_a8_gelu_red16_lr5e-5_e10_seed42_CLEAN,10,10,2026-06-17 01:26:15.525000,2026-06-17 02:13:10.342000,2026-06-17 02:17:21.775000,46.91,4.19,51.1,8.288,0.7992,0.6712,13.8383,0.1427,0.0844,0.0499,0.0223,3.2e-05,3e-05,0
sthelar40x_tonsil_9class_slide_lora_adaptformer_r4_a4_red16_lr5e-5_e10_seed42_CLEAN,1,10,2026-06-17 17:21:21.932000,2026-06-17 18:04:22.672000,2026-06-17 18:11:19.916000,43.01,6.95,49.97,10.1288,0.8177,0.6996,9.5619,0.8287,0.718,0.5592,0.1718,5e-05,4.8e-05,1
sthelar40x_tonsil_9class_slide_lora_adaptformer_r4_a4_red16_lr5e-5_e10_seed42_CLEAN,2,10,2026-06-17 18:11:24.200000,2026-06-17 18:54:11.908000,2026-06-17 19:01:17.473000,42.8,7.09,49.89,9.4973,0.8272,0.7125,7.7205,0.8325,0.7227,0.5648,0.1877,4.8e-05,4.5e-05,1
sthelar40x_tonsil_9class_slide_lora_adaptformer_r4_a4_red16_lr5e-5_e10_seed42_CLEAN,3,10,2026-06-17 19:01:22.181000,2026-06-17 19:44:20.902000,2026-06-17 19:51:26.458000,42.98,7.09,50.07,7.5831,0.8302,0.717,7.2475,0.8385,0.7304,0.5703,0.1941,4.5e-05,4.3e-05,1
sthelar40x_tonsil_9class_slide_lora_adaptformer_r4_a4_red16_lr5e-5_e10_seed42_CLEAN,4,10,2026-06-17 19:51:32.750000,2026-06-17 20:34:10.527000,2026-06-17 20:41:13.450000,42.63,7.05,49.68,7.4138,0.8322,0.72,7.1464,0.8395,0.7319,0.5758,0.2017,4.3e-05,4.1e-05,1
sthelar40x_tonsil_9class_slide_lora_adaptformer_r4_a4_red16_lr5e-5_e10_seed42_CLEAN,5,10,2026-06-17 20:41:18.684000,2026-06-17 21:23:54.462000,2026-06-17 21:30:58.039000,42.6,7.06,49.66,7.342,0.8333,0.7224,7.2363,0.8328,0.7214,0.5631,0.197,4.1e-05,3.9e-05,0
sthelar40x_tonsil_9class_slide_lora_adaptformer_r4_a4_red16_lr5e-5_e10_seed42_CLEAN,6,10,2026-06-17 21:31:02.296000,2026-06-17 22:13:47.381000,2026-06-17 22:20:49.755000,42.75,7.04,49.79,7.2832,0.8336,0.7223,7.1175,0.8419,0.7359,0.58,0.2,3.9e-05,3.7e-05,1
sthelar40x_tonsil_9class_slide_lora_adaptformer_r4_a4_red16_lr5e-5_e10_seed42_CLEAN,7,10,2026-06-17 22:20:58.899000,2026-06-17 23:03:46.450000,2026-06-17 23:10:47.704000,42.79,7.02,49.81,7.2305,0.8351,0.7239,7.2949,0.8317,0.7203,0.558,0.1932,3.7e-05,3.5e-05,0
sthelar40x_tonsil_9class_slide_lora_adaptformer_r4_a4_red16_lr5e-5_e10_seed42_CLEAN,8,10,2026-06-17 23:10:50.108000,2026-06-17 23:53:39.048000,2026-06-18 00:00:43.859000,42.82,7.08,49.9,7.2043,0.8359,0.7252,7.1014,0.8334,0.7228,0.5674,0.2075,3.5e-05,3.3e-05,0
sthelar40x_tonsil_9class_slide_lora_adaptformer_r4_a4_red16_lr5e-5_e10_seed42_CLEAN,9,10,2026-06-18 00:00:46.257000,2026-06-18 00:45:04.583000,2026-06-18 00:51:35.920000,44.31,6.52,50.83,7.1831,0.8356,0.7256,7.0109,0.8415,0.7352,0.5834,0.209,3.3e-05,3.2e-05,1
sthelar40x_tonsil_9class_slide_lora_adaptformer_r4_a4_red16_lr5e-5_e10_seed42_CLEAN,10,10,2026-06-18 00:51:41.024000,2026-06-18 01:36:32.455000,2026-06-18 01:43:00.163000,44.86,6.46,51.32,7.1601,0.8367,0.7258,7.109,0.834,0.7239,0.5667,0.2041,3.2e-05,3e-05,0
sthelar40x_tonsil_9class_slide_lora_adaptformer_r8_a8_red16_decoder_conv_adapters_lr5e-5_e10_seed42_CLEAN,1,10,2026-06-20 18:48:01.367000,2026-06-20 19:34:51.441000,2026-06-20 19:41:14.436000,46.83,6.38,53.22,11.6589,0.7991,0.6733,9.9322,0.8108,0.6999,0.5503,0.1597,5e-05,4.8e-05,1
sthelar40x_tonsil_9class_slide_lora_adaptformer_r8_a8_red16_decoder_conv_adapters_lr5e-5_e10_seed42_CLEAN,2,10,2026-06-20 19:41:18.713000,2026-06-20 20:30:10.917000,2026-06-20 20:36:42.461000,48.87,6.53,55.4,10.0903,0.82,0.7023,9.6012,0.8256,0.7148,0.5606,0.1757,4.8e-05,4.5e-05,1
sthelar40x_tonsil_9class_slide_lora_adaptformer_r8_a8_red16_decoder_conv_adapters_lr5e-5_e10_seed42_CLEAN,3,10,2026-06-20 20:36:46.624000,2026-06-20 21:25:32.266000,2026-06-20 21:32:02.176000,48.76,6.5,55.26,9.0367,0.8238,0.7084,7.6386,0.829,0.7167,0.5609,0.1828,4.5e-05,4.3e-05,1
sthelar40x_tonsil_9class_slide_lora_adaptformer_r8_a8_red16_decoder_conv_adapters_lr5e-5_e10_seed42_CLEAN,4,10,2026-06-20 21:32:06.676000,2026-06-20 22:20:54.091000,2026-06-20 22:27:22.337000,48.79,6.47,55.26,7.7887,0.8263,0.7119,7.4198,0.8337,0.7238,0.5669,0.1838,4.3e-05,4.1e-05,1
sthelar40x_tonsil_9class_slide_lora_adaptformer_r8_a8_red16_decoder_conv_adapters_lr5e-5_e10_seed42_CLEAN,5,10,2026-06-20 22:27:26.486000,2026-06-20 23:15:40.258000,2026-06-20 23:22:14.821000,48.23,6.58,54.81,7.6669,0.8278,0.714,7.415,0.8278,0.7152,0.5554,0.181,4.1e-05,3.9e-05,0
sthelar40x_tonsil_9class_slide_lora_adaptformer_r8_a8_red16_decoder_conv_adapters_lr5e-5_e10_seed42_CLEAN,6,10,2026-06-20 23:22:16.978000,2026-06-21 00:10:55.841000,2026-06-21 00:17:24.949000,48.65,6.49,55.13,7.5874,0.8288,0.7153,7.4461,0.8307,0.7194,0.5633,0.1844,3.9e-05,3.7e-05,0
sthelar40x_tonsil_9class_slide_lora_adaptformer_r8_a8_red16_decoder_conv_adapters_lr5e-5_e10_seed42_CLEAN,7,10,2026-06-21 00:17:27.059000,2026-06-21 01:06:22.763000,2026-06-21 01:12:49.367000,48.93,6.44,55.37,7.5248,0.8301,0.7169,7.5268,0.8285,0.7163,0.5557,0.1774,3.7e-05,3.5e-05,0
sthelar40x_tonsil_9class_slide_lora_adaptformer_r8_a8_red16_decoder_conv_adapters_lr5e-5_e10_seed42_CLEAN,8,10,2026-06-21 01:12:51.363000,2026-06-21 02:01:16.387000,2026-06-21 02:07:52.564000,48.42,6.6,55.02,7.4884,0.8315,0.7181,7.2686,0.8323,0.7211,0.5669,0.1907,3.5e-05,3.3e-05,1
sthelar40x_tonsil_9class_slide_lora_adaptformer_r8_a8_red16_decoder_conv_adapters_lr5e-5_e10_seed42_CLEAN,9,10,2026-06-21 02:07:56.616000,2026-06-21 02:57:29.143000,2026-06-21 03:04:05.111000,49.54,6.6,56.14,7.4543,0.8307,0.718,7.3283,0.8333,0.7228,0.567,0.1916,3.3e-05,3.2e-05,1
sthelar40x_tonsil_9class_slide_lora_adaptformer_r8_a8_red16_decoder_conv_adapters_lr5e-5_e10_seed42_CLEAN,10,10,2026-06-21 03:04:08.902000,2026-06-21 03:53:24.201000,2026-06-21 04:00:09.948000,49.25,6.76,56.02,7.4204,0.8325,0.7193,7.2558,0.8344,0.7245,0.5674,0.1941,3.2e-05,3e-05,1
sthelar40x_tonsil_9class_slide_lora_adaptformer_r8_a8_red16_decoder_heads_only_lr5e-5_e10_seed42_CLEAN,1,10,2026-06-20 20:15:31.123000,2026-06-20 20:56:49.089000,2026-06-20 21:02:59.381000,41.3,6.17,47.47,13.0127,0.7812,0.6483,11.5402,0.7839,0.6567,0.4806,0.1233,5e-05,4.8e-05,1
sthelar40x_tonsil_9class_slide_lora_adaptformer_r8_a8_red16_decoder_heads_only_lr5e-5_e10_seed42_CLEAN,2,10,2026-06-20 21:03:03.222000,2026-06-20 21:44:19.359000,2026-06-20 21:50:35.322000,41.27,6.27,47.53,11.125,0.7961,0.6684,10.6062,0.8067,0.6918,0.5484,0.1403,4.8e-05,4.5e-05,1
sthelar40x_tonsil_9class_slide_lora_adaptformer_r8_a8_red16_decoder_heads_only_lr5e-5_e10_seed42_CLEAN,3,10,2026-06-20 21:50:39.197000,2026-06-20 22:31:16.473000,2026-06-20 22:37:33.794000,40.62,6.29,46.91,10.5726,0.812,0.6906,10.2281,0.8258,0.7126,0.5583,0.16,4.5e-05,4.3e-05,1
sthelar40x_tonsil_9class_slide_lora_adaptformer_r8_a8_red16_decoder_heads_only_lr5e-5_e10_seed42_CLEAN,4,10,2026-06-20 22:37:37.346000,2026-06-20 23:18:09.706000,2026-06-20 23:24:28.030000,40.54,6.31,46.84,9.6264,0.8155,0.6959,8.7757,0.8202,0.7091,0.5618,0.159,4.3e-05,4.1e-05,1
sthelar40x_tonsil_9class_slide_lora_adaptformer_r8_a8_red16_decoder_heads_only_lr5e-5_e10_seed42_CLEAN,5,10,2026-06-20 23:24:31.791000,2026-06-21 00:06:04.659000,2026-06-21 00:12:23.281000,41.55,6.31,47.86,8.4777,0.8169,0.6982,8.0898,0.8227,0.7101,0.5585,0.1664,4.1e-05,3.9e-05,0
sthelar40x_tonsil_9class_slide_lora_adaptformer_r8_a8_red16_decoder_heads_only_lr5e-5_e10_seed42_CLEAN,6,10,2026-06-21 00:12:25.253000,2026-06-21 00:54:05.559000,2026-06-21 01:00:23.540000,41.67,6.3,47.97,8.2126,0.8184,0.7002,7.9894,0.8235,0.7124,0.5612,0.1708,3.9e-05,3.7e-05,0
sthelar40x_tonsil_9class_slide_lora_adaptformer_r8_a8_red16_decoder_heads_only_lr5e-5_e10_seed42_CLEAN,7,10,2026-06-21 01:00:25.424000,2026-06-21 01:41:21.208000,2026-06-21 01:47:51.131000,40.93,6.5,47.43,8.0907,0.8198,0.7012,7.9388,0.8201,0.7058,0.5528,0.1733,3.7e-05,3.5e-05,0
sthelar40x_tonsil_9class_slide_lora_adaptformer_r8_a8_red16_decoder_heads_only_lr5e-5_e10_seed42_CLEAN,8,10,2026-06-21 01:47:53.006000,2026-06-21 02:28:59.001000,2026-06-21 02:35:24.591000,41.1,6.43,47.53,8.038,0.8209,0.7025,7.7958,0.8244,0.7105,0.5597,0.1843,3.5e-05,3.3e-05,0
sthelar40x_tonsil_9class_slide_lora_adaptformer_r8_a8_red16_decoder_heads_only_lr5e-5_e10_seed42_CLEAN,9,10,2026-06-21 02:35:26.548000,2026-06-21 03:17:07.653000,2026-06-21 03:23:33.969000,41.69,6.44,48.12,7.9836,0.8206,0.7022,7.7422,0.8253,0.7132,0.5639,0.1827,3.3e-05,3.2e-05,1
sthelar40x_tonsil_9class_slide_lora_adaptformer_r8_a8_red16_decoder_heads_only_lr5e-5_e10_seed42_CLEAN,10,10,2026-06-21 03:23:37.766000,2026-06-21 04:04:57.190000,2026-06-21 04:11:16.120000,41.32,6.32,47.64,7.9342,0.8227,0.7042,7.742,0.829,0.7165,0.5691,0.191,3.2e-05,3e-05,1
sthelar40x_tonsil_9class_slide_lora_adaptformer_r8_a8_red16_decoder_last_stage_lr5e-5_e10_seed42_CLEAN,1,10,2026-06-20 20:20:46.033000,2026-06-20 21:06:45.497000,2026-06-20 21:13:12.290000,45.99,6.45,52.44,10.4186,0.8085,0.6863,9.7664,0.8063,0.6945,0.5383,0.1662,5e-05,4.8e-05,1
sthelar40x_tonsil_9class_slide_lora_adaptformer_r8_a8_red16_decoder_last_stage_lr5e-5_e10_seed42_CLEAN,2,10,2026-06-20 21:13:16.498000,2026-06-20 21:59:14.433000,2026-06-20 22:05:36.586000,45.97,6.37,52.33,9.7244,0.8206,0.7034,8.1159,0.8156,0.7023,0.5449,0.1751,4.8e-05,4.5e-05,1
sthelar40x_tonsil_9class_slide_lora_adaptformer_r8_a8_red16_decoder_last_stage_lr5e-5_e10_seed42_CLEAN,3,10,2026-06-20 22:05:40.377000,2026-06-20 22:51:32.885000,2026-06-20 22:57:58.864000,45.88,6.43,52.31,7.7919,0.8236,0.7077,7.5506,0.8234,0.7131,0.5554,0.1783,4.5e-05,4.3e-05,1
sthelar40x_tonsil_9class_slide_lora_adaptformer_r8_a8_red16_decoder_last_stage_lr5e-5_e10_seed42_CLEAN,4,10,2026-06-20 22:58:02.472000,2026-06-20 23:44:05.119000,2026-06-20 23:50:34.057000,46.04,6.48,52.53,7.6384,0.8253,0.7102,7.3633,0.8295,0.7202,0.5588,0.1935,4.3e-05,4.1e-05,1
sthelar40x_tonsil_9class_slide_lora_adaptformer_r8_a8_red16_decoder_last_stage_lr5e-5_e10_seed42_CLEAN,5,10,2026-06-20 23:50:41.004000,2026-06-21 00:36:23.512000,2026-06-21 00:42:50.505000,45.71,6.45,52.16,7.5741,0.8266,0.7127,7.3383,0.8293,0.7202,0.5628,0.1909,4.1e-05,3.9e-05,1
sthelar40x_tonsil_9class_slide_lora_adaptformer_r8_a8_red16_decoder_last_stage_lr5e-5_e10_seed42_CLEAN,6,10,2026-06-21 00:42:54.218000,2026-06-21 01:28:58.095000,2026-06-21 01:35:22.766000,46.06,6.41,52.48,7.5076,0.8276,0.714,7.3918,0.8269,0.7155,0.5582,0.1901,3.9e-05,3.7e-05,0
sthelar40x_tonsil_9class_slide_lora_adaptformer_r8_a8_red16_decoder_last_stage_lr5e-5_e10_seed42_CLEAN,7,10,2026-06-21 01:35:24.610000,2026-06-21 02:21:22.604000,2026-06-21 02:27:50.539000,45.97,6.47,52.43,7.4521,0.8287,0.7148,7.4132,0.8222,0.7082,0.547,0.1866,3.7e-05,3.5e-05,0
sthelar40x_tonsil_9class_slide_lora_adaptformer_r8_a8_red16_decoder_last_stage_lr5e-5_e10_seed42_CLEAN,8,10,2026-06-21 02:27:52.335000,2026-06-21 03:14:24.727000,2026-06-21 03:20:48.806000,46.54,6.4,52.94,7.426,0.8295,0.7159,7.2727,0.8315,0.7205,0.5583,0.1938,3.5e-05,3.3e-05,0
sthelar40x_tonsil_9class_slide_lora_adaptformer_r8_a8_red16_decoder_last_stage_lr5e-5_e10_seed42_CLEAN,9,10,2026-06-21 03:20:50.636000,2026-06-21 04:07:22.817000,2026-06-21 04:13:50.439000,46.54,6.46,53.0,7.3983,0.8293,0.7159,7.2811,0.8335,0.7231,0.5657,0.1975,3.3e-05,3.2e-05,1
sthelar40x_tonsil_9class_slide_lora_adaptformer_r8_a8_red16_decoder_last_stage_lr5e-5_e10_seed42_CLEAN,10,10,2026-06-21 04:13:54.200000,2026-06-21 05:00:10.913000,2026-06-21 05:06:38.029000,46.28,6.45,52.73,7.3731,0.831,0.7177,7.1789,0.8341,0.7243,0.5682,0.2042,3.2e-05,3e-05,1
sthelar40x_tonsil_9class_slide_lora_ntonly_r4_a4_lr5e-5_e10_seed42_CLEAN2,1,10,2026-06-11 14:56:42.990000,2026-06-11 15:41:40.258000,2026-06-11 15:47:52.515000,44.95,6.2,51.16,12.7731,0.7658,0.6304,11.6396,0.7657,0.649,0.5041,0.1461,5e-05,4.8e-05,1
sthelar40x_tonsil_9class_slide_lora_ntonly_r4_a4_lr5e-5_e10_seed42_CLEAN2,2,10,2026-06-11 15:47:57.131000,2026-06-11 16:35:17.345000,2026-06-11 16:41:36.655000,47.34,6.32,53.66,12.0598,0.7849,0.6546,11.265,0.7816,0.6691,0.5184,0.1605,4.8e-05,4.5e-05,1
sthelar40x_tonsil_9class_slide_lora_ntonly_r4_a4_lr5e-5_e10_seed42_CLEAN2,3,10,2026-06-11 16:41:43.031000,2026-06-11 17:29:36.115000,2026-06-11 17:36:01.968000,47.88,6.43,54.32,9.9799,0.7903,0.6623,9.4274,0.7967,0.685,0.5277,0.1607,4.5e-05,4.3e-05,1
sthelar40x_tonsil_9class_slide_lora_ntonly_r4_a4_lr5e-5_e10_seed42_CLEAN2,4,10,2026-06-11 17:36:09.123000,2026-06-11 18:23:12.446000,2026-06-11 18:29:40.864000,47.06,6.47,53.53,9.7151,0.7922,0.6649,9.3233,0.7949,0.6834,0.5261,0.1644,4.3e-05,4.1e-05,0
sthelar40x_tonsil_9class_slide_lora_ntonly_r4_a4_lr5e-5_e10_seed42_CLEAN2,5,10,2026-06-11 18:29:48.908000,2026-06-11 19:17:00.026000,2026-06-11 19:23:46.274000,47.19,6.77,53.96,9.6171,0.7937,0.6671,9.1276,0.797,0.686,0.5297,0.1634,4.1e-05,3.9e-05,1
sthelar40x_tonsil_9class_slide_lora_ntonly_r4_a4_lr5e-5_e10_seed42_CLEAN2,6,10,2026-06-11 19:23:50.989000,2026-06-11 20:11:51.105000,2026-06-11 20:18:14.022000,48.0,6.38,54.38,9.542,0.7953,0.6694,9.4601,0.7895,0.677,0.5229,0.161,3.9e-05,3.7e-05,0
sthelar40x_tonsil_9class_slide_lora_ntonly_r4_a4_lr5e-5_e10_seed42_CLEAN2,7,10,2026-06-11 20:18:16.324000,2026-06-11 21:06:00.879000,2026-06-11 21:12:23.835000,47.74,6.38,54.13,9.4634,0.796,0.6698,9.0162,0.7972,0.6875,0.5363,0.1688,3.7e-05,3.5e-05,1
sthelar40x_tonsil_9class_slide_lora_ntonly_r4_a4_lr5e-5_e10_seed42_CLEAN2,8,10,2026-06-11 21:12:32.370000,2026-06-11 22:00:05.886000,2026-06-11 22:06:33.209000,47.56,6.46,54.01,9.4208,0.7972,0.6718,9.124,0.7936,0.6816,0.5262,0.1685,3.5e-05,3.3e-05,0
sthelar40x_tonsil_9class_slide_lora_ntonly_r4_a4_lr5e-5_e10_seed42_CLEAN2,9,10,2026-06-11 22:06:35.952000,2026-06-11 22:54:17.851000,2026-06-11 23:00:52.985000,47.7,6.59,54.28,9.393,0.7968,0.6712,8.9912,0.8028,0.6916,0.5351,0.172,3.3e-05,3.2e-05,0
sthelar40x_tonsil_9class_slide_lora_ntonly_r4_a4_lr5e-5_e10_seed42_CLEAN2,10,10,2026-06-11 23:00:54.795000,2026-06-11 23:48:09.528000,2026-06-11 23:55:15.645000,47.25,7.1,54.35,9.3573,0.7981,0.6721,9.0213,0.8054,0.6941,0.54,0.1719,3.2e-05,3e-05,1
sthelar40x_tonsil_9class_slide_lora_ntonly_r4_a4_lr5e-5_e15_seed42_CLEAN,1,15,2026-06-09 16:31:02.179000,2026-06-09 17:47:54.311000,2026-06-09 17:58:26.403000,76.87,10.53,87.4,12.7731,0.7658,0.6304,11.6376,0.7656,0.6489,0.5041,0.146,5e-05,4.8e-05,1
sthelar40x_tonsil_9class_slide_lora_ntonly_r4_a4_lr5e-5_e15_seed42_CLEAN,2,15,2026-06-09 17:58:32.405000,2026-06-09 19:14:38.575000,2026-06-09 19:25:28.603000,76.1,10.83,86.94,12.0598,0.7849,0.6546,11.2661,0.7816,0.6691,0.5186,0.1608,4.8e-05,4.5e-05,1
sthelar40x_tonsil_9class_slide_lora_ntonly_r4_a4_lr5e-5_e15_seed42_CLEAN,3,15,2026-06-09 19:25:34.575000,2026-06-09 20:43:27.740000,2026-06-09 20:54:21.922000,77.89,10.9,88.79,9.9801,0.7903,0.6623,9.4309,0.7968,0.6851,0.5277,0.1604,4.5e-05,4.3e-05,1
sthelar40x_tonsil_9class_slide_lora_ntonly_r4_a4_lr5e-5_e15_seed42_CLEAN,4,15,2026-06-09 20:54:27.682000,2026-06-09 22:12:42.094000,2026-06-09 22:23:59.945000,78.24,11.3,89.54,9.7149,0.7922,0.6649,9.3225,0.795,0.6834,0.5261,0.1646,4.3e-05,4.1e-05,0
sthelar40x_tonsil_9class_slide_lora_ntonly_r4_a4_lr5e-5_e15_seed42_CLEAN,5,15,2026-06-09 22:24:02.823000,2026-06-09 23:40:26.024000,2026-06-09 23:51:49.212000,76.39,11.39,87.77,9.617,0.7937,0.6671,9.1275,0.7969,0.6859,0.5296,0.1631,4.1e-05,3.9e-05,1
sthelar40x_tonsil_9class_slide_lora_ntonly_r4_a4_lr5e-5_e15_seed42_CLEAN,6,15,2026-06-09 23:51:55.175000,2026-06-10 01:14:37.541000,2026-06-10 01:25:56.352000,82.71,11.31,94.02,9.5417,0.7953,0.6694,9.4616,0.7896,0.6771,0.523,0.1608,3.9e-05,3.7e-05,0
sthelar40x_tonsil_9class_slide_lora_ntonly_r4_a4_lr5e-5_e15_seed42_CLEAN,7,15,2026-06-10 01:25:59.270000,2026-06-10 02:48:57.132000,2026-06-10 03:00:07.495000,82.96,11.17,94.14,9.4632,0.796,0.6698,9.0136,0.7972,0.6875,0.5365,0.1693,3.7e-05,3.5e-05,1
sthelar40x_tonsil_9class_slide_lora_ntonly_r4_a4_lr5e-5_e15_seed42_CLEAN,8,15,2026-06-10 03:00:13.157000,2026-06-10 04:22:04.777000,2026-06-10 04:33:32.532000,81.86,11.46,93.32,9.4207,0.7972,0.6718,9.1274,0.7934,0.6815,0.5262,0.1683,3.5e-05,3.3e-05,0
sthelar40x_tonsil_9class_slide_lora_ntonly_r4_a4_lr5e-5_e15_seed42_CLEAN,9,15,2026-06-10 04:33:35.840000,2026-06-10 05:50:15.496000,2026-06-10 06:01:37.227000,76.66,11.36,88.02,9.3929,0.7967,0.6712,8.9881,0.8026,0.6914,0.5349,0.1724,3.3e-05,3.2e-05,0
sthelar40x_tonsil_9class_slide_lora_ntonly_r4_a4_lr5e-5_e15_seed42_CLEAN,10,15,2026-06-10 06:01:40.147000,2026-06-10 07:19:01.112000,2026-06-10 07:29:50.168000,77.35,10.82,88.17,9.3572,0.7981,0.6721,9.0148,0.8054,0.6941,0.5399,0.1727,3.2e-05,3e-05,1
sthelar40x_tonsil_9class_slide_lora_ntonly_r4_a4_lr5e-5_e15_seed42_CLEAN,11,15,2026-06-10 07:29:56.701000,2026-06-10 08:50:59.476000,2026-06-10 09:01:49.578000,81.05,10.84,91.88,9.3095,0.798,0.6728,9.0119,0.804,0.6936,0.5347,0.1667,3e-05,2.8e-05,0
sthelar40x_tonsil_9class_slide_lora_ntonly_r4_a4_lr5e-5_e15_seed42_CLEAN,12,15,2026-06-10 09:01:52.338000,2026-06-10 10:19:07.650000,2026-06-10 10:30:45.033000,77.26,11.62,88.88,9.2847,0.7985,0.6735,9.1216,0.8088,0.6954,0.5356,0.1743,2.8e-05,2.7e-05,0
sthelar40x_tonsil_9class_slide_lora_ntonly_r4_a4_lr5e-5_e15_seed42_CLEAN,13,15,2026-06-10 10:30:48.270000,2026-06-10 11:51:04.994000,2026-06-10 12:02:04.586000,80.28,10.99,91.27,9.2767,0.7997,0.6749,8.9455,0.7959,0.6857,0.5353,0.169,2.7e-05,2.6e-05,0
sthelar40x_tonsil_9class_slide_lora_ntonly_r4_a4_lr5e-5_e15_seed42_CLEAN,14,15,2026-06-10 12:02:07.678000,2026-06-10 13:22:41.540000,2026-06-10 13:33:35.174000,80.56,10.89,91.46,9.2308,0.8003,0.675,8.8282,0.7967,0.6857,0.5332,0.1745,2.6e-05,2.4e-05,0
sthelar40x_tonsil_9class_slide_lora_ntonly_r4_a4_lr5e-5_e15_seed42_CLEAN,15,15,2026-06-10 13:33:53.131000,2026-06-10 15:02:59.360000,2026-06-10 15:15:39.360000,89.1,12.67,101.77,9.2099,0.8003,0.6748,8.9555,0.8056,0.695,0.537,0.1749,2.4e-05,2.3e-05,0
sthelar40x_tonsil_9class_slide_lora_ntonly_r4_a4_lr5e-5_e5,1,5,2026-05-29 13:24:04.540000,,,,,,,,,,,,,,,,0
sthelar40x_tonsil_9class_slide_lora_ntonly_r4_a4_lr5e-5_e5,1,5,2026-05-29 13:47:20.382000,2026-05-29 15:08:27.023000,2026-05-29 15:18:49.457000,81.11,10.37,91.48,12.7731,0.7658,0.6304,11.6376,0.7656,0.6489,0.5041,0.146,5e-05,4.8e-05,1
sthelar40x_tonsil_9class_slide_lora_ntonly_r4_a4_lr5e-5_e5,2,5,2026-05-29 15:19:01.657000,2026-05-29 16:42:43.822000,2026-05-29 16:53:35.866000,83.7,10.87,94.57,12.0598,0.7849,0.6546,11.2661,0.7816,0.6691,0.5186,0.1608,4.8e-05,4.5e-05,1
sthelar40x_tonsil_9class_slide_lora_ntonly_r4_a4_lr5e-5_e5,3,5,2026-05-29 16:53:45.187000,2026-05-29 18:32:08.488000,2026-05-29 18:43:06.441000,98.39,10.97,109.35,9.9801,0.7903,0.6623,9.4309,0.7968,0.6851,0.5277,0.1604,4.5e-05,4.3e-05,1
sthelar40x_tonsil_9class_slide_lora_ntonly_r4_a4_lr5e-5_e5,4,5,2026-05-29 18:43:13.293000,2026-05-29 20:06:32.014000,2026-05-29 20:17:09.990000,83.31,10.63,93.94,9.7149,0.7922,0.6649,9.3225,0.795,0.6834,0.5261,0.1646,4.3e-05,4.1e-05,0
sthelar40x_tonsil_9class_slide_lora_ntonly_r4_a4_lr5e-5_e5,5,5,2026-05-29 20:17:13.310000,2026-05-29 21:39:36.992000,2026-05-29 21:50:35.671000,82.39,10.98,93.37,9.617,0.7937,0.6671,9.1275,0.7969,0.6859,0.5296,0.1631,4.1e-05,3.9e-05,1
sthelar40x_tonsil_9class_slide_lora_r8_a8_lr5e-5_e10,1,10,2026-06-03 12:49:59.838000,,,,,,,,,,,,,,,,0
sthelar40x_tonsil_9class_slide_lora_r8_a8_lr5e-5_e10,1,10,2026-06-03 12:49:59.839000,2026-06-03 14:04:38.668000,2026-06-03 14:14:23.688000,74.65,9.75,84.4,10.3318,0.8133,0.6928,9.681,0.8345,0.7256,0.5665,0.1733,5e-05,4.8e-05,1
sthelar40x_tonsil_9class_slide_lora_r8_a8_lr5e-5_e10,2,10,2026-06-03 14:14:30.365000,,2026-06-03 14:15:20.362000,,,0.83,,,,9.681,0.8345,0.7256,0.5665,0.1733,5e-05,4.8e-05,1
sthelar40x_tonsil_9class_slide_lora_r8_a8_lr5e-5_e10,2,10,2026-06-03 14:15:26.719000,2026-06-03 15:27:51.385000,2026-06-03 15:39:12.079000,72.41,11.34,83.76,9.881,0.8226,0.7063,8.4461,0.8327,0.7217,0.563,0.1797,4.8e-05,4.5e-05,0
sthelar40x_tonsil_9class_slide_lora_r8_a8_lr5e-5_e10,3,10,2026-06-03 15:43:46.451000,2026-06-03 17:01:28.737000,2026-06-03 17:12:30.187000,77.7,11.02,88.73,7.9066,0.8263,0.7109,7.4434,0.8408,0.7346,0.5799,0.1887,4.5e-05,4.3e-05,1
sthelar40x_tonsil_9class_slide_lora_r8_a8_lr5e-5_e10,4,10,2026-06-03 17:12:37.338000,2026-06-03 18:24:19.871000,2026-06-03 18:35:13.753000,71.71,10.9,82.61,7.7477,0.8278,0.7138,7.488,0.8324,0.7217,0.5615,0.1864,4.3e-05,4.1e-05,0
sthelar40x_tonsil_9class_slide_lora_r8_a8_lr5e-5_e10,5,10,2026-06-03 18:35:17.591000,2026-06-03 19:46:50.797000,2026-06-03 19:57:46.061000,71.55,10.92,82.47,7.6877,0.8287,0.715,7.3913,0.8395,0.7323,0.5786,0.1879,4.1e-05,3.9e-05,0
sthelar40x_tonsil_9class_slide_lora_r8_a8_lr5e-5_e10,6,10,2026-06-03 19:57:49.625000,2026-06-03 21:09:38.359000,2026-06-03 21:20:27.476000,71.81,10.82,82.63,7.6477,0.8298,0.7165,7.4122,0.838,0.7303,0.5751,0.1887,3.9e-05,3.7e-05,0
sthelar40x_tonsil_9class_slide_lora_r8_a8_lr5e-5_e10,7,10,2026-06-03 21:20:31.302000,2026-06-03 22:31:18.634000,2026-06-03 22:42:15.777000,70.79,10.95,81.74,7.598,0.8303,0.7174,7.3736,0.8351,0.7258,0.5703,0.1885,3.7e-05,3.5e-05,0
sthelar40x_tonsil_9class_slide_lora_r8_a8_lr5e-5_e10,8,10,2026-06-03 22:42:19.543000,2026-06-03 23:53:26.153000,2026-06-04 00:04:11.804000,71.11,10.76,81.87,7.5836,0.8323,0.719,7.3611,0.8293,0.7177,0.5599,0.1885,3.5e-05,3.3e-05,0
sthelar40x_tonsil_9class_slide_lora_r8_a8_lr5e-5_e10,9,10,2026-06-04 00:04:15.621000,2026-06-04 01:15:04.452000,2026-06-04 01:25:53.966000,70.81,10.83,81.64,7.5625,0.8309,0.7187,7.2959,0.8362,0.7278,0.5734,0.1948,3.3e-05,3.2e-05,0
sthelar40x_tonsil_9class_slide_lora_r8_a8_lr5e-5_e10,10,10,2026-06-04 01:25:57.796000,2026-06-04 02:37:23.460000,2026-06-04 02:48:14.675000,71.43,10.85,82.28,7.553,0.8322,0.7194,7.3425,0.8367,0.7274,0.571,0.1932,3.2e-05,3e-05,0
sthelar40x_tonsil_9class_slide_lora_r8_a8_lr5e-5_e10_seed42_CLEAN2,1,10,2026-06-11 14:04:44.904000,2026-06-11 15:11:47.598000,2026-06-11 15:18:35.519000,67.04,6.8,73.84,10.268,0.8152,0.6956,9.6377,0.8233,0.7119,0.5521,0.168,5e-05,4.8e-05,1
sthelar40x_tonsil_9class_slide_lora_r8_a8_lr5e-5_e10_seed42_CLEAN2,2,10,2026-06-11 15:18:44.425000,2026-06-11 16:08:12.484000,2026-06-11 16:14:43.093000,49.47,6.51,55.98,9.6866,0.8251,0.709,7.8946,0.8364,0.7285,0.573,0.185,4.8e-05,4.5e-05,1
sthelar40x_tonsil_9class_slide_lora_r8_a8_lr5e-5_e10_seed42_CLEAN2,3,10,2026-06-11 16:14:47.895000,2026-06-11 17:04:26.807000,2026-06-11 17:11:00.732000,49.65,6.57,56.21,7.752,0.8281,0.7139,7.4341,0.8298,0.718,0.5584,0.1824,4.5e-05,4.3e-05,0
sthelar40x_tonsil_9class_slide_lora_r8_a8_lr5e-5_e10_seed42_CLEAN2,4,10,2026-06-11 17:11:03.249000,2026-06-11 18:00:08.769000,2026-06-11 18:06:44.262000,49.09,6.59,55.68,7.5862,0.8301,0.7169,7.2954,0.8354,0.726,0.5687,0.1908,4.3e-05,4.1e-05,0
sthelar40x_tonsil_9class_slide_lora_r8_a8_lr5e-5_e10_seed42_CLEAN2,5,10,2026-06-11 18:06:48.188000,2026-06-11 18:56:23.046000,2026-06-11 19:02:54.261000,49.58,6.52,56.1,7.5213,0.8316,0.7187,7.4098,0.8285,0.7157,0.5588,0.183,4.1e-05,3.9e-05,0
sthelar40x_tonsil_9class_slide_lora_r8_a8_lr5e-5_e10_seed42_CLEAN2,6,10,2026-06-11 19:02:56.576000,2026-06-11 19:53:15.199000,2026-06-11 19:59:50.647000,50.31,6.59,56.9,7.4663,0.8318,0.7197,7.3564,0.8319,0.7204,0.5632,0.1865,3.9e-05,3.7e-05,0
sthelar40x_tonsil_9class_slide_lora_r8_a8_lr5e-5_e10_seed42_CLEAN2,7,10,2026-06-11 19:59:53.032000,2026-06-11 20:50:37.160000,2026-06-11 20:57:06.530000,50.74,6.49,57.22,7.4233,0.833,0.7211,7.3558,0.8283,0.7152,0.5559,0.1868,3.7e-05,3.5e-05,0
sthelar40x_tonsil_9class_slide_lora_r8_a8_lr5e-5_e10_seed42_CLEAN2,8,10,2026-06-11 20:57:08.977000,2026-06-11 21:47:42.095000,2026-06-11 21:54:17.422000,50.55,6.59,57.14,7.3961,0.834,0.7221,7.1819,0.837,0.7278,0.5741,0.1995,3.5e-05,3.3e-05,1
sthelar40x_tonsil_9class_slide_lora_r8_a8_lr5e-5_e10_seed42_CLEAN2,9,10,2026-06-11 21:54:22.093000,2026-06-11 22:44:52.509000,2026-06-11 22:51:26.331000,50.51,6.56,57.07,7.3832,0.8337,0.7223,7.166,0.8386,0.7301,0.5761,0.1974,3.3e-05,3.2e-05,1
sthelar40x_tonsil_9class_slide_lora_r8_a8_lr5e-5_e10_seed42_CLEAN2,10,10,2026-06-11 22:51:30.881000,2026-06-11 23:41:37.382000,2026-06-11 23:48:07.158000,50.11,6.5,56.6,7.3598,0.8348,0.7235,7.1822,0.8366,0.7273,0.5736,0.1987,3.2e-05,3e-05,0
sthelar40x_tonsil_9class_slide_lora_r8_a8_lr5e-5_e15_seed42_CLEAN,1,15,2026-06-09 16:26:55.994000,2026-06-09 17:54:43.055000,2026-06-09 18:06:16.105000,87.78,11.55,99.34,10.268,0.8152,0.6956,9.6374,0.8232,0.7118,0.5521,0.1681,5e-05,4.8e-05,1
sthelar40x_tonsil_9class_slide_lora_r8_a8_lr5e-5_e15_seed42_CLEAN,2,15,2026-06-09 18:06:23.954000,2026-06-09 19:32:47.859000,2026-06-09 19:43:40.848000,86.4,10.88,97.28,9.6862,0.8251,0.709,7.8937,0.8364,0.7285,0.5728,0.1847,4.8e-05,4.5e-05,1
sthelar40x_tonsil_9class_slide_lora_r8_a8_lr5e-5_e15_seed42_CLEAN,3,15,2026-06-09 19:43:48.419000,2026-06-09 21:12:28.781000,2026-06-09 21:23:38.361000,88.67,11.16,99.83,7.752,0.8281,0.7139,7.4333,0.83,0.7183,0.5581,0.1827,4.5e-05,4.3e-05,0
sthelar40x_tonsil_9class_slide_lora_r8_a8_lr5e-5_e15_seed42_CLEAN,4,15,2026-06-09 21:23:41.636000,2026-06-09 22:56:30.965000,2026-06-09 23:07:52.524000,92.82,11.36,104.18,7.5864,0.8301,0.7169,7.2968,0.8354,0.726,0.569,0.1909,4.3e-05,4.1e-05,0
sthelar40x_tonsil_9class_slide_lora_r8_a8_lr5e-5_e15_seed42_CLEAN,5,15,2026-06-09 23:07:56.209000,2026-06-10 00:36:50.521000,2026-06-10 00:48:07.880000,88.91,11.29,100.19,7.5209,0.8316,0.7187,7.4095,0.8284,0.7156,0.5583,0.1832,4.1e-05,3.9e-05,0
sthelar40x_tonsil_9class_slide_lora_r8_a8_lr5e-5_e15_seed42_CLEAN,6,15,2026-06-10 00:48:11.082000,2026-06-10 02:19:29.744000,2026-06-10 02:30:30.640000,91.31,11.01,102.33,7.4661,0.8318,0.7197,7.3597,0.8318,0.7204,0.5628,0.1867,3.9e-05,3.7e-05,0
sthelar40x_tonsil_9class_slide_lora_r8_a8_lr5e-5_e15_seed42_CLEAN,7,15,2026-06-10 02:30:34.458000,2026-06-10 03:53:47.416000,2026-06-10 04:05:02.640000,83.22,11.25,94.47,7.4232,0.833,0.7211,7.3536,0.8284,0.7154,0.5562,0.1868,3.7e-05,3.5e-05,0
sthelar40x_tonsil_9class_slide_lora_r8_a8_lr5e-5_e15_seed42_CLEAN,8,15,2026-06-10 04:05:06.102000,2026-06-10 05:30:25.452000,2026-06-10 05:41:37.536000,85.32,11.2,96.52,7.3961,0.834,0.7221,7.1812,0.8369,0.7278,0.5742,0.1996,3.5e-05,3.3e-05,1
sthelar40x_tonsil_9class_slide_lora_r8_a8_lr5e-5_e15_seed42_CLEAN,9,15,2026-06-10 05:41:45.035000,2026-06-10 07:09:41.739000,2026-06-10 07:21:02.388000,87.95,11.34,99.29,7.3828,0.8337,0.7223,7.1664,0.8384,0.7299,0.5768,0.1984,3.3e-05,3.2e-05,1
sthelar40x_tonsil_9class_slide_lora_r8_a8_lr5e-5_e15_seed42_CLEAN,10,15,2026-06-10 07:21:10.102000,2026-06-10 08:47:51.608000,2026-06-10 08:58:52.507000,86.69,11.01,97.71,7.3595,0.8348,0.7235,7.1817,0.8367,0.7275,0.5737,0.1983,3.2e-05,3e-05,0
sthelar40x_tonsil_9class_slide_lora_r8_a8_lr5e-5_e15_seed42_CLEAN,11,15,2026-06-10 08:58:56.483000,2026-06-10 10:26:31.679000,2026-06-10 10:37:59.418000,87.59,11.46,99.05,7.3197,0.8346,0.724,7.2212,0.8366,0.7271,0.5729,0.1909,3e-05,2.8e-05,0
sthelar40x_tonsil_9class_slide_lora_r8_a8_lr5e-5_e15_seed42_CLEAN,12,15,2026-06-10 10:38:03.363000,2026-06-10 12:06:39.394000,2026-06-10 12:17:48.982000,88.6,11.16,99.76,7.3108,0.8345,0.7242,7.2483,0.8357,0.7258,0.5687,0.1954,2.8e-05,2.7e-05,0
sthelar40x_tonsil_9class_slide_lora_r8_a8_lr5e-5_e15_seed42_CLEAN,13,15,2026-06-10 12:17:52.785000,2026-06-10 14:10:07.692000,2026-06-10 14:23:42.161000,112.25,13.57,125.82,7.3046,0.8364,0.7257,7.1673,0.833,0.7219,0.5714,0.1984,2.7e-05,2.6e-05,0
sthelar40x_tonsil_9class_slide_lora_r8_a8_lr5e-5_e15_seed42_CLEAN,14,15,2026-06-10 14:23:45.672000,2026-06-10 15:53:34.298000,2026-06-10 16:04:33.409000,89.81,10.99,100.8,7.2823,0.8361,0.7253,7.108,0.84,0.7325,0.5794,0.2023,2.6e-05,2.4e-05,1
sthelar40x_tonsil_9class_slide_lora_r8_a8_lr5e-5_e15_seed42_CLEAN,15,15,2026-06-10 16:04:40.642000,,,,,,,,,,,,,,,,0
sthelar40x_tonsil_9class_slide_lora_r8_a8_lr5e-5_e5,1,5,2026-05-29 22:20:43.226000,2026-05-29 23:42:41.107000,2026-05-29 23:53:59.724000,81.96,11.31,93.27,10.268,0.8152,0.6956,9.6374,0.8232,0.7118,0.5521,0.1681,5e-05,4.8e-05,1
sthelar40x_tonsil_9class_slide_lora_r8_a8_lr5e-5_e5,2,5,2026-05-29 23:54:07.876000,2026-05-30 01:18:07.265000,2026-05-30 01:29:16.571000,83.99,11.16,95.14,9.6862,0.8251,0.709,7.8937,0.8364,0.7285,0.5728,0.1847,4.8e-05,4.5e-05,1
sthelar40x_tonsil_9class_slide_lora_r8_a8_lr5e-5_e5,3,5,2026-05-30 01:29:24.583000,2026-05-30 03:02:01.606000,2026-05-30 03:13:19.588000,92.62,11.3,103.92,7.752,0.8281,0.7139,7.4333,0.83,0.7183,0.5581,0.1827,4.5e-05,4.3e-05,0
sthelar40x_tonsil_9class_slide_lora_r8_a8_lr5e-5_e5,4,5,2026-05-30 03:13:24.069000,2026-05-30 04:43:15.024000,2026-05-30 04:54:35.447000,89.85,11.34,101.19,7.5864,0.8301,0.7169,7.2968,0.8354,0.726,0.569,0.1909,4.3e-05,4.1e-05,0
sthelar40x_tonsil_9class_slide_lora_r8_a8_lr5e-5_e5,5,5,2026-05-30 04:54:39.639000,2026-05-30 06:22:16.257000,2026-05-30 06:33:37.967000,87.61,11.36,98.97,7.5209,0.8316,0.7187,7.4095,0.8284,0.7156,0.5583,0.1832,4.1e-05,3.9e-05,0
sthelar40x_tonsil_9class_slide_ntonly_lr5e-5_e10_seed42_CLEAN,1,10,2026-06-16 18:01:59.427000,2026-06-16 18:40:19.536000,2026-06-16 18:47:00.343000,38.34,6.68,45.02,14.1522,0.6709,0.519,12.455,0.7126,0.5746,0.4835,0.1433,5e-05,4.8e-05,1
sthelar40x_tonsil_9class_slide_ntonly_lr5e-5_e10_seed42_CLEAN,2,10,2026-06-16 18:47:05.915000,2026-06-16 19:23:28.295000,2026-06-16 19:30:17.611000,36.37,6.82,43.19,13.882,0.6682,0.5165,12.1525,0.7377,0.6049,0.5071,0.1601,4.8e-05,4.5e-05,1
sthelar40x_tonsil_9class_slide_ntonly_lr5e-5_e10_seed42_CLEAN,3,10,2026-06-16 19:30:21.829000,2026-06-16 20:07:01.602000,2026-06-16 20:13:47.580000,36.66,6.77,43.43,11.9875,0.6691,0.5172,10.0757,0.7449,0.614,0.5139,0.156,4.5e-05,4.3e-05,1
sthelar40x_tonsil_9class_slide_ntonly_lr5e-5_e10_seed42_CLEAN,4,10,2026-06-16 20:13:52.520000,2026-06-16 20:50:12.170000,2026-06-16 20:56:52.495000,36.33,6.67,43.0,11.7256,0.6687,0.5169,10.0782,0.7396,0.6075,0.5082,0.1593,4.3e-05,4.1e-05,0
sthelar40x_tonsil_9class_slide_ntonly_lr5e-5_e10_seed42_CLEAN,5,10,2026-06-16 20:56:55.768000,2026-06-16 21:33:52.904000,2026-06-16 21:40:27.276000,36.95,6.57,43.53,11.6782,0.6687,0.5168,10.065,0.726,0.5909,0.496,0.1545,4.1e-05,3.9e-05,0
sthelar40x_tonsil_9class_slide_ntonly_lr5e-5_e10_seed42_CLEAN,6,10,2026-06-16 21:40:29.748000,2026-06-16 22:17:40.843000,2026-06-16 22:24:27.377000,37.18,6.78,43.96,11.6458,0.6684,0.5168,10.0023,0.7406,0.6091,0.5105,0.1639,3.9e-05,3.7e-05,0
sthelar40x_tonsil_9class_slide_ntonly_lr5e-5_e10_seed42_CLEAN,7,10,2026-06-16 22:24:30.742000,2026-06-16 23:02:51.449000,2026-06-16 23:09:28.497000,38.35,6.62,44.96,11.5705,0.6692,0.5176,10.1136,0.7308,0.5964,0.5007,0.1547,3.7e-05,3.5e-05,0
sthelar40x_tonsil_9class_slide_ntonly_lr5e-5_e10_seed42_CLEAN,8,10,2026-06-16 23:09:32.867000,2026-06-16 23:46:56.219000,2026-06-16 23:53:50.909000,37.39,6.91,44.3,11.5824,0.6699,0.5175,10.0393,0.7261,0.591,0.4969,0.1577,3.5e-05,3.3e-05,0
sthelar40x_tonsil_9class_slide_ntonly_lr5e-5_e10_seed42_CLEAN,9,10,2026-06-16 23:53:53.209000,2026-06-17 00:31:58.468000,2026-06-17 00:38:37.043000,38.09,6.64,44.73,11.5311,0.6685,0.5172,9.9424,0.7335,0.5998,0.5022,0.1625,3.3e-05,3.2e-05,0
sthelar40x_tonsil_9class_slide_ntonly_lr5e-5_e10_seed42_CLEAN,10,10,2026-06-17 00:38:43.695000,2026-06-17 01:14:52.385000,2026-06-17 01:21:29.318000,36.14,6.62,42.76,11.5739,0.6668,0.5148,9.9841,0.7282,0.5932,0.4957,0.1607,3.2e-05,3e-05,0
sthelar40x_tonsil_9class_slide_vera_adaptformer_r16_a16_red16_decoder_conv_adapters_lr5e-5_e10_seed43_CLEAN,1,10,2026-06-23 10:24:39.802000,2026-06-23 11:12:09.673000,2026-06-23 11:19:06.791000,47.5,6.95,54.45,11.6346,0.7983,0.6723,9.9376,0.8114,0.6986,0.5489,0.1665,5e-05,4.8e-05,1
sthelar40x_tonsil_9class_slide_vera_adaptformer_r16_a16_red16_decoder_conv_adapters_lr5e-5_e10_seed43_CLEAN,2,10,2026-06-23 11:19:10.899000,2026-06-23 12:06:04.398000,2026-06-23 12:13:08.594000,46.89,7.07,53.96,10.0973,0.819,0.7021,9.7221,0.8224,0.7129,0.5598,0.1706,4.8e-05,4.5e-05,1
sthelar40x_tonsil_9class_slide_vera_adaptformer_r16_a16_red16_decoder_conv_adapters_lr5e-5_e10_seed43_CLEAN,3,10,2026-06-23 12:13:12.889000,2026-06-23 13:01:27.240000,2026-06-23 13:08:26.812000,48.24,6.99,55.23,9.4129,0.8238,0.7081,7.7562,0.8218,0.709,0.5523,0.1783,4.5e-05,4.3e-05,0
sthelar40x_tonsil_9class_slide_vera_adaptformer_r16_a16_red16_decoder_conv_adapters_lr5e-5_e10_seed43_CLEAN,4,10,2026-06-23 13:08:28.940000,2026-06-23 13:56:30.516000,2026-06-23 14:03:35.271000,48.03,7.08,55.11,7.8206,0.8264,0.7116,7.4373,0.8266,0.7159,0.5597,0.1879,4.3e-05,4.1e-05,0
sthelar40x_tonsil_9class_slide_vera_adaptformer_r16_a16_red16_decoder_conv_adapters_lr5e-5_e10_seed43_CLEAN,5,10,2026-06-23 14:03:37.606000,2026-06-23 14:52:20.532000,2026-06-23 14:59:12.148000,48.72,6.86,55.58,7.6811,0.8281,0.7144,7.5137,0.8324,0.7229,0.5663,0.18,4.1e-05,3.9e-05,1
sthelar40x_tonsil_9class_slide_vera_adaptformer_r16_a16_red16_decoder_conv_adapters_lr5e-5_e10_seed43_CLEAN,6,10,2026-06-23 14:59:16.950000,2026-06-23 15:47:30.874000,2026-06-23 15:54:29.408000,48.23,6.98,55.21,7.5935,0.8278,0.7142,7.441,0.8308,0.7202,0.563,0.1896,3.9e-05,3.7e-05,0
sthelar40x_tonsil_9class_slide_vera_adaptformer_r16_a16_red16_decoder_conv_adapters_lr5e-5_e10_seed43_CLEAN,7,10,2026-06-23 15:54:31.496000,2026-06-23 16:42:00.534000,2026-06-23 16:49:04.810000,47.48,7.07,54.56,7.5343,0.83,0.7164,7.3244,0.829,0.7167,0.5584,0.1903,3.7e-05,3.5e-05,0
sthelar40x_tonsil_9class_slide_vera_adaptformer_r16_a16_red16_decoder_conv_adapters_lr5e-5_e10_seed43_CLEAN,8,10,2026-06-23 16:49:07.292000,2026-06-23 17:37:07.067000,2026-06-23 17:44:07.319000,48.0,7.0,55.0,7.4894,0.8295,0.7167,7.3177,0.8298,0.7175,0.558,0.1885,3.5e-05,3.3e-05,0
sthelar40x_tonsil_9class_slide_vera_adaptformer_r16_a16_red16_decoder_conv_adapters_lr5e-5_e10_seed43_CLEAN,9,10,2026-06-23 17:44:09.562000,2026-06-23 18:36:56.436000,2026-06-23 18:43:50.230000,52.78,6.9,59.68,7.4373,0.8312,0.7177,7.3325,0.8285,0.7163,0.5569,0.1863,3.3e-05,3.2e-05,0
sthelar40x_tonsil_9class_slide_vera_adaptformer_r16_a16_red16_decoder_conv_adapters_lr5e-5_e10_seed43_CLEAN,10,10,2026-06-23 18:44:54.755000,2026-06-23 19:38:15.536000,2026-06-23 19:45:22.101000,53.35,7.11,60.46,7.4373,0.8303,0.718,7.2781,0.8328,0.7226,0.5649,0.1932,3.2e-05,3e-05,0
sthelar40x_tonsil_9class_slide_vera_adaptformer_r8_a8_red16_decoder_conv_adapters_lr5e-5_e10_seed42_CLEAN,1,10,2026-06-21 04:14:18.894000,2026-06-21 05:06:28.704000,2026-06-21 05:12:57.836000,52.16,6.49,58.65,11.67,0.7979,0.6716,10.0553,0.8095,0.6966,0.5404,0.1546,5e-05,4.8e-05,1
sthelar40x_tonsil_9class_slide_vera_adaptformer_r8_a8_red16_decoder_conv_adapters_lr5e-5_e10_seed42_CLEAN,2,10,2026-06-21 05:13:01.978000,2026-06-21 06:05:45.772000,2026-06-21 06:12:08.781000,52.73,6.38,59.11,10.1094,0.8194,0.7021,9.6791,0.8221,0.7099,0.554,0.1701,4.8e-05,4.5e-05,1
sthelar40x_tonsil_9class_slide_vera_adaptformer_r8_a8_red16_decoder_conv_adapters_lr5e-5_e10_seed42_CLEAN,3,10,2026-06-21 06:12:12.692000,2026-06-21 07:04:14.931000,2026-06-21 07:10:41.407000,52.04,6.44,58.48,9.5768,0.8238,0.7081,7.8201,0.8212,0.7057,0.5436,0.1744,4.5e-05,4.3e-05,0
sthelar40x_tonsil_9class_slide_vera_adaptformer_r8_a8_red16_decoder_conv_adapters_lr5e-5_e10_seed42_CLEAN,4,10,2026-06-21 07:10:43.881000,2026-06-21 08:02:38.259000,2026-06-21 08:09:06.133000,51.91,6.46,58.37,7.8382,0.8262,0.7115,7.51,0.8251,0.713,0.554,0.1793,4.3e-05,4.1e-05,1
sthelar40x_tonsil_9class_slide_vera_adaptformer_r8_a8_red16_decoder_conv_adapters_lr5e-5_e10_seed42_CLEAN,5,10,2026-06-21 08:09:10.161000,2026-06-21 09:02:10.540000,2026-06-21 09:08:40.076000,53.01,6.49,59.5,7.6765,0.8277,0.7136,7.434,0.8272,0.7144,0.5545,0.1817,4.1e-05,3.9e-05,1
sthelar40x_tonsil_9class_slide_vera_adaptformer_r8_a8_red16_decoder_conv_adapters_lr5e-5_e10_seed42_CLEAN,6,10,2026-06-21 09:08:44.069000,2026-06-21 10:00:55.110000,2026-06-21 10:07:23.164000,52.18,6.47,58.65,7.592,0.8287,0.7149,7.424,0.8285,0.7165,0.5552,0.1847,3.9e-05,3.7e-05,1
sthelar40x_tonsil_9class_slide_vera_adaptformer_r8_a8_red16_decoder_conv_adapters_lr5e-5_e10_seed42_CLEAN,7,10,2026-06-21 10:07:26.999000,2026-06-21 11:00:01.623000,2026-06-21 11:06:29.835000,52.58,6.47,59.05,7.5301,0.8299,0.716,7.3817,0.8305,0.7194,0.559,0.1859,3.7e-05,3.5e-05,1
sthelar40x_tonsil_9class_slide_vera_adaptformer_r8_a8_red16_decoder_conv_adapters_lr5e-5_e10_seed42_CLEAN,8,10,2026-06-21 11:06:34.298000,2026-06-21 11:58:55.966000,2026-06-21 12:05:31.668000,52.36,6.6,58.96,7.4911,0.831,0.7177,7.301,0.8328,0.7225,0.564,0.1885,3.5e-05,3.3e-05,1
sthelar40x_tonsil_9class_slide_vera_adaptformer_r8_a8_red16_decoder_conv_adapters_lr5e-5_e10_seed42_CLEAN,9,10,2026-06-21 12:05:36.456000,2026-06-21 12:56:26.061000,2026-06-21 13:02:50.468000,50.83,6.41,57.23,7.4632,0.8306,0.7179,7.3082,0.8334,0.7231,0.5668,0.1883,3.3e-05,3.2e-05,1
sthelar40x_tonsil_9class_slide_vera_adaptformer_r8_a8_red16_decoder_conv_adapters_lr5e-5_e10_seed42_CLEAN,10,10,2026-06-21 13:02:54.952000,2026-06-21 13:53:14.484000,2026-06-21 13:59:42.893000,50.33,6.47,56.8,7.4277,0.8321,0.7193,7.3945,0.8283,0.7156,0.556,0.1872,3.2e-05,3e-05,0
sthelar40x_tonsil_9class_slide_vera_adaptformer_r8_a8_red16_decoder_conv_adapters_lr5e-5_e10_seed43_CLEAN,1,10,2026-06-23 10:24:39.802000,2026-06-23 11:11:26.237000,2026-06-23 11:18:27.392000,46.77,7.02,53.79,11.635,0.7983,0.6723,9.9515,0.8107,0.6977,0.5478,0.1653,5e-05,4.8e-05,1
sthelar40x_tonsil_9class_slide_vera_adaptformer_r8_a8_red16_decoder_conv_adapters_lr5e-5_e10_seed43_CLEAN,2,10,2026-06-23 11:18:31.651000,2026-06-23 12:04:38.898000,2026-06-23 12:11:46.248000,46.12,7.12,53.24,10.0966,0.8189,0.7021,9.6901,0.8224,0.7133,0.5591,0.1721,4.8e-05,4.5e-05,1
sthelar40x_tonsil_9class_slide_vera_adaptformer_r8_a8_red16_decoder_conv_adapters_lr5e-5_e10_seed43_CLEAN,3,10,2026-06-23 12:11:50.767000,2026-06-23 12:58:55.352000,2026-06-23 13:05:47.667000,47.08,6.87,53.95,9.4157,0.8238,0.7082,7.7595,0.8225,0.7099,0.553,0.1788,4.5e-05,4.3e-05,0
sthelar40x_tonsil_9class_slide_vera_adaptformer_r8_a8_red16_decoder_conv_adapters_lr5e-5_e10_seed43_CLEAN,4,10,2026-06-23 13:05:49.841000,2026-06-23 13:53:27.817000,2026-06-23 14:00:30.998000,47.63,7.05,54.69,7.8213,0.8264,0.7116,7.4399,0.8267,0.7163,0.5601,0.1887,4.3e-05,4.1e-05,1
sthelar40x_tonsil_9class_slide_vera_adaptformer_r8_a8_red16_decoder_conv_adapters_lr5e-5_e10_seed43_CLEAN,5,10,2026-06-23 14:00:35.316000,2026-06-23 14:48:53.386000,2026-06-23 14:55:42.835000,48.3,6.82,55.13,7.6832,0.8281,0.7145,7.4356,0.8341,0.7247,0.5686,0.1834,4.1e-05,3.9e-05,1
sthelar40x_tonsil_9class_slide_vera_adaptformer_r8_a8_red16_decoder_conv_adapters_lr5e-5_e10_seed43_CLEAN,6,10,2026-06-23 14:55:50.848000,2026-06-23 15:43:42.819000,2026-06-23 15:50:38.348000,47.87,6.93,54.79,7.5938,0.8277,0.7141,7.4358,0.8307,0.7202,0.5635,0.1909,3.9e-05,3.7e-05,0
sthelar40x_tonsil_9class_slide_vera_adaptformer_r8_a8_red16_decoder_conv_adapters_lr5e-5_e10_seed43_CLEAN,7,10,2026-06-23 15:50:40.525000,2026-06-23 16:37:45.128000,2026-06-23 16:44:51.555000,47.08,7.11,54.18,7.5359,0.8301,0.7166,7.3199,0.8295,0.7173,0.5589,0.1896,3.7e-05,3.5e-05,0
sthelar40x_tonsil_9class_slide_vera_adaptformer_r8_a8_red16_decoder_conv_adapters_lr5e-5_e10_seed43_CLEAN,8,10,2026-06-23 16:44:53.792000,2026-06-23 17:32:03.625000,2026-06-23 17:39:01.794000,47.16,6.97,54.13,7.4886,0.8296,0.7167,7.3019,0.8303,0.7182,0.5597,0.1894,3.5e-05,3.3e-05,0
sthelar40x_tonsil_9class_slide_vera_adaptformer_r8_a8_red16_decoder_conv_adapters_lr5e-5_e10_seed43_CLEAN,9,10,2026-06-23 17:39:04.090000,2026-06-23 18:31:31.582000,2026-06-23 18:38:25.168000,52.46,6.89,59.35,7.4383,0.8312,0.7177,7.3076,0.829,0.7171,0.5573,0.1871,3.3e-05,3.2e-05,0
sthelar40x_tonsil_9class_slide_vera_adaptformer_r8_a8_red16_decoder_conv_adapters_lr5e-5_e10_seed43_CLEAN,10,10,2026-06-23 18:38:28.153000,2026-06-23 19:32:01.574000,2026-06-23 19:39:00.055000,53.56,6.97,60.53,7.437,0.8303,0.7181,7.2688,0.8334,0.7232,0.566,0.1968,3.2e-05,3e-05,0
