path,size_bytes,size_gib,modification_date_utc,experiment_family,method,tissues,seed,checkpoint_files,prediction_inference_artifacts,referenced_by_paper_tables,referenced_by_adapter_manifests,used_for_published_adapter,likely_needed_for_qualitative_figures_qc,classification,candidate_subartifacts,rationale
run/sthelar40x_bps_9class_slide_adaptformer_gelu_r16_e3,21326,0.000020,2026-06-10T17:42:21+00:00,BPS multi-tissue 9-class exploratory,AdaptFormer,Breast;Pancreatic;Skin,19,NONE,NONE,NO,NO,NO,NO,CANDIDATE_DELETE,NONE,"Failed/debug attempt: only configuration, dataset manifest, and a short log; no checkpoint or inference result."
run/sthelar40x_bps_9class_slide_adaptformer_gelu_red16_lr5e-5_clean_e3,2789503,0.002598,2026-06-10T17:42:20+00:00,BPS multi-tissue 9-class exploratory,AdaptFormer,Breast;Pancreatic;Skin,42,NONE,log/2026-05-28T235029_sthelar40x_bps_9class_slide_adaptformer_gelu_red16_lr5e-5_clean_e3/inference_results.json [533006 B],NO,NO,NO,NO,KEEP_USEFUL,NONE,"No checkpoint remains, but inference results preserve otherwise non-reconstructable historical evidence."
run/sthelar40x_bps_9class_slide_all_clean_unfreeze0_e3_seed42,5288872,0.004926,2026-06-10T17:42:20+00:00,BPS multi-tissue 9-class exploratory,All parameters / early FullFT prototype,Breast;Pancreatic;Skin,42,NONE,log/2026-05-28T230209_sthelar40x_bps_9class_slide_all_clean_unfreeze0_e3_seed42/inference_results.json [502105 B],NO,NO,NO,NO,KEEP_USEFUL,NONE,"No checkpoint remains, but inference results preserve otherwise non-reconstructable historical evidence."
run/sthelar40x_bps_9class_slide_all_e3,1840375,0.001714,2026-06-10T17:42:21+00:00,BPS multi-tissue 9-class exploratory,All parameters / early FullFT prototype,Breast;Pancreatic;Skin,19,NONE,log/2026-05-22T123046_sthelar40x_bps_9class_slide_all_e3/inference_results.json [495082 B],NO,NO,NO,NO,KEEP_USEFUL,NONE,"No checkpoint remains, but inference results preserve otherwise non-reconstructable historical evidence."
run/sthelar40x_bps_9class_slide_all_e3_seed42,1851868,0.001725,2026-06-10T17:42:19+00:00,BPS multi-tissue 9-class exploratory,All parameters / early FullFT prototype,Breast;Pancreatic;Skin,42,NONE,log/2026-05-25T101314_sthelar40x_bps_9class_slide_all_e3_seed42/inference_results.json [501913 B],NO,NO,NO,NO,KEEP_USEFUL,NONE,"No checkpoint remains, but inference results preserve otherwise non-reconstructable historical evidence."
run/sthelar40x_bps_9class_slide_freeze_clean_e3_seed42,424938,0.000396,2026-06-10T17:42:21+00:00,BPS multi-tissue 9-class exploratory,Frozen/raw-style baseline,Breast;Pancreatic;Skin,42,NONE,log/2026-05-28T230209_sthelar40x_bps_9class_slide_freeze_clean_e3_seed42/inference_results.json [303503 B],NO,NO,NO,NO,KEEP_USEFUL,NONE,"No checkpoint remains, but inference results preserve otherwise non-reconstructable historical evidence."
run/sthelar40x_bps_9class_slide_freeze_e3,429671,0.000400,2026-06-10T17:42:19+00:00,BPS multi-tissue 9-class exploratory,Frozen/raw-style baseline,Breast;Pancreatic;Skin,19,NONE,log/2026-05-22T145417_sthelar40x_bps_9class_slide_freeze_e3/inference_results.json [308235 B],NO,NO,NO,NO,KEEP_USEFUL,NONE,"No checkpoint remains, but inference results preserve otherwise non-reconstructable historical evidence."
run/sthelar40x_bps_9class_slide_frozen_encoder_decoder_conv_adapters_red16_lr5e-5_e10_seed42_CLEAN,2810933180,2.617886,2026-06-29T19:58:35+00:00,BPS multi-tissue 9-class exploratory,Unknown,Breast;Pancreatic;Skin,42,log/2026-06-22T110555_sthelar40x_bps_9class_slide_frozen_encoder_decoder_conv_adapters_red16_lr5e-5_e10_seed42_CLEAN/checkpoints/model_best.pth [2806188316 B],log/2026-06-22T110555_sthelar40x_bps_9class_slide_frozen_encoder_decoder_conv_adapters_red16_lr5e-5_e10_seed42_CLEAN/inference_results.json [3772967 B]; log/2026-06-22T110555_sthelar40x_bps_9class_slide_frozen_encoder_decoder_conv_adapters_red16_lr5e-5_e10_seed42_CLEAN/inference_results_qc_sweep_Jaccard.json [35366 B]; log/2026-06-22T110555_sthelar40x_bps_9class_slide_frozen_encoder_decoder_conv_adapters_red16_lr5e-5_e10_seed42_CLEAN/inference_results_qc_sweep_Jaccard_summary.csv [6246 B],NO,YES,NO,NO,KEEP_CRITICAL,NONE,Source run is referenced by an adapter manifest.
run/sthelar40x_bps_9class_slide_fullft_lr1e-5_e10_seed42_CLEAN_TRUE,8406795927,7.829439,2026-06-29T19:58:36+00:00,BPS multi-tissue 9-class exploratory,FullFT,Breast;Pancreatic;Skin,42,log/2026-06-21T160034_sthelar40x_bps_9class_slide_fullft_lr1e-5_e10_seed42_CLEAN_TRUE/checkpoints/model_best.pth [8397783809 B],log/2026-06-21T160034_sthelar40x_bps_9class_slide_fullft_lr1e-5_e10_seed42_CLEAN_TRUE/inference_results.json [3874339 B]; log/2026-06-21T160034_sthelar40x_bps_9class_slide_fullft_lr1e-5_e10_seed42_CLEAN_TRUE/inference_results_qc_sweep_Jaccard.json [36897 B]; log/2026-06-21T160034_sthelar40x_bps_9class_slide_fullft_lr1e-5_e10_seed42_CLEAN_TRUE/inference_results_qc_sweep_Jaccard_summary.csv [6609 B],NO,NO,NO,NO,KEEP_USEFUL,NONE,Non-canonical/exploratory checkpoint is costly to recreate and is not proven redundant; retain pending scientific owner review.
run/sthelar40x_bps_9class_slide_lora_adaptformer_r8_a8_red16_decoder_conv_adapters_lr5e-5_e10_seed42_CLEAN,2908133365,2.708410,2026-06-29T19:58:34+00:00,BPS multi-tissue 9-class exploratory,LoRA Q/V + AdaptFormer + decoder conv adapters,Breast;Pancreatic;Skin,42,log/2026-06-21T144406_sthelar40x_bps_9class_slide_lora_adaptformer_r8_a8_red16_decoder_conv_adapters_lr5e-5_e10_seed42_CLEAN/checkpoints/model_best.pth [2901461410 B],log/2026-06-21T144406_sthelar40x_bps_9class_slide_lora_adaptformer_r8_a8_red16_decoder_conv_adapters_lr5e-5_e10_seed42_CLEAN/inference_results.json [3814699 B]; log/2026-06-21T144406_sthelar40x_bps_9class_slide_lora_adaptformer_r8_a8_red16_decoder_conv_adapters_lr5e-5_e10_seed42_CLEAN/inference_results_qc_sweep_Jaccard.json [35571 B]; log/2026-06-21T144406_sthelar40x_bps_9class_slide_lora_adaptformer_r8_a8_red16_decoder_conv_adapters_lr5e-5_e10_seed42_CLEAN/inference_results_qc_sweep_Jaccard_summary.csv [6333 B],NO,YES,NO,NO,KEEP_CRITICAL,NONE,Source run is referenced by an adapter manifest.
run/sthelar40x_bps_9class_slide_lora_adaptformer_r8_a8_red16_decoder_heads_only_lr5e-5_e10_seed42_CLEAN,5693036,0.005302,2026-06-24T13:52:01+00:00,BPS multi-tissue 9-class exploratory,LoRA Q/V + AdaptFormer + NP/HV/NT final heads,Breast;Pancreatic;Skin,42,NONE,log/2026-06-21T144406_sthelar40x_bps_9class_slide_lora_adaptformer_r8_a8_red16_decoder_heads_only_lr5e-5_e10_seed42_CLEAN/inference_results.json [3740976 B]; log/2026-06-21T144406_sthelar40x_bps_9class_slide_lora_adaptformer_r8_a8_red16_decoder_heads_only_lr5e-5_e10_seed42_CLEAN/inference_results_qc_sweep_Jaccard.json [34726 B]; log/2026-06-21T144406_sthelar40x_bps_9class_slide_lora_adaptformer_r8_a8_red16_decoder_heads_only_lr5e-5_e10_seed42_CLEAN/inference_results_qc_sweep_Jaccard_summary.csv [5883 B],NO,YES,NO,NO,KEEP_CRITICAL,NONE,Source run is referenced by an adapter manifest.
run/sthelar40x_bps_9class_slide_lora_adaptformer_r8_a8_red16_decoder_last_stage_lr5e-5_e10_seed42_CLEAN,2903503115,2.704098,2026-06-29T19:58:36+00:00,BPS multi-tissue 9-class exploratory,LoRA Q/V + AdaptFormer + decoder last stage,Breast;Pancreatic;Skin,42,log/2026-06-21T144406_sthelar40x_bps_9class_slide_lora_adaptformer_r8_a8_red16_decoder_last_stage_lr5e-5_e10_seed42_CLEAN/checkpoints/model_best.pth [2897448024 B],log/2026-06-21T144406_sthelar40x_bps_9class_slide_lora_adaptformer_r8_a8_red16_decoder_last_stage_lr5e-5_e10_seed42_CLEAN/inference_results.json [3870932 B]; log/2026-06-21T144406_sthelar40x_bps_9class_slide_lora_adaptformer_r8_a8_red16_decoder_last_stage_lr5e-5_e10_seed42_CLEAN/inference_results_qc_sweep_Jaccard.json [36685 B]; log/2026-06-21T144406_sthelar40x_bps_9class_slide_lora_adaptformer_r8_a8_red16_decoder_last_stage_lr5e-5_e10_seed42_CLEAN/inference_results_qc_sweep_Jaccard_summary.csv [6631 B],NO,YES,NO,NO,KEEP_CRITICAL,NONE,Source run is referenced by an adapter manifest.
run/sthelar40x_bps_9class_slide_lora_ntonly_r16_a16_lr5e-5_clean_e3,1795024,0.001672,2026-06-10T17:42:20+00:00,BPS multi-tissue 9-class exploratory,LoRA NT-only,Breast;Pancreatic;Skin,42,NONE,log/2026-05-28T234105_sthelar40x_bps_9class_slide_lora_ntonly_r16_a16_lr5e-5_clean_e3/inference_results.json [532290 B],NO,NO,NO,NO,KEEP_USEFUL,NONE,"No checkpoint remains, but inference results preserve otherwise non-reconstructable historical evidence."
run/sthelar40x_bps_9class_slide_lora_ntonly_r4_a4_lr5e-5_clean_e3,1803995,0.001680,2026-06-10T17:42:19+00:00,BPS multi-tissue 9-class exploratory,LoRA NT-only,Breast;Pancreatic;Skin,42,NONE,log/2026-05-28T232110_sthelar40x_bps_9class_slide_lora_ntonly_r4_a4_lr5e-5_clean_e3/inference_results.json [530486 B],NO,NO,NO,NO,KEEP_USEFUL,NONE,"No checkpoint remains, but inference results preserve otherwise non-reconstructable historical evidence."
run/sthelar40x_bps_9class_slide_lora_ntonly_r8_a8_lr5e-5_clean_e3,1810440,0.001686,2026-06-10T17:42:18+00:00,BPS multi-tissue 9-class exploratory,LoRA NT-only,Breast;Pancreatic;Skin,42,NONE,log/2026-05-28T232455_sthelar40x_bps_9class_slide_lora_ntonly_r8_a8_lr5e-5_clean_e3/inference_results.json [528757 B],NO,NO,NO,NO,KEEP_USEFUL,NONE,"No checkpoint remains, but inference results preserve otherwise non-reconstructable historical evidence."
run/sthelar40x_bps_9class_slide_lora_r16_a16_e3,2831950,0.002637,2026-06-10T17:42:20+00:00,BPS multi-tissue 9-class exploratory,LoRA,Breast;Pancreatic;Skin,19,NONE,log/2026-05-25T101314_sthelar40x_bps_9class_slide_lora_r16_a16_e3/inference_results.json [492442 B],NO,NO,NO,NO,KEEP_USEFUL,NONE,"No checkpoint remains, but inference results preserve otherwise non-reconstructable historical evidence."
run/sthelar40x_bps_9class_slide_lora_r16_a16_lr5e-5_clean_e3,2707292,0.002521,2026-06-10T17:42:20+00:00,BPS multi-tissue 9-class exploratory,LoRA,Breast;Pancreatic;Skin,42,NONE,log/2026-05-28T230209_sthelar40x_bps_9class_slide_lora_r16_a16_lr5e-5_clean_e3/inference_results.json [548587 B],NO,NO,NO,NO,KEEP_USEFUL,NONE,"No checkpoint remains, but inference results preserve otherwise non-reconstructable historical evidence."
run/sthelar40x_bps_9class_slide_lora_r4_a4_e3,2817910,0.002624,2026-06-10T17:42:20+00:00,BPS multi-tissue 9-class exploratory,LoRA,Breast;Pancreatic;Skin,19,NONE,log/2026-05-25T101314_sthelar40x_bps_9class_slide_lora_r4_a4_e3/inference_results.json [515306 B],NO,NO,NO,NO,KEEP_USEFUL,NONE,"No checkpoint remains, but inference results preserve otherwise non-reconstructable historical evidence."
run/sthelar40x_bps_9class_slide_lora_r4_a4_lr5e-5_clean_e3,2738230,0.002550,2026-06-10T17:42:21+00:00,BPS multi-tissue 9-class exploratory,LoRA,Breast;Pancreatic;Skin,42,NONE,log/2026-05-28T230209_sthelar40x_bps_9class_slide_lora_r4_a4_lr5e-5_clean_e3/inference_results.json [557612 B],NO,NO,NO,NO,KEEP_USEFUL,NONE,"No checkpoint remains, but inference results preserve otherwise non-reconstructable historical evidence."
run/sthelar40x_bps_9class_slide_lora_r4_a4_lr5e-5_e3,2818896,0.002625,2026-06-10T17:42:18+00:00,BPS multi-tissue 9-class exploratory,LoRA,Breast;Pancreatic;Skin,19,NONE,log/2026-05-26T102657_sthelar40x_bps_9class_slide_lora_r4_a4_lr5e-5_e3/inference_results.json [508950 B],NO,NO,NO,NO,KEEP_USEFUL,NONE,"No checkpoint remains, but inference results preserve otherwise non-reconstructable historical evidence."
run/sthelar40x_bps_9class_slide_lora_r8_a8_decoder_conv_adapters_red16_lr5e-5_e10_seed42_CLEAN,2827681984,2.633484,2026-06-29T19:58:35+00:00,BPS multi-tissue 9-class exploratory,LoRA + decoder conv adapters,Breast;Pancreatic;Skin,42,log/2026-06-22T122815_sthelar40x_bps_9class_slide_lora_r8_a8_decoder_conv_adapters_red16_lr5e-5_e10_seed42_CLEAN/checkpoints/model_best.pth [2822081564 B],log/2026-06-22T122815_sthelar40x_bps_9class_slide_lora_r8_a8_decoder_conv_adapters_red16_lr5e-5_e10_seed42_CLEAN/inference_results.json [3807474 B]; log/2026-06-22T122815_sthelar40x_bps_9class_slide_lora_r8_a8_decoder_conv_adapters_red16_lr5e-5_e10_seed42_CLEAN/inference_results_qc_sweep_Jaccard.json [35759 B]; log/2026-06-22T122815_sthelar40x_bps_9class_slide_lora_r8_a8_decoder_conv_adapters_red16_lr5e-5_e10_seed42_CLEAN/inference_results_qc_sweep_Jaccard_summary.csv [6370 B],NO,YES,NO,NO,KEEP_CRITICAL,NONE,Source run is referenced by an adapter manifest.
run/sthelar40x_bps_9class_slide_lora_r8_a8_e3,2824275,0.002630,2026-06-10T17:42:18+00:00,BPS multi-tissue 9-class exploratory,LoRA,Breast;Pancreatic;Skin,19,NONE,log/2026-05-22T142726_sthelar40x_bps_9class_slide_lora_r8_a8_e3/inference_results.json [494792 B],NO,NO,NO,NO,KEEP_USEFUL,NONE,"No checkpoint remains, but inference results preserve otherwise non-reconstructable historical evidence."
run/sthelar40x_bps_9class_slide_lora_r8_a8_lr2e-5_e3,2846898,0.002651,2026-06-10T17:42:20+00:00,BPS multi-tissue 9-class exploratory,LoRA,Breast;Pancreatic;Skin,19,NONE,log/2026-05-26T102657_sthelar40x_bps_9class_slide_lora_r8_a8_lr2e-5_e3/inference_results.json [523107 B],NO,NO,NO,NO,KEEP_USEFUL,NONE,"No checkpoint remains, but inference results preserve otherwise non-reconstructable historical evidence."
run/sthelar40x_bps_9class_slide_lora_r8_a8_lr5e-5_clean_e3,2739019,0.002551,2026-06-10T17:42:20+00:00,BPS multi-tissue 9-class exploratory,LoRA,Breast;Pancreatic;Skin,42,NONE,log/2026-05-28T230209_sthelar40x_bps_9class_slide_lora_r8_a8_lr5e-5_clean_e3/inference_results.json [554221 B],NO,NO,NO,YES,KEEP_CRITICAL,NONE,Explicitly referenced by qualitative-figure/QC selection code or report.
run/sthelar40x_bps_9class_slide_lora_r8_a8_lr5e-5_e3,2860828,0.002664,2026-06-10T17:42:19+00:00,BPS multi-tissue 9-class exploratory,LoRA,Breast;Pancreatic;Skin,19,NONE,log/2026-05-25T101314_sthelar40x_bps_9class_slide_lora_r8_a8_lr5e-5_e3/inference_results.json [530049 B],NO,NO,NO,NO,KEEP_USEFUL,NONE,"No checkpoint remains, but inference results preserve otherwise non-reconstructable historical evidence."
run/sthelar40x_bps_9class_slide_lora_r8_a8_lr5e-5_e3_seed42,2844404,0.002649,2026-06-10T17:42:19+00:00,BPS multi-tissue 9-class exploratory,LoRA,Breast;Pancreatic;Skin,42,NONE,log/2026-05-26T102657_sthelar40x_bps_9class_slide_lora_r8_a8_lr5e-5_e3_seed42/inference_results.json [523655 B],NO,NO,NO,NO,KEEP_USEFUL,NONE,"No checkpoint remains, but inference results preserve otherwise non-reconstructable historical evidence."
run/sthelar40x_bps_9class_slide_ntonly_clean_e3_seed42,971350,0.000905,2026-06-10T17:42:20+00:00,BPS multi-tissue 9-class exploratory,NT-only,Breast;Pancreatic;Skin,42,NONE,log/2026-05-28T230209_sthelar40x_bps_9class_slide_ntonly_clean_e3_seed42/inference_results.json [521104 B],NO,NO,NO,NO,KEEP_USEFUL,NONE,"No checkpoint remains, but inference results preserve otherwise non-reconstructable historical evidence."
run/sthelar40x_bps_9class_slide_ntonly_e3,923008,0.000860,2026-06-10T17:42:21+00:00,BPS multi-tissue 9-class exploratory,NT-only,Breast;Pancreatic;Skin,19,NONE,log/2026-05-22T142726_sthelar40x_bps_9class_slide_ntonly_e3/inference_results.json [472516 B],NO,NO,NO,NO,KEEP_USEFUL,NONE,"No checkpoint remains, but inference results preserve otherwise non-reconstructable historical evidence."
run/sthelar40x_bps_9class_slide_ntonly_e3_seed42,929251,0.000865,2026-06-10T17:42:19+00:00,BPS multi-tissue 9-class exploratory,NT-only,Breast;Pancreatic;Skin,42,NONE,log/2026-05-25T101314_sthelar40x_bps_9class_slide_ntonly_e3_seed42/inference_results.json [483985 B],NO,NO,NO,NO,KEEP_USEFUL,NONE,"No checkpoint remains, but inference results preserve otherwise non-reconstructable historical evidence."
run/sthelar40x_bps_9class_slide_plora_r8_a8_e3,292608,0.000273,2026-06-10T17:42:19+00:00,BPS multi-tissue 9-class exploratory,P-LoRA,Breast;Pancreatic;Skin,19,NONE,log/2026-05-25T101314_sthelar40x_bps_9class_slide_plora_r8_a8_e3/inference_results.json [165906 B],NO,NO,NO,NO,KEEP_USEFUL,NONE,"No checkpoint remains, but inference results preserve otherwise non-reconstructable historical evidence."
run/sthelar40x_bps_9class_slide_vera_adaptformer_r16_a16_red16_decoder_conv_adapters_lr5e-5_e10_seed42_CLEAN,2893139426,2.694446,2026-06-29T19:58:36+00:00,BPS multi-tissue 9-class exploratory,VeRA + AdaptFormer + decoder conv adapters,Breast;Pancreatic;Skin,42,log/2026-06-22T130259_sthelar40x_bps_9class_slide_vera_adaptformer_r16_a16_red16_decoder_conv_adapters_lr5e-5_e10_seed42_CLEAN/checkpoints/model_best.pth [2886747420 B],log/2026-06-22T130259_sthelar40x_bps_9class_slide_vera_adaptformer_r16_a16_red16_decoder_conv_adapters_lr5e-5_e10_seed42_CLEAN/inference_results.json [3841996 B]; log/2026-06-22T130259_sthelar40x_bps_9class_slide_vera_adaptformer_r16_a16_red16_decoder_conv_adapters_lr5e-5_e10_seed42_CLEAN/inference_results_qc_sweep_Jaccard.json [35608 B]; log/2026-06-22T130259_sthelar40x_bps_9class_slide_vera_adaptformer_r16_a16_red16_decoder_conv_adapters_lr5e-5_e10_seed42_CLEAN/inference_results_qc_sweep_Jaccard_summary.csv [6315 B],NO,YES,NO,NO,KEEP_CRITICAL,NONE,Source run is referenced by an adapter manifest.
run/sthelar40x_bps_9class_slide_vera_adaptformer_r8_a8_red16_decoder_conv_adapters_lr5e-5_e10_seed42_CLEAN,2893106825,2.694416,2026-06-29T19:58:32+00:00,BPS multi-tissue 9-class exploratory,VeRA + AdaptFormer + decoder conv adapters,Breast;Pancreatic;Skin,42,log/2026-06-21T145853_sthelar40x_bps_9class_slide_vera_adaptformer_r8_a8_red16_decoder_conv_adapters_lr5e-5_e10_seed42_CLEAN/checkpoints/model_best.pth [2886735132 B],log/2026-06-21T145853_sthelar40x_bps_9class_slide_vera_adaptformer_r8_a8_red16_decoder_conv_adapters_lr5e-5_e10_seed42_CLEAN/inference_results.json [3833446 B]; log/2026-06-21T145853_sthelar40x_bps_9class_slide_vera_adaptformer_r8_a8_red16_decoder_conv_adapters_lr5e-5_e10_seed42_CLEAN/inference_results_qc_sweep_Jaccard.json [35702 B]; log/2026-06-21T145853_sthelar40x_bps_9class_slide_vera_adaptformer_r8_a8_red16_decoder_conv_adapters_lr5e-5_e10_seed42_CLEAN/inference_results_qc_sweep_Jaccard_summary.csv [6439 B],NO,YES,NO,NO,KEEP_CRITICAL,NONE,Source run is referenced by an adapter manifest.
run/sthelar40x_bps_9class_slide_vera_adaptformer_r8_a8_red16_decoder_conv_adapters_lr5e-5_e10_seed43_CLEAN,2893090598,2.694401,2026-06-29T19:58:35+00:00,BPS multi-tissue 9-class exploratory,VeRA + AdaptFormer + decoder conv adapters,Breast;Pancreatic;Skin,43,log/2026-06-22T123736_sthelar40x_bps_9class_slide_vera_adaptformer_r8_a8_red16_decoder_conv_adapters_lr5e-5_e10_seed43_CLEAN/checkpoints/model_best.pth [2886735132 B],log/2026-06-22T123736_sthelar40x_bps_9class_slide_vera_adaptformer_r8_a8_red16_decoder_conv_adapters_lr5e-5_e10_seed43_CLEAN/inference_results.json [3801264 B]; log/2026-06-22T123736_sthelar40x_bps_9class_slide_vera_adaptformer_r8_a8_red16_decoder_conv_adapters_lr5e-5_e10_seed43_CLEAN/inference_results_qc_sweep_Jaccard.json [35716 B]; log/2026-06-22T123736_sthelar40x_bps_9class_slide_vera_adaptformer_r8_a8_red16_decoder_conv_adapters_lr5e-5_e10_seed43_CLEAN/inference_results_qc_sweep_Jaccard_summary.csv [6271 B],NO,YES,NO,NO,KEEP_CRITICAL,NONE,Source run is referenced by an adapter manifest.
run/sthelar40x_breast_5class_spatial_margin128_cap50000_fullft_lr1e-5_e10_seed42_CLEAN,8474687848,7.892668,2026-07-21T16:00:20+00:00,Tissue-specific 5-class within-slide margin128,FullFT,Breast,42,log/2026-06-30T030512_sthelar40x_breast_5class_spatial_margin128_cap50000_fullft_lr1e-5_e10_seed42_CLEAN/checkpoints/model_best.pth [8397780481 B],log/2026-06-30T030512_sthelar40x_breast_5class_spatial_margin128_cap50000_fullft_lr1e-5_e10_seed42_CLEAN/inference_results.json [20464776 B]; log/2026-06-30T030512_sthelar40x_breast_5class_spatial_margin128_cap50000_fullft_lr1e-5_e10_seed42_CLEAN/inference_results_qc_sweep_Jaccard.json [18753 B]; log/2026-06-30T030512_sthelar40x_breast_5class_spatial_margin128_cap50000_fullft_lr1e-5_e10_seed42_CLEAN/inference_results_qc_sweep_Jaccard_summary.csv [4141 B],NO,NO,NO,NO,KEEP_CRITICAL,NONE,Canonical tissue-specific FullFT/selected-PEFT run with checkpoint or final inference evidence.
run/sthelar40x_breast_5class_spatial_margin128_cap50000_lora_adaptformer_r8_a8_red16_decoder_heads_only_lr5e-5_e10_seed42_CLEAN,2938911596,2.737075,2026-07-21T16:00:20+00:00,Tissue-specific 5-class within-slide margin128,LoRA Q/V + AdaptFormer + NP/HV/NT final heads,Breast,42,log/2026-06-30T170944_sthelar40x_breast_5class_spatial_margin128_cap50000_lora_adaptformer_r8_a8_red16_decoder_heads_only_lr5e-5_e10_seed42_CLEAN/checkpoints/model_best.pth [2894597048 B],log/2026-06-30T170944_sthelar40x_breast_5class_spatial_margin128_cap50000_lora_adaptformer_r8_a8_red16_decoder_heads_only_lr5e-5_e10_seed42_CLEAN/inference_results.json [20355791 B]; log/2026-06-30T170944_sthelar40x_breast_5class_spatial_margin128_cap50000_lora_adaptformer_r8_a8_red16_decoder_heads_only_lr5e-5_e10_seed42_CLEAN/inference_results_qc_sweep_Jaccard.json [18737 B]; log/2026-06-30T170944_sthelar40x_breast_5class_spatial_margin128_cap50000_lora_adaptformer_r8_a8_red16_decoder_heads_only_lr5e-5_e10_seed42_CLEAN/inference_results_qc_sweep_Jaccard_summary.csv [4155 B],YES,YES,YES,YES,KEEP_CRITICAL,NONE,Source run is referenced by an adapter manifest and is a source of a published Hugging Face adapter.
run/sthelar40x_breast_5class_spatial_margin128_cap50000_lora_adaptformer_r8_a8_red16_decoder_heads_only_lr5e-5_e10_seed43_CLEAN,2912725215,2.712687,2026-07-01T20:56:55+00:00,Tissue-specific 5-class within-slide margin128,LoRA Q/V + AdaptFormer + NP/HV/NT final heads,Breast,43,log/2026-06-30T234009_sthelar40x_breast_5class_spatial_margin128_cap50000_lora_adaptformer_r8_a8_red16_decoder_heads_only_lr5e-5_e10_seed43_CLEAN/checkpoints/model_best.pth [2894597176 B],NONE,NO,NO,NO,NO,KEEP_CRITICAL,NONE,Canonical tissue-specific FullFT/selected-PEFT run with checkpoint or final inference evidence.
run/sthelar40x_colon_5class_spatial_margin128_cap50000_fullft_lr1e-5_e10_seed42_CLEAN,8423986323,7.845449,2026-07-21T16:00:20+00:00,Tissue-specific 5-class within-slide margin128,FullFT,Colon,42,log/2026-06-30T180350_sthelar40x_colon_5class_spatial_margin128_cap50000_fullft_lr1e-5_e10_seed42_CLEAN/checkpoints/model_best.pth [8397780481 B],log/2026-06-30T180350_sthelar40x_colon_5class_spatial_margin128_cap50000_fullft_lr1e-5_e10_seed42_CLEAN/inference_results.json [6943474 B]; log/2026-06-30T180350_sthelar40x_colon_5class_spatial_margin128_cap50000_fullft_lr1e-5_e10_seed42_CLEAN/inference_results_qc_sweep_Jaccard.json [18449 B]; log/2026-06-30T180350_sthelar40x_colon_5class_spatial_margin128_cap50000_fullft_lr1e-5_e10_seed42_CLEAN/inference_results_qc_sweep_Jaccard_summary.csv [3999 B],NO,NO,NO,NO,KEEP_CRITICAL,NONE,Canonical tissue-specific FullFT/selected-PEFT run with checkpoint or final inference evidence.
run/sthelar40x_colon_5class_spatial_margin128_cap50000_lora_adaptformer_r8_a8_red16_decoder_heads_only_lr5e-5_e10_seed42_CLEAN,5819057026,5.419419,2026-07-21T16:00:20+00:00,Tissue-specific 5-class within-slide margin128,LoRA Q/V + AdaptFormer + NP/HV/NT final heads,Colon,42,log/2026-06-30T092331_sthelar40x_colon_5class_spatial_margin128_cap50000_lora_adaptformer_r8_a8_red16_decoder_heads_only_lr5e-5_e10_seed42_CLEAN/checkpoints/model_best.pth [2894597112 B]; log/2026-06-30T203052_sthelar40x_colon_5class_spatial_margin128_cap50000_lora_adaptformer_r8_a8_red16_decoder_heads_only_lr5e-5_e10_seed42_CLEAN/checkpoints/model_best.pth [2894602826 B],log/2026-06-30T092331_sthelar40x_colon_5class_spatial_margin128_cap50000_lora_adaptformer_r8_a8_red16_decoder_heads_only_lr5e-5_e10_seed42_CLEAN/inference_results.json [6887944 B]; log/2026-06-30T092331_sthelar40x_colon_5class_spatial_margin128_cap50000_lora_adaptformer_r8_a8_red16_decoder_heads_only_lr5e-5_e10_seed42_CLEAN/inference_results_qc_sweep_Jaccard.json [18059 B]; log/2026-06-30T092331_sthelar40x_colon_5class_spatial_margin128_cap50000_lora_adaptformer_r8_a8_red16_decoder_heads_only_lr5e-5_e10_seed42_CLEAN/inference_results_qc_sweep_Jaccard_summary.csv [3667 B]; log/2026-06-30T203052_sthelar40x_colon_5class_spatial_margin128_cap50000_lora_adaptformer_r8_a8_red16_decoder_heads_only_lr5e-5_e10_seed42_CLEAN/inference_results.json [6893738 B]; log/2026-06-30T203052_sthelar40x_colon_5class_spatial_margin128_cap50000_lora_adaptformer_r8_a8_red16_decoder_heads_only_lr5e-5_e10_seed42_CLEAN/inference_results_qc_sweep_Jaccard.json [18055 B]; log/2026-06-30T203052_sthelar40x_colon_5class_spatial_margin128_cap50000_lora_adaptformer_r8_a8_red16_decoder_heads_only_lr5e-5_e10_seed42_CLEAN/inference_results_qc_sweep_Jaccard_summary.csv [3706 B],YES,YES,YES,YES,KEEP_CRITICAL,NONE,Source run is referenced by an adapter manifest and is a source of a published Hugging Face adapter.
run/sthelar40x_colon_5class_spatial_margin128_cap50000_lora_adaptformer_r8_a8_red16_decoder_heads_only_lr5e-5_e10_seed43_CLEAN,2909538424,2.709719,2026-07-01T12:04:06+00:00,Tissue-specific 5-class within-slide margin128,LoRA Q/V + AdaptFormer + NP/HV/NT final heads,Colon,43,log/2026-06-30T234437_sthelar40x_colon_5class_spatial_margin128_cap50000_lora_adaptformer_r8_a8_red16_decoder_heads_only_lr5e-5_e10_seed43_CLEAN/checkpoints/model_best.pth [2894597176 B],log/2026-06-30T234437_sthelar40x_colon_5class_spatial_margin128_cap50000_lora_adaptformer_r8_a8_red16_decoder_heads_only_lr5e-5_e10_seed43_CLEAN/inference_results.json [6915819 B]; log/2026-06-30T234437_sthelar40x_colon_5class_spatial_margin128_cap50000_lora_adaptformer_r8_a8_red16_decoder_heads_only_lr5e-5_e10_seed43_CLEAN/inference_results_qc_sweep_Jaccard.json [18236 B]; log/2026-06-30T234437_sthelar40x_colon_5class_spatial_margin128_cap50000_lora_adaptformer_r8_a8_red16_decoder_heads_only_lr5e-5_e10_seed43_CLEAN/inference_results_qc_sweep_Jaccard_summary.csv [3785 B],NO,YES,NO,YES,KEEP_CRITICAL,NONE,Source run is referenced by an adapter manifest.
run/sthelar40x_kidney_5class_spatial_margin128_fullft_lr1e-5_e10_seed42_CLEAN,8409299278,7.831770,2026-06-28T15:47:22+00:00,Tissue-specific 5-class within-slide margin128,FullFT,Kidney,42,log/2026-06-27T195908_sthelar40x_kidney_5class_spatial_margin128_fullft_lr1e-5_e10_seed42_CLEAN/checkpoints/model_best.pth [8397780353 B],log/2026-06-27T195908_sthelar40x_kidney_5class_spatial_margin128_fullft_lr1e-5_e10_seed42_CLEAN/inference_results.json [1998750 B]; log/2026-06-27T195908_sthelar40x_kidney_5class_spatial_margin128_fullft_lr1e-5_e10_seed42_CLEAN/inference_results_qc_sweep_Jaccard.json [18683 B]; log/2026-06-27T195908_sthelar40x_kidney_5class_spatial_margin128_fullft_lr1e-5_e10_seed42_CLEAN/inference_results_qc_sweep_Jaccard_summary.csv [4162 B],YES,NO,NO,NO,KEEP_CRITICAL,NONE,Canonical tissue-specific FullFT/selected-PEFT run with checkpoint or final inference evidence.
run/sthelar40x_kidney_5class_spatial_margin128_lora_adaptformer_r8_a8_red16_decoder_heads_only_lr5e-5_e10_seed42_CLEAN,2900584202,2.701380,2026-06-29T19:58:35+00:00,Tissue-specific 5-class within-slide margin128,LoRA Q/V + AdaptFormer + NP/HV/NT final heads,Kidney,42,log/2026-06-28T203148_sthelar40x_kidney_5class_spatial_margin128_lora_adaptformer_r8_a8_red16_decoder_heads_only_lr5e-5_e10_seed42_CLEAN/checkpoints/model_best.pth [2894596984 B],log/2026-06-28T203148_sthelar40x_kidney_5class_spatial_margin128_lora_adaptformer_r8_a8_red16_decoder_heads_only_lr5e-5_e10_seed42_CLEAN/inference_results.json [1986138 B]; log/2026-06-28T203148_sthelar40x_kidney_5class_spatial_margin128_lora_adaptformer_r8_a8_red16_decoder_heads_only_lr5e-5_e10_seed42_CLEAN/inference_results_qc_sweep_Jaccard.json [18218 B]; log/2026-06-28T203148_sthelar40x_kidney_5class_spatial_margin128_lora_adaptformer_r8_a8_red16_decoder_heads_only_lr5e-5_e10_seed42_CLEAN/inference_results_qc_sweep_Jaccard_summary.csv [3859 B],YES,YES,YES,NO,KEEP_CRITICAL,NONE,Source run is referenced by an adapter manifest and is a source of a published Hugging Face adapter.
run/sthelar40x_kidney_5class_spatial_margin128_lora_adaptformer_r8_a8_red16_decoder_heads_only_lr5e-5_e10_seed43_CLEAN,5801093622,5.402689,2026-07-05T23:06:08+00:00,Tissue-specific 5-class within-slide margin128,LoRA Q/V + AdaptFormer + NP/HV/NT final heads,Kidney,43,log/2026-06-30T232732_sthelar40x_kidney_5class_spatial_margin128_lora_adaptformer_r8_a8_red16_decoder_heads_only_lr5e-5_e10_seed43_CLEAN/checkpoints/model_best.pth [2894597048 B]; log/2026-07-05T202208_sthelar40x_kidney_5class_spatial_margin128_lora_adaptformer_r8_a8_red16_decoder_heads_only_lr5e-5_e10_seed43_CLEAN/checkpoints/model_best.pth [2894597048 B],log/2026-06-30T232732_sthelar40x_kidney_5class_spatial_margin128_lora_adaptformer_r8_a8_red16_decoder_heads_only_lr5e-5_e10_seed43_CLEAN/inference_results.json [2005576 B]; log/2026-06-30T232732_sthelar40x_kidney_5class_spatial_margin128_lora_adaptformer_r8_a8_red16_decoder_heads_only_lr5e-5_e10_seed43_CLEAN/inference_results_qc_sweep_Jaccard.json [18394 B]; log/2026-06-30T232732_sthelar40x_kidney_5class_spatial_margin128_lora_adaptformer_r8_a8_red16_decoder_heads_only_lr5e-5_e10_seed43_CLEAN/inference_results_qc_sweep_Jaccard_summary.csv [4026 B]; log/2026-07-05T202208_sthelar40x_kidney_5class_spatial_margin128_lora_adaptformer_r8_a8_red16_decoder_heads_only_lr5e-5_e10_seed43_CLEAN/inference_results.json [2005576 B]; log/2026-07-05T202208_sthelar40x_kidney_5class_spatial_margin128_lora_adaptformer_r8_a8_red16_decoder_heads_only_lr5e-5_e10_seed43_CLEAN/inference_results_qc_sweep_Jaccard.json [18394 B]; log/2026-07-05T202208_sthelar40x_kidney_5class_spatial_margin128_lora_adaptformer_r8_a8_red16_decoder_heads_only_lr5e-5_e10_seed43_CLEAN/inference_results_qc_sweep_Jaccard_summary.csv [4026 B],YES,YES,YES,YES,KEEP_CRITICAL,NONE,Source run is referenced by an adapter manifest and is a source of a published Hugging Face adapter.
run/sthelar40x_kidney_liver_tonsil_5class_spatial_margin128_adaptformer_red16_decoder_frozen_lr5e-5_e10_seed42_CLEAN,17141967,0.015965,2026-06-25T22:08:06+00:00,KLT 5-class within-slide margin128,AdaptFormer,Kidney;Liver;Tonsil,42,NONE,log/2026-06-25T001346_sthelar40x_kidney_liver_tonsil_5class_spatial_margin128_adaptformer_red16_decoder_frozen_lr5e-5_e10_seed42_CLEAN/inference_results.json [10088910 B]; log/2026-06-25T001346_sthelar40x_kidney_liver_tonsil_5class_spatial_margin128_adaptformer_red16_decoder_frozen_lr5e-5_e10_seed42_CLEAN/inference_results_qc_sweep_Jaccard.json [19270 B]; log/2026-06-25T001346_sthelar40x_kidney_liver_tonsil_5class_spatial_margin128_adaptformer_red16_decoder_frozen_lr5e-5_e10_seed42_CLEAN/inference_results_qc_sweep_Jaccard_summary.csv [4527 B],NO,YES,NO,NO,KEEP_CRITICAL,NONE,Source run is referenced by an adapter manifest.
run/sthelar40x_kidney_liver_tonsil_5class_spatial_margin128_freeze_e10_seed42_CLEAN,2808488817,2.615609,2026-06-29T19:58:32+00:00,KLT 5-class within-slide margin128,Frozen/raw-style baseline,Kidney;Liver;Tonsil,42,log/2026-06-24T195646_sthelar40x_kidney_liver_tonsil_5class_spatial_margin128_freeze_e10_seed42_CLEAN/checkpoints/model_best.pth [2799314840 B],log/2026-06-24T195646_sthelar40x_kidney_liver_tonsil_5class_spatial_margin128_freeze_e10_seed42_CLEAN/inference_results.json [9008875 B]; log/2026-06-24T195646_sthelar40x_kidney_liver_tonsil_5class_spatial_margin128_freeze_e10_seed42_CLEAN/inference_results_qc_sweep_Jaccard.json [17439 B]; log/2026-06-24T195646_sthelar40x_kidney_liver_tonsil_5class_spatial_margin128_freeze_e10_seed42_CLEAN/inference_results_qc_sweep_Jaccard_summary.csv [3654 B],YES,NO,NO,YES,KEEP_CRITICAL,NONE,"Canonical KLT baseline/ablation with checkpoint or final inference evidence; required for paper tables, comparisons, or reproducibility."
run/sthelar40x_kidney_liver_tonsil_5class_spatial_margin128_frozen_encoder_decoder_conv_adapters_lr5e-5_e10_seed42_CLEAN,16571489,0.015433,2026-06-25T22:08:06+00:00,KLT 5-class within-slide margin128,Unknown,Kidney;Liver;Tonsil,42,NONE,log/2026-06-24T201215_sthelar40x_kidney_liver_tonsil_5class_spatial_margin128_frozen_encoder_decoder_conv_adapters_lr5e-5_e10_seed42_CLEAN/inference_results.json [9948507 B]; log/2026-06-24T201215_sthelar40x_kidney_liver_tonsil_5class_spatial_margin128_frozen_encoder_decoder_conv_adapters_lr5e-5_e10_seed42_CLEAN/inference_results_qc_sweep_Jaccard.json [19234 B]; log/2026-06-24T201215_sthelar40x_kidney_liver_tonsil_5class_spatial_margin128_frozen_encoder_decoder_conv_adapters_lr5e-5_e10_seed42_CLEAN/inference_results_qc_sweep_Jaccard_summary.csv [4476 B],NO,YES,NO,NO,KEEP_CRITICAL,NONE,Source run is referenced by an adapter manifest.
run/sthelar40x_kidney_liver_tonsil_5class_spatial_margin128_fullft_lr1e-5_e10_seed42_CLEAN,8440683030,7.860999,2026-06-29T19:58:36+00:00,KLT 5-class within-slide margin128,FullFT,Kidney;Liver;Tonsil,42,log/2026-06-24T195748_sthelar40x_kidney_liver_tonsil_5class_spatial_margin128_fullft_lr1e-5_e10_seed42_CLEAN/checkpoints/model_best.pth [8397780545 B],log/2026-06-24T195748_sthelar40x_kidney_liver_tonsil_5class_spatial_margin128_fullft_lr1e-5_e10_seed42_CLEAN/inference_results.json [9980873 B]; log/2026-06-24T195748_sthelar40x_kidney_liver_tonsil_5class_spatial_margin128_fullft_lr1e-5_e10_seed42_CLEAN/inference_results_qc_sweep_Jaccard.json [19261 B]; log/2026-06-24T195748_sthelar40x_kidney_liver_tonsil_5class_spatial_margin128_fullft_lr1e-5_e10_seed42_CLEAN/inference_results_qc_sweep_Jaccard_summary.csv [4507 B],YES,NO,NO,NO,KEEP_CRITICAL,NONE,"Canonical KLT baseline/ablation with checkpoint or final inference evidence; required for paper tables, comparisons, or reproducibility."
run/sthelar40x_kidney_liver_tonsil_5class_spatial_margin128_fullft_lr1e-5_e10_seed43_KEEPALL_FISHER,8440713611,7.861027,2026-06-29T19:58:32+00:00,KLT 5-class within-slide margin128,FullFT,Kidney;Liver;Tonsil,43,log/2026-06-26T002217_sthelar40x_kidney_liver_tonsil_5class_spatial_margin128_fullft_lr1e-5_e10_seed43_KEEPALL_FISHER/checkpoints/model_best.pth [8397788692 B],log/2026-06-26T002217_sthelar40x_kidney_liver_tonsil_5class_spatial_margin128_fullft_lr1e-5_e10_seed43_KEEPALL_FISHER/inference_results.json [9964935 B]; log/2026-06-26T002217_sthelar40x_kidney_liver_tonsil_5class_spatial_margin128_fullft_lr1e-5_e10_seed43_KEEPALL_FISHER/inference_results_qc_sweep_Jaccard.json [19286 B]; log/2026-06-26T002217_sthelar40x_kidney_liver_tonsil_5class_spatial_margin128_fullft_lr1e-5_e10_seed43_KEEPALL_FISHER/inference_results_qc_sweep_Jaccard_summary.csv [4534 B],YES,NO,NO,NO,KEEP_CRITICAL,NONE,"Canonical KLT baseline/ablation with checkpoint or final inference evidence; required for paper tables, comparisons, or reproducibility."
run/sthelar40x_kidney_liver_tonsil_5class_spatial_margin128_klt_adaptformer_red16_heads_e10_seed42,2895987576,2.697099,2026-07-21T16:00:20+00:00,KLT 5-class within-slide margin128,AdaptFormer,Kidney;Liver;Tonsil,42,log/2026-07-03T190728_sthelar40x_kidney_liver_tonsil_5class_spatial_margin128_klt_adaptformer_red16_heads_e10_seed42/checkpoints/model_best.pth [2878702858 B],log/2026-07-03T190728_sthelar40x_kidney_liver_tonsil_5class_spatial_margin128_klt_adaptformer_red16_heads_e10_seed42/inference_results.json [9959431 B]; log/2026-07-03T190728_sthelar40x_kidney_liver_tonsil_5class_spatial_margin128_klt_adaptformer_red16_heads_e10_seed42/inference_results_qc_sweep_Jaccard.json [19190 B]; log/2026-07-03T190728_sthelar40x_kidney_liver_tonsil_5class_spatial_margin128_klt_adaptformer_red16_heads_e10_seed42/inference_results_qc_sweep_Jaccard_summary.csv [4505 B],NO,YES,NO,NO,KEEP_CRITICAL,NONE,Source run is referenced by an adapter manifest.
run/sthelar40x_kidney_liver_tonsil_5class_spatial_margin128_klt_adaptformer_red16_heads_e10_seed43,2895910945,2.697027,2026-07-21T16:00:20+00:00,KLT 5-class within-slide margin128,AdaptFormer,Kidney;Liver;Tonsil,43,log/2026-07-05T100313_sthelar40x_kidney_liver_tonsil_5class_spatial_margin128_klt_adaptformer_red16_heads_e10_seed43/checkpoints/model_best.pth [2878698616 B],log/2026-07-05T100313_sthelar40x_kidney_liver_tonsil_5class_spatial_margin128_klt_adaptformer_red16_heads_e10_seed43/inference_results.json [9918332 B]; log/2026-07-05T100313_sthelar40x_kidney_liver_tonsil_5class_spatial_margin128_klt_adaptformer_red16_heads_e10_seed43/inference_results_qc_sweep_Jaccard.json [19123 B]; log/2026-07-05T100313_sthelar40x_kidney_liver_tonsil_5class_spatial_margin128_klt_adaptformer_red16_heads_e10_seed43/inference_results_qc_sweep_Jaccard_summary.csv [4375 B],NO,YES,NO,NO,KEEP_CRITICAL,NONE,Source run is referenced by an adapter manifest.
run/sthelar40x_kidney_liver_tonsil_5class_spatial_margin128_klt_adaptformer_red16_heads_laststage_e10_seed42,2900571820,2.701368,2026-07-21T16:00:20+00:00,KLT 5-class within-slide margin128,AdaptFormer,Kidney;Liver;Tonsil,42,log/2026-07-03T190728_sthelar40x_kidney_liver_tonsil_5class_spatial_margin128_klt_adaptformer_red16_heads_laststage_e10_seed42/checkpoints/model_best.pth [2881546520 B],log/2026-07-03T190728_sthelar40x_kidney_liver_tonsil_5class_spatial_margin128_klt_adaptformer_red16_heads_laststage_e10_seed42/inference_results.json [9995277 B]; log/2026-07-03T190728_sthelar40x_kidney_liver_tonsil_5class_spatial_margin128_klt_adaptformer_red16_heads_laststage_e10_seed42/inference_results_qc_sweep_Jaccard.json [19352 B]; log/2026-07-03T190728_sthelar40x_kidney_liver_tonsil_5class_spatial_margin128_klt_adaptformer_red16_heads_laststage_e10_seed42/inference_results_qc_sweep_Jaccard_summary.csv [4542 B],NO,YES,NO,NO,KEEP_CRITICAL,NONE,Source run is referenced by an adapter manifest.
run/sthelar40x_kidney_liver_tonsil_5class_spatial_margin128_klt_final_heads_only_frozen_encoder_decoder_e10_seed42,2809790708,2.616822,2026-07-21T16:00:20+00:00,KLT 5-class within-slide margin128,Final-head linear probing,Kidney;Liver;Tonsil,42,log/2026-07-02T153245_sthelar40x_kidney_liver_tonsil_5class_spatial_margin128_klt_final_heads_only_frozen_encoder_decoder_e10_seed42/checkpoints/model_best.pth [2799323322 B],log/2026-07-02T153245_sthelar40x_kidney_liver_tonsil_5class_spatial_margin128_klt_final_heads_only_frozen_encoder_decoder_e10_seed42/inference_results.json [9982421 B]; log/2026-07-02T153245_sthelar40x_kidney_liver_tonsil_5class_spatial_margin128_klt_final_heads_only_frozen_encoder_decoder_e10_seed42/inference_results_qc_sweep_Jaccard.json [18578 B]; log/2026-07-02T153245_sthelar40x_kidney_liver_tonsil_5class_spatial_margin128_klt_final_heads_only_frozen_encoder_decoder_e10_seed42/inference_results_qc_sweep_Jaccard_summary.csv [4181 B],NO,NO,NO,YES,KEEP_CRITICAL,NONE,"Canonical KLT baseline/ablation with checkpoint or final inference evidence; required for paper tables, comparisons, or reproducibility."
run/sthelar40x_kidney_liver_tonsil_5class_spatial_margin128_lora_adaptformer_r8_a8_red16_decoder_conv_adapters_lr5e-5_e10_seed42_CLEAN,2931310481,2.729996,2026-06-29T19:58:35+00:00,KLT 5-class within-slide margin128,LoRA Q/V + AdaptFormer + decoder conv adapters,Kidney;Liver;Tonsil,42,log/2026-06-25T102125_sthelar40x_kidney_liver_tonsil_5class_spatial_margin128_lora_adaptformer_r8_a8_red16_decoder_conv_adapters_lr5e-5_e10_seed42_CLEAN/checkpoints/model_best.pth [2901450460 B],log/2026-06-25T102125_sthelar40x_kidney_liver_tonsil_5class_spatial_margin128_lora_adaptformer_r8_a8_red16_decoder_conv_adapters_lr5e-5_e10_seed42_CLEAN/inference_results.json [9965212 B]; log/2026-06-25T102125_sthelar40x_kidney_liver_tonsil_5class_spatial_margin128_lora_adaptformer_r8_a8_red16_decoder_conv_adapters_lr5e-5_e10_seed42_CLEAN/inference_results_qc_sweep_Jaccard.json [19309 B]; log/2026-06-25T102125_sthelar40x_kidney_liver_tonsil_5class_spatial_margin128_lora_adaptformer_r8_a8_red16_decoder_conv_adapters_lr5e-5_e10_seed42_CLEAN/inference_results_qc_sweep_Jaccard_summary.csv [4503 B],YES,YES,NO,NO,KEEP_CRITICAL,NONE,Source run is referenced by an adapter manifest.
run/sthelar40x_kidney_liver_tonsil_5class_spatial_margin128_lora_adaptformer_r8_a8_red16_decoder_conv_adapters_lr5e-5_e10_seed43_CLEAN,2931595889,2.730261,2026-06-29T19:58:35+00:00,KLT 5-class within-slide margin128,LoRA Q/V + AdaptFormer + decoder conv adapters,Kidney;Liver;Tonsil,43,log/2026-06-26T002217_sthelar40x_kidney_liver_tonsil_5class_spatial_margin128_lora_adaptformer_r8_a8_red16_decoder_conv_adapters_lr5e-5_e10_seed43_CLEAN/checkpoints/model_best.pth [2901450524 B],log/2026-06-26T002217_sthelar40x_kidney_liver_tonsil_5class_spatial_margin128_lora_adaptformer_r8_a8_red16_decoder_conv_adapters_lr5e-5_e10_seed43_CLEAN/inference_results.json [9941546 B]; log/2026-06-26T002217_sthelar40x_kidney_liver_tonsil_5class_spatial_margin128_lora_adaptformer_r8_a8_red16_decoder_conv_adapters_lr5e-5_e10_seed43_CLEAN/inference_results_qc_sweep_Jaccard.json [19233 B]; log/2026-06-26T002217_sthelar40x_kidney_liver_tonsil_5class_spatial_margin128_lora_adaptformer_r8_a8_red16_decoder_conv_adapters_lr5e-5_e10_seed43_CLEAN/inference_results_qc_sweep_Jaccard_summary.csv [4500 B],YES,YES,NO,NO,KEEP_CRITICAL,NONE,Source run is referenced by an adapter manifest.
run/sthelar40x_kidney_liver_tonsil_5class_spatial_margin128_lora_adaptformer_r8_a8_red16_decoder_heads_only_lr5e-5_e10_seed42_CLEAN,2918235561,2.717819,2026-06-29T19:58:36+00:00,KLT 5-class within-slide margin128,LoRA Q/V + AdaptFormer + NP/HV/NT final heads,Kidney;Liver;Tonsil,42,log/2026-06-25T113302_sthelar40x_kidney_liver_tonsil_5class_spatial_margin128_lora_adaptformer_r8_a8_red16_decoder_heads_only_lr5e-5_e10_seed42_CLEAN/checkpoints/model_best.pth [2894602890 B],log/2026-06-25T113302_sthelar40x_kidney_liver_tonsil_5class_spatial_margin128_lora_adaptformer_r8_a8_red16_decoder_heads_only_lr5e-5_e10_seed42_CLEAN/inference_results.json [9880653 B]; log/2026-06-25T113302_sthelar40x_kidney_liver_tonsil_5class_spatial_margin128_lora_adaptformer_r8_a8_red16_decoder_heads_only_lr5e-5_e10_seed42_CLEAN/inference_results_qc_sweep_Jaccard.json [18745 B]; log/2026-06-25T113302_sthelar40x_kidney_liver_tonsil_5class_spatial_margin128_lora_adaptformer_r8_a8_red16_decoder_heads_only_lr5e-5_e10_seed42_CLEAN/inference_results_qc_sweep_Jaccard_summary.csv [4200 B],YES,YES,YES,YES,KEEP_CRITICAL,NONE,Source run is referenced by an adapter manifest and is a source of a published Hugging Face adapter.
run/sthelar40x_kidney_liver_tonsil_5class_spatial_margin128_lora_adaptformer_r8_a8_red16_decoder_heads_only_lr5e-5_e10_seed43_CLEAN,2918535790,2.718098,2026-06-29T19:58:32+00:00,KLT 5-class within-slide margin128,LoRA Q/V + AdaptFormer + NP/HV/NT final heads,Kidney;Liver;Tonsil,43,log/2026-06-26T002217_sthelar40x_kidney_liver_tonsil_5class_spatial_margin128_lora_adaptformer_r8_a8_red16_decoder_heads_only_lr5e-5_e10_seed43_CLEAN/checkpoints/model_best.pth [2894597112 B],log/2026-06-26T002217_sthelar40x_kidney_liver_tonsil_5class_spatial_margin128_lora_adaptformer_r8_a8_red16_decoder_heads_only_lr5e-5_e10_seed43_CLEAN/inference_results.json [9893526 B]; log/2026-06-26T002217_sthelar40x_kidney_liver_tonsil_5class_spatial_margin128_lora_adaptformer_r8_a8_red16_decoder_heads_only_lr5e-5_e10_seed43_CLEAN/inference_results_qc_sweep_Jaccard.json [19218 B]; log/2026-06-26T002217_sthelar40x_kidney_liver_tonsil_5class_spatial_margin128_lora_adaptformer_r8_a8_red16_decoder_heads_only_lr5e-5_e10_seed43_CLEAN/inference_results_qc_sweep_Jaccard_summary.csv [4470 B],YES,YES,YES,NO,KEEP_CRITICAL,NONE,Source run is referenced by an adapter manifest and is a source of a published Hugging Face adapter.
run/sthelar40x_kidney_liver_tonsil_5class_spatial_margin128_lora_adaptformer_r8_a8_red16_decoder_last_stage_lr5e-5_e10_seed42_CLEAN,2922897051,2.722160,2026-06-29T19:58:32+00:00,KLT 5-class within-slide margin128,LoRA Q/V + AdaptFormer + decoder last stage,Kidney;Liver;Tonsil,42,log/2026-06-25T185008_sthelar40x_kidney_liver_tonsil_5class_spatial_margin128_lora_adaptformer_r8_a8_red16_decoder_last_stage_lr5e-5_e10_seed42_CLEAN/checkpoints/model_best.pth [2897444952 B],log/2026-06-25T185008_sthelar40x_kidney_liver_tonsil_5class_spatial_margin128_lora_adaptformer_r8_a8_red16_decoder_last_stage_lr5e-5_e10_seed42_CLEAN/inference_results.json [9986352 B]; log/2026-06-25T185008_sthelar40x_kidney_liver_tonsil_5class_spatial_margin128_lora_adaptformer_r8_a8_red16_decoder_last_stage_lr5e-5_e10_seed42_CLEAN/inference_results_qc_sweep_Jaccard.json [19386 B]; log/2026-06-25T185008_sthelar40x_kidney_liver_tonsil_5class_spatial_margin128_lora_adaptformer_r8_a8_red16_decoder_last_stage_lr5e-5_e10_seed42_CLEAN/inference_results_qc_sweep_Jaccard_summary.csv [4537 B],YES,YES,NO,NO,KEEP_CRITICAL,NONE,Source run is referenced by an adapter manifest.
run/sthelar40x_kidney_liver_tonsil_5class_spatial_margin128_lora_adaptformer_r8_a8_red16_decoder_last_stage_lr5e-5_e10_seed43_CLEAN,5833950808,5.433290,2026-06-29T19:58:32+00:00,KLT 5-class within-slide margin128,LoRA Q/V + AdaptFormer + decoder last stage,Kidney;Liver;Tonsil,43,log/2026-06-26T070649_sthelar40x_kidney_liver_tonsil_5class_spatial_margin128_lora_adaptformer_r8_a8_red16_decoder_last_stage_lr5e-5_e10_seed43_CLEAN/checkpoints/model_best.pth [2897444952 B]; log/2026-06-27T201436_sthelar40x_kidney_liver_tonsil_5class_spatial_margin128_lora_adaptformer_r8_a8_red16_decoder_last_stage_lr5e-5_e10_seed43_CLEAN/checkpoints/model_best.pth [2897444952 B],log/2026-06-27T201436_sthelar40x_kidney_liver_tonsil_5class_spatial_margin128_lora_adaptformer_r8_a8_red16_decoder_last_stage_lr5e-5_e10_seed43_CLEAN/inference_results.json [9976567 B]; log/2026-06-27T201436_sthelar40x_kidney_liver_tonsil_5class_spatial_margin128_lora_adaptformer_r8_a8_red16_decoder_last_stage_lr5e-5_e10_seed43_CLEAN/inference_results_qc_sweep_Jaccard.json [19350 B]; log/2026-06-27T201436_sthelar40x_kidney_liver_tonsil_5class_spatial_margin128_lora_adaptformer_r8_a8_red16_decoder_last_stage_lr5e-5_e10_seed43_CLEAN/inference_results_qc_sweep_Jaccard_summary.csv [4540 B],YES,YES,NO,NO,KEEP_CRITICAL,log/2026-06-26T070649_sthelar40x_kidney_liver_tonsil_5class_spatial_margin128_lora_adaptformer_r8_a8_red16_decoder_last_stage_lr5e-5_e10_seed43_CLEAN/checkpoints/model_best.pth,"Source run is referenced by an adapter manifest. Parent remains critical, but one superseded partial-attempt checkpoint is separately proposed as reclaimable after approval."
run/sthelar40x_kidney_liver_tonsil_5class_spatial_margin128_lora_adaptformer_r8_a8_red16_decoder_last_stage_lr5e-5_e10_seed44_CLEAN,2922926191,2.722187,2026-07-21T16:00:20+00:00,KLT 5-class within-slide margin128,LoRA Q/V + AdaptFormer + decoder last stage,Kidney;Liver;Tonsil,44,log/2026-07-03T220834_sthelar40x_kidney_liver_tonsil_5class_spatial_margin128_lora_adaptformer_r8_a8_red16_decoder_last_stage_lr5e-5_e10_seed44_CLEAN/checkpoints/model_best.pth [2897451018 B],log/2026-07-03T220834_sthelar40x_kidney_liver_tonsil_5class_spatial_margin128_lora_adaptformer_r8_a8_red16_decoder_last_stage_lr5e-5_e10_seed44_CLEAN/inference_results.json [9957748 B]; log/2026-07-03T220834_sthelar40x_kidney_liver_tonsil_5class_spatial_margin128_lora_adaptformer_r8_a8_red16_decoder_last_stage_lr5e-5_e10_seed44_CLEAN/inference_results_qc_sweep_Jaccard.json [19307 B]; log/2026-07-03T220834_sthelar40x_kidney_liver_tonsil_5class_spatial_margin128_lora_adaptformer_r8_a8_red16_decoder_last_stage_lr5e-5_e10_seed44_CLEAN/inference_results_qc_sweep_Jaccard_summary.csv [4490 B],NO,YES,NO,NO,KEEP_CRITICAL,NONE,Source run is referenced by an adapter manifest.
run/sthelar40x_kidney_liver_tonsil_5class_spatial_margin128_lora_adaptformer_r8_a8_red16_decoder_np_hv_heads_nt_all_lr5e-5_e10_seed42_CLEAN,3041322860,2.832453,2026-07-21T16:00:20+00:00,KLT 5-class within-slide margin128,LoRA Q/V + AdaptFormer + all NT head,Kidney;Liver;Tonsil,42,log/2026-07-03T221049_sthelar40x_kidney_liver_tonsil_5class_spatial_margin128_lora_adaptformer_r8_a8_red16_decoder_np_hv_heads_nt_all_lr5e-5_e10_seed42_CLEAN/checkpoints/model_best.pth [3015255124 B],log/2026-07-03T221049_sthelar40x_kidney_liver_tonsil_5class_spatial_margin128_lora_adaptformer_r8_a8_red16_decoder_np_hv_heads_nt_all_lr5e-5_e10_seed42_CLEAN/inference_results.json [9949960 B]; log/2026-07-03T221049_sthelar40x_kidney_liver_tonsil_5class_spatial_margin128_lora_adaptformer_r8_a8_red16_decoder_np_hv_heads_nt_all_lr5e-5_e10_seed42_CLEAN/inference_results_qc_sweep_Jaccard.json [19248 B]; log/2026-07-03T221049_sthelar40x_kidney_liver_tonsil_5class_spatial_margin128_lora_adaptformer_r8_a8_red16_decoder_np_hv_heads_nt_all_lr5e-5_e10_seed42_CLEAN/inference_results_qc_sweep_Jaccard_summary.csv [4487 B],NO,YES,NO,NO,KEEP_CRITICAL,NONE,Source run is referenced by an adapter manifest.
run/sthelar40x_kidney_liver_tonsil_5class_spatial_margin128_lora_adaptformer_r8_a8_red16_decoder_nt_header1_np_hv_heads_lr5e-5_e10_seed42_CLEAN,2919018459,2.718548,2026-07-21T16:00:20+00:00,KLT 5-class within-slide margin128,LoRA Q/V + AdaptFormer + NT header 1,Kidney;Liver;Tonsil,42,log/2026-07-04T151400_sthelar40x_kidney_liver_tonsil_5class_spatial_margin128_lora_adaptformer_r8_a8_red16_decoder_nt_header1_np_hv_heads_lr5e-5_e10_seed42_CLEAN/checkpoints/model_best.pth [2894897228 B],log/2026-07-04T151400_sthelar40x_kidney_liver_tonsil_5class_spatial_margin128_lora_adaptformer_r8_a8_red16_decoder_nt_header1_np_hv_heads_lr5e-5_e10_seed42_CLEAN/inference_results.json [9937016 B]; log/2026-07-04T151400_sthelar40x_kidney_liver_tonsil_5class_spatial_margin128_lora_adaptformer_r8_a8_red16_decoder_nt_header1_np_hv_heads_lr5e-5_e10_seed42_CLEAN/inference_results_qc_sweep_Jaccard.json [19216 B]; log/2026-07-04T151400_sthelar40x_kidney_liver_tonsil_5class_spatial_margin128_lora_adaptformer_r8_a8_red16_decoder_nt_header1_np_hv_heads_lr5e-5_e10_seed42_CLEAN/inference_results_qc_sweep_Jaccard_summary.csv [4457 B],NO,YES,NO,NO,KEEP_CRITICAL,NONE,Source run is referenced by an adapter manifest.
run/sthelar40x_kidney_liver_tonsil_5class_spatial_margin128_lora_r8_a8_decoder_frozen_lr5e-5_e10_seed42_CLEAN,17326175,0.016136,2026-06-25T22:08:06+00:00,KLT 5-class within-slide margin128,LoRA,Kidney;Liver;Tonsil,42,NONE,log/2026-06-24T220904_sthelar40x_kidney_liver_tonsil_5class_spatial_margin128_lora_r8_a8_decoder_frozen_lr5e-5_e10_seed42_CLEAN/inference_results.json [10222133 B]; log/2026-06-24T220904_sthelar40x_kidney_liver_tonsil_5class_spatial_margin128_lora_r8_a8_decoder_frozen_lr5e-5_e10_seed42_CLEAN/inference_results_qc_sweep_Jaccard.json [19333 B]; log/2026-06-24T220904_sthelar40x_kidney_liver_tonsil_5class_spatial_margin128_lora_r8_a8_decoder_frozen_lr5e-5_e10_seed42_CLEAN/inference_results_qc_sweep_Jaccard_summary.csv [4546 B],NO,YES,NO,NO,KEEP_CRITICAL,NONE,Source run is referenced by an adapter manifest.
run/sthelar40x_kidney_liver_tonsil_5class_spatial_margin128_vera_adaptformer_r16_a16_red16_decoder_conv_adapters_lr5e-5_e10_seed42_CLEAN,2915745059,2.715499,2026-06-29T19:58:36+00:00,KLT 5-class within-slide margin128,VeRA + AdaptFormer + decoder conv adapters,Kidney;Liver;Tonsil,42,log/2026-06-25T102125_sthelar40x_kidney_liver_tonsil_5class_spatial_margin128_vera_adaptformer_r16_a16_red16_decoder_conv_adapters_lr5e-5_e10_seed42_CLEAN/checkpoints/model_best.pth [2886744412 B],log/2026-06-25T102125_sthelar40x_kidney_liver_tonsil_5class_spatial_margin128_vera_adaptformer_r16_a16_red16_decoder_conv_adapters_lr5e-5_e10_seed42_CLEAN/inference_results.json [9996743 B]; log/2026-06-25T102125_sthelar40x_kidney_liver_tonsil_5class_spatial_margin128_vera_adaptformer_r16_a16_red16_decoder_conv_adapters_lr5e-5_e10_seed42_CLEAN/inference_results_qc_sweep_Jaccard.json [19297 B]; log/2026-06-25T102125_sthelar40x_kidney_liver_tonsil_5class_spatial_margin128_vera_adaptformer_r16_a16_red16_decoder_conv_adapters_lr5e-5_e10_seed42_CLEAN/inference_results_qc_sweep_Jaccard_summary.csv [4517 B],YES,YES,NO,NO,KEEP_CRITICAL,NONE,Source run is referenced by an adapter manifest.
run/sthelar40x_kidney_liver_tonsil_5class_spatial_margin128_vera_adaptformer_r16_a16_red16_decoder_conv_adapters_lr5e-5_e10_seed43_CLEAN,5807752269,5.408891,2026-06-29T19:58:34+00:00,KLT 5-class within-slide margin128,VeRA + AdaptFormer + decoder conv adapters,Kidney;Liver;Tonsil,43,log/2026-06-26T150300_sthelar40x_kidney_liver_tonsil_5class_spatial_margin128_vera_adaptformer_r16_a16_red16_decoder_conv_adapters_lr5e-5_e10_seed43_CLEAN/checkpoints/model_best.pth [2886744412 B]; log/2026-06-27T235829_sthelar40x_kidney_liver_tonsil_5class_spatial_margin128_vera_adaptformer_r16_a16_red16_decoder_conv_adapters_lr5e-5_e10_seed43_CLEAN/checkpoints/model_best.pth [2886744412 B],log/2026-06-27T235829_sthelar40x_kidney_liver_tonsil_5class_spatial_margin128_vera_adaptformer_r16_a16_red16_decoder_conv_adapters_lr5e-5_e10_seed43_CLEAN/inference_results.json [9930196 B]; log/2026-06-27T235829_sthelar40x_kidney_liver_tonsil_5class_spatial_margin128_vera_adaptformer_r16_a16_red16_decoder_conv_adapters_lr5e-5_e10_seed43_CLEAN/inference_results_qc_sweep_Jaccard.json [19363 B]; log/2026-06-27T235829_sthelar40x_kidney_liver_tonsil_5class_spatial_margin128_vera_adaptformer_r16_a16_red16_decoder_conv_adapters_lr5e-5_e10_seed43_CLEAN/inference_results_qc_sweep_Jaccard_summary.csv [4519 B],YES,YES,NO,NO,KEEP_CRITICAL,log/2026-06-26T150300_sthelar40x_kidney_liver_tonsil_5class_spatial_margin128_vera_adaptformer_r16_a16_red16_decoder_conv_adapters_lr5e-5_e10_seed43_CLEAN/checkpoints/model_best.pth,"Source run is referenced by an adapter manifest. Parent remains critical, but one superseded partial-attempt checkpoint is separately proposed as reclaimable after approval."
run/sthelar40x_kidney_liver_tonsil_5class_spatial_margin128_vera_adaptformer_r16_a16_red16_decoder_heads_only_lr5e-5_e10_seed43_CLEAN,5786040152,5.388670,2026-06-29T19:58:36+00:00,KLT 5-class within-slide margin128,VeRA + AdaptFormer + NP/HV/NT final heads,Kidney;Liver;Tonsil,43,log/2026-06-26T150300_sthelar40x_kidney_liver_tonsil_5class_spatial_margin128_vera_adaptformer_r16_a16_red16_decoder_heads_only_lr5e-5_e10_seed43_CLEAN/checkpoints/model_best.pth [2879891064 B]; log/2026-06-28T022341_sthelar40x_kidney_liver_tonsil_5class_spatial_margin128_vera_adaptformer_r16_a16_red16_decoder_heads_only_lr5e-5_e10_seed43_CLEAN/checkpoints/model_best.pth [2879891064 B],log/2026-06-28T022341_sthelar40x_kidney_liver_tonsil_5class_spatial_margin128_vera_adaptformer_r16_a16_red16_decoder_heads_only_lr5e-5_e10_seed43_CLEAN/inference_results.json [9929173 B]; log/2026-06-28T022341_sthelar40x_kidney_liver_tonsil_5class_spatial_margin128_vera_adaptformer_r16_a16_red16_decoder_heads_only_lr5e-5_e10_seed43_CLEAN/inference_results_qc_sweep_Jaccard.json [19079 B]; log/2026-06-28T022341_sthelar40x_kidney_liver_tonsil_5class_spatial_margin128_vera_adaptformer_r16_a16_red16_decoder_heads_only_lr5e-5_e10_seed43_CLEAN/inference_results_qc_sweep_Jaccard_summary.csv [4364 B],YES,YES,NO,NO,KEEP_CRITICAL,log/2026-06-26T150300_sthelar40x_kidney_liver_tonsil_5class_spatial_margin128_vera_adaptformer_r16_a16_red16_decoder_heads_only_lr5e-5_e10_seed43_CLEAN/checkpoints/model_best.pth,"Source run is referenced by an adapter manifest. Parent remains critical, but one superseded partial-attempt checkpoint is separately proposed as reclaimable after approval."
run/sthelar40x_kidney_liver_tonsil_5class_spatial_margin128_vera_r16_a16_decoder_frozen_lr5e-5_e10_seed42_CLEAN,15978630,0.014881,2026-06-25T22:08:07+00:00,KLT 5-class within-slide margin128,VeRA,Kidney;Liver;Tonsil,42,NONE,log/2026-06-25T070650_sthelar40x_kidney_liver_tonsil_5class_spatial_margin128_vera_r16_a16_decoder_frozen_lr5e-5_e10_seed42_CLEAN/inference_results.json [9730480 B]; log/2026-06-25T070650_sthelar40x_kidney_liver_tonsil_5class_spatial_margin128_vera_r16_a16_decoder_frozen_lr5e-5_e10_seed42_CLEAN/inference_results_qc_sweep_Jaccard.json [18472 B]; log/2026-06-25T070650_sthelar40x_kidney_liver_tonsil_5class_spatial_margin128_vera_r16_a16_decoder_frozen_lr5e-5_e10_seed42_CLEAN/inference_results_qc_sweep_Jaccard_summary.csv [4066 B],NO,YES,NO,NO,KEEP_CRITICAL,NONE,Source run is referenced by an adapter manifest.
run/sthelar40x_liver_5class_slide_adaptformer_gelu_red16_lr5e-5_e10_seed42_CLEAN,12644402,0.011776,2026-06-17T12:59:23+00:00,Liver 5-class slide-split exploratory,AdaptFormer,Liver,42,NONE,log/2026-06-16T195546_sthelar40x_liver_5class_slide_adaptformer_gelu_red16_lr5e-5_e10_seed42_CLEAN/inference_results.json [3736450 B],NO,NO,NO,NO,KEEP_USEFUL,NONE,"No checkpoint remains, but inference results preserve otherwise non-reconstructable historical evidence."
run/sthelar40x_liver_5class_spatial_adaptformer_gelu_red16_lr5e-5_e10_seed42_CLEAN,10107979,0.009414,2026-06-16T15:49:54+00:00,Liver 5-class spatial exploratory (pre-margin128),AdaptFormer,Liver,42,NONE,log/2026-06-15T184950_sthelar40x_liver_5class_spatial_adaptformer_gelu_red16_lr5e-5_e10_seed42_CLEAN/inference_results.json [1211125 B],NO,NO,NO,YES,KEEP_CRITICAL,NONE,Explicitly referenced by qualitative-figure/QC selection code or report.
run/sthelar40x_liver_5class_spatial_adaptformer_gelu_red16_lr5e-5_e10_seed43_CLEAN,10033196,0.009344,2026-06-19T13:07:02+00:00,Liver 5-class spatial exploratory (pre-margin128),AdaptFormer,Liver,43,NONE,log/2026-06-18T150043_sthelar40x_liver_5class_spatial_adaptformer_gelu_red16_lr5e-5_e10_seed43_CLEAN/inference_results.json [1178207 B],NO,NO,NO,NO,KEEP_USEFUL,NONE,"No checkpoint remains, but inference results preserve otherwise non-reconstructable historical evidence."
run/sthelar40x_liver_5class_spatial_fullft_lr1e-5_e10_seed42_KEEPALL_FISHER,8423074722,7.844600,2026-06-29T19:58:34+00:00,Liver 5-class spatial exploratory (pre-margin128),FullFT,Liver,42,log/2026-06-24T161831_sthelar40x_liver_5class_spatial_fullft_lr1e-5_e10_seed42_KEEPALL_FISHER/checkpoints/model_best.pth [8397780353 B],log/2026-06-24T161831_sthelar40x_liver_5class_spatial_fullft_lr1e-5_e10_seed42_KEEPALL_FISHER/inference_results.json [6154966 B]; log/2026-06-24T161831_sthelar40x_liver_5class_spatial_fullft_lr1e-5_e10_seed42_KEEPALL_FISHER/inference_results_qc_sweep_Jaccard.json [18715 B]; log/2026-06-24T161831_sthelar40x_liver_5class_spatial_fullft_lr1e-5_e10_seed42_KEEPALL_FISHER/inference_results_qc_sweep_Jaccard_summary.csv [4126 B],NO,NO,NO,NO,KEEP_USEFUL,NONE,Non-canonical/exploratory checkpoint is costly to recreate and is not proven redundant; retain pending scientific owner review.
run/sthelar40x_liver_5class_spatial_fullft_lr5e-5_e10_seed42_CLEAN_TRUE,19706964,0.018354,2026-06-18T09:17:54+00:00,Liver 5-class spatial exploratory (pre-margin128),FullFT,Liver,42,NONE,log/2026-06-17T123846_sthelar40x_liver_5class_spatial_fullft_lr5e-5_e10_seed42_CLEAN_TRUE/inference_results.json [1197768 B],NO,NO,NO,NO,KEEP_USEFUL,NONE,"No checkpoint remains, but inference results preserve otherwise non-reconstructable historical evidence."
run/sthelar40x_liver_5class_spatial_lora_adaptformer_ntonly_r8_a8_gelu_red16_lr5e-5_e10_seed42_CLEAN,10289351,0.009583,2026-06-17T12:59:23+00:00,Liver 5-class spatial exploratory (pre-margin128),LoRA Q/V + AdaptFormer,Liver,42,NONE,log/2026-06-16T194122_sthelar40x_liver_5class_spatial_lora_adaptformer_ntonly_r8_a8_gelu_red16_lr5e-5_e10_seed42_CLEAN/inference_results.json [1222012 B],NO,NO,NO,NO,KEEP_USEFUL,NONE,"No checkpoint remains, but inference results preserve otherwise non-reconstructable historical evidence."
run/sthelar40x_liver_5class_spatial_lora_adaptformer_r4_a4_red16_lr5e-5_e10_seed42_CLEAN,13822273,0.012873,2026-06-18T09:17:54+00:00,Liver 5-class spatial exploratory (pre-margin128),LoRA Q/V + AdaptFormer,Liver,42,NONE,log/2026-06-17T171942_sthelar40x_liver_5class_spatial_lora_adaptformer_r4_a4_red16_lr5e-5_e10_seed42_CLEAN/inference_results.json [1213354 B],NO,NO,NO,NO,KEEP_USEFUL,NONE,"No checkpoint remains, but inference results preserve otherwise non-reconstructable historical evidence."
run/sthelar40x_liver_5class_spatial_lora_adaptformer_r8_a8_gelu_red16_lr5e-5_e10_seed42_CLEAN,13884848,0.012931,2026-06-19T13:07:02+00:00,Liver 5-class spatial exploratory (pre-margin128),LoRA Q/V + AdaptFormer,Liver,42,NONE,log/2026-06-18T172706_sthelar40x_liver_5class_spatial_lora_adaptformer_r8_a8_gelu_red16_lr5e-5_e10_seed42_CLEAN/inference_results.json [1208859 B],NO,NO,NO,NO,KEEP_USEFUL,NONE,"No checkpoint remains, but inference results preserve otherwise non-reconstructable historical evidence."
run/sthelar40x_liver_5class_spatial_lora_adaptformer_r8_a8_red16_decoder_conv_adapters_lr5e-5_e10_seed42_CLEAN,2914153495,2.714017,2026-06-29T19:58:32+00:00,Liver 5-class spatial exploratory (pre-margin128),LoRA Q/V + AdaptFormer + decoder conv adapters,Liver,42,log/2026-06-19T153620_sthelar40x_liver_5class_spatial_lora_adaptformer_r8_a8_red16_decoder_conv_adapters_lr5e-5_e10_seed42_CLEAN/checkpoints/model_best.pth [2901436690 B],log/2026-06-19T153620_sthelar40x_liver_5class_spatial_lora_adaptformer_r8_a8_red16_decoder_conv_adapters_lr5e-5_e10_seed42_CLEAN/inference_results.json [1485636 B]; log/2026-06-19T153620_sthelar40x_liver_5class_spatial_lora_adaptformer_r8_a8_red16_decoder_conv_adapters_lr5e-5_e10_seed42_CLEAN/inference_results_qc_sweep_Jaccard.json [10005 B]; log/2026-06-19T153620_sthelar40x_liver_5class_spatial_lora_adaptformer_r8_a8_red16_decoder_conv_adapters_lr5e-5_e10_seed42_CLEAN/inference_results_qc_sweep_Jaccard_summary.csv [2768 B],NO,NO,NO,NO,KEEP_USEFUL,NONE,Non-canonical/exploratory checkpoint is costly to recreate and is not proven redundant; retain pending scientific owner review.
run/sthelar40x_liver_5class_spatial_lora_adaptformer_r8_a8_red16_decoder_heads_only_lr5e-5_e10_seed42_CLEAN,2903963818,2.704527,2026-06-29T19:58:36+00:00,Liver 5-class spatial exploratory (pre-margin128),LoRA Q/V + AdaptFormer + NP/HV/NT final heads,Liver,42,log/2026-06-20T113354_sthelar40x_liver_5class_spatial_lora_adaptformer_r8_a8_red16_decoder_heads_only_lr5e-5_e10_seed42_CLEAN/checkpoints/model_best.pth [2894586842 B],log/2026-06-20T113354_sthelar40x_liver_5class_spatial_lora_adaptformer_r8_a8_red16_decoder_heads_only_lr5e-5_e10_seed42_CLEAN/inference_results.json [1457492 B],NO,NO,NO,NO,KEEP_USEFUL,NONE,Non-canonical/exploratory checkpoint is costly to recreate and is not proven redundant; retain pending scientific owner review.
run/sthelar40x_liver_5class_spatial_lora_adaptformer_r8_a8_red16_decoder_last_stage_lr5e-5_e10_seed42_CLEAN,2907893075,2.708186,2026-06-29T19:58:32+00:00,Liver 5-class spatial exploratory (pre-margin128),LoRA Q/V + AdaptFormer + decoder last stage,Liver,42,log/2026-06-20T113354_sthelar40x_liver_5class_spatial_lora_adaptformer_r8_a8_red16_decoder_last_stage_lr5e-5_e10_seed42_CLEAN/checkpoints/model_best.pth [2897434202 B],log/2026-06-20T113354_sthelar40x_liver_5class_spatial_lora_adaptformer_r8_a8_red16_decoder_last_stage_lr5e-5_e10_seed42_CLEAN/inference_results.json [1494652 B],NO,NO,NO,NO,KEEP_USEFUL,NONE,Non-canonical/exploratory checkpoint is costly to recreate and is not proven redundant; retain pending scientific owner review.
run/sthelar40x_liver_5class_spatial_lora_r8_a8_lr5e-5_e10_seed42_CLEAN,9973530,0.009289,2026-06-16T15:49:54+00:00,Liver 5-class spatial exploratory (pre-margin128),LoRA,Liver,42,NONE,log/2026-06-15T193608_sthelar40x_liver_5class_spatial_lora_r8_a8_lr5e-5_e10_seed42_CLEAN/inference_results.json [1213438 B],NO,NO,NO,YES,KEEP_CRITICAL,NONE,Explicitly referenced by qualitative-figure/QC selection code or report.
run/sthelar40x_liver_5class_spatial_margin128_fullft_lr1e-5_e10_seed42_CLEAN,8422489749,7.844055,2026-06-28T15:47:22+00:00,Tissue-specific 5-class within-slide margin128,FullFT,Liver,42,log/2026-06-27T190145_sthelar40x_liver_5class_spatial_margin128_fullft_lr1e-5_e10_seed42_CLEAN/checkpoints/model_best.pth [8397780353 B],log/2026-06-27T190145_sthelar40x_liver_5class_spatial_margin128_fullft_lr1e-5_e10_seed42_CLEAN/inference_results.json [5792794 B]; log/2026-06-27T190145_sthelar40x_liver_5class_spatial_margin128_fullft_lr1e-5_e10_seed42_CLEAN/inference_results_qc_sweep_Jaccard.json [18736 B]; log/2026-06-27T190145_sthelar40x_liver_5class_spatial_margin128_fullft_lr1e-5_e10_seed42_CLEAN/inference_results_qc_sweep_Jaccard_summary.csv [4137 B],YES,NO,NO,NO,KEEP_CRITICAL,NONE,Canonical tissue-specific FullFT/selected-PEFT run with checkpoint or final inference evidence.
run/sthelar40x_liver_5class_spatial_margin128_lora_adaptformer_r8_a8_red16_decoder_heads_only_lr5e-5_e10_seed42_CLEAN,2908331987,2.708595,2026-06-29T19:58:35+00:00,Tissue-specific 5-class within-slide margin128,LoRA Q/V + AdaptFormer + NP/HV/NT final heads,Liver,42,log/2026-06-28T133237_sthelar40x_liver_5class_spatial_margin128_lora_adaptformer_r8_a8_red16_decoder_heads_only_lr5e-5_e10_seed42_CLEAN/checkpoints/model_best.pth [2894596984 B],log/2026-06-28T133237_sthelar40x_liver_5class_spatial_margin128_lora_adaptformer_r8_a8_red16_decoder_heads_only_lr5e-5_e10_seed42_CLEAN/inference_results.json [5768045 B]; log/2026-06-28T133237_sthelar40x_liver_5class_spatial_margin128_lora_adaptformer_r8_a8_red16_decoder_heads_only_lr5e-5_e10_seed42_CLEAN/inference_results_qc_sweep_Jaccard.json [18229 B]; log/2026-06-28T133237_sthelar40x_liver_5class_spatial_margin128_lora_adaptformer_r8_a8_red16_decoder_heads_only_lr5e-5_e10_seed42_CLEAN/inference_results_qc_sweep_Jaccard_summary.csv [3856 B],YES,YES,YES,YES,KEEP_CRITICAL,NONE,Source run is referenced by an adapter manifest and is a source of a published Hugging Face adapter.
run/sthelar40x_liver_5class_spatial_margin128_lora_adaptformer_r8_a8_red16_decoder_heads_only_lr5e-5_e10_seed42_V100_RETEST,2908308207,2.708573,2026-06-30T18:24:57+00:00,Tissue-specific 5-class within-slide margin128,LoRA Q/V + AdaptFormer + NP/HV/NT final heads,Liver,42,log/2026-06-30T092727_sthelar40x_liver_5class_spatial_margin128_lora_adaptformer_r8_a8_red16_decoder_heads_only_lr5e-5_e10_seed42_V100_RETEST/checkpoints/model_best.pth [2894597112 B],log/2026-06-30T092727_sthelar40x_liver_5class_spatial_margin128_lora_adaptformer_r8_a8_red16_decoder_heads_only_lr5e-5_e10_seed42_V100_RETEST/inference_results.json [5776363 B]; log/2026-06-30T092727_sthelar40x_liver_5class_spatial_margin128_lora_adaptformer_r8_a8_red16_decoder_heads_only_lr5e-5_e10_seed42_V100_RETEST/inference_results_qc_sweep_Jaccard.json [18199 B]; log/2026-06-30T092727_sthelar40x_liver_5class_spatial_margin128_lora_adaptformer_r8_a8_red16_decoder_heads_only_lr5e-5_e10_seed42_V100_RETEST/inference_results_qc_sweep_Jaccard_summary.csv [3850 B],YES,YES,NO,NO,KEEP_CRITICAL,NONE,Source run is referenced by an adapter manifest.
run/sthelar40x_liver_5class_spatial_margin128_lora_adaptformer_r8_a8_red16_decoder_heads_only_lr5e-5_e10_seed43_CLEAN,2908359055,2.708620,2026-07-01T08:15:57+00:00,Tissue-specific 5-class within-slide margin128,LoRA Q/V + AdaptFormer + NP/HV/NT final heads,Liver,43,log/2026-06-30T232558_sthelar40x_liver_5class_spatial_margin128_lora_adaptformer_r8_a8_red16_decoder_heads_only_lr5e-5_e10_seed43_CLEAN/checkpoints/model_best.pth [2894597048 B],log/2026-06-30T232558_sthelar40x_liver_5class_spatial_margin128_lora_adaptformer_r8_a8_red16_decoder_heads_only_lr5e-5_e10_seed43_CLEAN/inference_results.json [5782822 B]; log/2026-06-30T232558_sthelar40x_liver_5class_spatial_margin128_lora_adaptformer_r8_a8_red16_decoder_heads_only_lr5e-5_e10_seed43_CLEAN/inference_results_qc_sweep_Jaccard.json [18218 B]; log/2026-06-30T232558_sthelar40x_liver_5class_spatial_margin128_lora_adaptformer_r8_a8_red16_decoder_heads_only_lr5e-5_e10_seed43_CLEAN/inference_results_qc_sweep_Jaccard_summary.csv [3851 B],NO,YES,NO,YES,KEEP_CRITICAL,NONE,Source run is referenced by an adapter manifest.
run/sthelar40x_liver_5class_spatial_vera_adaptformer_r16_a16_red16_decoder_conv_adapters_lr5e-5_e10_seed43_CLEAN,2903533240,2.704126,2026-06-29T19:58:32+00:00,Liver 5-class spatial exploratory (pre-margin128),VeRA + AdaptFormer + decoder conv adapters,Liver,43,log/2026-06-23T103233_sthelar40x_liver_5class_spatial_vera_adaptformer_r16_a16_red16_decoder_conv_adapters_lr5e-5_e10_seed43_CLEAN/checkpoints/model_best.pth [2886744284 B],log/2026-06-23T103233_sthelar40x_liver_5class_spatial_vera_adaptformer_r16_a16_red16_decoder_conv_adapters_lr5e-5_e10_seed43_CLEAN/inference_results.json [6138078 B]; log/2026-06-23T103233_sthelar40x_liver_5class_spatial_vera_adaptformer_r16_a16_red16_decoder_conv_adapters_lr5e-5_e10_seed43_CLEAN/inference_results_qc_sweep_Jaccard.json [18770 B]; log/2026-06-23T103233_sthelar40x_liver_5class_spatial_vera_adaptformer_r16_a16_red16_decoder_conv_adapters_lr5e-5_e10_seed43_CLEAN/inference_results_qc_sweep_Jaccard_summary.csv [4147 B],NO,YES,NO,NO,KEEP_CRITICAL,NONE,Source run is referenced by an adapter manifest.
run/sthelar40x_liver_5class_spatial_vera_adaptformer_r8_a8_red16_decoder_all_lr5e-5_e10_seed42_CLEAN,13684185,0.012744,2026-06-24T13:52:27+00:00,Liver 5-class spatial exploratory (pre-margin128),VeRA + AdaptFormer,Liver,42,NONE,log/2026-06-20T113205_sthelar40x_liver_5class_spatial_vera_adaptformer_r8_a8_red16_decoder_all_lr5e-5_e10_seed42_CLEAN/inference_results.json [1482219 B],NO,NO,NO,NO,KEEP_USEFUL,NONE,"No checkpoint remains, but inference results preserve otherwise non-reconstructable historical evidence."
run/sthelar40x_liver_5class_spatial_vera_adaptformer_r8_a8_red16_decoder_conv_adapters_lr5e-5_e10_seed42_CLEAN,2903675919,2.704259,2026-06-29T19:58:32+00:00,Liver 5-class spatial exploratory (pre-margin128),VeRA + AdaptFormer + decoder conv adapters,Liver,42,log/2026-06-20T202033_sthelar40x_liver_5class_spatial_vera_adaptformer_r8_a8_red16_decoder_conv_adapters_lr5e-5_e10_seed42_CLEAN/checkpoints/model_best.pth [2886717778 B],log/2026-06-20T202033_sthelar40x_liver_5class_spatial_vera_adaptformer_r8_a8_red16_decoder_conv_adapters_lr5e-5_e10_seed42_CLEAN/inference_results.json [6173783 B]; log/2026-06-20T202033_sthelar40x_liver_5class_spatial_vera_adaptformer_r8_a8_red16_decoder_conv_adapters_lr5e-5_e10_seed42_CLEAN/inference_results_qc_sweep_Jaccard.json [18749 B]; log/2026-06-20T202033_sthelar40x_liver_5class_spatial_vera_adaptformer_r8_a8_red16_decoder_conv_adapters_lr5e-5_e10_seed42_CLEAN/inference_results_qc_sweep_Jaccard_summary.csv [4108 B],NO,NO,NO,NO,KEEP_USEFUL,NONE,Non-canonical/exploratory checkpoint is costly to recreate and is not proven redundant; retain pending scientific owner review.
run/sthelar40x_liver_5class_spatial_vera_adaptformer_r8_a8_red16_decoder_conv_adapters_lr5e-5_e10_seed43_CLEAN,2903390939,2.703994,2026-06-29T19:58:35+00:00,Liver 5-class spatial exploratory (pre-margin128),VeRA + AdaptFormer + decoder conv adapters,Liver,43,log/2026-06-23T102340_sthelar40x_liver_5class_spatial_vera_adaptformer_r8_a8_red16_decoder_conv_adapters_lr5e-5_e10_seed43_CLEAN/checkpoints/model_best.pth [2886731996 B],log/2026-06-23T102340_sthelar40x_liver_5class_spatial_vera_adaptformer_r8_a8_red16_decoder_conv_adapters_lr5e-5_e10_seed43_CLEAN/inference_results.json [6143816 B]; log/2026-06-23T102340_sthelar40x_liver_5class_spatial_vera_adaptformer_r8_a8_red16_decoder_conv_adapters_lr5e-5_e10_seed43_CLEAN/inference_results_qc_sweep_Jaccard.json [18668 B]; log/2026-06-23T102340_sthelar40x_liver_5class_spatial_vera_adaptformer_r8_a8_red16_decoder_conv_adapters_lr5e-5_e10_seed43_CLEAN/inference_results_qc_sweep_Jaccard_summary.csv [4122 B],NO,YES,NO,NO,KEEP_CRITICAL,NONE,Source run is referenced by an adapter manifest.
run/sthelar40x_liver_5class_spatial_vera_adaptformer_r8_a8_red16_decoder_heads_only_lr5e-5_e10_seed43_CLEAN,2893301328,2.694597,2026-07-21T16:00:20+00:00,Liver 5-class spatial exploratory (pre-margin128),VeRA + AdaptFormer + NP/HV/NT final heads,Liver,43,log/2026-07-01T231252_sthelar40x_liver_5class_spatial_vera_adaptformer_r8_a8_red16_decoder_heads_only_lr5e-5_e10_seed43_CLEAN/checkpoints/model_best.pth [2879884682 B],log/2026-07-01T231252_sthelar40x_liver_5class_spatial_vera_adaptformer_r8_a8_red16_decoder_heads_only_lr5e-5_e10_seed43_CLEAN/inference_results.json [6103507 B]; log/2026-07-01T231252_sthelar40x_liver_5class_spatial_vera_adaptformer_r8_a8_red16_decoder_heads_only_lr5e-5_e10_seed43_CLEAN/inference_results_qc_sweep_Jaccard.json [4697 B]; log/2026-07-01T231252_sthelar40x_liver_5class_spatial_vera_adaptformer_r8_a8_red16_decoder_heads_only_lr5e-5_e10_seed43_CLEAN/inference_results_qc_sweep_Jaccard_summary.csv [1681 B],NO,YES,NO,NO,KEEP_CRITICAL,NONE,Source run is referenced by an adapter manifest.
run/sthelar40x_liver_5class_spatial_vera_r8_a8_decoder_all_lr5e-5_e10_seed42_CLEAN,9682031,0.009017,2026-06-24T13:52:17+00:00,Liver 5-class spatial exploratory (pre-margin128),VeRA,Liver,42,NONE,log/2026-06-20T113205_sthelar40x_liver_5class_spatial_vera_r8_a8_decoder_all_lr5e-5_e10_seed42_CLEAN/inference_results.json [1482409 B],NO,NO,NO,NO,KEEP_USEFUL,NONE,"No checkpoint remains, but inference results preserve otherwise non-reconstructable historical evidence."
run/sthelar40x_liver_5class_spatial_vit256_lora_adaptformer_r8_a8_gelu_red16_lr5e-5_e10_seed42_CLEAN,5113986,0.004763,2026-06-19T13:07:02+00:00,Liver 5-class spatial exploratory (pre-margin128),LoRA Q/V + AdaptFormer,Liver,42,NONE,NONE,NO,NO,NO,NO,UNKNOWN,NONE,Configuration/log-only run without enough evidence to prove it is safely regenerable or disposable.
run/sthelar40x_liver_9class_slide_adaptformer_gelu_red16_lr5e-5_e10_seed42_CLEAN,12654717,0.011786,2026-06-15T15:07:44+00:00,Single-tissue 9-class slide-split exploratory,AdaptFormer,Liver,42,NONE,log/2026-06-15T100742_sthelar40x_liver_9class_slide_adaptformer_gelu_red16_lr5e-5_e10_seed42_CLEAN/inference_results.json [3775691 B],NO,NO,NO,NO,KEEP_USEFUL,NONE,"No checkpoint remains, but inference results preserve otherwise non-reconstructable historical evidence."
run/sthelar40x_liver_9class_slide_lora_ntonly_r4_a4_lr5e-5_e10_seed42_CLEAN,9116610,0.008491,2026-06-15T15:07:44+00:00,Single-tissue 9-class slide-split exploratory,LoRA NT-only,Liver,42,NONE,log/2026-06-15T101415_sthelar40x_liver_9class_slide_lora_ntonly_r4_a4_lr5e-5_e10_seed42_CLEAN/inference_results.json [3788484 B],NO,NO,NO,NO,KEEP_USEFUL,NONE,"No checkpoint remains, but inference results preserve otherwise non-reconstructable historical evidence."
run/sthelar40x_liver_9class_slide_lora_r8_a8_lr5e-5_e10_seed42_CLEAN,12931879,0.012044,2026-06-15T15:07:44+00:00,Single-tissue 9-class slide-split exploratory,LoRA,Liver,42,NONE,log/2026-06-15T100742_sthelar40x_liver_9class_slide_lora_r8_a8_lr5e-5_e10_seed42_CLEAN/inference_results.json [4079874 B],NO,NO,NO,NO,KEEP_USEFUL,NONE,"No checkpoint remains, but inference results preserve otherwise non-reconstructable historical evidence."
run/sthelar40x_lung_5class_spatial_margin128_cap50000_fullft_lr1e-5_e10_seed42_CLEAN,8427076462,7.848327,2026-07-21T16:00:20+00:00,Tissue-specific 5-class within-slide margin128,FullFT,Lung,42,log/2026-07-01T025414_sthelar40x_lung_5class_spatial_margin128_cap50000_fullft_lr1e-5_e10_seed42_CLEAN/checkpoints/model_best.pth [8397780481 B],log/2026-07-01T025414_sthelar40x_lung_5class_spatial_margin128_cap50000_fullft_lr1e-5_e10_seed42_CLEAN/inference_results.json [5496881 B]; log/2026-07-01T025414_sthelar40x_lung_5class_spatial_margin128_cap50000_fullft_lr1e-5_e10_seed42_CLEAN/inference_results_qc_sweep_Jaccard.json [18926 B]; log/2026-07-01T025414_sthelar40x_lung_5class_spatial_margin128_cap50000_fullft_lr1e-5_e10_seed42_CLEAN/inference_results_qc_sweep_Jaccard_summary.csv [4233 B],NO,NO,NO,NO,KEEP_CRITICAL,NONE,Canonical tissue-specific FullFT/selected-PEFT run with checkpoint or final inference evidence.
run/sthelar40x_lung_5class_spatial_margin128_cap50000_lora_adaptformer_r8_a8_red16_decoder_heads_only_lr5e-5_e10_seed42_CLEAN,5820397786,5.420668,2026-07-21T16:00:20+00:00,Tissue-specific 5-class within-slide margin128,LoRA Q/V + AdaptFormer + NP/HV/NT final heads,Lung,42,log/2026-06-30T092331_sthelar40x_lung_5class_spatial_margin128_cap50000_lora_adaptformer_r8_a8_red16_decoder_heads_only_lr5e-5_e10_seed42_CLEAN/checkpoints/model_best.pth [2894597112 B]; log/2026-07-01T025800_sthelar40x_lung_5class_spatial_margin128_cap50000_lora_adaptformer_r8_a8_red16_decoder_heads_only_lr5e-5_e10_seed42_CLEAN/checkpoints/model_best.pth [2894602826 B],log/2026-06-30T092331_sthelar40x_lung_5class_spatial_margin128_cap50000_lora_adaptformer_r8_a8_red16_decoder_heads_only_lr5e-5_e10_seed42_CLEAN/inference_results.json [5484148 B]; log/2026-06-30T092331_sthelar40x_lung_5class_spatial_margin128_cap50000_lora_adaptformer_r8_a8_red16_decoder_heads_only_lr5e-5_e10_seed42_CLEAN/inference_results_qc_sweep_Jaccard.json [18880 B]; log/2026-06-30T092331_sthelar40x_lung_5class_spatial_margin128_cap50000_lora_adaptformer_r8_a8_red16_decoder_heads_only_lr5e-5_e10_seed42_CLEAN/inference_results_qc_sweep_Jaccard_summary.csv [4202 B]; log/2026-07-01T025800_sthelar40x_lung_5class_spatial_margin128_cap50000_lora_adaptformer_r8_a8_red16_decoder_heads_only_lr5e-5_e10_seed42_CLEAN/inference_results.json [5478924 B]; log/2026-07-01T025800_sthelar40x_lung_5class_spatial_margin128_cap50000_lora_adaptformer_r8_a8_red16_decoder_heads_only_lr5e-5_e10_seed42_CLEAN/inference_results_qc_sweep_Jaccard.json [18817 B]; log/2026-07-01T025800_sthelar40x_lung_5class_spatial_margin128_cap50000_lora_adaptformer_r8_a8_red16_decoder_heads_only_lr5e-5_e10_seed42_CLEAN/inference_results_qc_sweep_Jaccard_summary.csv [4212 B],YES,YES,YES,YES,KEEP_CRITICAL,NONE,Source run is referenced by an adapter manifest and is a source of a published Hugging Face adapter.
run/sthelar40x_lung_5class_spatial_margin128_cap50000_lora_adaptformer_r8_a8_red16_decoder_heads_only_lr5e-5_e10_seed43_CLEAN,2910105900,2.710247,2026-07-01T10:30:31+00:00,Tissue-specific 5-class within-slide margin128,LoRA Q/V + AdaptFormer + NP/HV/NT final heads,Lung,43,log/2026-06-30T234638_sthelar40x_lung_5class_spatial_margin128_cap50000_lora_adaptformer_r8_a8_red16_decoder_heads_only_lr5e-5_e10_seed43_CLEAN/checkpoints/model_best.pth [2894597112 B],log/2026-06-30T234638_sthelar40x_lung_5class_spatial_margin128_cap50000_lora_adaptformer_r8_a8_red16_decoder_heads_only_lr5e-5_e10_seed43_CLEAN/inference_results.json [5475661 B]; log/2026-06-30T234638_sthelar40x_lung_5class_spatial_margin128_cap50000_lora_adaptformer_r8_a8_red16_decoder_heads_only_lr5e-5_e10_seed43_CLEAN/inference_results_qc_sweep_Jaccard.json [18878 B]; log/2026-06-30T234638_sthelar40x_lung_5class_spatial_margin128_cap50000_lora_adaptformer_r8_a8_red16_decoder_heads_only_lr5e-5_e10_seed43_CLEAN/inference_results_qc_sweep_Jaccard_summary.csv [4219 B],NO,YES,NO,YES,KEEP_CRITICAL,NONE,Source run is referenced by an adapter manifest.
run/sthelar40x_ovary_5class_spatial_margin128_fullft_lr1e-5_e10_seed42_CLEAN,8426798974,7.848068,2026-06-28T15:47:22+00:00,Tissue-specific 5-class within-slide margin128,FullFT,Ovary,42,log/2026-06-27T200611_sthelar40x_ovary_5class_spatial_margin128_fullft_lr1e-5_e10_seed42_CLEAN/checkpoints/model_best.pth [8397780353 B],log/2026-06-27T200611_sthelar40x_ovary_5class_spatial_margin128_fullft_lr1e-5_e10_seed42_CLEAN/inference_results.json [5311448 B]; log/2026-06-27T200611_sthelar40x_ovary_5class_spatial_margin128_fullft_lr1e-5_e10_seed42_CLEAN/inference_results_qc_sweep_Jaccard.json [19044 B]; log/2026-06-27T200611_sthelar40x_ovary_5class_spatial_margin128_fullft_lr1e-5_e10_seed42_CLEAN/inference_results_qc_sweep_Jaccard_summary.csv [4244 B],YES,NO,NO,NO,KEEP_CRITICAL,NONE,Canonical tissue-specific FullFT/selected-PEFT run with checkpoint or final inference evidence.
run/sthelar40x_ovary_5class_spatial_margin128_lora_adaptformer_r8_a8_red16_decoder_heads_only_lr5e-5_e10_seed42_CLEAN,2909855725,2.710014,2026-06-29T19:58:35+00:00,Tissue-specific 5-class within-slide margin128,LoRA Q/V + AdaptFormer + NP/HV/NT final heads,Ovary,42,log/2026-06-28T203221_sthelar40x_ovary_5class_spatial_margin128_lora_adaptformer_r8_a8_red16_decoder_heads_only_lr5e-5_e10_seed42_CLEAN/checkpoints/model_best.pth [2894596984 B],log/2026-06-28T203221_sthelar40x_ovary_5class_spatial_margin128_lora_adaptformer_r8_a8_red16_decoder_heads_only_lr5e-5_e10_seed42_CLEAN/inference_results.json [5306273 B]; log/2026-06-28T203221_sthelar40x_ovary_5class_spatial_margin128_lora_adaptformer_r8_a8_red16_decoder_heads_only_lr5e-5_e10_seed42_CLEAN/inference_results_qc_sweep_Jaccard.json [18969 B]; log/2026-06-28T203221_sthelar40x_ovary_5class_spatial_margin128_lora_adaptformer_r8_a8_red16_decoder_heads_only_lr5e-5_e10_seed42_CLEAN/inference_results_qc_sweep_Jaccard_summary.csv [4247 B],YES,YES,YES,YES,KEEP_CRITICAL,NONE,Source run is referenced by an adapter manifest and is a source of a published Hugging Face adapter.
run/sthelar40x_ovary_5class_spatial_margin128_lora_adaptformer_r8_a8_red16_decoder_heads_only_lr5e-5_e10_seed43_CLEAN,2909909783,2.710065,2026-07-01T13:21:53+00:00,Tissue-specific 5-class within-slide margin128,LoRA Q/V + AdaptFormer + NP/HV/NT final heads,Ovary,43,log/2026-06-30T234638_sthelar40x_ovary_5class_spatial_margin128_lora_adaptformer_r8_a8_red16_decoder_heads_only_lr5e-5_e10_seed43_CLEAN/checkpoints/model_best.pth [2894597048 B],log/2026-06-30T234638_sthelar40x_ovary_5class_spatial_margin128_lora_adaptformer_r8_a8_red16_decoder_heads_only_lr5e-5_e10_seed43_CLEAN/inference_results.json [5226113 B]; log/2026-06-30T234638_sthelar40x_ovary_5class_spatial_margin128_lora_adaptformer_r8_a8_red16_decoder_heads_only_lr5e-5_e10_seed43_CLEAN/inference_results_qc_sweep_Jaccard.json [18997 B]; log/2026-06-30T234638_sthelar40x_ovary_5class_spatial_margin128_lora_adaptformer_r8_a8_red16_decoder_heads_only_lr5e-5_e10_seed43_CLEAN/inference_results_qc_sweep_Jaccard_summary.csv [4238 B],NO,YES,NO,YES,KEEP_CRITICAL,NONE,Source run is referenced by an adapter manifest.
run/sthelar40x_pancreatic_5class_spatial_margin128_cap50000_fullft_lr1e-5_e10_seed42_CLEAN,8432252865,7.853147,2026-07-21T16:00:20+00:00,Tissue-specific 5-class within-slide margin128,FullFT,Pancreatic,42,log/2026-07-01T230717_sthelar40x_pancreatic_5class_spatial_margin128_cap50000_fullft_lr1e-5_e10_seed42_CLEAN/checkpoints/model_best.pth [8397780545 B],log/2026-07-01T230717_sthelar40x_pancreatic_5class_spatial_margin128_cap50000_fullft_lr1e-5_e10_seed42_CLEAN/inference_results.json [5549501 B]; log/2026-07-01T230717_sthelar40x_pancreatic_5class_spatial_margin128_cap50000_fullft_lr1e-5_e10_seed42_CLEAN/inference_results_qc_sweep_Jaccard.json [18281 B]; log/2026-07-01T230717_sthelar40x_pancreatic_5class_spatial_margin128_cap50000_fullft_lr1e-5_e10_seed42_CLEAN/inference_results_qc_sweep_Jaccard_summary.csv [3889 B],NO,NO,NO,NO,KEEP_CRITICAL,NONE,Canonical tissue-specific FullFT/selected-PEFT run with checkpoint or final inference evidence.
run/sthelar40x_pancreatic_5class_spatial_margin128_cap50000_lora_adaptformer_r8_a8_red16_decoder_heads_only_lr5e-5_e10_seed43_CLEAN,2912222297,2.712218,2026-07-01T13:07:30+00:00,Tissue-specific 5-class within-slide margin128,LoRA Q/V + AdaptFormer + NP/HV/NT final heads,Pancreatic,43,log/2026-06-30T235608_sthelar40x_pancreatic_5class_spatial_margin128_cap50000_lora_adaptformer_r8_a8_red16_decoder_heads_only_lr5e-5_e10_seed43_CLEAN/checkpoints/model_best.pth [2894597240 B],log/2026-06-30T235608_sthelar40x_pancreatic_5class_spatial_margin128_cap50000_lora_adaptformer_r8_a8_red16_decoder_heads_only_lr5e-5_e10_seed43_CLEAN/inference_results.json [5618164 B]; log/2026-06-30T235608_sthelar40x_pancreatic_5class_spatial_margin128_cap50000_lora_adaptformer_r8_a8_red16_decoder_heads_only_lr5e-5_e10_seed43_CLEAN/inference_results_qc_sweep_Jaccard.json [18342 B]; log/2026-06-30T235608_sthelar40x_pancreatic_5class_spatial_margin128_cap50000_lora_adaptformer_r8_a8_red16_decoder_heads_only_lr5e-5_e10_seed43_CLEAN/inference_results_qc_sweep_Jaccard_summary.csv [3891 B],YES,YES,YES,YES,KEEP_CRITICAL,NONE,Source run is referenced by an adapter manifest and is a source of a published Hugging Face adapter.
run/sthelar40x_skin_5class_spatial_margin128_cap50000_fullft_lr1e-5_e10_seed42_CLEAN,8421261840,7.842911,2026-07-21T16:00:20+00:00,Tissue-specific 5-class within-slide margin128,FullFT,Skin,42,log/2026-07-01T231252_sthelar40x_skin_5class_spatial_margin128_cap50000_fullft_lr1e-5_e10_seed42_CLEAN/checkpoints/model_best.pth [8397788500 B],log/2026-07-01T231252_sthelar40x_skin_5class_spatial_margin128_cap50000_fullft_lr1e-5_e10_seed42_CLEAN/inference_results.json [4231175 B]; log/2026-07-01T231252_sthelar40x_skin_5class_spatial_margin128_cap50000_fullft_lr1e-5_e10_seed42_CLEAN/inference_results_qc_sweep_Jaccard.json [19366 B]; log/2026-07-01T231252_sthelar40x_skin_5class_spatial_margin128_cap50000_fullft_lr1e-5_e10_seed42_CLEAN/inference_results_qc_sweep_Jaccard_summary.csv [4519 B],NO,NO,NO,NO,KEEP_CRITICAL,NONE,Canonical tissue-specific FullFT/selected-PEFT run with checkpoint or final inference evidence.
run/sthelar40x_skin_5class_spatial_margin128_cap50000_lora_adaptformer_r8_a8_red16_decoder_heads_only_lr5e-5_e10_seed42_CLEAN,2906833969,2.707200,2026-06-30T15:45:15+00:00,Tissue-specific 5-class within-slide margin128,LoRA Q/V + AdaptFormer + NP/HV/NT final heads,Skin,42,log/2026-06-30T092331_sthelar40x_skin_5class_spatial_margin128_cap50000_lora_adaptformer_r8_a8_red16_decoder_heads_only_lr5e-5_e10_seed42_CLEAN/checkpoints/model_best.pth [2894597112 B],log/2026-06-30T092331_sthelar40x_skin_5class_spatial_margin128_cap50000_lora_adaptformer_r8_a8_red16_decoder_heads_only_lr5e-5_e10_seed42_CLEAN/inference_results.json [4228811 B]; log/2026-06-30T092331_sthelar40x_skin_5class_spatial_margin128_cap50000_lora_adaptformer_r8_a8_red16_decoder_heads_only_lr5e-5_e10_seed42_CLEAN/inference_results_qc_sweep_Jaccard.json [19428 B]; log/2026-06-30T092331_sthelar40x_skin_5class_spatial_margin128_cap50000_lora_adaptformer_r8_a8_red16_decoder_heads_only_lr5e-5_e10_seed42_CLEAN/inference_results_qc_sweep_Jaccard_summary.csv [4535 B],YES,YES,YES,YES,KEEP_CRITICAL,NONE,Source run is referenced by an adapter manifest and is a source of a published Hugging Face adapter.
run/sthelar40x_skin_5class_spatial_margin128_cap50000_lora_adaptformer_r8_a8_red16_decoder_heads_only_lr5e-5_e10_seed43_CLEAN,2906692728,2.707069,2026-07-01T14:13:06+00:00,Tissue-specific 5-class within-slide margin128,LoRA Q/V + AdaptFormer + NP/HV/NT final heads,Skin,43,log/2026-07-01T071017_sthelar40x_skin_5class_spatial_margin128_cap50000_lora_adaptformer_r8_a8_red16_decoder_heads_only_lr5e-5_e10_seed43_CLEAN/checkpoints/model_best.pth [2894597112 B],log/2026-07-01T071017_sthelar40x_skin_5class_spatial_margin128_cap50000_lora_adaptformer_r8_a8_red16_decoder_heads_only_lr5e-5_e10_seed43_CLEAN/inference_results.json [4223409 B]; log/2026-07-01T071017_sthelar40x_skin_5class_spatial_margin128_cap50000_lora_adaptformer_r8_a8_red16_decoder_heads_only_lr5e-5_e10_seed43_CLEAN/inference_results_qc_sweep_Jaccard.json [19367 B]; log/2026-07-01T071017_sthelar40x_skin_5class_spatial_margin128_cap50000_lora_adaptformer_r8_a8_red16_decoder_heads_only_lr5e-5_e10_seed43_CLEAN/inference_results_qc_sweep_Jaccard_summary.csv [4564 B],NO,YES,NO,YES,KEEP_CRITICAL,NONE,Source run is referenced by an adapter manifest.
run/sthelar40x_tonsil_5class_spatial_margin128_cap50000_fullft_lr1e-5_e10_seed42_CLEAN,8435225167,7.855916,2026-07-21T16:00:20+00:00,Tissue-specific 5-class within-slide margin128,FullFT,Tonsil,42,log/2026-07-01T230338_sthelar40x_tonsil_5class_spatial_margin128_cap50000_fullft_lr1e-5_e10_seed42_CLEAN/checkpoints/model_best.pth [8397780481 B],log/2026-07-01T230338_sthelar40x_tonsil_5class_spatial_margin128_cap50000_fullft_lr1e-5_e10_seed42_CLEAN/inference_results.json [9216014 B]; log/2026-07-01T230338_sthelar40x_tonsil_5class_spatial_margin128_cap50000_fullft_lr1e-5_e10_seed42_CLEAN/inference_results_qc_sweep_Jaccard.json [18515 B]; log/2026-07-01T230338_sthelar40x_tonsil_5class_spatial_margin128_cap50000_fullft_lr1e-5_e10_seed42_CLEAN/inference_results_qc_sweep_Jaccard_summary.csv [3996 B],NO,NO,NO,NO,KEEP_CRITICAL,NONE,Canonical tissue-specific FullFT/selected-PEFT run with checkpoint or final inference evidence.
run/sthelar40x_tonsil_5class_spatial_margin128_cap50000_lora_adaptformer_r8_a8_red16_decoder_heads_only_lr5e-5_e10_seed43_CLEAN,2915717755,2.715474,2026-07-01T21:00:48+00:00,Tissue-specific 5-class within-slide margin128,LoRA Q/V + AdaptFormer + NP/HV/NT final heads,Tonsil,43,log/2026-06-30T232731_sthelar40x_tonsil_5class_spatial_margin128_cap50000_lora_adaptformer_r8_a8_red16_decoder_heads_only_lr5e-5_e10_seed43_CLEAN/checkpoints/model_best.pth [2894597176 B],log/2026-06-30T232731_sthelar40x_tonsil_5class_spatial_margin128_cap50000_lora_adaptformer_r8_a8_red16_decoder_heads_only_lr5e-5_e10_seed43_CLEAN/inference_results.json [9122878 B]; log/2026-06-30T232731_sthelar40x_tonsil_5class_spatial_margin128_cap50000_lora_adaptformer_r8_a8_red16_decoder_heads_only_lr5e-5_e10_seed43_CLEAN/inference_results_qc_sweep_Jaccard.json [18269 B]; log/2026-06-30T232731_sthelar40x_tonsil_5class_spatial_margin128_cap50000_lora_adaptformer_r8_a8_red16_decoder_heads_only_lr5e-5_e10_seed43_CLEAN/inference_results_qc_sweep_Jaccard_summary.csv [3855 B],YES,YES,YES,YES,KEEP_CRITICAL,NONE,Source run is referenced by an adapter manifest and is a source of a published Hugging Face adapter.
run/sthelar40x_tonsil_9class_slide_adaptformer_gelu_red16_lr5e-5_e10_seed42_CLEAN,19794216,0.018435,2026-06-12T20:44:02+00:00,Single-tissue 9-class slide-split exploratory,AdaptFormer,Tonsil,42,NONE,log/2026-06-11T135652_sthelar40x_tonsil_9class_slide_adaptformer_gelu_red16_lr5e-5_e10_seed42_CLEAN/inference_results.json [10829845 B],NO,NO,NO,NO,KEEP_USEFUL,NONE,"No checkpoint remains, but inference results preserve otherwise non-reconstructable historical evidence."
run/sthelar40x_tonsil_9class_slide_adaptformer_gelu_red16_lr5e-5_e10_seed43_CLEAN,19868545,0.018504,2026-06-15T15:07:44+00:00,Single-tissue 9-class slide-split exploratory,AdaptFormer,Tonsil,43,NONE,log/2026-06-13T000335_sthelar40x_tonsil_9class_slide_adaptformer_gelu_red16_lr5e-5_e10_seed43_CLEAN/inference_results.json [10906545 B],NO,NO,NO,NO,KEEP_USEFUL,NONE,"No checkpoint remains, but inference results preserve otherwise non-reconstructable historical evidence."
run/sthelar40x_tonsil_9class_slide_adaptformer_gelu_red16_lr5e-5_e15_seed42_CLEAN,21471,0.000020,2026-06-10T17:42:19+00:00,Single-tissue 9-class slide-split exploratory,AdaptFormer,Tonsil,42,NONE,NONE,NO,NO,NO,NO,CANDIDATE_DELETE,NONE,"Failed/incomplete attempt: only configuration, dataset manifest, and a short log; no checkpoint or inference result."
run/sthelar40x_tonsil_9class_slide_adaptformer_gelu_red16_lr5e-5_e5,15188761,0.014146,2026-06-10T17:42:19+00:00,Single-tissue 9-class slide-split exploratory,AdaptFormer,Tonsil,42,NONE,log/2026-05-29T221908_sthelar40x_tonsil_9class_slide_adaptformer_gelu_red16_lr5e-5_e5/inference_results.json [10698592 B],NO,NO,NO,NO,KEEP_USEFUL,NONE,"No checkpoint remains, but inference results preserve otherwise non-reconstructable historical evidence."
run/sthelar40x_tonsil_9class_slide_adaptformer_gelu_red8_lr5e-5_e10_seed42_CLEAN,21892681,0.020389,2026-06-17T12:59:23+00:00,Single-tissue 9-class slide-split exploratory,AdaptFormer,Tonsil,42,NONE,log/2026-06-16T101108_sthelar40x_tonsil_9class_slide_adaptformer_gelu_red8_lr5e-5_e10_seed42_CLEAN/inference_results.json [10624904 B],NO,NO,NO,YES,KEEP_CRITICAL,NONE,Explicitly referenced by qualitative-figure/QC selection code or report.
run/sthelar40x_tonsil_9class_slide_freeze_e10_seed42_CLEAN,6664291,0.006207,2026-06-16T15:49:54+00:00,Single-tissue 9-class slide-split exploratory,Frozen/raw-style baseline,Tonsil,42,NONE,log/2026-06-15T175256_sthelar40x_tonsil_9class_slide_freeze_e10_seed42_CLEAN/inference_results.json [6539935 B],NO,NO,NO,YES,KEEP_CRITICAL,NONE,Explicitly referenced by qualitative-figure/QC selection code or report.
run/sthelar40x_tonsil_9class_slide_fullft_lr1e-5_e10_seed42_CLEAN_TRUE,29615721,0.027582,2026-06-19T13:07:02+00:00,Single-tissue 9-class slide-split exploratory,FullFT,Tonsil,42,NONE,log/2026-06-18T131517_sthelar40x_tonsil_9class_slide_fullft_lr1e-5_e10_seed42_CLEAN_TRUE/inference_results.json [10831101 B],NO,NO,NO,NO,KEEP_USEFUL,NONE,"No checkpoint remains, but inference results preserve otherwise non-reconstructable historical evidence."
run/sthelar40x_tonsil_9class_slide_fullft_lr5e-5_e10_seed42,37614437,0.035031,2026-06-10T17:42:20+00:00,Single-tissue 9-class slide-split exploratory,FullFT,Tonsil,42,NONE,NONE,NO,NO,NO,YES,KEEP_CRITICAL,NONE,Explicitly referenced by qualitative-figure/QC selection code or report.
run/sthelar40x_tonsil_9class_slide_fullft_lr5e-5_e10_seed42_CLEAN,4734502,0.004409,2026-06-16T15:49:54+00:00,Single-tissue 9-class slide-split exploratory,FullFT,Tonsil,42,NONE,NONE,NO,NO,NO,YES,KEEP_CRITICAL,NONE,Explicitly referenced by qualitative-figure/QC selection code or report.
run/sthelar40x_tonsil_9class_slide_fullft_lr5e-5_e10_seed42_CLEAN_TRUE,24740058,0.023041,2026-06-18T09:17:54+00:00,Single-tissue 9-class slide-split exploratory,FullFT,Tonsil,42,NONE,log/2026-06-17T112320_sthelar40x_tonsil_9class_slide_fullft_lr5e-5_e10_seed42_CLEAN_TRUE/inference_results.json [6285938 B],NO,NO,NO,NO,KEEP_USEFUL,NONE,"No checkpoint remains, but inference results preserve otherwise non-reconstructable historical evidence."
run/sthelar40x_tonsil_9class_slide_fullft_lr5e-5_e1_seed42_TEST,14420744,0.013430,2026-06-17T12:59:23+00:00,Single-tissue 9-class slide-split exploratory,FullFT,Tonsil,42,NONE,log/2026-06-16T174421_sthelar40x_tonsil_9class_slide_fullft_lr5e-5_e1_seed42_TEST/inference_results.json [9680771 B],NO,NO,NO,NO,CANDIDATE_DELETE,NONE,Explicit one-epoch TEST/debug run; no checkpoint. Its small inference/TensorBoard artifacts are not a canonical result.
run/sthelar40x_tonsil_9class_slide_lora_adaptformer_ntonly_r8_a8_gelu_red16_lr5e-5_e10_seed42_CLEAN,18015669,0.016778,2026-06-17T12:59:23+00:00,Single-tissue 9-class slide-split exploratory,LoRA Q/V + AdaptFormer,Tonsil,42,NONE,log/2026-06-16T175749_sthelar40x_tonsil_9class_slide_lora_adaptformer_ntonly_r8_a8_gelu_red16_lr5e-5_e10_seed42_CLEAN/inference_results.json [8839695 B],NO,NO,NO,NO,KEEP_USEFUL,NONE,"No checkpoint remains, but inference results preserve otherwise non-reconstructable historical evidence."
run/sthelar40x_tonsil_9class_slide_lora_adaptformer_r4_a4_red16_lr5e-5_e10_seed42_CLEAN,23535114,0.021919,2026-06-18T09:17:54+00:00,Single-tissue 9-class slide-split exploratory,LoRA Q/V + AdaptFormer,Tonsil,42,NONE,log/2026-06-17T171942_sthelar40x_tonsil_9class_slide_lora_adaptformer_r4_a4_red16_lr5e-5_e10_seed42_CLEAN/inference_results.json [10818665 B],NO,NO,NO,NO,KEEP_USEFUL,NONE,"No checkpoint remains, but inference results preserve otherwise non-reconstructable historical evidence."
run/sthelar40x_tonsil_9class_slide_lora_adaptformer_r8_a8_red16_decoder_conv_adapters_lr5e-5_e10_seed42_CLEAN,2993931074,2.788316,2026-06-29T19:58:32+00:00,Single-tissue 9-class slide-split exploratory,LoRA Q/V + AdaptFormer + decoder conv adapters,Tonsil,42,log/2026-06-20T184700_sthelar40x_tonsil_9class_slide_lora_adaptformer_r8_a8_red16_decoder_conv_adapters_lr5e-5_e10_seed42_CLEAN/checkpoints/model_best.pth [2901440018 B],log/2026-06-20T184700_sthelar40x_tonsil_9class_slide_lora_adaptformer_r8_a8_red16_decoder_conv_adapters_lr5e-5_e10_seed42_CLEAN/inference_results.json [81129109 B]; log/2026-06-20T184700_sthelar40x_tonsil_9class_slide_lora_adaptformer_r8_a8_red16_decoder_conv_adapters_lr5e-5_e10_seed42_CLEAN/inference_results_qc_sweep_Jaccard.json [8562 B]; log/2026-06-20T184700_sthelar40x_tonsil_9class_slide_lora_adaptformer_r8_a8_red16_decoder_conv_adapters_lr5e-5_e10_seed42_CLEAN/inference_results_qc_sweep_Jaccard_summary.csv [561 B],NO,NO,NO,NO,KEEP_USEFUL,NONE,Non-canonical/exploratory checkpoint is costly to recreate and is not proven redundant; retain pending scientific owner review.
run/sthelar40x_tonsil_9class_slide_lora_adaptformer_r8_a8_red16_decoder_heads_only_lr5e-5_e10_seed42_CLEAN,89447793,0.083305,2026-06-24T13:52:05+00:00,Single-tissue 9-class slide-split exploratory,LoRA Q/V + AdaptFormer + NP/HV/NT final heads,Tonsil,42,NONE,log/2026-06-20T201431_sthelar40x_tonsil_9class_slide_lora_adaptformer_r8_a8_red16_decoder_heads_only_lr5e-5_e10_seed42_CLEAN/inference_results.json [81493461 B]; log/2026-06-20T201431_sthelar40x_tonsil_9class_slide_lora_adaptformer_r8_a8_red16_decoder_heads_only_lr5e-5_e10_seed42_CLEAN/inference_results_qc_sweep_Jaccard.json [34440 B]; log/2026-06-20T201431_sthelar40x_tonsil_9class_slide_lora_adaptformer_r8_a8_red16_decoder_heads_only_lr5e-5_e10_seed42_CLEAN/inference_results_qc_sweep_Jaccard_summary.csv [5708 B],NO,NO,NO,NO,KEEP_USEFUL,NONE,"No checkpoint remains, but inference results preserve otherwise non-reconstructable historical evidence."
run/sthelar40x_tonsil_9class_slide_lora_adaptformer_r8_a8_red16_decoder_last_stage_lr5e-5_e10_seed42_CLEAN,2988645260,2.783393,2026-06-29T19:58:32+00:00,Single-tissue 9-class slide-split exploratory,LoRA Q/V + AdaptFormer + decoder last stage,Tonsil,42,log/2026-06-20T201957_sthelar40x_tonsil_9class_slide_lora_adaptformer_r8_a8_red16_decoder_last_stage_lr5e-5_e10_seed42_CLEAN/checkpoints/model_best.pth [2897437594 B],log/2026-06-20T201957_sthelar40x_tonsil_9class_slide_lora_adaptformer_r8_a8_red16_decoder_last_stage_lr5e-5_e10_seed42_CLEAN/inference_results.json [82164760 B]; log/2026-06-20T201957_sthelar40x_tonsil_9class_slide_lora_adaptformer_r8_a8_red16_decoder_last_stage_lr5e-5_e10_seed42_CLEAN/inference_results_qc_sweep_Jaccard.json [35206 B]; log/2026-06-20T201957_sthelar40x_tonsil_9class_slide_lora_adaptformer_r8_a8_red16_decoder_last_stage_lr5e-5_e10_seed42_CLEAN/inference_results_qc_sweep_Jaccard_summary.csv [5973 B],NO,NO,NO,NO,KEEP_USEFUL,NONE,Non-canonical/exploratory checkpoint is costly to recreate and is not proven redundant; retain pending scientific owner review.
run/sthelar40x_tonsil_9class_slide_lora_ntonly_r4_a4_lr5e-5_e10_seed42_CLEAN2,16037663,0.014936,2026-06-12T20:44:03+00:00,Single-tissue 9-class slide-split exploratory,LoRA NT-only,Tonsil,42,NONE,log/2026-06-11T145411_sthelar40x_tonsil_9class_slide_lora_ntonly_r4_a4_lr5e-5_e10_seed42_CLEAN2/inference_results.json [10648942 B],NO,NO,NO,NO,KEEP_USEFUL,NONE,"No checkpoint remains, but inference results preserve otherwise non-reconstructable historical evidence."
run/sthelar40x_tonsil_9class_slide_lora_ntonly_r4_a4_lr5e-5_e15_seed42_CLEAN,8151023,0.007591,2026-06-12T20:44:02+00:00,Single-tissue 9-class slide-split exploratory,LoRA NT-only,Tonsil,42,NONE,NONE,NO,NO,NO,NO,UNKNOWN,NONE,Configuration/log-only run without enough evidence to prove it is safely regenerable or disposable.
run/sthelar40x_tonsil_9class_slide_lora_ntonly_r4_a4_lr5e-5_e5,14322342,0.013339,2026-06-10T17:42:20+00:00,Single-tissue 9-class slide-split exploratory,LoRA NT-only,Tonsil,42,NONE,log/2026-05-29T134608_sthelar40x_tonsil_9class_slide_lora_ntonly_r4_a4_lr5e-5_e5/inference_results.json [10430997 B],NO,NO,NO,NO,KEEP_USEFUL,NONE,"No checkpoint remains, but inference results preserve otherwise non-reconstructable historical evidence."
run/sthelar40x_tonsil_9class_slide_lora_r8_a8_lr5e-5_e10,17689337,0.016474,2026-06-10T17:42:19+00:00,Single-tissue 9-class slide-split exploratory,LoRA,Tonsil,42,NONE,log/2026-06-03T124748_sthelar40x_tonsil_9class_slide_lora_r8_a8_lr5e-5_e10/inference_results.json [11292808 B],NO,NO,NO,NO,KEEP_USEFUL,NONE,"No checkpoint remains, but inference results preserve otherwise non-reconstructable historical evidence."
run/sthelar40x_tonsil_9class_slide_lora_r8_a8_lr5e-5_e10_seed42_CLEAN2,20212861,0.018825,2026-06-12T20:44:03+00:00,Single-tissue 9-class slide-split exploratory,LoRA,Tonsil,42,NONE,log/2026-06-11T140241_sthelar40x_tonsil_9class_slide_lora_r8_a8_lr5e-5_e10_seed42_CLEAN2/inference_results.json [11364227 B],NO,NO,NO,NO,KEEP_USEFUL,NONE,"No checkpoint remains, but inference results preserve otherwise non-reconstructable historical evidence."
run/sthelar40x_tonsil_9class_slide_lora_r8_a8_lr5e-5_e15_seed42_CLEAN,13345310,0.012429,2026-06-12T20:44:02+00:00,Single-tissue 9-class slide-split exploratory,LoRA,Tonsil,42,NONE,NONE,NO,NO,NO,NO,UNKNOWN,NONE,Configuration/log-only run without enough evidence to prove it is safely regenerable or disposable.
run/sthelar40x_tonsil_9class_slide_lora_r8_a8_lr5e-5_e5,14972962,0.013945,2026-06-10T17:42:19+00:00,Single-tissue 9-class slide-split exploratory,LoRA,Tonsil,42,NONE,log/2026-05-29T221908_sthelar40x_tonsil_9class_slide_lora_r8_a8_lr5e-5_e5/inference_results.json [10593451 B],NO,NO,NO,NO,KEEP_USEFUL,NONE,"No checkpoint remains, but inference results preserve otherwise non-reconstructable historical evidence."
run/sthelar40x_tonsil_9class_slide_ntonly_lr5e-5_e10_seed42_CLEAN,12001084,0.011177,2026-06-17T12:59:23+00:00,Single-tissue 9-class slide-split exploratory,NT-only,Tonsil,42,NONE,log/2026-06-16T175749_sthelar40x_tonsil_9class_slide_ntonly_lr5e-5_e10_seed42_CLEAN/inference_results.json [10544006 B],NO,NO,NO,NO,KEEP_USEFUL,NONE,"No checkpoint remains, but inference results preserve otherwise non-reconstructable historical evidence."
run/sthelar40x_tonsil_9class_slide_vera_adaptformer_r16_a16_red16_decoder_conv_adapters_lr5e-5_e10_seed43_CLEAN,2978866106,2.774285,2026-06-29T19:58:35+00:00,Single-tissue 9-class slide-split exploratory,VeRA + AdaptFormer + decoder conv adapters,Tonsil,43,log/2026-06-23T102340_sthelar40x_tonsil_9class_slide_vera_adaptformer_r16_a16_red16_decoder_conv_adapters_lr5e-5_e10_seed43_CLEAN/checkpoints/model_best.pth [2886747548 B],log/2026-06-23T102340_sthelar40x_tonsil_9class_slide_vera_adaptformer_r16_a16_red16_decoder_conv_adapters_lr5e-5_e10_seed43_CLEAN/inference_results.json [81290887 B]; log/2026-06-23T102340_sthelar40x_tonsil_9class_slide_vera_adaptformer_r16_a16_red16_decoder_conv_adapters_lr5e-5_e10_seed43_CLEAN/inference_results_qc_sweep_Jaccard.json [34464 B]; log/2026-06-23T102340_sthelar40x_tonsil_9class_slide_vera_adaptformer_r16_a16_red16_decoder_conv_adapters_lr5e-5_e10_seed43_CLEAN/inference_results_qc_sweep_Jaccard_summary.csv [5700 B],NO,YES,NO,NO,KEEP_CRITICAL,NONE,Source run is referenced by an adapter manifest.
run/sthelar40x_tonsil_9class_slide_vera_adaptformer_r8_a8_red16_decoder_conv_adapters_lr5e-5_e10_seed42_CLEAN,2978574609,2.774014,2026-06-29T19:58:32+00:00,Single-tissue 9-class slide-split exploratory,VeRA + AdaptFormer + decoder conv adapters,Tonsil,42,log/2026-06-21T041310_sthelar40x_tonsil_9class_slide_vera_adaptformer_r8_a8_red16_decoder_conv_adapters_lr5e-5_e10_seed42_CLEAN/checkpoints/model_best.pth [2886721042 B],log/2026-06-21T041310_sthelar40x_tonsil_9class_slide_vera_adaptformer_r8_a8_red16_decoder_conv_adapters_lr5e-5_e10_seed42_CLEAN/inference_results.json [81095168 B]; log/2026-06-21T041310_sthelar40x_tonsil_9class_slide_vera_adaptformer_r8_a8_red16_decoder_conv_adapters_lr5e-5_e10_seed42_CLEAN/inference_results_qc_sweep_Jaccard.json [32963 B]; log/2026-06-21T041310_sthelar40x_tonsil_9class_slide_vera_adaptformer_r8_a8_red16_decoder_conv_adapters_lr5e-5_e10_seed42_CLEAN/inference_results_qc_sweep_Jaccard_summary.csv [1589 B],NO,NO,NO,NO,KEEP_USEFUL,NONE,Non-canonical/exploratory checkpoint is costly to recreate and is not proven redundant; retain pending scientific owner review.
run/sthelar40x_tonsil_9class_slide_vera_adaptformer_r8_a8_red16_decoder_conv_adapters_lr5e-5_e10_seed43_CLEAN,2979209800,2.774605,2026-06-29T19:58:35+00:00,Single-tissue 9-class slide-split exploratory,VeRA + AdaptFormer + decoder conv adapters,Tonsil,43,log/2026-06-23T102340_sthelar40x_tonsil_9class_slide_vera_adaptformer_r8_a8_red16_decoder_conv_adapters_lr5e-5_e10_seed43_CLEAN/checkpoints/model_best.pth [2886735260 B],log/2026-06-23T102340_sthelar40x_tonsil_9class_slide_vera_adaptformer_r8_a8_red16_decoder_conv_adapters_lr5e-5_e10_seed43_CLEAN/inference_results.json [81625967 B]; log/2026-06-23T102340_sthelar40x_tonsil_9class_slide_vera_adaptformer_r8_a8_red16_decoder_conv_adapters_lr5e-5_e10_seed43_CLEAN/inference_results_qc_sweep_Jaccard.json [34605 B]; log/2026-06-23T102340_sthelar40x_tonsil_9class_slide_vera_adaptformer_r8_a8_red16_decoder_conv_adapters_lr5e-5_e10_seed43_CLEAN/inference_results_qc_sweep_Jaccard_summary.csv [5802 B],NO,YES,NO,NO,KEEP_CRITICAL,NONE,Source run is referenced by an adapter manifest.
