record_type,tissue,fold,model,seed,split,epoch,true_class,predicted_class,count,frequency,metric,value,train_patches,val_patches,test_patches_raw,matched_test_patches,source_path,note
dataset_summary,Kidney,A,Generalist Selected PEFT,42,,,,,,,,,24283,2052,23494,4449,run/sthelar40x_klt_5class_slideind_foldA_lora_adaptformer_r8_a8_red16_heads_e10_seed42/log/2026-08-19T105648_sthelar40x_klt_5class_slideind_foldA_lora_adaptformer_r8_a8_red16_heads_e10_seed42/inference_results.json,Test metrics and test class counts use exact generalist/specialist patch-ID intersection
class_distribution,Kidney,A,Generalist Selected PEFT,42,train,,Immune,,798175,0.551180531434,,,24283,2052,23494,4449,run/sthelar40x_klt_5class_slideind_foldA_lora_adaptformer_r8_a8_red16_heads_e10_seed42/log/2026-08-19T105648_sthelar40x_klt_5class_slideind_foldA_lora_adaptformer_r8_a8_red16_heads_e10_seed42/inference_results.json,Patch-level nucleus annotation occurrences; overlapping patches may repeat a biological cell
class_distribution,Kidney,A,Generalist Selected PEFT,42,train,,Stromal,,270672,0.186912815867,,,24283,2052,23494,4449,run/sthelar40x_klt_5class_slideind_foldA_lora_adaptformer_r8_a8_red16_heads_e10_seed42/log/2026-08-19T105648_sthelar40x_klt_5class_slideind_foldA_lora_adaptformer_r8_a8_red16_heads_e10_seed42/inference_results.json,Patch-level nucleus annotation occurrences; overlapping patches may repeat a biological cell
class_distribution,Kidney,A,Generalist Selected PEFT,42,train,,Epithelial,,356338,0.246069556438,,,24283,2052,23494,4449,run/sthelar40x_klt_5class_slideind_foldA_lora_adaptformer_r8_a8_red16_heads_e10_seed42/log/2026-08-19T105648_sthelar40x_klt_5class_slideind_foldA_lora_adaptformer_r8_a8_red16_heads_e10_seed42/inference_results.json,Patch-level nucleus annotation occurrences; overlapping patches may repeat a biological cell
class_distribution,Kidney,A,Generalist Selected PEFT,42,train,,Melanocyte,,0,0,,,24283,2052,23494,4449,run/sthelar40x_klt_5class_slideind_foldA_lora_adaptformer_r8_a8_red16_heads_e10_seed42/log/2026-08-19T105648_sthelar40x_klt_5class_slideind_foldA_lora_adaptformer_r8_a8_red16_heads_e10_seed42/inference_results.json,Patch-level nucleus annotation occurrences; overlapping patches may repeat a biological cell
class_distribution,Kidney,A,Generalist Selected PEFT,42,train,,Other,,22934,0.0158370962607,,,24283,2052,23494,4449,run/sthelar40x_klt_5class_slideind_foldA_lora_adaptformer_r8_a8_red16_heads_e10_seed42/log/2026-08-19T105648_sthelar40x_klt_5class_slideind_foldA_lora_adaptformer_r8_a8_red16_heads_e10_seed42/inference_results.json,Patch-level nucleus annotation occurrences; overlapping patches may repeat a biological cell
class_distribution,Kidney,A,Generalist Selected PEFT,42,validation,,Immune,,80971,0.599474346635,,,24283,2052,23494,4449,run/sthelar40x_klt_5class_slideind_foldA_lora_adaptformer_r8_a8_red16_heads_e10_seed42/log/2026-08-19T105648_sthelar40x_klt_5class_slideind_foldA_lora_adaptformer_r8_a8_red16_heads_e10_seed42/inference_results.json,Patch-level nucleus annotation occurrences; overlapping patches may repeat a biological cell
class_distribution,Kidney,A,Generalist Selected PEFT,42,validation,,Stromal,,26407,0.195506033908,,,24283,2052,23494,4449,run/sthelar40x_klt_5class_slideind_foldA_lora_adaptformer_r8_a8_red16_heads_e10_seed42/log/2026-08-19T105648_sthelar40x_klt_5class_slideind_foldA_lora_adaptformer_r8_a8_red16_heads_e10_seed42/inference_results.json,Patch-level nucleus annotation occurrences; overlapping patches may repeat a biological cell
class_distribution,Kidney,A,Generalist Selected PEFT,42,validation,,Epithelial,,26653,0.197327311764,,,24283,2052,23494,4449,run/sthelar40x_klt_5class_slideind_foldA_lora_adaptformer_r8_a8_red16_heads_e10_seed42/log/2026-08-19T105648_sthelar40x_klt_5class_slideind_foldA_lora_adaptformer_r8_a8_red16_heads_e10_seed42/inference_results.json,Patch-level nucleus annotation occurrences; overlapping patches may repeat a biological cell
class_distribution,Kidney,A,Generalist Selected PEFT,42,validation,,Melanocyte,,0,0,,,24283,2052,23494,4449,run/sthelar40x_klt_5class_slideind_foldA_lora_adaptformer_r8_a8_red16_heads_e10_seed42/log/2026-08-19T105648_sthelar40x_klt_5class_slideind_foldA_lora_adaptformer_r8_a8_red16_heads_e10_seed42/inference_results.json,Patch-level nucleus annotation occurrences; overlapping patches may repeat a biological cell
class_distribution,Kidney,A,Generalist Selected PEFT,42,validation,,Other,,1039,0.00769230769231,,,24283,2052,23494,4449,run/sthelar40x_klt_5class_slideind_foldA_lora_adaptformer_r8_a8_red16_heads_e10_seed42/log/2026-08-19T105648_sthelar40x_klt_5class_slideind_foldA_lora_adaptformer_r8_a8_red16_heads_e10_seed42/inference_results.json,Patch-level nucleus annotation occurrences; overlapping patches may repeat a biological cell
class_distribution,Kidney,A,Generalist Selected PEFT,42,matched_test,,Immune,,59273,0.556930507009,,,24283,2052,23494,4449,run/sthelar40x_klt_5class_slideind_foldA_lora_adaptformer_r8_a8_red16_heads_e10_seed42/log/2026-08-19T105648_sthelar40x_klt_5class_slideind_foldA_lora_adaptformer_r8_a8_red16_heads_e10_seed42/inference_results.json,Patch-level nucleus annotation occurrences; overlapping patches may repeat a biological cell
class_distribution,Kidney,A,Generalist Selected PEFT,42,matched_test,,Stromal,,27084,0.254481903259,,,24283,2052,23494,4449,run/sthelar40x_klt_5class_slideind_foldA_lora_adaptformer_r8_a8_red16_heads_e10_seed42/log/2026-08-19T105648_sthelar40x_klt_5class_slideind_foldA_lora_adaptformer_r8_a8_red16_heads_e10_seed42/inference_results.json,Patch-level nucleus annotation occurrences; overlapping patches may repeat a biological cell
class_distribution,Kidney,A,Generalist Selected PEFT,42,matched_test,,Epithelial,,17944,0.168602247529,,,24283,2052,23494,4449,run/sthelar40x_klt_5class_slideind_foldA_lora_adaptformer_r8_a8_red16_heads_e10_seed42/log/2026-08-19T105648_sthelar40x_klt_5class_slideind_foldA_lora_adaptformer_r8_a8_red16_heads_e10_seed42/inference_results.json,Patch-level nucleus annotation occurrences; overlapping patches may repeat a biological cell
class_distribution,Kidney,A,Generalist Selected PEFT,42,matched_test,,Melanocyte,,0,0,,,24283,2052,23494,4449,run/sthelar40x_klt_5class_slideind_foldA_lora_adaptformer_r8_a8_red16_heads_e10_seed42/log/2026-08-19T105648_sthelar40x_klt_5class_slideind_foldA_lora_adaptformer_r8_a8_red16_heads_e10_seed42/inference_results.json,Patch-level nucleus annotation occurrences; overlapping patches may repeat a biological cell
class_distribution,Kidney,A,Generalist Selected PEFT,42,matched_test,,Other,,2127,0.0199853422032,,,24283,2052,23494,4449,run/sthelar40x_klt_5class_slideind_foldA_lora_adaptformer_r8_a8_red16_heads_e10_seed42/log/2026-08-19T105648_sthelar40x_klt_5class_slideind_foldA_lora_adaptformer_r8_a8_red16_heads_e10_seed42/inference_results.json,Patch-level nucleus annotation occurrences; overlapping patches may repeat a biological cell
matched_test_metric,Kidney,A,Generalist Selected PEFT,42,matched_test,,,,,,Dice,0.813905306658,24283,2052,23494,4449,run/sthelar40x_klt_5class_slideind_foldA_lora_adaptformer_r8_a8_red16_heads_e10_seed42/log/2026-08-19T105648_sthelar40x_klt_5class_slideind_foldA_lora_adaptformer_r8_a8_red16_heads_e10_seed42/inference_results.json,
matched_test_metric,Kidney,A,Generalist Selected PEFT,42,matched_test,,,,,,Jaccard,0.703865678406,24283,2052,23494,4449,run/sthelar40x_klt_5class_slideind_foldA_lora_adaptformer_r8_a8_red16_heads_e10_seed42/log/2026-08-19T105648_sthelar40x_klt_5class_slideind_foldA_lora_adaptformer_r8_a8_red16_heads_e10_seed42/inference_results.json,
matched_test_metric,Kidney,A,Generalist Selected PEFT,42,matched_test,,,,,,bPQ,0.576629618599,24283,2052,23494,4449,run/sthelar40x_klt_5class_slideind_foldA_lora_adaptformer_r8_a8_red16_heads_e10_seed42/log/2026-08-19T105648_sthelar40x_klt_5class_slideind_foldA_lora_adaptformer_r8_a8_red16_heads_e10_seed42/inference_results.json,
matched_test_metric,Kidney,A,Generalist Selected PEFT,42,matched_test,,,,,,mPQ,0.182611758794,24283,2052,23494,4449,run/sthelar40x_klt_5class_slideind_foldA_lora_adaptformer_r8_a8_red16_heads_e10_seed42/log/2026-08-19T105648_sthelar40x_klt_5class_slideind_foldA_lora_adaptformer_r8_a8_red16_heads_e10_seed42/inference_results.json,
matched_test_metric,Kidney,A,Generalist Selected PEFT,42,matched_test,,,,,,F1det,0.866926812946,24283,2052,23494,4449,run/sthelar40x_klt_5class_slideind_foldA_lora_adaptformer_r8_a8_red16_heads_e10_seed42/log/2026-08-19T105648_sthelar40x_klt_5class_slideind_foldA_lora_adaptformer_r8_a8_red16_heads_e10_seed42/inference_results.json,
matched_test_metric,Kidney,A,Generalist Selected PEFT,42,matched_test,,,,,,F1type,0.301089502911,24283,2052,23494,4449,run/sthelar40x_klt_5class_slideind_foldA_lora_adaptformer_r8_a8_red16_heads_e10_seed42/log/2026-08-19T105648_sthelar40x_klt_5class_slideind_foldA_lora_adaptformer_r8_a8_red16_heads_e10_seed42/inference_results.json,
matched_class_metric,Kidney,A,Generalist Selected PEFT,42,matched_test,,Immune,,,,matched_true_support,52308,24283,2052,23494,4449,run/sthelar40x_klt_5class_slideind_foldA_lora_adaptformer_r8_a8_red16_heads_e10_seed42/log/2026-08-19T105648_sthelar40x_klt_5class_slideind_foldA_lora_adaptformer_r8_a8_red16_heads_e10_seed42/inference_results.json,Type F1 is calculated from paired foreground confusion only
matched_class_metric,Kidney,A,Generalist Selected PEFT,42,matched_test,,Immune,,,,total_true_support,58432,24283,2052,23494,4449,run/sthelar40x_klt_5class_slideind_foldA_lora_adaptformer_r8_a8_red16_heads_e10_seed42/log/2026-08-19T105648_sthelar40x_klt_5class_slideind_foldA_lora_adaptformer_r8_a8_red16_heads_e10_seed42/inference_results.json,Type F1 is calculated from paired foreground confusion only
matched_class_metric,Kidney,A,Generalist Selected PEFT,42,matched_test,,Immune,,,,paired_type_F1,0.554228392342,24283,2052,23494,4449,run/sthelar40x_klt_5class_slideind_foldA_lora_adaptformer_r8_a8_red16_heads_e10_seed42/log/2026-08-19T105648_sthelar40x_klt_5class_slideind_foldA_lora_adaptformer_r8_a8_red16_heads_e10_seed42/inference_results.json,Type F1 is calculated from paired foreground confusion only
predicted_class_frequency,Kidney,A,Generalist Selected PEFT,42,matched_test,,,Immune,29062,0.295938005967,,,24283,2052,23494,4449,run/sthelar40x_klt_5class_slideind_foldA_lora_adaptformer_r8_a8_red16_heads_e10_seed42/log/2026-08-19T105648_sthelar40x_klt_5class_slideind_foldA_lora_adaptformer_r8_a8_red16_heads_e10_seed42/inference_results.json,Foreground predicted instances; unmatched predictions included
matched_class_metric,Kidney,A,Generalist Selected PEFT,42,matched_test,,Stromal,,,,matched_true_support,21500,24283,2052,23494,4449,run/sthelar40x_klt_5class_slideind_foldA_lora_adaptformer_r8_a8_red16_heads_e10_seed42/log/2026-08-19T105648_sthelar40x_klt_5class_slideind_foldA_lora_adaptformer_r8_a8_red16_heads_e10_seed42/inference_results.json,Type F1 is calculated from paired foreground confusion only
matched_class_metric,Kidney,A,Generalist Selected PEFT,42,matched_test,,Stromal,,,,total_true_support,26658,24283,2052,23494,4449,run/sthelar40x_klt_5class_slideind_foldA_lora_adaptformer_r8_a8_red16_heads_e10_seed42/log/2026-08-19T105648_sthelar40x_klt_5class_slideind_foldA_lora_adaptformer_r8_a8_red16_heads_e10_seed42/inference_results.json,Type F1 is calculated from paired foreground confusion only
matched_class_metric,Kidney,A,Generalist Selected PEFT,42,matched_test,,Stromal,,,,paired_type_F1,0.496841831087,24283,2052,23494,4449,run/sthelar40x_klt_5class_slideind_foldA_lora_adaptformer_r8_a8_red16_heads_e10_seed42/log/2026-08-19T105648_sthelar40x_klt_5class_slideind_foldA_lora_adaptformer_r8_a8_red16_heads_e10_seed42/inference_results.json,Type F1 is calculated from paired foreground confusion only
predicted_class_frequency,Kidney,A,Generalist Selected PEFT,42,matched_test,,,Stromal,62599,0.637444884576,,,24283,2052,23494,4449,run/sthelar40x_klt_5class_slideind_foldA_lora_adaptformer_r8_a8_red16_heads_e10_seed42/log/2026-08-19T105648_sthelar40x_klt_5class_slideind_foldA_lora_adaptformer_r8_a8_red16_heads_e10_seed42/inference_results.json,Foreground predicted instances; unmatched predictions included
matched_class_metric,Kidney,A,Generalist Selected PEFT,42,matched_test,,Epithelial,,,,matched_true_support,13101,24283,2052,23494,4449,run/sthelar40x_klt_5class_slideind_foldA_lora_adaptformer_r8_a8_red16_heads_e10_seed42/log/2026-08-19T105648_sthelar40x_klt_5class_slideind_foldA_lora_adaptformer_r8_a8_red16_heads_e10_seed42/inference_results.json,Type F1 is calculated from paired foreground confusion only
matched_class_metric,Kidney,A,Generalist Selected PEFT,42,matched_test,,Epithelial,,,,total_true_support,17674,24283,2052,23494,4449,run/sthelar40x_klt_5class_slideind_foldA_lora_adaptformer_r8_a8_red16_heads_e10_seed42/log/2026-08-19T105648_sthelar40x_klt_5class_slideind_foldA_lora_adaptformer_r8_a8_red16_heads_e10_seed42/inference_results.json,Type F1 is calculated from paired foreground confusion only
matched_class_metric,Kidney,A,Generalist Selected PEFT,42,matched_test,,Epithelial,,,,paired_type_F1,0.153287788215,24283,2052,23494,4449,run/sthelar40x_klt_5class_slideind_foldA_lora_adaptformer_r8_a8_red16_heads_e10_seed42/log/2026-08-19T105648_sthelar40x_klt_5class_slideind_foldA_lora_adaptformer_r8_a8_red16_heads_e10_seed42/inference_results.json,Type F1 is calculated from paired foreground confusion only
predicted_class_frequency,Kidney,A,Generalist Selected PEFT,42,matched_test,,,Epithelial,6531,0.0665050965856,,,24283,2052,23494,4449,run/sthelar40x_klt_5class_slideind_foldA_lora_adaptformer_r8_a8_red16_heads_e10_seed42/log/2026-08-19T105648_sthelar40x_klt_5class_slideind_foldA_lora_adaptformer_r8_a8_red16_heads_e10_seed42/inference_results.json,Foreground predicted instances; unmatched predictions included
matched_class_metric,Kidney,A,Generalist Selected PEFT,42,matched_test,,Melanocyte,,,,matched_true_support,0,24283,2052,23494,4449,run/sthelar40x_klt_5class_slideind_foldA_lora_adaptformer_r8_a8_red16_heads_e10_seed42/log/2026-08-19T105648_sthelar40x_klt_5class_slideind_foldA_lora_adaptformer_r8_a8_red16_heads_e10_seed42/inference_results.json,Type F1 is calculated from paired foreground confusion only
matched_class_metric,Kidney,A,Generalist Selected PEFT,42,matched_test,,Melanocyte,,,,total_true_support,0,24283,2052,23494,4449,run/sthelar40x_klt_5class_slideind_foldA_lora_adaptformer_r8_a8_red16_heads_e10_seed42/log/2026-08-19T105648_sthelar40x_klt_5class_slideind_foldA_lora_adaptformer_r8_a8_red16_heads_e10_seed42/inference_results.json,Type F1 is calculated from paired foreground confusion only
matched_class_metric,Kidney,A,Generalist Selected PEFT,42,matched_test,,Melanocyte,,,,paired_type_F1,nan,24283,2052,23494,4449,run/sthelar40x_klt_5class_slideind_foldA_lora_adaptformer_r8_a8_red16_heads_e10_seed42/log/2026-08-19T105648_sthelar40x_klt_5class_slideind_foldA_lora_adaptformer_r8_a8_red16_heads_e10_seed42/inference_results.json,Type F1 is calculated from paired foreground confusion only
predicted_class_frequency,Kidney,A,Generalist Selected PEFT,42,matched_test,,,Melanocyte,0,0,,,24283,2052,23494,4449,run/sthelar40x_klt_5class_slideind_foldA_lora_adaptformer_r8_a8_red16_heads_e10_seed42/log/2026-08-19T105648_sthelar40x_klt_5class_slideind_foldA_lora_adaptformer_r8_a8_red16_heads_e10_seed42/inference_results.json,Foreground predicted instances; unmatched predictions included
matched_class_metric,Kidney,A,Generalist Selected PEFT,42,matched_test,,Other,,,,matched_true_support,1158,24283,2052,23494,4449,run/sthelar40x_klt_5class_slideind_foldA_lora_adaptformer_r8_a8_red16_heads_e10_seed42/log/2026-08-19T105648_sthelar40x_klt_5class_slideind_foldA_lora_adaptformer_r8_a8_red16_heads_e10_seed42/inference_results.json,Type F1 is calculated from paired foreground confusion only
matched_class_metric,Kidney,A,Generalist Selected PEFT,42,matched_test,,Other,,,,total_true_support,2105,24283,2052,23494,4449,run/sthelar40x_klt_5class_slideind_foldA_lora_adaptformer_r8_a8_red16_heads_e10_seed42/log/2026-08-19T105648_sthelar40x_klt_5class_slideind_foldA_lora_adaptformer_r8_a8_red16_heads_e10_seed42/inference_results.json,Type F1 is calculated from paired foreground confusion only
matched_class_metric,Kidney,A,Generalist Selected PEFT,42,matched_test,,Other,,,,paired_type_F1,0,24283,2052,23494,4449,run/sthelar40x_klt_5class_slideind_foldA_lora_adaptformer_r8_a8_red16_heads_e10_seed42/log/2026-08-19T105648_sthelar40x_klt_5class_slideind_foldA_lora_adaptformer_r8_a8_red16_heads_e10_seed42/inference_results.json,Type F1 is calculated from paired foreground confusion only
predicted_class_frequency,Kidney,A,Generalist Selected PEFT,42,matched_test,,,Other,11,0.000112012871297,,,24283,2052,23494,4449,run/sthelar40x_klt_5class_slideind_foldA_lora_adaptformer_r8_a8_red16_heads_e10_seed42/log/2026-08-19T105648_sthelar40x_klt_5class_slideind_foldA_lora_adaptformer_r8_a8_red16_heads_e10_seed42/inference_results.json,Foreground predicted instances; unmatched predictions included
paired_confusion,Kidney,A,Generalist Selected PEFT,42,matched_test,,Background,Background,5,,,,24283,2052,23494,4449,run/sthelar40x_klt_5class_slideind_foldA_lora_adaptformer_r8_a8_red16_heads_e10_seed42/log/2026-08-19T105648_sthelar40x_klt_5class_slideind_foldA_lora_adaptformer_r8_a8_red16_heads_e10_seed42/inference_results.json,"Rows=true, columns=predicted; exact matched patch intersection"
paired_confusion,Kidney,A,Generalist Selected PEFT,42,matched_test,,Background,Immune,0,,,,24283,2052,23494,4449,run/sthelar40x_klt_5class_slideind_foldA_lora_adaptformer_r8_a8_red16_heads_e10_seed42/log/2026-08-19T105648_sthelar40x_klt_5class_slideind_foldA_lora_adaptformer_r8_a8_red16_heads_e10_seed42/inference_results.json,"Rows=true, columns=predicted; exact matched patch intersection"
paired_confusion,Kidney,A,Generalist Selected PEFT,42,matched_test,,Background,Stromal,0,,,,24283,2052,23494,4449,run/sthelar40x_klt_5class_slideind_foldA_lora_adaptformer_r8_a8_red16_heads_e10_seed42/log/2026-08-19T105648_sthelar40x_klt_5class_slideind_foldA_lora_adaptformer_r8_a8_red16_heads_e10_seed42/inference_results.json,"Rows=true, columns=predicted; exact matched patch intersection"
paired_confusion,Kidney,A,Generalist Selected PEFT,42,matched_test,,Background,Epithelial,0,,,,24283,2052,23494,4449,run/sthelar40x_klt_5class_slideind_foldA_lora_adaptformer_r8_a8_red16_heads_e10_seed42/log/2026-08-19T105648_sthelar40x_klt_5class_slideind_foldA_lora_adaptformer_r8_a8_red16_heads_e10_seed42/inference_results.json,"Rows=true, columns=predicted; exact matched patch intersection"
paired_confusion,Kidney,A,Generalist Selected PEFT,42,matched_test,,Background,Melanocyte,0,,,,24283,2052,23494,4449,run/sthelar40x_klt_5class_slideind_foldA_lora_adaptformer_r8_a8_red16_heads_e10_seed42/log/2026-08-19T105648_sthelar40x_klt_5class_slideind_foldA_lora_adaptformer_r8_a8_red16_heads_e10_seed42/inference_results.json,"Rows=true, columns=predicted; exact matched patch intersection"
paired_confusion,Kidney,A,Generalist Selected PEFT,42,matched_test,,Background,Other,0,,,,24283,2052,23494,4449,run/sthelar40x_klt_5class_slideind_foldA_lora_adaptformer_r8_a8_red16_heads_e10_seed42/log/2026-08-19T105648_sthelar40x_klt_5class_slideind_foldA_lora_adaptformer_r8_a8_red16_heads_e10_seed42/inference_results.json,"Rows=true, columns=predicted; exact matched patch intersection"
paired_confusion,Kidney,A,Generalist Selected PEFT,42,matched_test,,Immune,Background,5,,,,24283,2052,23494,4449,run/sthelar40x_klt_5class_slideind_foldA_lora_adaptformer_r8_a8_red16_heads_e10_seed42/log/2026-08-19T105648_sthelar40x_klt_5class_slideind_foldA_lora_adaptformer_r8_a8_red16_heads_e10_seed42/inference_results.json,"Rows=true, columns=predicted; exact matched patch intersection"
paired_confusion,Kidney,A,Generalist Selected PEFT,42,matched_test,,Immune,Immune,22017,,,,24283,2052,23494,4449,run/sthelar40x_klt_5class_slideind_foldA_lora_adaptformer_r8_a8_red16_heads_e10_seed42/log/2026-08-19T105648_sthelar40x_klt_5class_slideind_foldA_lora_adaptformer_r8_a8_red16_heads_e10_seed42/inference_results.json,"Rows=true, columns=predicted; exact matched patch intersection"
paired_confusion,Kidney,A,Generalist Selected PEFT,42,matched_test,,Immune,Stromal,27204,,,,24283,2052,23494,4449,run/sthelar40x_klt_5class_slideind_foldA_lora_adaptformer_r8_a8_red16_heads_e10_seed42/log/2026-08-19T105648_sthelar40x_klt_5class_slideind_foldA_lora_adaptformer_r8_a8_red16_heads_e10_seed42/inference_results.json,"Rows=true, columns=predicted; exact matched patch intersection"
paired_confusion,Kidney,A,Generalist Selected PEFT,42,matched_test,,Immune,Epithelial,3086,,,,24283,2052,23494,4449,run/sthelar40x_klt_5class_slideind_foldA_lora_adaptformer_r8_a8_red16_heads_e10_seed42/log/2026-08-19T105648_sthelar40x_klt_5class_slideind_foldA_lora_adaptformer_r8_a8_red16_heads_e10_seed42/inference_results.json,"Rows=true, columns=predicted; exact matched patch intersection"
paired_confusion,Kidney,A,Generalist Selected PEFT,42,matched_test,,Immune,Melanocyte,0,,,,24283,2052,23494,4449,run/sthelar40x_klt_5class_slideind_foldA_lora_adaptformer_r8_a8_red16_heads_e10_seed42/log/2026-08-19T105648_sthelar40x_klt_5class_slideind_foldA_lora_adaptformer_r8_a8_red16_heads_e10_seed42/inference_results.json,"Rows=true, columns=predicted; exact matched patch intersection"
paired_confusion,Kidney,A,Generalist Selected PEFT,42,matched_test,,Immune,Other,1,,,,24283,2052,23494,4449,run/sthelar40x_klt_5class_slideind_foldA_lora_adaptformer_r8_a8_red16_heads_e10_seed42/log/2026-08-19T105648_sthelar40x_klt_5class_slideind_foldA_lora_adaptformer_r8_a8_red16_heads_e10_seed42/inference_results.json,"Rows=true, columns=predicted; exact matched patch intersection"
paired_confusion,Kidney,A,Generalist Selected PEFT,42,matched_test,,Stromal,Background,3,,,,24283,2052,23494,4449,run/sthelar40x_klt_5class_slideind_foldA_lora_adaptformer_r8_a8_red16_heads_e10_seed42/log/2026-08-19T105648_sthelar40x_klt_5class_slideind_foldA_lora_adaptformer_r8_a8_red16_heads_e10_seed42/inference_results.json,"Rows=true, columns=predicted; exact matched patch intersection"
paired_confusion,Kidney,A,Generalist Selected PEFT,42,matched_test,,Stromal,Immune,1337,,,,24283,2052,23494,4449,run/sthelar40x_klt_5class_slideind_foldA_lora_adaptformer_r8_a8_red16_heads_e10_seed42/log/2026-08-19T105648_sthelar40x_klt_5class_slideind_foldA_lora_adaptformer_r8_a8_red16_heads_e10_seed42/inference_results.json,"Rows=true, columns=predicted; exact matched patch intersection"
paired_confusion,Kidney,A,Generalist Selected PEFT,42,matched_test,,Stromal,Stromal,19075,,,,24283,2052,23494,4449,run/sthelar40x_klt_5class_slideind_foldA_lora_adaptformer_r8_a8_red16_heads_e10_seed42/log/2026-08-19T105648_sthelar40x_klt_5class_slideind_foldA_lora_adaptformer_r8_a8_red16_heads_e10_seed42/inference_results.json,"Rows=true, columns=predicted; exact matched patch intersection"
paired_confusion,Kidney,A,Generalist Selected PEFT,42,matched_test,,Stromal,Epithelial,1085,,,,24283,2052,23494,4449,run/sthelar40x_klt_5class_slideind_foldA_lora_adaptformer_r8_a8_red16_heads_e10_seed42/log/2026-08-19T105648_sthelar40x_klt_5class_slideind_foldA_lora_adaptformer_r8_a8_red16_heads_e10_seed42/inference_results.json,"Rows=true, columns=predicted; exact matched patch intersection"
paired_confusion,Kidney,A,Generalist Selected PEFT,42,matched_test,,Stromal,Melanocyte,0,,,,24283,2052,23494,4449,run/sthelar40x_klt_5class_slideind_foldA_lora_adaptformer_r8_a8_red16_heads_e10_seed42/log/2026-08-19T105648_sthelar40x_klt_5class_slideind_foldA_lora_adaptformer_r8_a8_red16_heads_e10_seed42/inference_results.json,"Rows=true, columns=predicted; exact matched patch intersection"
paired_confusion,Kidney,A,Generalist Selected PEFT,42,matched_test,,Stromal,Other,3,,,,24283,2052,23494,4449,run/sthelar40x_klt_5class_slideind_foldA_lora_adaptformer_r8_a8_red16_heads_e10_seed42/log/2026-08-19T105648_sthelar40x_klt_5class_slideind_foldA_lora_adaptformer_r8_a8_red16_heads_e10_seed42/inference_results.json,"Rows=true, columns=predicted; exact matched patch intersection"
paired_confusion,Kidney,A,Generalist Selected PEFT,42,matched_test,,Epithelial,Background,7,,,,24283,2052,23494,4449,run/sthelar40x_klt_5class_slideind_foldA_lora_adaptformer_r8_a8_red16_heads_e10_seed42/log/2026-08-19T105648_sthelar40x_klt_5class_slideind_foldA_lora_adaptformer_r8_a8_red16_heads_e10_seed42/inference_results.json,"Rows=true, columns=predicted; exact matched patch intersection"
paired_confusion,Kidney,A,Generalist Selected PEFT,42,matched_test,,Epithelial,Immune,3417,,,,24283,2052,23494,4449,run/sthelar40x_klt_5class_slideind_foldA_lora_adaptformer_r8_a8_red16_heads_e10_seed42/log/2026-08-19T105648_sthelar40x_klt_5class_slideind_foldA_lora_adaptformer_r8_a8_red16_heads_e10_seed42/inference_results.json,"Rows=true, columns=predicted; exact matched patch intersection"
paired_confusion,Kidney,A,Generalist Selected PEFT,42,matched_test,,Epithelial,Stromal,8248,,,,24283,2052,23494,4449,run/sthelar40x_klt_5class_slideind_foldA_lora_adaptformer_r8_a8_red16_heads_e10_seed42/log/2026-08-19T105648_sthelar40x_klt_5class_slideind_foldA_lora_adaptformer_r8_a8_red16_heads_e10_seed42/inference_results.json,"Rows=true, columns=predicted; exact matched patch intersection"
paired_confusion,Kidney,A,Generalist Selected PEFT,42,matched_test,,Epithelial,Epithelial,1436,,,,24283,2052,23494,4449,run/sthelar40x_klt_5class_slideind_foldA_lora_adaptformer_r8_a8_red16_heads_e10_seed42/log/2026-08-19T105648_sthelar40x_klt_5class_slideind_foldA_lora_adaptformer_r8_a8_red16_heads_e10_seed42/inference_results.json,"Rows=true, columns=predicted; exact matched patch intersection"
paired_confusion,Kidney,A,Generalist Selected PEFT,42,matched_test,,Epithelial,Melanocyte,0,,,,24283,2052,23494,4449,run/sthelar40x_klt_5class_slideind_foldA_lora_adaptformer_r8_a8_red16_heads_e10_seed42/log/2026-08-19T105648_sthelar40x_klt_5class_slideind_foldA_lora_adaptformer_r8_a8_red16_heads_e10_seed42/inference_results.json,"Rows=true, columns=predicted; exact matched patch intersection"
paired_confusion,Kidney,A,Generalist Selected PEFT,42,matched_test,,Epithelial,Other,0,,,,24283,2052,23494,4449,run/sthelar40x_klt_5class_slideind_foldA_lora_adaptformer_r8_a8_red16_heads_e10_seed42/log/2026-08-19T105648_sthelar40x_klt_5class_slideind_foldA_lora_adaptformer_r8_a8_red16_heads_e10_seed42/inference_results.json,"Rows=true, columns=predicted; exact matched patch intersection"
paired_confusion,Kidney,A,Generalist Selected PEFT,42,matched_test,,Melanocyte,Background,0,,,,24283,2052,23494,4449,run/sthelar40x_klt_5class_slideind_foldA_lora_adaptformer_r8_a8_red16_heads_e10_seed42/log/2026-08-19T105648_sthelar40x_klt_5class_slideind_foldA_lora_adaptformer_r8_a8_red16_heads_e10_seed42/inference_results.json,"Rows=true, columns=predicted; exact matched patch intersection"
paired_confusion,Kidney,A,Generalist Selected PEFT,42,matched_test,,Melanocyte,Immune,0,,,,24283,2052,23494,4449,run/sthelar40x_klt_5class_slideind_foldA_lora_adaptformer_r8_a8_red16_heads_e10_seed42/log/2026-08-19T105648_sthelar40x_klt_5class_slideind_foldA_lora_adaptformer_r8_a8_red16_heads_e10_seed42/inference_results.json,"Rows=true, columns=predicted; exact matched patch intersection"
paired_confusion,Kidney,A,Generalist Selected PEFT,42,matched_test,,Melanocyte,Stromal,0,,,,24283,2052,23494,4449,run/sthelar40x_klt_5class_slideind_foldA_lora_adaptformer_r8_a8_red16_heads_e10_seed42/log/2026-08-19T105648_sthelar40x_klt_5class_slideind_foldA_lora_adaptformer_r8_a8_red16_heads_e10_seed42/inference_results.json,"Rows=true, columns=predicted; exact matched patch intersection"
paired_confusion,Kidney,A,Generalist Selected PEFT,42,matched_test,,Melanocyte,Epithelial,0,,,,24283,2052,23494,4449,run/sthelar40x_klt_5class_slideind_foldA_lora_adaptformer_r8_a8_red16_heads_e10_seed42/log/2026-08-19T105648_sthelar40x_klt_5class_slideind_foldA_lora_adaptformer_r8_a8_red16_heads_e10_seed42/inference_results.json,"Rows=true, columns=predicted; exact matched patch intersection"
paired_confusion,Kidney,A,Generalist Selected PEFT,42,matched_test,,Melanocyte,Melanocyte,0,,,,24283,2052,23494,4449,run/sthelar40x_klt_5class_slideind_foldA_lora_adaptformer_r8_a8_red16_heads_e10_seed42/log/2026-08-19T105648_sthelar40x_klt_5class_slideind_foldA_lora_adaptformer_r8_a8_red16_heads_e10_seed42/inference_results.json,"Rows=true, columns=predicted; exact matched patch intersection"
paired_confusion,Kidney,A,Generalist Selected PEFT,42,matched_test,,Melanocyte,Other,0,,,,24283,2052,23494,4449,run/sthelar40x_klt_5class_slideind_foldA_lora_adaptformer_r8_a8_red16_heads_e10_seed42/log/2026-08-19T105648_sthelar40x_klt_5class_slideind_foldA_lora_adaptformer_r8_a8_red16_heads_e10_seed42/inference_results.json,"Rows=true, columns=predicted; exact matched patch intersection"
paired_confusion,Kidney,A,Generalist Selected PEFT,42,matched_test,,Other,Background,1,,,,24283,2052,23494,4449,run/sthelar40x_klt_5class_slideind_foldA_lora_adaptformer_r8_a8_red16_heads_e10_seed42/log/2026-08-19T105648_sthelar40x_klt_5class_slideind_foldA_lora_adaptformer_r8_a8_red16_heads_e10_seed42/inference_results.json,"Rows=true, columns=predicted; exact matched patch intersection"
paired_confusion,Kidney,A,Generalist Selected PEFT,42,matched_test,,Other,Immune,372,,,,24283,2052,23494,4449,run/sthelar40x_klt_5class_slideind_foldA_lora_adaptformer_r8_a8_red16_heads_e10_seed42/log/2026-08-19T105648_sthelar40x_klt_5class_slideind_foldA_lora_adaptformer_r8_a8_red16_heads_e10_seed42/inference_results.json,"Rows=true, columns=predicted; exact matched patch intersection"
paired_confusion,Kidney,A,Generalist Selected PEFT,42,matched_test,,Other,Stromal,758,,,,24283,2052,23494,4449,run/sthelar40x_klt_5class_slideind_foldA_lora_adaptformer_r8_a8_red16_heads_e10_seed42/log/2026-08-19T105648_sthelar40x_klt_5class_slideind_foldA_lora_adaptformer_r8_a8_red16_heads_e10_seed42/inference_results.json,"Rows=true, columns=predicted; exact matched patch intersection"
paired_confusion,Kidney,A,Generalist Selected PEFT,42,matched_test,,Other,Epithelial,28,,,,24283,2052,23494,4449,run/sthelar40x_klt_5class_slideind_foldA_lora_adaptformer_r8_a8_red16_heads_e10_seed42/log/2026-08-19T105648_sthelar40x_klt_5class_slideind_foldA_lora_adaptformer_r8_a8_red16_heads_e10_seed42/inference_results.json,"Rows=true, columns=predicted; exact matched patch intersection"
paired_confusion,Kidney,A,Generalist Selected PEFT,42,matched_test,,Other,Melanocyte,0,,,,24283,2052,23494,4449,run/sthelar40x_klt_5class_slideind_foldA_lora_adaptformer_r8_a8_red16_heads_e10_seed42/log/2026-08-19T105648_sthelar40x_klt_5class_slideind_foldA_lora_adaptformer_r8_a8_red16_heads_e10_seed42/inference_results.json,"Rows=true, columns=predicted; exact matched patch intersection"
paired_confusion,Kidney,A,Generalist Selected PEFT,42,matched_test,,Other,Other,0,,,,24283,2052,23494,4449,run/sthelar40x_klt_5class_slideind_foldA_lora_adaptformer_r8_a8_red16_heads_e10_seed42/log/2026-08-19T105648_sthelar40x_klt_5class_slideind_foldA_lora_adaptformer_r8_a8_red16_heads_e10_seed42/inference_results.json,"Rows=true, columns=predicted; exact matched patch intersection"
distribution_shift_summary,Kidney,A,Generalist Selected PEFT,42,train_to_matched_test,,,,,,total_variation,0.0774673089095,24283,2052,23494,4449,run/sthelar40x_klt_5class_slideind_foldA_lora_adaptformer_r8_a8_red16_heads_e10_seed42/log/2026-08-19T105648_sthelar40x_klt_5class_slideind_foldA_lora_adaptformer_r8_a8_red16_heads_e10_seed42/inference_results.json,
distribution_shift_summary,Kidney,A,Generalist Selected PEFT,42,train_to_matched_test,,,,,,jensen_shannon_bits,0.00918026776881,24283,2052,23494,4449,run/sthelar40x_klt_5class_slideind_foldA_lora_adaptformer_r8_a8_red16_heads_e10_seed42/log/2026-08-19T105648_sthelar40x_klt_5class_slideind_foldA_lora_adaptformer_r8_a8_red16_heads_e10_seed42/inference_results.json,
distribution_shift_class,Kidney,A,Generalist Selected PEFT,42,train_to_matched_test,,Immune,,,,frequency_delta_test_minus_train,0.00574997557521,24283,2052,23494,4449,run/sthelar40x_klt_5class_slideind_foldA_lora_adaptformer_r8_a8_red16_heads_e10_seed42/log/2026-08-19T105648_sthelar40x_klt_5class_slideind_foldA_lora_adaptformer_r8_a8_red16_heads_e10_seed42/inference_results.json,
distribution_shift_class,Kidney,A,Generalist Selected PEFT,42,train_to_matched_test,,Immune,,,,train_to_test_frequency_ratio,0.989675595962,24283,2052,23494,4449,run/sthelar40x_klt_5class_slideind_foldA_lora_adaptformer_r8_a8_red16_heads_e10_seed42/log/2026-08-19T105648_sthelar40x_klt_5class_slideind_foldA_lora_adaptformer_r8_a8_red16_heads_e10_seed42/inference_results.json,
distribution_shift_class,Kidney,A,Generalist Selected PEFT,42,train_to_matched_test,,Stromal,,,,frequency_delta_test_minus_train,0.0675690873919,24283,2052,23494,4449,run/sthelar40x_klt_5class_slideind_foldA_lora_adaptformer_r8_a8_red16_heads_e10_seed42/log/2026-08-19T105648_sthelar40x_klt_5class_slideind_foldA_lora_adaptformer_r8_a8_red16_heads_e10_seed42/inference_results.json,
distribution_shift_class,Kidney,A,Generalist Selected PEFT,42,train_to_matched_test,,Stromal,,,,train_to_test_frequency_ratio,0.734483723492,24283,2052,23494,4449,run/sthelar40x_klt_5class_slideind_foldA_lora_adaptformer_r8_a8_red16_heads_e10_seed42/log/2026-08-19T105648_sthelar40x_klt_5class_slideind_foldA_lora_adaptformer_r8_a8_red16_heads_e10_seed42/inference_results.json,
distribution_shift_class,Kidney,A,Generalist Selected PEFT,42,train_to_matched_test,,Epithelial,,,,frequency_delta_test_minus_train,-0.0774673089095,24283,2052,23494,4449,run/sthelar40x_klt_5class_slideind_foldA_lora_adaptformer_r8_a8_red16_heads_e10_seed42/log/2026-08-19T105648_sthelar40x_klt_5class_slideind_foldA_lora_adaptformer_r8_a8_red16_heads_e10_seed42/inference_results.json,
distribution_shift_class,Kidney,A,Generalist Selected PEFT,42,train_to_matched_test,,Epithelial,,,,train_to_test_frequency_ratio,1.45946783062,24283,2052,23494,4449,run/sthelar40x_klt_5class_slideind_foldA_lora_adaptformer_r8_a8_red16_heads_e10_seed42/log/2026-08-19T105648_sthelar40x_klt_5class_slideind_foldA_lora_adaptformer_r8_a8_red16_heads_e10_seed42/inference_results.json,
distribution_shift_class,Kidney,A,Generalist Selected PEFT,42,train_to_matched_test,,Melanocyte,,,,frequency_delta_test_minus_train,0,24283,2052,23494,4449,run/sthelar40x_klt_5class_slideind_foldA_lora_adaptformer_r8_a8_red16_heads_e10_seed42/log/2026-08-19T105648_sthelar40x_klt_5class_slideind_foldA_lora_adaptformer_r8_a8_red16_heads_e10_seed42/inference_results.json,
distribution_shift_class,Kidney,A,Generalist Selected PEFT,42,train_to_matched_test,,Melanocyte,,,,train_to_test_frequency_ratio,nan,24283,2052,23494,4449,run/sthelar40x_klt_5class_slideind_foldA_lora_adaptformer_r8_a8_red16_heads_e10_seed42/log/2026-08-19T105648_sthelar40x_klt_5class_slideind_foldA_lora_adaptformer_r8_a8_red16_heads_e10_seed42/inference_results.json,
distribution_shift_class,Kidney,A,Generalist Selected PEFT,42,train_to_matched_test,,Other,,,,frequency_delta_test_minus_train,0.00414824594244,24283,2052,23494,4449,run/sthelar40x_klt_5class_slideind_foldA_lora_adaptformer_r8_a8_red16_heads_e10_seed42/log/2026-08-19T105648_sthelar40x_klt_5class_slideind_foldA_lora_adaptformer_r8_a8_red16_heads_e10_seed42/inference_results.json,
distribution_shift_class,Kidney,A,Generalist Selected PEFT,42,train_to_matched_test,,Other,,,,train_to_test_frequency_ratio,0.792435581024,24283,2052,23494,4449,run/sthelar40x_klt_5class_slideind_foldA_lora_adaptformer_r8_a8_red16_heads_e10_seed42/log/2026-08-19T105648_sthelar40x_klt_5class_slideind_foldA_lora_adaptformer_r8_a8_red16_heads_e10_seed42/inference_results.json,
training_curve,Kidney,A,Generalist Selected PEFT,42,train,1,,,,,train_loss,7.2801,24283,2052,23494,4449,run/sthelar40x_klt_5class_slideind_foldA_lora_adaptformer_r8_a8_red16_heads_e10_seed42/log/2026-08-19T105648_sthelar40x_klt_5class_slideind_foldA_lora_adaptformer_r8_a8_red16_heads_e10_seed42/logs.log,Validation curve is descriptive only and is never used as canonical TEST evidence
training_curve,Kidney,A,Generalist Selected PEFT,42,train,1,,,,,train_Dice,0.7889,24283,2052,23494,4449,run/sthelar40x_klt_5class_slideind_foldA_lora_adaptformer_r8_a8_red16_heads_e10_seed42/log/2026-08-19T105648_sthelar40x_klt_5class_slideind_foldA_lora_adaptformer_r8_a8_red16_heads_e10_seed42/logs.log,Validation curve is descriptive only and is never used as canonical TEST evidence
training_curve,Kidney,A,Generalist Selected PEFT,42,train,1,,,,,train_Jaccard,0.6636,24283,2052,23494,4449,run/sthelar40x_klt_5class_slideind_foldA_lora_adaptformer_r8_a8_red16_heads_e10_seed42/log/2026-08-19T105648_sthelar40x_klt_5class_slideind_foldA_lora_adaptformer_r8_a8_red16_heads_e10_seed42/logs.log,Validation curve is descriptive only and is never used as canonical TEST evidence
training_curve,Kidney,A,Generalist Selected PEFT,42,validation,1,,,,,val_loss,6.0342,24283,2052,23494,4449,run/sthelar40x_klt_5class_slideind_foldA_lora_adaptformer_r8_a8_red16_heads_e10_seed42/log/2026-08-19T105648_sthelar40x_klt_5class_slideind_foldA_lora_adaptformer_r8_a8_red16_heads_e10_seed42/logs.log,Validation curve is descriptive only and is never used as canonical TEST evidence
training_curve,Kidney,A,Generalist Selected PEFT,42,validation,1,,,,,val_Dice,0.7776,24283,2052,23494,4449,run/sthelar40x_klt_5class_slideind_foldA_lora_adaptformer_r8_a8_red16_heads_e10_seed42/log/2026-08-19T105648_sthelar40x_klt_5class_slideind_foldA_lora_adaptformer_r8_a8_red16_heads_e10_seed42/logs.log,Validation curve is descriptive only and is never used as canonical TEST evidence
training_curve,Kidney,A,Generalist Selected PEFT,42,validation,1,,,,,val_Jaccard,0.6646,24283,2052,23494,4449,run/sthelar40x_klt_5class_slideind_foldA_lora_adaptformer_r8_a8_red16_heads_e10_seed42/log/2026-08-19T105648_sthelar40x_klt_5class_slideind_foldA_lora_adaptformer_r8_a8_red16_heads_e10_seed42/logs.log,Validation curve is descriptive only and is never used as canonical TEST evidence
training_curve,Kidney,A,Generalist Selected PEFT,42,validation,1,,,,,val_bPQ,0.521,24283,2052,23494,4449,run/sthelar40x_klt_5class_slideind_foldA_lora_adaptformer_r8_a8_red16_heads_e10_seed42/log/2026-08-19T105648_sthelar40x_klt_5class_slideind_foldA_lora_adaptformer_r8_a8_red16_heads_e10_seed42/logs.log,Validation curve is descriptive only and is never used as canonical TEST evidence
training_curve,Kidney,A,Generalist Selected PEFT,42,validation,1,,,,,val_mPQ,0.2431,24283,2052,23494,4449,run/sthelar40x_klt_5class_slideind_foldA_lora_adaptformer_r8_a8_red16_heads_e10_seed42/log/2026-08-19T105648_sthelar40x_klt_5class_slideind_foldA_lora_adaptformer_r8_a8_red16_heads_e10_seed42/logs.log,Validation curve is descriptive only and is never used as canonical TEST evidence
training_curve,Kidney,A,Generalist Selected PEFT,42,train,2,,,,,train_loss,5.6988,24283,2052,23494,4449,run/sthelar40x_klt_5class_slideind_foldA_lora_adaptformer_r8_a8_red16_heads_e10_seed42/log/2026-08-19T105648_sthelar40x_klt_5class_slideind_foldA_lora_adaptformer_r8_a8_red16_heads_e10_seed42/logs.log,Validation curve is descriptive only and is never used as canonical TEST evidence
training_curve,Kidney,A,Generalist Selected PEFT,42,train,2,,,,,train_Dice,0.8159,24283,2052,23494,4449,run/sthelar40x_klt_5class_slideind_foldA_lora_adaptformer_r8_a8_red16_heads_e10_seed42/log/2026-08-19T105648_sthelar40x_klt_5class_slideind_foldA_lora_adaptformer_r8_a8_red16_heads_e10_seed42/logs.log,Validation curve is descriptive only and is never used as canonical TEST evidence
training_curve,Kidney,A,Generalist Selected PEFT,42,train,2,,,,,train_Jaccard,0.7021,24283,2052,23494,4449,run/sthelar40x_klt_5class_slideind_foldA_lora_adaptformer_r8_a8_red16_heads_e10_seed42/log/2026-08-19T105648_sthelar40x_klt_5class_slideind_foldA_lora_adaptformer_r8_a8_red16_heads_e10_seed42/logs.log,Validation curve is descriptive only and is never used as canonical TEST evidence
training_curve,Kidney,A,Generalist Selected PEFT,42,validation,2,,,,,val_loss,5.6242,24283,2052,23494,4449,run/sthelar40x_klt_5class_slideind_foldA_lora_adaptformer_r8_a8_red16_heads_e10_seed42/log/2026-08-19T105648_sthelar40x_klt_5class_slideind_foldA_lora_adaptformer_r8_a8_red16_heads_e10_seed42/logs.log,Validation curve is descriptive only and is never used as canonical TEST evidence
training_curve,Kidney,A,Generalist Selected PEFT,42,validation,2,,,,,val_Dice,0.7818,24283,2052,23494,4449,run/sthelar40x_klt_5class_slideind_foldA_lora_adaptformer_r8_a8_red16_heads_e10_seed42/log/2026-08-19T105648_sthelar40x_klt_5class_slideind_foldA_lora_adaptformer_r8_a8_red16_heads_e10_seed42/logs.log,Validation curve is descriptive only and is never used as canonical TEST evidence
training_curve,Kidney,A,Generalist Selected PEFT,42,validation,2,,,,,val_Jaccard,0.6716,24283,2052,23494,4449,run/sthelar40x_klt_5class_slideind_foldA_lora_adaptformer_r8_a8_red16_heads_e10_seed42/log/2026-08-19T105648_sthelar40x_klt_5class_slideind_foldA_lora_adaptformer_r8_a8_red16_heads_e10_seed42/logs.log,Validation curve is descriptive only and is never used as canonical TEST evidence
training_curve,Kidney,A,Generalist Selected PEFT,42,validation,2,,,,,val_bPQ,0.5353,24283,2052,23494,4449,run/sthelar40x_klt_5class_slideind_foldA_lora_adaptformer_r8_a8_red16_heads_e10_seed42/log/2026-08-19T105648_sthelar40x_klt_5class_slideind_foldA_lora_adaptformer_r8_a8_red16_heads_e10_seed42/logs.log,Validation curve is descriptive only and is never used as canonical TEST evidence
training_curve,Kidney,A,Generalist Selected PEFT,42,validation,2,,,,,val_mPQ,0.2764,24283,2052,23494,4449,run/sthelar40x_klt_5class_slideind_foldA_lora_adaptformer_r8_a8_red16_heads_e10_seed42/log/2026-08-19T105648_sthelar40x_klt_5class_slideind_foldA_lora_adaptformer_r8_a8_red16_heads_e10_seed42/logs.log,Validation curve is descriptive only and is never used as canonical TEST evidence
training_curve,Kidney,A,Generalist Selected PEFT,42,train,3,,,,,train_loss,5.3626,24283,2052,23494,4449,run/sthelar40x_klt_5class_slideind_foldA_lora_adaptformer_r8_a8_red16_heads_e10_seed42/log/2026-08-19T105648_sthelar40x_klt_5class_slideind_foldA_lora_adaptformer_r8_a8_red16_heads_e10_seed42/logs.log,Validation curve is descriptive only and is never used as canonical TEST evidence
training_curve,Kidney,A,Generalist Selected PEFT,42,train,3,,,,,train_Dice,0.8245,24283,2052,23494,4449,run/sthelar40x_klt_5class_slideind_foldA_lora_adaptformer_r8_a8_red16_heads_e10_seed42/log/2026-08-19T105648_sthelar40x_klt_5class_slideind_foldA_lora_adaptformer_r8_a8_red16_heads_e10_seed42/logs.log,Validation curve is descriptive only and is never used as canonical TEST evidence
training_curve,Kidney,A,Generalist Selected PEFT,42,train,3,,,,,train_Jaccard,0.7146,24283,2052,23494,4449,run/sthelar40x_klt_5class_slideind_foldA_lora_adaptformer_r8_a8_red16_heads_e10_seed42/log/2026-08-19T105648_sthelar40x_klt_5class_slideind_foldA_lora_adaptformer_r8_a8_red16_heads_e10_seed42/logs.log,Validation curve is descriptive only and is never used as canonical TEST evidence
training_curve,Kidney,A,Generalist Selected PEFT,42,validation,3,,,,,val_loss,5.4645,24283,2052,23494,4449,run/sthelar40x_klt_5class_slideind_foldA_lora_adaptformer_r8_a8_red16_heads_e10_seed42/log/2026-08-19T105648_sthelar40x_klt_5class_slideind_foldA_lora_adaptformer_r8_a8_red16_heads_e10_seed42/logs.log,Validation curve is descriptive only and is never used as canonical TEST evidence
training_curve,Kidney,A,Generalist Selected PEFT,42,validation,3,,,,,val_Dice,0.7862,24283,2052,23494,4449,run/sthelar40x_klt_5class_slideind_foldA_lora_adaptformer_r8_a8_red16_heads_e10_seed42/log/2026-08-19T105648_sthelar40x_klt_5class_slideind_foldA_lora_adaptformer_r8_a8_red16_heads_e10_seed42/logs.log,Validation curve is descriptive only and is never used as canonical TEST evidence
training_curve,Kidney,A,Generalist Selected PEFT,42,validation,3,,,,,val_Jaccard,0.6769,24283,2052,23494,4449,run/sthelar40x_klt_5class_slideind_foldA_lora_adaptformer_r8_a8_red16_heads_e10_seed42/log/2026-08-19T105648_sthelar40x_klt_5class_slideind_foldA_lora_adaptformer_r8_a8_red16_heads_e10_seed42/logs.log,Validation curve is descriptive only and is never used as canonical TEST evidence
training_curve,Kidney,A,Generalist Selected PEFT,42,validation,3,,,,,val_bPQ,0.5446,24283,2052,23494,4449,run/sthelar40x_klt_5class_slideind_foldA_lora_adaptformer_r8_a8_red16_heads_e10_seed42/log/2026-08-19T105648_sthelar40x_klt_5class_slideind_foldA_lora_adaptformer_r8_a8_red16_heads_e10_seed42/logs.log,Validation curve is descriptive only and is never used as canonical TEST evidence
training_curve,Kidney,A,Generalist Selected PEFT,42,validation,3,,,,,val_mPQ,0.2934,24283,2052,23494,4449,run/sthelar40x_klt_5class_slideind_foldA_lora_adaptformer_r8_a8_red16_heads_e10_seed42/log/2026-08-19T105648_sthelar40x_klt_5class_slideind_foldA_lora_adaptformer_r8_a8_red16_heads_e10_seed42/logs.log,Validation curve is descriptive only and is never used as canonical TEST evidence
training_curve,Kidney,A,Generalist Selected PEFT,42,train,4,,,,,train_loss,4.6986,24283,2052,23494,4449,run/sthelar40x_klt_5class_slideind_foldA_lora_adaptformer_r8_a8_red16_heads_e10_seed42/log/2026-08-19T105648_sthelar40x_klt_5class_slideind_foldA_lora_adaptformer_r8_a8_red16_heads_e10_seed42/logs.log,Validation curve is descriptive only and is never used as canonical TEST evidence
training_curve,Kidney,A,Generalist Selected PEFT,42,train,4,,,,,train_Dice,0.8246,24283,2052,23494,4449,run/sthelar40x_klt_5class_slideind_foldA_lora_adaptformer_r8_a8_red16_heads_e10_seed42/log/2026-08-19T105648_sthelar40x_klt_5class_slideind_foldA_lora_adaptformer_r8_a8_red16_heads_e10_seed42/logs.log,Validation curve is descriptive only and is never used as canonical TEST evidence
training_curve,Kidney,A,Generalist Selected PEFT,42,train,4,,,,,train_Jaccard,0.7154,24283,2052,23494,4449,run/sthelar40x_klt_5class_slideind_foldA_lora_adaptformer_r8_a8_red16_heads_e10_seed42/log/2026-08-19T105648_sthelar40x_klt_5class_slideind_foldA_lora_adaptformer_r8_a8_red16_heads_e10_seed42/logs.log,Validation curve is descriptive only and is never used as canonical TEST evidence
training_curve,Kidney,A,Generalist Selected PEFT,42,validation,4,,,,,val_loss,4.5709,24283,2052,23494,4449,run/sthelar40x_klt_5class_slideind_foldA_lora_adaptformer_r8_a8_red16_heads_e10_seed42/log/2026-08-19T105648_sthelar40x_klt_5class_slideind_foldA_lora_adaptformer_r8_a8_red16_heads_e10_seed42/logs.log,Validation curve is descriptive only and is never used as canonical TEST evidence
training_curve,Kidney,A,Generalist Selected PEFT,42,validation,4,,,,,val_Dice,0.7832,24283,2052,23494,4449,run/sthelar40x_klt_5class_slideind_foldA_lora_adaptformer_r8_a8_red16_heads_e10_seed42/log/2026-08-19T105648_sthelar40x_klt_5class_slideind_foldA_lora_adaptformer_r8_a8_red16_heads_e10_seed42/logs.log,Validation curve is descriptive only and is never used as canonical TEST evidence
training_curve,Kidney,A,Generalist Selected PEFT,42,validation,4,,,,,val_Jaccard,0.6738,24283,2052,23494,4449,run/sthelar40x_klt_5class_slideind_foldA_lora_adaptformer_r8_a8_red16_heads_e10_seed42/log/2026-08-19T105648_sthelar40x_klt_5class_slideind_foldA_lora_adaptformer_r8_a8_red16_heads_e10_seed42/logs.log,Validation curve is descriptive only and is never used as canonical TEST evidence
training_curve,Kidney,A,Generalist Selected PEFT,42,validation,4,,,,,val_bPQ,0.5383,24283,2052,23494,4449,run/sthelar40x_klt_5class_slideind_foldA_lora_adaptformer_r8_a8_red16_heads_e10_seed42/log/2026-08-19T105648_sthelar40x_klt_5class_slideind_foldA_lora_adaptformer_r8_a8_red16_heads_e10_seed42/logs.log,Validation curve is descriptive only and is never used as canonical TEST evidence
training_curve,Kidney,A,Generalist Selected PEFT,42,validation,4,,,,,val_mPQ,0.2965,24283,2052,23494,4449,run/sthelar40x_klt_5class_slideind_foldA_lora_adaptformer_r8_a8_red16_heads_e10_seed42/log/2026-08-19T105648_sthelar40x_klt_5class_slideind_foldA_lora_adaptformer_r8_a8_red16_heads_e10_seed42/logs.log,Validation curve is descriptive only and is never used as canonical TEST evidence
training_curve,Kidney,A,Generalist Selected PEFT,42,train,5,,,,,train_loss,4.1858,24283,2052,23494,4449,run/sthelar40x_klt_5class_slideind_foldA_lora_adaptformer_r8_a8_red16_heads_e10_seed42/log/2026-08-19T105648_sthelar40x_klt_5class_slideind_foldA_lora_adaptformer_r8_a8_red16_heads_e10_seed42/logs.log,Validation curve is descriptive only and is never used as canonical TEST evidence
training_curve,Kidney,A,Generalist Selected PEFT,42,train,5,,,,,train_Dice,0.8288,24283,2052,23494,4449,run/sthelar40x_klt_5class_slideind_foldA_lora_adaptformer_r8_a8_red16_heads_e10_seed42/log/2026-08-19T105648_sthelar40x_klt_5class_slideind_foldA_lora_adaptformer_r8_a8_red16_heads_e10_seed42/logs.log,Validation curve is descriptive only and is never used as canonical TEST evidence
training_curve,Kidney,A,Generalist Selected PEFT,42,train,5,,,,,train_Jaccard,0.721,24283,2052,23494,4449,run/sthelar40x_klt_5class_slideind_foldA_lora_adaptformer_r8_a8_red16_heads_e10_seed42/log/2026-08-19T105648_sthelar40x_klt_5class_slideind_foldA_lora_adaptformer_r8_a8_red16_heads_e10_seed42/logs.log,Validation curve is descriptive only and is never used as canonical TEST evidence
training_curve,Kidney,A,Generalist Selected PEFT,42,validation,5,,,,,val_loss,4.3902,24283,2052,23494,4449,run/sthelar40x_klt_5class_slideind_foldA_lora_adaptformer_r8_a8_red16_heads_e10_seed42/log/2026-08-19T105648_sthelar40x_klt_5class_slideind_foldA_lora_adaptformer_r8_a8_red16_heads_e10_seed42/logs.log,Validation curve is descriptive only and is never used as canonical TEST evidence
training_curve,Kidney,A,Generalist Selected PEFT,42,validation,5,,,,,val_Dice,0.7848,24283,2052,23494,4449,run/sthelar40x_klt_5class_slideind_foldA_lora_adaptformer_r8_a8_red16_heads_e10_seed42/log/2026-08-19T105648_sthelar40x_klt_5class_slideind_foldA_lora_adaptformer_r8_a8_red16_heads_e10_seed42/logs.log,Validation curve is descriptive only and is never used as canonical TEST evidence
training_curve,Kidney,A,Generalist Selected PEFT,42,validation,5,,,,,val_Jaccard,0.6747,24283,2052,23494,4449,run/sthelar40x_klt_5class_slideind_foldA_lora_adaptformer_r8_a8_red16_heads_e10_seed42/log/2026-08-19T105648_sthelar40x_klt_5class_slideind_foldA_lora_adaptformer_r8_a8_red16_heads_e10_seed42/logs.log,Validation curve is descriptive only and is never used as canonical TEST evidence
training_curve,Kidney,A,Generalist Selected PEFT,42,validation,5,,,,,val_bPQ,0.5416,24283,2052,23494,4449,run/sthelar40x_klt_5class_slideind_foldA_lora_adaptformer_r8_a8_red16_heads_e10_seed42/log/2026-08-19T105648_sthelar40x_klt_5class_slideind_foldA_lora_adaptformer_r8_a8_red16_heads_e10_seed42/logs.log,Validation curve is descriptive only and is never used as canonical TEST evidence
training_curve,Kidney,A,Generalist Selected PEFT,42,validation,5,,,,,val_mPQ,0.3005,24283,2052,23494,4449,run/sthelar40x_klt_5class_slideind_foldA_lora_adaptformer_r8_a8_red16_heads_e10_seed42/log/2026-08-19T105648_sthelar40x_klt_5class_slideind_foldA_lora_adaptformer_r8_a8_red16_heads_e10_seed42/logs.log,Validation curve is descriptive only and is never used as canonical TEST evidence
training_curve,Kidney,A,Generalist Selected PEFT,42,train,6,,,,,train_loss,4.0741,24283,2052,23494,4449,run/sthelar40x_klt_5class_slideind_foldA_lora_adaptformer_r8_a8_red16_heads_e10_seed42/log/2026-08-19T105648_sthelar40x_klt_5class_slideind_foldA_lora_adaptformer_r8_a8_red16_heads_e10_seed42/logs.log,Validation curve is descriptive only and is never used as canonical TEST evidence
training_curve,Kidney,A,Generalist Selected PEFT,42,train,6,,,,,train_Dice,0.8296,24283,2052,23494,4449,run/sthelar40x_klt_5class_slideind_foldA_lora_adaptformer_r8_a8_red16_heads_e10_seed42/log/2026-08-19T105648_sthelar40x_klt_5class_slideind_foldA_lora_adaptformer_r8_a8_red16_heads_e10_seed42/logs.log,Validation curve is descriptive only and is never used as canonical TEST evidence
training_curve,Kidney,A,Generalist Selected PEFT,42,train,6,,,,,train_Jaccard,0.7223,24283,2052,23494,4449,run/sthelar40x_klt_5class_slideind_foldA_lora_adaptformer_r8_a8_red16_heads_e10_seed42/log/2026-08-19T105648_sthelar40x_klt_5class_slideind_foldA_lora_adaptformer_r8_a8_red16_heads_e10_seed42/logs.log,Validation curve is descriptive only and is never used as canonical TEST evidence
training_curve,Kidney,A,Generalist Selected PEFT,42,validation,6,,,,,val_loss,4.3223,24283,2052,23494,4449,run/sthelar40x_klt_5class_slideind_foldA_lora_adaptformer_r8_a8_red16_heads_e10_seed42/log/2026-08-19T105648_sthelar40x_klt_5class_slideind_foldA_lora_adaptformer_r8_a8_red16_heads_e10_seed42/logs.log,Validation curve is descriptive only and is never used as canonical TEST evidence
training_curve,Kidney,A,Generalist Selected PEFT,42,validation,6,,,,,val_Dice,0.7811,24283,2052,23494,4449,run/sthelar40x_klt_5class_slideind_foldA_lora_adaptformer_r8_a8_red16_heads_e10_seed42/log/2026-08-19T105648_sthelar40x_klt_5class_slideind_foldA_lora_adaptformer_r8_a8_red16_heads_e10_seed42/logs.log,Validation curve is descriptive only and is never used as canonical TEST evidence
training_curve,Kidney,A,Generalist Selected PEFT,42,validation,6,,,,,val_Jaccard,0.6713,24283,2052,23494,4449,run/sthelar40x_klt_5class_slideind_foldA_lora_adaptformer_r8_a8_red16_heads_e10_seed42/log/2026-08-19T105648_sthelar40x_klt_5class_slideind_foldA_lora_adaptformer_r8_a8_red16_heads_e10_seed42/logs.log,Validation curve is descriptive only and is never used as canonical TEST evidence
training_curve,Kidney,A,Generalist Selected PEFT,42,validation,6,,,,,val_bPQ,0.5365,24283,2052,23494,4449,run/sthelar40x_klt_5class_slideind_foldA_lora_adaptformer_r8_a8_red16_heads_e10_seed42/log/2026-08-19T105648_sthelar40x_klt_5class_slideind_foldA_lora_adaptformer_r8_a8_red16_heads_e10_seed42/logs.log,Validation curve is descriptive only and is never used as canonical TEST evidence
training_curve,Kidney,A,Generalist Selected PEFT,42,validation,6,,,,,val_mPQ,0.2965,24283,2052,23494,4449,run/sthelar40x_klt_5class_slideind_foldA_lora_adaptformer_r8_a8_red16_heads_e10_seed42/log/2026-08-19T105648_sthelar40x_klt_5class_slideind_foldA_lora_adaptformer_r8_a8_red16_heads_e10_seed42/logs.log,Validation curve is descriptive only and is never used as canonical TEST evidence
training_curve,Kidney,A,Generalist Selected PEFT,42,train,7,,,,,train_loss,4.0084,24283,2052,23494,4449,run/sthelar40x_klt_5class_slideind_foldA_lora_adaptformer_r8_a8_red16_heads_e10_seed42/log/2026-08-19T105648_sthelar40x_klt_5class_slideind_foldA_lora_adaptformer_r8_a8_red16_heads_e10_seed42/logs.log,Validation curve is descriptive only and is never used as canonical TEST evidence
training_curve,Kidney,A,Generalist Selected PEFT,42,train,7,,,,,train_Dice,0.8315,24283,2052,23494,4449,run/sthelar40x_klt_5class_slideind_foldA_lora_adaptformer_r8_a8_red16_heads_e10_seed42/log/2026-08-19T105648_sthelar40x_klt_5class_slideind_foldA_lora_adaptformer_r8_a8_red16_heads_e10_seed42/logs.log,Validation curve is descriptive only and is never used as canonical TEST evidence
training_curve,Kidney,A,Generalist Selected PEFT,42,train,7,,,,,train_Jaccard,0.7243,24283,2052,23494,4449,run/sthelar40x_klt_5class_slideind_foldA_lora_adaptformer_r8_a8_red16_heads_e10_seed42/log/2026-08-19T105648_sthelar40x_klt_5class_slideind_foldA_lora_adaptformer_r8_a8_red16_heads_e10_seed42/logs.log,Validation curve is descriptive only and is never used as canonical TEST evidence
training_curve,Kidney,A,Generalist Selected PEFT,42,validation,7,,,,,val_loss,4.1869,24283,2052,23494,4449,run/sthelar40x_klt_5class_slideind_foldA_lora_adaptformer_r8_a8_red16_heads_e10_seed42/log/2026-08-19T105648_sthelar40x_klt_5class_slideind_foldA_lora_adaptformer_r8_a8_red16_heads_e10_seed42/logs.log,Validation curve is descriptive only and is never used as canonical TEST evidence
training_curve,Kidney,A,Generalist Selected PEFT,42,validation,7,,,,,val_Dice,0.7881,24283,2052,23494,4449,run/sthelar40x_klt_5class_slideind_foldA_lora_adaptformer_r8_a8_red16_heads_e10_seed42/log/2026-08-19T105648_sthelar40x_klt_5class_slideind_foldA_lora_adaptformer_r8_a8_red16_heads_e10_seed42/logs.log,Validation curve is descriptive only and is never used as canonical TEST evidence
training_curve,Kidney,A,Generalist Selected PEFT,42,validation,7,,,,,val_Jaccard,0.6803,24283,2052,23494,4449,run/sthelar40x_klt_5class_slideind_foldA_lora_adaptformer_r8_a8_red16_heads_e10_seed42/log/2026-08-19T105648_sthelar40x_klt_5class_slideind_foldA_lora_adaptformer_r8_a8_red16_heads_e10_seed42/logs.log,Validation curve is descriptive only and is never used as canonical TEST evidence
training_curve,Kidney,A,Generalist Selected PEFT,42,validation,7,,,,,val_bPQ,0.5456,24283,2052,23494,4449,run/sthelar40x_klt_5class_slideind_foldA_lora_adaptformer_r8_a8_red16_heads_e10_seed42/log/2026-08-19T105648_sthelar40x_klt_5class_slideind_foldA_lora_adaptformer_r8_a8_red16_heads_e10_seed42/logs.log,Validation curve is descriptive only and is never used as canonical TEST evidence
training_curve,Kidney,A,Generalist Selected PEFT,42,validation,7,,,,,val_mPQ,0.3101,24283,2052,23494,4449,run/sthelar40x_klt_5class_slideind_foldA_lora_adaptformer_r8_a8_red16_heads_e10_seed42/log/2026-08-19T105648_sthelar40x_klt_5class_slideind_foldA_lora_adaptformer_r8_a8_red16_heads_e10_seed42/logs.log,Validation curve is descriptive only and is never used as canonical TEST evidence
training_curve,Kidney,A,Generalist Selected PEFT,42,train,8,,,,,train_loss,3.9542,24283,2052,23494,4449,run/sthelar40x_klt_5class_slideind_foldA_lora_adaptformer_r8_a8_red16_heads_e10_seed42/log/2026-08-19T105648_sthelar40x_klt_5class_slideind_foldA_lora_adaptformer_r8_a8_red16_heads_e10_seed42/logs.log,Validation curve is descriptive only and is never used as canonical TEST evidence
training_curve,Kidney,A,Generalist Selected PEFT,42,train,8,,,,,train_Dice,0.8325,24283,2052,23494,4449,run/sthelar40x_klt_5class_slideind_foldA_lora_adaptformer_r8_a8_red16_heads_e10_seed42/log/2026-08-19T105648_sthelar40x_klt_5class_slideind_foldA_lora_adaptformer_r8_a8_red16_heads_e10_seed42/logs.log,Validation curve is descriptive only and is never used as canonical TEST evidence
training_curve,Kidney,A,Generalist Selected PEFT,42,train,8,,,,,train_Jaccard,0.7262,24283,2052,23494,4449,run/sthelar40x_klt_5class_slideind_foldA_lora_adaptformer_r8_a8_red16_heads_e10_seed42/log/2026-08-19T105648_sthelar40x_klt_5class_slideind_foldA_lora_adaptformer_r8_a8_red16_heads_e10_seed42/logs.log,Validation curve is descriptive only and is never used as canonical TEST evidence
training_curve,Kidney,A,Generalist Selected PEFT,42,validation,8,,,,,val_loss,4.239,24283,2052,23494,4449,run/sthelar40x_klt_5class_slideind_foldA_lora_adaptformer_r8_a8_red16_heads_e10_seed42/log/2026-08-19T105648_sthelar40x_klt_5class_slideind_foldA_lora_adaptformer_r8_a8_red16_heads_e10_seed42/logs.log,Validation curve is descriptive only and is never used as canonical TEST evidence
training_curve,Kidney,A,Generalist Selected PEFT,42,validation,8,,,,,val_Dice,0.7868,24283,2052,23494,4449,run/sthelar40x_klt_5class_slideind_foldA_lora_adaptformer_r8_a8_red16_heads_e10_seed42/log/2026-08-19T105648_sthelar40x_klt_5class_slideind_foldA_lora_adaptformer_r8_a8_red16_heads_e10_seed42/logs.log,Validation curve is descriptive only and is never used as canonical TEST evidence
training_curve,Kidney,A,Generalist Selected PEFT,42,validation,8,,,,,val_Jaccard,0.6757,24283,2052,23494,4449,run/sthelar40x_klt_5class_slideind_foldA_lora_adaptformer_r8_a8_red16_heads_e10_seed42/log/2026-08-19T105648_sthelar40x_klt_5class_slideind_foldA_lora_adaptformer_r8_a8_red16_heads_e10_seed42/logs.log,Validation curve is descriptive only and is never used as canonical TEST evidence
training_curve,Kidney,A,Generalist Selected PEFT,42,validation,8,,,,,val_bPQ,0.5393,24283,2052,23494,4449,run/sthelar40x_klt_5class_slideind_foldA_lora_adaptformer_r8_a8_red16_heads_e10_seed42/log/2026-08-19T105648_sthelar40x_klt_5class_slideind_foldA_lora_adaptformer_r8_a8_red16_heads_e10_seed42/logs.log,Validation curve is descriptive only and is never used as canonical TEST evidence
training_curve,Kidney,A,Generalist Selected PEFT,42,validation,8,,,,,val_mPQ,0.3084,24283,2052,23494,4449,run/sthelar40x_klt_5class_slideind_foldA_lora_adaptformer_r8_a8_red16_heads_e10_seed42/log/2026-08-19T105648_sthelar40x_klt_5class_slideind_foldA_lora_adaptformer_r8_a8_red16_heads_e10_seed42/logs.log,Validation curve is descriptive only and is never used as canonical TEST evidence
training_curve,Kidney,A,Generalist Selected PEFT,42,train,9,,,,,train_loss,3.9242,24283,2052,23494,4449,run/sthelar40x_klt_5class_slideind_foldA_lora_adaptformer_r8_a8_red16_heads_e10_seed42/log/2026-08-19T105648_sthelar40x_klt_5class_slideind_foldA_lora_adaptformer_r8_a8_red16_heads_e10_seed42/logs.log,Validation curve is descriptive only and is never used as canonical TEST evidence
training_curve,Kidney,A,Generalist Selected PEFT,42,train,9,,,,,train_Dice,0.8327,24283,2052,23494,4449,run/sthelar40x_klt_5class_slideind_foldA_lora_adaptformer_r8_a8_red16_heads_e10_seed42/log/2026-08-19T105648_sthelar40x_klt_5class_slideind_foldA_lora_adaptformer_r8_a8_red16_heads_e10_seed42/logs.log,Validation curve is descriptive only and is never used as canonical TEST evidence
training_curve,Kidney,A,Generalist Selected PEFT,42,train,9,,,,,train_Jaccard,0.7273,24283,2052,23494,4449,run/sthelar40x_klt_5class_slideind_foldA_lora_adaptformer_r8_a8_red16_heads_e10_seed42/log/2026-08-19T105648_sthelar40x_klt_5class_slideind_foldA_lora_adaptformer_r8_a8_red16_heads_e10_seed42/logs.log,Validation curve is descriptive only and is never used as canonical TEST evidence
training_curve,Kidney,A,Generalist Selected PEFT,42,validation,9,,,,,val_loss,4.1735,24283,2052,23494,4449,run/sthelar40x_klt_5class_slideind_foldA_lora_adaptformer_r8_a8_red16_heads_e10_seed42/log/2026-08-19T105648_sthelar40x_klt_5class_slideind_foldA_lora_adaptformer_r8_a8_red16_heads_e10_seed42/logs.log,Validation curve is descriptive only and is never used as canonical TEST evidence
training_curve,Kidney,A,Generalist Selected PEFT,42,validation,9,,,,,val_Dice,0.7811,24283,2052,23494,4449,run/sthelar40x_klt_5class_slideind_foldA_lora_adaptformer_r8_a8_red16_heads_e10_seed42/log/2026-08-19T105648_sthelar40x_klt_5class_slideind_foldA_lora_adaptformer_r8_a8_red16_heads_e10_seed42/logs.log,Validation curve is descriptive only and is never used as canonical TEST evidence
training_curve,Kidney,A,Generalist Selected PEFT,42,validation,9,,,,,val_Jaccard,0.6728,24283,2052,23494,4449,run/sthelar40x_klt_5class_slideind_foldA_lora_adaptformer_r8_a8_red16_heads_e10_seed42/log/2026-08-19T105648_sthelar40x_klt_5class_slideind_foldA_lora_adaptformer_r8_a8_red16_heads_e10_seed42/logs.log,Validation curve is descriptive only and is never used as canonical TEST evidence
training_curve,Kidney,A,Generalist Selected PEFT,42,validation,9,,,,,val_bPQ,0.5394,24283,2052,23494,4449,run/sthelar40x_klt_5class_slideind_foldA_lora_adaptformer_r8_a8_red16_heads_e10_seed42/log/2026-08-19T105648_sthelar40x_klt_5class_slideind_foldA_lora_adaptformer_r8_a8_red16_heads_e10_seed42/logs.log,Validation curve is descriptive only and is never used as canonical TEST evidence
training_curve,Kidney,A,Generalist Selected PEFT,42,validation,9,,,,,val_mPQ,0.3088,24283,2052,23494,4449,run/sthelar40x_klt_5class_slideind_foldA_lora_adaptformer_r8_a8_red16_heads_e10_seed42/log/2026-08-19T105648_sthelar40x_klt_5class_slideind_foldA_lora_adaptformer_r8_a8_red16_heads_e10_seed42/logs.log,Validation curve is descriptive only and is never used as canonical TEST evidence
training_curve,Kidney,A,Generalist Selected PEFT,42,train,10,,,,,train_loss,3.8766,24283,2052,23494,4449,run/sthelar40x_klt_5class_slideind_foldA_lora_adaptformer_r8_a8_red16_heads_e10_seed42/log/2026-08-19T105648_sthelar40x_klt_5class_slideind_foldA_lora_adaptformer_r8_a8_red16_heads_e10_seed42/logs.log,Validation curve is descriptive only and is never used as canonical TEST evidence
training_curve,Kidney,A,Generalist Selected PEFT,42,train,10,,,,,train_Dice,0.8339,24283,2052,23494,4449,run/sthelar40x_klt_5class_slideind_foldA_lora_adaptformer_r8_a8_red16_heads_e10_seed42/log/2026-08-19T105648_sthelar40x_klt_5class_slideind_foldA_lora_adaptformer_r8_a8_red16_heads_e10_seed42/logs.log,Validation curve is descriptive only and is never used as canonical TEST evidence
training_curve,Kidney,A,Generalist Selected PEFT,42,train,10,,,,,train_Jaccard,0.7295,24283,2052,23494,4449,run/sthelar40x_klt_5class_slideind_foldA_lora_adaptformer_r8_a8_red16_heads_e10_seed42/log/2026-08-19T105648_sthelar40x_klt_5class_slideind_foldA_lora_adaptformer_r8_a8_red16_heads_e10_seed42/logs.log,Validation curve is descriptive only and is never used as canonical TEST evidence
training_curve,Kidney,A,Generalist Selected PEFT,42,validation,10,,,,,val_loss,4.2205,24283,2052,23494,4449,run/sthelar40x_klt_5class_slideind_foldA_lora_adaptformer_r8_a8_red16_heads_e10_seed42/log/2026-08-19T105648_sthelar40x_klt_5class_slideind_foldA_lora_adaptformer_r8_a8_red16_heads_e10_seed42/logs.log,Validation curve is descriptive only and is never used as canonical TEST evidence
training_curve,Kidney,A,Generalist Selected PEFT,42,validation,10,,,,,val_Dice,0.7895,24283,2052,23494,4449,run/sthelar40x_klt_5class_slideind_foldA_lora_adaptformer_r8_a8_red16_heads_e10_seed42/log/2026-08-19T105648_sthelar40x_klt_5class_slideind_foldA_lora_adaptformer_r8_a8_red16_heads_e10_seed42/logs.log,Validation curve is descriptive only and is never used as canonical TEST evidence
training_curve,Kidney,A,Generalist Selected PEFT,42,validation,10,,,,,val_Jaccard,0.679,24283,2052,23494,4449,run/sthelar40x_klt_5class_slideind_foldA_lora_adaptformer_r8_a8_red16_heads_e10_seed42/log/2026-08-19T105648_sthelar40x_klt_5class_slideind_foldA_lora_adaptformer_r8_a8_red16_heads_e10_seed42/logs.log,Validation curve is descriptive only and is never used as canonical TEST evidence
training_curve,Kidney,A,Generalist Selected PEFT,42,validation,10,,,,,val_bPQ,0.5463,24283,2052,23494,4449,run/sthelar40x_klt_5class_slideind_foldA_lora_adaptformer_r8_a8_red16_heads_e10_seed42/log/2026-08-19T105648_sthelar40x_klt_5class_slideind_foldA_lora_adaptformer_r8_a8_red16_heads_e10_seed42/logs.log,Validation curve is descriptive only and is never used as canonical TEST evidence
training_curve,Kidney,A,Generalist Selected PEFT,42,validation,10,,,,,val_mPQ,0.3133,24283,2052,23494,4449,run/sthelar40x_klt_5class_slideind_foldA_lora_adaptformer_r8_a8_red16_heads_e10_seed42/log/2026-08-19T105648_sthelar40x_klt_5class_slideind_foldA_lora_adaptformer_r8_a8_red16_heads_e10_seed42/logs.log,Validation curve is descriptive only and is never used as canonical TEST evidence
dataset_summary,Kidney,A,Tissue-specific Selected PEFT,42,,,,,,,,,6321,402,4449,4449,run/sthelar40x_kidney_5class_slideind_foldA_lora_adaptformer_r8_a8_red16_heads_e10_seed42/log/2026-08-25T220941_sthelar40x_kidney_5class_slideind_foldA_lora_adaptformer_r8_a8_red16_heads_e10_seed42/inference_results.json,Test metrics and test class counts use exact generalist/specialist patch-ID intersection
class_distribution,Kidney,A,Tissue-specific Selected PEFT,42,train,,Immune,,18889,0.100409846959,,,6321,402,4449,4449,run/sthelar40x_kidney_5class_slideind_foldA_lora_adaptformer_r8_a8_red16_heads_e10_seed42/log/2026-08-25T220941_sthelar40x_kidney_5class_slideind_foldA_lora_adaptformer_r8_a8_red16_heads_e10_seed42/inference_results.json,Patch-level nucleus annotation occurrences; overlapping patches may repeat a biological cell
class_distribution,Kidney,A,Tissue-specific Selected PEFT,42,train,,Stromal,,52774,0.280535193149,,,6321,402,4449,4449,run/sthelar40x_kidney_5class_slideind_foldA_lora_adaptformer_r8_a8_red16_heads_e10_seed42/log/2026-08-25T220941_sthelar40x_kidney_5class_slideind_foldA_lora_adaptformer_r8_a8_red16_heads_e10_seed42/inference_results.json,Patch-level nucleus annotation occurrences; overlapping patches may repeat a biological cell
class_distribution,Kidney,A,Tissue-specific Selected PEFT,42,train,,Epithelial,,106511,0.566189486442,,,6321,402,4449,4449,run/sthelar40x_kidney_5class_slideind_foldA_lora_adaptformer_r8_a8_red16_heads_e10_seed42/log/2026-08-25T220941_sthelar40x_kidney_5class_slideind_foldA_lora_adaptformer_r8_a8_red16_heads_e10_seed42/inference_results.json,Patch-level nucleus annotation occurrences; overlapping patches may repeat a biological cell
class_distribution,Kidney,A,Tissue-specific Selected PEFT,42,train,,Melanocyte,,0,0,,,6321,402,4449,4449,run/sthelar40x_kidney_5class_slideind_foldA_lora_adaptformer_r8_a8_red16_heads_e10_seed42/log/2026-08-25T220941_sthelar40x_kidney_5class_slideind_foldA_lora_adaptformer_r8_a8_red16_heads_e10_seed42/inference_results.json,Patch-level nucleus annotation occurrences; overlapping patches may repeat a biological cell
class_distribution,Kidney,A,Tissue-specific Selected PEFT,42,train,,Other,,9945,0.0528654734503,,,6321,402,4449,4449,run/sthelar40x_kidney_5class_slideind_foldA_lora_adaptformer_r8_a8_red16_heads_e10_seed42/log/2026-08-25T220941_sthelar40x_kidney_5class_slideind_foldA_lora_adaptformer_r8_a8_red16_heads_e10_seed42/inference_results.json,Patch-level nucleus annotation occurrences; overlapping patches may repeat a biological cell
class_distribution,Kidney,A,Tissue-specific Selected PEFT,42,validation,,Immune,,1141,0.178756070813,,,6321,402,4449,4449,run/sthelar40x_kidney_5class_slideind_foldA_lora_adaptformer_r8_a8_red16_heads_e10_seed42/log/2026-08-25T220941_sthelar40x_kidney_5class_slideind_foldA_lora_adaptformer_r8_a8_red16_heads_e10_seed42/inference_results.json,Patch-level nucleus annotation occurrences; overlapping patches may repeat a biological cell
class_distribution,Kidney,A,Tissue-specific Selected PEFT,42,validation,,Stromal,,3214,0.50352498825,,,6321,402,4449,4449,run/sthelar40x_kidney_5class_slideind_foldA_lora_adaptformer_r8_a8_red16_heads_e10_seed42/log/2026-08-25T220941_sthelar40x_kidney_5class_slideind_foldA_lora_adaptformer_r8_a8_red16_heads_e10_seed42/inference_results.json,Patch-level nucleus annotation occurrences; overlapping patches may repeat a biological cell
class_distribution,Kidney,A,Tissue-specific Selected PEFT,42,validation,,Epithelial,,1919,0.300642331192,,,6321,402,4449,4449,run/sthelar40x_kidney_5class_slideind_foldA_lora_adaptformer_r8_a8_red16_heads_e10_seed42/log/2026-08-25T220941_sthelar40x_kidney_5class_slideind_foldA_lora_adaptformer_r8_a8_red16_heads_e10_seed42/inference_results.json,Patch-level nucleus annotation occurrences; overlapping patches may repeat a biological cell
class_distribution,Kidney,A,Tissue-specific Selected PEFT,42,validation,,Melanocyte,,0,0,,,6321,402,4449,4449,run/sthelar40x_kidney_5class_slideind_foldA_lora_adaptformer_r8_a8_red16_heads_e10_seed42/log/2026-08-25T220941_sthelar40x_kidney_5class_slideind_foldA_lora_adaptformer_r8_a8_red16_heads_e10_seed42/inference_results.json,Patch-level nucleus annotation occurrences; overlapping patches may repeat a biological cell
class_distribution,Kidney,A,Tissue-specific Selected PEFT,42,validation,,Other,,109,0.0170766097446,,,6321,402,4449,4449,run/sthelar40x_kidney_5class_slideind_foldA_lora_adaptformer_r8_a8_red16_heads_e10_seed42/log/2026-08-25T220941_sthelar40x_kidney_5class_slideind_foldA_lora_adaptformer_r8_a8_red16_heads_e10_seed42/inference_results.json,Patch-level nucleus annotation occurrences; overlapping patches may repeat a biological cell
class_distribution,Kidney,A,Tissue-specific Selected PEFT,42,matched_test,,Immune,,59273,0.556930507009,,,6321,402,4449,4449,run/sthelar40x_kidney_5class_slideind_foldA_lora_adaptformer_r8_a8_red16_heads_e10_seed42/log/2026-08-25T220941_sthelar40x_kidney_5class_slideind_foldA_lora_adaptformer_r8_a8_red16_heads_e10_seed42/inference_results.json,Patch-level nucleus annotation occurrences; overlapping patches may repeat a biological cell
class_distribution,Kidney,A,Tissue-specific Selected PEFT,42,matched_test,,Stromal,,27084,0.254481903259,,,6321,402,4449,4449,run/sthelar40x_kidney_5class_slideind_foldA_lora_adaptformer_r8_a8_red16_heads_e10_seed42/log/2026-08-25T220941_sthelar40x_kidney_5class_slideind_foldA_lora_adaptformer_r8_a8_red16_heads_e10_seed42/inference_results.json,Patch-level nucleus annotation occurrences; overlapping patches may repeat a biological cell
class_distribution,Kidney,A,Tissue-specific Selected PEFT,42,matched_test,,Epithelial,,17944,0.168602247529,,,6321,402,4449,4449,run/sthelar40x_kidney_5class_slideind_foldA_lora_adaptformer_r8_a8_red16_heads_e10_seed42/log/2026-08-25T220941_sthelar40x_kidney_5class_slideind_foldA_lora_adaptformer_r8_a8_red16_heads_e10_seed42/inference_results.json,Patch-level nucleus annotation occurrences; overlapping patches may repeat a biological cell
class_distribution,Kidney,A,Tissue-specific Selected PEFT,42,matched_test,,Melanocyte,,0,0,,,6321,402,4449,4449,run/sthelar40x_kidney_5class_slideind_foldA_lora_adaptformer_r8_a8_red16_heads_e10_seed42/log/2026-08-25T220941_sthelar40x_kidney_5class_slideind_foldA_lora_adaptformer_r8_a8_red16_heads_e10_seed42/inference_results.json,Patch-level nucleus annotation occurrences; overlapping patches may repeat a biological cell
class_distribution,Kidney,A,Tissue-specific Selected PEFT,42,matched_test,,Other,,2127,0.0199853422032,,,6321,402,4449,4449,run/sthelar40x_kidney_5class_slideind_foldA_lora_adaptformer_r8_a8_red16_heads_e10_seed42/log/2026-08-25T220941_sthelar40x_kidney_5class_slideind_foldA_lora_adaptformer_r8_a8_red16_heads_e10_seed42/inference_results.json,Patch-level nucleus annotation occurrences; overlapping patches may repeat a biological cell
matched_test_metric,Kidney,A,Tissue-specific Selected PEFT,42,matched_test,,,,,,Dice,0.801429288433,6321,402,4449,4449,run/sthelar40x_kidney_5class_slideind_foldA_lora_adaptformer_r8_a8_red16_heads_e10_seed42/log/2026-08-25T220941_sthelar40x_kidney_5class_slideind_foldA_lora_adaptformer_r8_a8_red16_heads_e10_seed42/inference_results.json,
matched_test_metric,Kidney,A,Tissue-specific Selected PEFT,42,matched_test,,,,,,Jaccard,0.687524304047,6321,402,4449,4449,run/sthelar40x_kidney_5class_slideind_foldA_lora_adaptformer_r8_a8_red16_heads_e10_seed42/log/2026-08-25T220941_sthelar40x_kidney_5class_slideind_foldA_lora_adaptformer_r8_a8_red16_heads_e10_seed42/inference_results.json,
matched_test_metric,Kidney,A,Tissue-specific Selected PEFT,42,matched_test,,,,,,bPQ,0.549528893718,6321,402,4449,4449,run/sthelar40x_kidney_5class_slideind_foldA_lora_adaptformer_r8_a8_red16_heads_e10_seed42/log/2026-08-25T220941_sthelar40x_kidney_5class_slideind_foldA_lora_adaptformer_r8_a8_red16_heads_e10_seed42/inference_results.json,
matched_test_metric,Kidney,A,Tissue-specific Selected PEFT,42,matched_test,,,,,,mPQ,0.0903643723208,6321,402,4449,4449,run/sthelar40x_kidney_5class_slideind_foldA_lora_adaptformer_r8_a8_red16_heads_e10_seed42/log/2026-08-25T220941_sthelar40x_kidney_5class_slideind_foldA_lora_adaptformer_r8_a8_red16_heads_e10_seed42/inference_results.json,
matched_test_metric,Kidney,A,Tissue-specific Selected PEFT,42,matched_test,,,,,,F1det,0.847799845292,6321,402,4449,4449,run/sthelar40x_kidney_5class_slideind_foldA_lora_adaptformer_r8_a8_red16_heads_e10_seed42/log/2026-08-25T220941_sthelar40x_kidney_5class_slideind_foldA_lora_adaptformer_r8_a8_red16_heads_e10_seed42/inference_results.json,
matched_test_metric,Kidney,A,Tissue-specific Selected PEFT,42,matched_test,,,,,,F1type,0.149248608142,6321,402,4449,4449,run/sthelar40x_kidney_5class_slideind_foldA_lora_adaptformer_r8_a8_red16_heads_e10_seed42/log/2026-08-25T220941_sthelar40x_kidney_5class_slideind_foldA_lora_adaptformer_r8_a8_red16_heads_e10_seed42/inference_results.json,
matched_class_metric,Kidney,A,Tissue-specific Selected PEFT,42,matched_test,,Immune,,,,matched_true_support,51254,6321,402,4449,4449,run/sthelar40x_kidney_5class_slideind_foldA_lora_adaptformer_r8_a8_red16_heads_e10_seed42/log/2026-08-25T220941_sthelar40x_kidney_5class_slideind_foldA_lora_adaptformer_r8_a8_red16_heads_e10_seed42/inference_results.json,Type F1 is calculated from paired foreground confusion only
matched_class_metric,Kidney,A,Tissue-specific Selected PEFT,42,matched_test,,Immune,,,,total_true_support,58422,6321,402,4449,4449,run/sthelar40x_kidney_5class_slideind_foldA_lora_adaptformer_r8_a8_red16_heads_e10_seed42/log/2026-08-25T220941_sthelar40x_kidney_5class_slideind_foldA_lora_adaptformer_r8_a8_red16_heads_e10_seed42/inference_results.json,Type F1 is calculated from paired foreground confusion only
matched_class_metric,Kidney,A,Tissue-specific Selected PEFT,42,matched_test,,Immune,,,,paired_type_F1,0.0699635453106,6321,402,4449,4449,run/sthelar40x_kidney_5class_slideind_foldA_lora_adaptformer_r8_a8_red16_heads_e10_seed42/log/2026-08-25T220941_sthelar40x_kidney_5class_slideind_foldA_lora_adaptformer_r8_a8_red16_heads_e10_seed42/inference_results.json,Type F1 is calculated from paired foreground confusion only
predicted_class_frequency,Kidney,A,Tissue-specific Selected PEFT,42,matched_test,,,Immune,3794,0.0387970263112,,,6321,402,4449,4449,run/sthelar40x_kidney_5class_slideind_foldA_lora_adaptformer_r8_a8_red16_heads_e10_seed42/log/2026-08-25T220941_sthelar40x_kidney_5class_slideind_foldA_lora_adaptformer_r8_a8_red16_heads_e10_seed42/inference_results.json,Foreground predicted instances; unmatched predictions included
matched_class_metric,Kidney,A,Tissue-specific Selected PEFT,42,matched_test,,Stromal,,,,matched_true_support,20986,6321,402,4449,4449,run/sthelar40x_kidney_5class_slideind_foldA_lora_adaptformer_r8_a8_red16_heads_e10_seed42/log/2026-08-25T220941_sthelar40x_kidney_5class_slideind_foldA_lora_adaptformer_r8_a8_red16_heads_e10_seed42/inference_results.json,Type F1 is calculated from paired foreground confusion only
matched_class_metric,Kidney,A,Tissue-specific Selected PEFT,42,matched_test,,Stromal,,,,total_true_support,26644,6321,402,4449,4449,run/sthelar40x_kidney_5class_slideind_foldA_lora_adaptformer_r8_a8_red16_heads_e10_seed42/log/2026-08-25T220941_sthelar40x_kidney_5class_slideind_foldA_lora_adaptformer_r8_a8_red16_heads_e10_seed42/inference_results.json,Type F1 is calculated from paired foreground confusion only
matched_class_metric,Kidney,A,Tissue-specific Selected PEFT,42,matched_test,,Stromal,,,,paired_type_F1,0.402536397301,6321,402,4449,4449,run/sthelar40x_kidney_5class_slideind_foldA_lora_adaptformer_r8_a8_red16_heads_e10_seed42/log/2026-08-25T220941_sthelar40x_kidney_5class_slideind_foldA_lora_adaptformer_r8_a8_red16_heads_e10_seed42/inference_results.json,Type F1 is calculated from paired foreground confusion only
predicted_class_frequency,Kidney,A,Tissue-specific Selected PEFT,42,matched_test,,,Stromal,87783,0.8976592938,,,6321,402,4449,4449,run/sthelar40x_kidney_5class_slideind_foldA_lora_adaptformer_r8_a8_red16_heads_e10_seed42/log/2026-08-25T220941_sthelar40x_kidney_5class_slideind_foldA_lora_adaptformer_r8_a8_red16_heads_e10_seed42/inference_results.json,Foreground predicted instances; unmatched predictions included
matched_class_metric,Kidney,A,Tissue-specific Selected PEFT,42,matched_test,,Epithelial,,,,matched_true_support,12660,6321,402,4449,4449,run/sthelar40x_kidney_5class_slideind_foldA_lora_adaptformer_r8_a8_red16_heads_e10_seed42/log/2026-08-25T220941_sthelar40x_kidney_5class_slideind_foldA_lora_adaptformer_r8_a8_red16_heads_e10_seed42/inference_results.json,Type F1 is calculated from paired foreground confusion only
matched_class_metric,Kidney,A,Tissue-specific Selected PEFT,42,matched_test,,Epithelial,,,,total_true_support,17669,6321,402,4449,4449,run/sthelar40x_kidney_5class_slideind_foldA_lora_adaptformer_r8_a8_red16_heads_e10_seed42/log/2026-08-25T220941_sthelar40x_kidney_5class_slideind_foldA_lora_adaptformer_r8_a8_red16_heads_e10_seed42/inference_results.json,Type F1 is calculated from paired foreground confusion only
matched_class_metric,Kidney,A,Tissue-specific Selected PEFT,42,matched_test,,Epithelial,,,,paired_type_F1,0.120824765186,6321,402,4449,4449,run/sthelar40x_kidney_5class_slideind_foldA_lora_adaptformer_r8_a8_red16_heads_e10_seed42/log/2026-08-25T220941_sthelar40x_kidney_5class_slideind_foldA_lora_adaptformer_r8_a8_red16_heads_e10_seed42/inference_results.json,Type F1 is calculated from paired foreground confusion only
predicted_class_frequency,Kidney,A,Tissue-specific Selected PEFT,42,matched_test,,,Epithelial,6189,0.063288032641,,,6321,402,4449,4449,run/sthelar40x_kidney_5class_slideind_foldA_lora_adaptformer_r8_a8_red16_heads_e10_seed42/log/2026-08-25T220941_sthelar40x_kidney_5class_slideind_foldA_lora_adaptformer_r8_a8_red16_heads_e10_seed42/inference_results.json,Foreground predicted instances; unmatched predictions included
matched_class_metric,Kidney,A,Tissue-specific Selected PEFT,42,matched_test,,Melanocyte,,,,matched_true_support,0,6321,402,4449,4449,run/sthelar40x_kidney_5class_slideind_foldA_lora_adaptformer_r8_a8_red16_heads_e10_seed42/log/2026-08-25T220941_sthelar40x_kidney_5class_slideind_foldA_lora_adaptformer_r8_a8_red16_heads_e10_seed42/inference_results.json,Type F1 is calculated from paired foreground confusion only
matched_class_metric,Kidney,A,Tissue-specific Selected PEFT,42,matched_test,,Melanocyte,,,,total_true_support,0,6321,402,4449,4449,run/sthelar40x_kidney_5class_slideind_foldA_lora_adaptformer_r8_a8_red16_heads_e10_seed42/log/2026-08-25T220941_sthelar40x_kidney_5class_slideind_foldA_lora_adaptformer_r8_a8_red16_heads_e10_seed42/inference_results.json,Type F1 is calculated from paired foreground confusion only
matched_class_metric,Kidney,A,Tissue-specific Selected PEFT,42,matched_test,,Melanocyte,,,,paired_type_F1,nan,6321,402,4449,4449,run/sthelar40x_kidney_5class_slideind_foldA_lora_adaptformer_r8_a8_red16_heads_e10_seed42/log/2026-08-25T220941_sthelar40x_kidney_5class_slideind_foldA_lora_adaptformer_r8_a8_red16_heads_e10_seed42/inference_results.json,Type F1 is calculated from paired foreground confusion only
predicted_class_frequency,Kidney,A,Tissue-specific Selected PEFT,42,matched_test,,,Melanocyte,0,0,,,6321,402,4449,4449,run/sthelar40x_kidney_5class_slideind_foldA_lora_adaptformer_r8_a8_red16_heads_e10_seed42/log/2026-08-25T220941_sthelar40x_kidney_5class_slideind_foldA_lora_adaptformer_r8_a8_red16_heads_e10_seed42/inference_results.json,Foreground predicted instances; unmatched predictions included
matched_class_metric,Kidney,A,Tissue-specific Selected PEFT,42,matched_test,,Other,,,,matched_true_support,1081,6321,402,4449,4449,run/sthelar40x_kidney_5class_slideind_foldA_lora_adaptformer_r8_a8_red16_heads_e10_seed42/log/2026-08-25T220941_sthelar40x_kidney_5class_slideind_foldA_lora_adaptformer_r8_a8_red16_heads_e10_seed42/inference_results.json,Type F1 is calculated from paired foreground confusion only
matched_class_metric,Kidney,A,Tissue-specific Selected PEFT,42,matched_test,,Other,,,,total_true_support,2100,6321,402,4449,4449,run/sthelar40x_kidney_5class_slideind_foldA_lora_adaptformer_r8_a8_red16_heads_e10_seed42/log/2026-08-25T220941_sthelar40x_kidney_5class_slideind_foldA_lora_adaptformer_r8_a8_red16_heads_e10_seed42/inference_results.json,Type F1 is calculated from paired foreground confusion only
matched_class_metric,Kidney,A,Tissue-specific Selected PEFT,42,matched_test,,Other,,,,paired_type_F1,0.00366972477064,6321,402,4449,4449,run/sthelar40x_kidney_5class_slideind_foldA_lora_adaptformer_r8_a8_red16_heads_e10_seed42/log/2026-08-25T220941_sthelar40x_kidney_5class_slideind_foldA_lora_adaptformer_r8_a8_red16_heads_e10_seed42/inference_results.json,Type F1 is calculated from paired foreground confusion only
predicted_class_frequency,Kidney,A,Tissue-specific Selected PEFT,42,matched_test,,,Other,25,0.000255647247702,,,6321,402,4449,4449,run/sthelar40x_kidney_5class_slideind_foldA_lora_adaptformer_r8_a8_red16_heads_e10_seed42/log/2026-08-25T220941_sthelar40x_kidney_5class_slideind_foldA_lora_adaptformer_r8_a8_red16_heads_e10_seed42/inference_results.json,Foreground predicted instances; unmatched predictions included
paired_confusion,Kidney,A,Tissue-specific Selected PEFT,42,matched_test,,Background,Background,5,,,,6321,402,4449,4449,run/sthelar40x_kidney_5class_slideind_foldA_lora_adaptformer_r8_a8_red16_heads_e10_seed42/log/2026-08-25T220941_sthelar40x_kidney_5class_slideind_foldA_lora_adaptformer_r8_a8_red16_heads_e10_seed42/inference_results.json,"Rows=true, columns=predicted; exact matched patch intersection"
paired_confusion,Kidney,A,Tissue-specific Selected PEFT,42,matched_test,,Background,Immune,0,,,,6321,402,4449,4449,run/sthelar40x_kidney_5class_slideind_foldA_lora_adaptformer_r8_a8_red16_heads_e10_seed42/log/2026-08-25T220941_sthelar40x_kidney_5class_slideind_foldA_lora_adaptformer_r8_a8_red16_heads_e10_seed42/inference_results.json,"Rows=true, columns=predicted; exact matched patch intersection"
paired_confusion,Kidney,A,Tissue-specific Selected PEFT,42,matched_test,,Background,Stromal,0,,,,6321,402,4449,4449,run/sthelar40x_kidney_5class_slideind_foldA_lora_adaptformer_r8_a8_red16_heads_e10_seed42/log/2026-08-25T220941_sthelar40x_kidney_5class_slideind_foldA_lora_adaptformer_r8_a8_red16_heads_e10_seed42/inference_results.json,"Rows=true, columns=predicted; exact matched patch intersection"
paired_confusion,Kidney,A,Tissue-specific Selected PEFT,42,matched_test,,Background,Epithelial,0,,,,6321,402,4449,4449,run/sthelar40x_kidney_5class_slideind_foldA_lora_adaptformer_r8_a8_red16_heads_e10_seed42/log/2026-08-25T220941_sthelar40x_kidney_5class_slideind_foldA_lora_adaptformer_r8_a8_red16_heads_e10_seed42/inference_results.json,"Rows=true, columns=predicted; exact matched patch intersection"
paired_confusion,Kidney,A,Tissue-specific Selected PEFT,42,matched_test,,Background,Melanocyte,0,,,,6321,402,4449,4449,run/sthelar40x_kidney_5class_slideind_foldA_lora_adaptformer_r8_a8_red16_heads_e10_seed42/log/2026-08-25T220941_sthelar40x_kidney_5class_slideind_foldA_lora_adaptformer_r8_a8_red16_heads_e10_seed42/inference_results.json,"Rows=true, columns=predicted; exact matched patch intersection"
paired_confusion,Kidney,A,Tissue-specific Selected PEFT,42,matched_test,,Background,Other,0,,,,6321,402,4449,4449,run/sthelar40x_kidney_5class_slideind_foldA_lora_adaptformer_r8_a8_red16_heads_e10_seed42/log/2026-08-25T220941_sthelar40x_kidney_5class_slideind_foldA_lora_adaptformer_r8_a8_red16_heads_e10_seed42/inference_results.json,"Rows=true, columns=predicted; exact matched patch intersection"
paired_confusion,Kidney,A,Tissue-specific Selected PEFT,42,matched_test,,Immune,Background,15,,,,6321,402,4449,4449,run/sthelar40x_kidney_5class_slideind_foldA_lora_adaptformer_r8_a8_red16_heads_e10_seed42/log/2026-08-25T220941_sthelar40x_kidney_5class_slideind_foldA_lora_adaptformer_r8_a8_red16_heads_e10_seed42/inference_results.json,"Rows=true, columns=predicted; exact matched patch intersection"
paired_confusion,Kidney,A,Tissue-specific Selected PEFT,42,matched_test,,Immune,Immune,1900,,,,6321,402,4449,4449,run/sthelar40x_kidney_5class_slideind_foldA_lora_adaptformer_r8_a8_red16_heads_e10_seed42/log/2026-08-25T220941_sthelar40x_kidney_5class_slideind_foldA_lora_adaptformer_r8_a8_red16_heads_e10_seed42/inference_results.json,"Rows=true, columns=predicted; exact matched patch intersection"
paired_confusion,Kidney,A,Tissue-specific Selected PEFT,42,matched_test,,Immune,Stromal,46015,,,,6321,402,4449,4449,run/sthelar40x_kidney_5class_slideind_foldA_lora_adaptformer_r8_a8_red16_heads_e10_seed42/log/2026-08-25T220941_sthelar40x_kidney_5class_slideind_foldA_lora_adaptformer_r8_a8_red16_heads_e10_seed42/inference_results.json,"Rows=true, columns=predicted; exact matched patch intersection"
paired_confusion,Kidney,A,Tissue-specific Selected PEFT,42,matched_test,,Immune,Epithelial,3335,,,,6321,402,4449,4449,run/sthelar40x_kidney_5class_slideind_foldA_lora_adaptformer_r8_a8_red16_heads_e10_seed42/log/2026-08-25T220941_sthelar40x_kidney_5class_slideind_foldA_lora_adaptformer_r8_a8_red16_heads_e10_seed42/inference_results.json,"Rows=true, columns=predicted; exact matched patch intersection"
paired_confusion,Kidney,A,Tissue-specific Selected PEFT,42,matched_test,,Immune,Melanocyte,0,,,,6321,402,4449,4449,run/sthelar40x_kidney_5class_slideind_foldA_lora_adaptformer_r8_a8_red16_heads_e10_seed42/log/2026-08-25T220941_sthelar40x_kidney_5class_slideind_foldA_lora_adaptformer_r8_a8_red16_heads_e10_seed42/inference_results.json,"Rows=true, columns=predicted; exact matched patch intersection"
paired_confusion,Kidney,A,Tissue-specific Selected PEFT,42,matched_test,,Immune,Other,4,,,,6321,402,4449,4449,run/sthelar40x_kidney_5class_slideind_foldA_lora_adaptformer_r8_a8_red16_heads_e10_seed42/log/2026-08-25T220941_sthelar40x_kidney_5class_slideind_foldA_lora_adaptformer_r8_a8_red16_heads_e10_seed42/inference_results.json,"Rows=true, columns=predicted; exact matched patch intersection"
paired_confusion,Kidney,A,Tissue-specific Selected PEFT,42,matched_test,,Stromal,Background,17,,,,6321,402,4449,4449,run/sthelar40x_kidney_5class_slideind_foldA_lora_adaptformer_r8_a8_red16_heads_e10_seed42/log/2026-08-25T220941_sthelar40x_kidney_5class_slideind_foldA_lora_adaptformer_r8_a8_red16_heads_e10_seed42/inference_results.json,"Rows=true, columns=predicted; exact matched patch intersection"
paired_confusion,Kidney,A,Tissue-specific Selected PEFT,42,matched_test,,Stromal,Immune,270,,,,6321,402,4449,4449,run/sthelar40x_kidney_5class_slideind_foldA_lora_adaptformer_r8_a8_red16_heads_e10_seed42/log/2026-08-25T220941_sthelar40x_kidney_5class_slideind_foldA_lora_adaptformer_r8_a8_red16_heads_e10_seed42/inference_results.json,"Rows=true, columns=predicted; exact matched patch intersection"
paired_confusion,Kidney,A,Tissue-specific Selected PEFT,42,matched_test,,Stromal,Stromal,19838,,,,6321,402,4449,4449,run/sthelar40x_kidney_5class_slideind_foldA_lora_adaptformer_r8_a8_red16_heads_e10_seed42/log/2026-08-25T220941_sthelar40x_kidney_5class_slideind_foldA_lora_adaptformer_r8_a8_red16_heads_e10_seed42/inference_results.json,"Rows=true, columns=predicted; exact matched patch intersection"
paired_confusion,Kidney,A,Tissue-specific Selected PEFT,42,matched_test,,Stromal,Epithelial,877,,,,6321,402,4449,4449,run/sthelar40x_kidney_5class_slideind_foldA_lora_adaptformer_r8_a8_red16_heads_e10_seed42/log/2026-08-25T220941_sthelar40x_kidney_5class_slideind_foldA_lora_adaptformer_r8_a8_red16_heads_e10_seed42/inference_results.json,"Rows=true, columns=predicted; exact matched patch intersection"
paired_confusion,Kidney,A,Tissue-specific Selected PEFT,42,matched_test,,Stromal,Melanocyte,0,,,,6321,402,4449,4449,run/sthelar40x_kidney_5class_slideind_foldA_lora_adaptformer_r8_a8_red16_heads_e10_seed42/log/2026-08-25T220941_sthelar40x_kidney_5class_slideind_foldA_lora_adaptformer_r8_a8_red16_heads_e10_seed42/inference_results.json,"Rows=true, columns=predicted; exact matched patch intersection"
paired_confusion,Kidney,A,Tissue-specific Selected PEFT,42,matched_test,,Stromal,Other,1,,,,6321,402,4449,4449,run/sthelar40x_kidney_5class_slideind_foldA_lora_adaptformer_r8_a8_red16_heads_e10_seed42/log/2026-08-25T220941_sthelar40x_kidney_5class_slideind_foldA_lora_adaptformer_r8_a8_red16_heads_e10_seed42/inference_results.json,"Rows=true, columns=predicted; exact matched patch intersection"
paired_confusion,Kidney,A,Tissue-specific Selected PEFT,42,matched_test,,Epithelial,Background,12,,,,6321,402,4449,4449,run/sthelar40x_kidney_5class_slideind_foldA_lora_adaptformer_r8_a8_red16_heads_e10_seed42/log/2026-08-25T220941_sthelar40x_kidney_5class_slideind_foldA_lora_adaptformer_r8_a8_red16_heads_e10_seed42/inference_results.json,"Rows=true, columns=predicted; exact matched patch intersection"
paired_confusion,Kidney,A,Tissue-specific Selected PEFT,42,matched_test,,Epithelial,Immune,748,,,,6321,402,4449,4449,run/sthelar40x_kidney_5class_slideind_foldA_lora_adaptformer_r8_a8_red16_heads_e10_seed42/log/2026-08-25T220941_sthelar40x_kidney_5class_slideind_foldA_lora_adaptformer_r8_a8_red16_heads_e10_seed42/inference_results.json,"Rows=true, columns=predicted; exact matched patch intersection"
paired_confusion,Kidney,A,Tissue-specific Selected PEFT,42,matched_test,,Epithelial,Stromal,10823,,,,6321,402,4449,4449,run/sthelar40x_kidney_5class_slideind_foldA_lora_adaptformer_r8_a8_red16_heads_e10_seed42/log/2026-08-25T220941_sthelar40x_kidney_5class_slideind_foldA_lora_adaptformer_r8_a8_red16_heads_e10_seed42/inference_results.json,"Rows=true, columns=predicted; exact matched patch intersection"
paired_confusion,Kidney,A,Tissue-specific Selected PEFT,42,matched_test,,Epithelial,Epithelial,1087,,,,6321,402,4449,4449,run/sthelar40x_kidney_5class_slideind_foldA_lora_adaptformer_r8_a8_red16_heads_e10_seed42/log/2026-08-25T220941_sthelar40x_kidney_5class_slideind_foldA_lora_adaptformer_r8_a8_red16_heads_e10_seed42/inference_results.json,"Rows=true, columns=predicted; exact matched patch intersection"
paired_confusion,Kidney,A,Tissue-specific Selected PEFT,42,matched_test,,Epithelial,Melanocyte,0,,,,6321,402,4449,4449,run/sthelar40x_kidney_5class_slideind_foldA_lora_adaptformer_r8_a8_red16_heads_e10_seed42/log/2026-08-25T220941_sthelar40x_kidney_5class_slideind_foldA_lora_adaptformer_r8_a8_red16_heads_e10_seed42/inference_results.json,"Rows=true, columns=predicted; exact matched patch intersection"
paired_confusion,Kidney,A,Tissue-specific Selected PEFT,42,matched_test,,Epithelial,Other,2,,,,6321,402,4449,4449,run/sthelar40x_kidney_5class_slideind_foldA_lora_adaptformer_r8_a8_red16_heads_e10_seed42/log/2026-08-25T220941_sthelar40x_kidney_5class_slideind_foldA_lora_adaptformer_r8_a8_red16_heads_e10_seed42/inference_results.json,"Rows=true, columns=predicted; exact matched patch intersection"
paired_confusion,Kidney,A,Tissue-specific Selected PEFT,42,matched_test,,Melanocyte,Background,0,,,,6321,402,4449,4449,run/sthelar40x_kidney_5class_slideind_foldA_lora_adaptformer_r8_a8_red16_heads_e10_seed42/log/2026-08-25T220941_sthelar40x_kidney_5class_slideind_foldA_lora_adaptformer_r8_a8_red16_heads_e10_seed42/inference_results.json,"Rows=true, columns=predicted; exact matched patch intersection"
paired_confusion,Kidney,A,Tissue-specific Selected PEFT,42,matched_test,,Melanocyte,Immune,0,,,,6321,402,4449,4449,run/sthelar40x_kidney_5class_slideind_foldA_lora_adaptformer_r8_a8_red16_heads_e10_seed42/log/2026-08-25T220941_sthelar40x_kidney_5class_slideind_foldA_lora_adaptformer_r8_a8_red16_heads_e10_seed42/inference_results.json,"Rows=true, columns=predicted; exact matched patch intersection"
paired_confusion,Kidney,A,Tissue-specific Selected PEFT,42,matched_test,,Melanocyte,Stromal,0,,,,6321,402,4449,4449,run/sthelar40x_kidney_5class_slideind_foldA_lora_adaptformer_r8_a8_red16_heads_e10_seed42/log/2026-08-25T220941_sthelar40x_kidney_5class_slideind_foldA_lora_adaptformer_r8_a8_red16_heads_e10_seed42/inference_results.json,"Rows=true, columns=predicted; exact matched patch intersection"
paired_confusion,Kidney,A,Tissue-specific Selected PEFT,42,matched_test,,Melanocyte,Epithelial,0,,,,6321,402,4449,4449,run/sthelar40x_kidney_5class_slideind_foldA_lora_adaptformer_r8_a8_red16_heads_e10_seed42/log/2026-08-25T220941_sthelar40x_kidney_5class_slideind_foldA_lora_adaptformer_r8_a8_red16_heads_e10_seed42/inference_results.json,"Rows=true, columns=predicted; exact matched patch intersection"
paired_confusion,Kidney,A,Tissue-specific Selected PEFT,42,matched_test,,Melanocyte,Melanocyte,0,,,,6321,402,4449,4449,run/sthelar40x_kidney_5class_slideind_foldA_lora_adaptformer_r8_a8_red16_heads_e10_seed42/log/2026-08-25T220941_sthelar40x_kidney_5class_slideind_foldA_lora_adaptformer_r8_a8_red16_heads_e10_seed42/inference_results.json,"Rows=true, columns=predicted; exact matched patch intersection"
paired_confusion,Kidney,A,Tissue-specific Selected PEFT,42,matched_test,,Melanocyte,Other,0,,,,6321,402,4449,4449,run/sthelar40x_kidney_5class_slideind_foldA_lora_adaptformer_r8_a8_red16_heads_e10_seed42/log/2026-08-25T220941_sthelar40x_kidney_5class_slideind_foldA_lora_adaptformer_r8_a8_red16_heads_e10_seed42/inference_results.json,"Rows=true, columns=predicted; exact matched patch intersection"
paired_confusion,Kidney,A,Tissue-specific Selected PEFT,42,matched_test,,Other,Background,6,,,,6321,402,4449,4449,run/sthelar40x_kidney_5class_slideind_foldA_lora_adaptformer_r8_a8_red16_heads_e10_seed42/log/2026-08-25T220941_sthelar40x_kidney_5class_slideind_foldA_lora_adaptformer_r8_a8_red16_heads_e10_seed42/inference_results.json,"Rows=true, columns=predicted; exact matched patch intersection"
paired_confusion,Kidney,A,Tissue-specific Selected PEFT,42,matched_test,,Other,Immune,142,,,,6321,402,4449,4449,run/sthelar40x_kidney_5class_slideind_foldA_lora_adaptformer_r8_a8_red16_heads_e10_seed42/log/2026-08-25T220941_sthelar40x_kidney_5class_slideind_foldA_lora_adaptformer_r8_a8_red16_heads_e10_seed42/inference_results.json,"Rows=true, columns=predicted; exact matched patch intersection"
paired_confusion,Kidney,A,Tissue-specific Selected PEFT,42,matched_test,,Other,Stromal,903,,,,6321,402,4449,4449,run/sthelar40x_kidney_5class_slideind_foldA_lora_adaptformer_r8_a8_red16_heads_e10_seed42/log/2026-08-25T220941_sthelar40x_kidney_5class_slideind_foldA_lora_adaptformer_r8_a8_red16_heads_e10_seed42/inference_results.json,"Rows=true, columns=predicted; exact matched patch intersection"
paired_confusion,Kidney,A,Tissue-specific Selected PEFT,42,matched_test,,Other,Epithelial,34,,,,6321,402,4449,4449,run/sthelar40x_kidney_5class_slideind_foldA_lora_adaptformer_r8_a8_red16_heads_e10_seed42/log/2026-08-25T220941_sthelar40x_kidney_5class_slideind_foldA_lora_adaptformer_r8_a8_red16_heads_e10_seed42/inference_results.json,"Rows=true, columns=predicted; exact matched patch intersection"
paired_confusion,Kidney,A,Tissue-specific Selected PEFT,42,matched_test,,Other,Melanocyte,0,,,,6321,402,4449,4449,run/sthelar40x_kidney_5class_slideind_foldA_lora_adaptformer_r8_a8_red16_heads_e10_seed42/log/2026-08-25T220941_sthelar40x_kidney_5class_slideind_foldA_lora_adaptformer_r8_a8_red16_heads_e10_seed42/inference_results.json,"Rows=true, columns=predicted; exact matched patch intersection"
paired_confusion,Kidney,A,Tissue-specific Selected PEFT,42,matched_test,,Other,Other,2,,,,6321,402,4449,4449,run/sthelar40x_kidney_5class_slideind_foldA_lora_adaptformer_r8_a8_red16_heads_e10_seed42/log/2026-08-25T220941_sthelar40x_kidney_5class_slideind_foldA_lora_adaptformer_r8_a8_red16_heads_e10_seed42/inference_results.json,"Rows=true, columns=predicted; exact matched patch intersection"
distribution_shift_summary,Kidney,A,Tissue-specific Selected PEFT,42,train_to_matched_test,,,,,,total_variation,0.456520660051,6321,402,4449,4449,run/sthelar40x_kidney_5class_slideind_foldA_lora_adaptformer_r8_a8_red16_heads_e10_seed42/log/2026-08-25T220941_sthelar40x_kidney_5class_slideind_foldA_lora_adaptformer_r8_a8_red16_heads_e10_seed42/inference_results.json,
distribution_shift_summary,Kidney,A,Tissue-specific Selected PEFT,42,train_to_matched_test,,,,,,jensen_shannon_bits,0.213899826773,6321,402,4449,4449,run/sthelar40x_kidney_5class_slideind_foldA_lora_adaptformer_r8_a8_red16_heads_e10_seed42/log/2026-08-25T220941_sthelar40x_kidney_5class_slideind_foldA_lora_adaptformer_r8_a8_red16_heads_e10_seed42/inference_results.json,
distribution_shift_class,Kidney,A,Tissue-specific Selected PEFT,42,train_to_matched_test,,Immune,,,,frequency_delta_test_minus_train,0.456520660051,6321,402,4449,4449,run/sthelar40x_kidney_5class_slideind_foldA_lora_adaptformer_r8_a8_red16_heads_e10_seed42/log/2026-08-25T220941_sthelar40x_kidney_5class_slideind_foldA_lora_adaptformer_r8_a8_red16_heads_e10_seed42/inference_results.json,
distribution_shift_class,Kidney,A,Tissue-specific Selected PEFT,42,train_to_matched_test,,Immune,,,,train_to_test_frequency_ratio,0.180291518771,6321,402,4449,4449,run/sthelar40x_kidney_5class_slideind_foldA_lora_adaptformer_r8_a8_red16_heads_e10_seed42/log/2026-08-25T220941_sthelar40x_kidney_5class_slideind_foldA_lora_adaptformer_r8_a8_red16_heads_e10_seed42/inference_results.json,
distribution_shift_class,Kidney,A,Tissue-specific Selected PEFT,42,train_to_matched_test,,Stromal,,,,frequency_delta_test_minus_train,-0.0260532898905,6321,402,4449,4449,run/sthelar40x_kidney_5class_slideind_foldA_lora_adaptformer_r8_a8_red16_heads_e10_seed42/log/2026-08-25T220941_sthelar40x_kidney_5class_slideind_foldA_lora_adaptformer_r8_a8_red16_heads_e10_seed42/inference_results.json,
distribution_shift_class,Kidney,A,Tissue-specific Selected PEFT,42,train_to_matched_test,,Stromal,,,,train_to_test_frequency_ratio,1.10237777051,6321,402,4449,4449,run/sthelar40x_kidney_5class_slideind_foldA_lora_adaptformer_r8_a8_red16_heads_e10_seed42/log/2026-08-25T220941_sthelar40x_kidney_5class_slideind_foldA_lora_adaptformer_r8_a8_red16_heads_e10_seed42/inference_results.json,
distribution_shift_class,Kidney,A,Tissue-specific Selected PEFT,42,train_to_matched_test,,Epithelial,,,,frequency_delta_test_minus_train,-0.397587238913,6321,402,4449,4449,run/sthelar40x_kidney_5class_slideind_foldA_lora_adaptformer_r8_a8_red16_heads_e10_seed42/log/2026-08-25T220941_sthelar40x_kidney_5class_slideind_foldA_lora_adaptformer_r8_a8_red16_heads_e10_seed42/inference_results.json,
distribution_shift_class,Kidney,A,Tissue-specific Selected PEFT,42,train_to_matched_test,,Epithelial,,,,train_to_test_frequency_ratio,3.35813724159,6321,402,4449,4449,run/sthelar40x_kidney_5class_slideind_foldA_lora_adaptformer_r8_a8_red16_heads_e10_seed42/log/2026-08-25T220941_sthelar40x_kidney_5class_slideind_foldA_lora_adaptformer_r8_a8_red16_heads_e10_seed42/inference_results.json,
distribution_shift_class,Kidney,A,Tissue-specific Selected PEFT,42,train_to_matched_test,,Melanocyte,,,,frequency_delta_test_minus_train,0,6321,402,4449,4449,run/sthelar40x_kidney_5class_slideind_foldA_lora_adaptformer_r8_a8_red16_heads_e10_seed42/log/2026-08-25T220941_sthelar40x_kidney_5class_slideind_foldA_lora_adaptformer_r8_a8_red16_heads_e10_seed42/inference_results.json,
distribution_shift_class,Kidney,A,Tissue-specific Selected PEFT,42,train_to_matched_test,,Melanocyte,,,,train_to_test_frequency_ratio,nan,6321,402,4449,4449,run/sthelar40x_kidney_5class_slideind_foldA_lora_adaptformer_r8_a8_red16_heads_e10_seed42/log/2026-08-25T220941_sthelar40x_kidney_5class_slideind_foldA_lora_adaptformer_r8_a8_red16_heads_e10_seed42/inference_results.json,
distribution_shift_class,Kidney,A,Tissue-specific Selected PEFT,42,train_to_matched_test,,Other,,,,frequency_delta_test_minus_train,-0.0328801312471,6321,402,4449,4449,run/sthelar40x_kidney_5class_slideind_foldA_lora_adaptformer_r8_a8_red16_heads_e10_seed42/log/2026-08-25T220941_sthelar40x_kidney_5class_slideind_foldA_lora_adaptformer_r8_a8_red16_heads_e10_seed42/inference_results.json,
distribution_shift_class,Kidney,A,Tissue-specific Selected PEFT,42,train_to_matched_test,,Other,,,,train_to_test_frequency_ratio,2.64521232175,6321,402,4449,4449,run/sthelar40x_kidney_5class_slideind_foldA_lora_adaptformer_r8_a8_red16_heads_e10_seed42/log/2026-08-25T220941_sthelar40x_kidney_5class_slideind_foldA_lora_adaptformer_r8_a8_red16_heads_e10_seed42/inference_results.json,
training_curve,Kidney,A,Tissue-specific Selected PEFT,42,train,1,,,,,train_loss,8.5855,6321,402,4449,4449,run/sthelar40x_kidney_5class_slideind_foldA_lora_adaptformer_r8_a8_red16_heads_e10_seed42/log/2026-08-25T220941_sthelar40x_kidney_5class_slideind_foldA_lora_adaptformer_r8_a8_red16_heads_e10_seed42/logs.log,Validation curve is descriptive only and is never used as canonical TEST evidence
training_curve,Kidney,A,Tissue-specific Selected PEFT,42,train,1,,,,,train_Dice,0.7856,6321,402,4449,4449,run/sthelar40x_kidney_5class_slideind_foldA_lora_adaptformer_r8_a8_red16_heads_e10_seed42/log/2026-08-25T220941_sthelar40x_kidney_5class_slideind_foldA_lora_adaptformer_r8_a8_red16_heads_e10_seed42/logs.log,Validation curve is descriptive only and is never used as canonical TEST evidence
training_curve,Kidney,A,Tissue-specific Selected PEFT,42,train,1,,,,,train_Jaccard,0.6551,6321,402,4449,4449,run/sthelar40x_kidney_5class_slideind_foldA_lora_adaptformer_r8_a8_red16_heads_e10_seed42/log/2026-08-25T220941_sthelar40x_kidney_5class_slideind_foldA_lora_adaptformer_r8_a8_red16_heads_e10_seed42/logs.log,Validation curve is descriptive only and is never used as canonical TEST evidence
training_curve,Kidney,A,Tissue-specific Selected PEFT,42,validation,1,,,,,val_loss,7.2428,6321,402,4449,4449,run/sthelar40x_kidney_5class_slideind_foldA_lora_adaptformer_r8_a8_red16_heads_e10_seed42/log/2026-08-25T220941_sthelar40x_kidney_5class_slideind_foldA_lora_adaptformer_r8_a8_red16_heads_e10_seed42/logs.log,Validation curve is descriptive only and is never used as canonical TEST evidence
training_curve,Kidney,A,Tissue-specific Selected PEFT,42,validation,1,,,,,val_Dice,0.6127,6321,402,4449,4449,run/sthelar40x_kidney_5class_slideind_foldA_lora_adaptformer_r8_a8_red16_heads_e10_seed42/log/2026-08-25T220941_sthelar40x_kidney_5class_slideind_foldA_lora_adaptformer_r8_a8_red16_heads_e10_seed42/logs.log,Validation curve is descriptive only and is never used as canonical TEST evidence
training_curve,Kidney,A,Tissue-specific Selected PEFT,42,validation,1,,,,,val_Jaccard,0.4747,6321,402,4449,4449,run/sthelar40x_kidney_5class_slideind_foldA_lora_adaptformer_r8_a8_red16_heads_e10_seed42/log/2026-08-25T220941_sthelar40x_kidney_5class_slideind_foldA_lora_adaptformer_r8_a8_red16_heads_e10_seed42/logs.log,Validation curve is descriptive only and is never used as canonical TEST evidence
training_curve,Kidney,A,Tissue-specific Selected PEFT,42,validation,1,,,,,val_bPQ,0.3199,6321,402,4449,4449,run/sthelar40x_kidney_5class_slideind_foldA_lora_adaptformer_r8_a8_red16_heads_e10_seed42/log/2026-08-25T220941_sthelar40x_kidney_5class_slideind_foldA_lora_adaptformer_r8_a8_red16_heads_e10_seed42/logs.log,Validation curve is descriptive only and is never used as canonical TEST evidence
training_curve,Kidney,A,Tissue-specific Selected PEFT,42,validation,1,,,,,val_mPQ,0.1269,6321,402,4449,4449,run/sthelar40x_kidney_5class_slideind_foldA_lora_adaptformer_r8_a8_red16_heads_e10_seed42/log/2026-08-25T220941_sthelar40x_kidney_5class_slideind_foldA_lora_adaptformer_r8_a8_red16_heads_e10_seed42/logs.log,Validation curve is descriptive only and is never used as canonical TEST evidence
training_curve,Kidney,A,Tissue-specific Selected PEFT,42,train,2,,,,,train_loss,6.1326,6321,402,4449,4449,run/sthelar40x_kidney_5class_slideind_foldA_lora_adaptformer_r8_a8_red16_heads_e10_seed42/log/2026-08-25T220941_sthelar40x_kidney_5class_slideind_foldA_lora_adaptformer_r8_a8_red16_heads_e10_seed42/logs.log,Validation curve is descriptive only and is never used as canonical TEST evidence
training_curve,Kidney,A,Tissue-specific Selected PEFT,42,train,2,,,,,train_Dice,0.7999,6321,402,4449,4449,run/sthelar40x_kidney_5class_slideind_foldA_lora_adaptformer_r8_a8_red16_heads_e10_seed42/log/2026-08-25T220941_sthelar40x_kidney_5class_slideind_foldA_lora_adaptformer_r8_a8_red16_heads_e10_seed42/logs.log,Validation curve is descriptive only and is never used as canonical TEST evidence
training_curve,Kidney,A,Tissue-specific Selected PEFT,42,train,2,,,,,train_Jaccard,0.6765,6321,402,4449,4449,run/sthelar40x_kidney_5class_slideind_foldA_lora_adaptformer_r8_a8_red16_heads_e10_seed42/log/2026-08-25T220941_sthelar40x_kidney_5class_slideind_foldA_lora_adaptformer_r8_a8_red16_heads_e10_seed42/logs.log,Validation curve is descriptive only and is never used as canonical TEST evidence
training_curve,Kidney,A,Tissue-specific Selected PEFT,42,validation,2,,,,,val_loss,6.086,6321,402,4449,4449,run/sthelar40x_kidney_5class_slideind_foldA_lora_adaptformer_r8_a8_red16_heads_e10_seed42/log/2026-08-25T220941_sthelar40x_kidney_5class_slideind_foldA_lora_adaptformer_r8_a8_red16_heads_e10_seed42/logs.log,Validation curve is descriptive only and is never used as canonical TEST evidence
training_curve,Kidney,A,Tissue-specific Selected PEFT,42,validation,2,,,,,val_Dice,0.6285,6321,402,4449,4449,run/sthelar40x_kidney_5class_slideind_foldA_lora_adaptformer_r8_a8_red16_heads_e10_seed42/log/2026-08-25T220941_sthelar40x_kidney_5class_slideind_foldA_lora_adaptformer_r8_a8_red16_heads_e10_seed42/logs.log,Validation curve is descriptive only and is never used as canonical TEST evidence
training_curve,Kidney,A,Tissue-specific Selected PEFT,42,validation,2,,,,,val_Jaccard,0.4897,6321,402,4449,4449,run/sthelar40x_kidney_5class_slideind_foldA_lora_adaptformer_r8_a8_red16_heads_e10_seed42/log/2026-08-25T220941_sthelar40x_kidney_5class_slideind_foldA_lora_adaptformer_r8_a8_red16_heads_e10_seed42/logs.log,Validation curve is descriptive only and is never used as canonical TEST evidence
training_curve,Kidney,A,Tissue-specific Selected PEFT,42,validation,2,,,,,val_bPQ,0.3259,6321,402,4449,4449,run/sthelar40x_kidney_5class_slideind_foldA_lora_adaptformer_r8_a8_red16_heads_e10_seed42/log/2026-08-25T220941_sthelar40x_kidney_5class_slideind_foldA_lora_adaptformer_r8_a8_red16_heads_e10_seed42/logs.log,Validation curve is descriptive only and is never used as canonical TEST evidence
training_curve,Kidney,A,Tissue-specific Selected PEFT,42,validation,2,,,,,val_mPQ,0.1705,6321,402,4449,4449,run/sthelar40x_kidney_5class_slideind_foldA_lora_adaptformer_r8_a8_red16_heads_e10_seed42/log/2026-08-25T220941_sthelar40x_kidney_5class_slideind_foldA_lora_adaptformer_r8_a8_red16_heads_e10_seed42/logs.log,Validation curve is descriptive only and is never used as canonical TEST evidence
training_curve,Kidney,A,Tissue-specific Selected PEFT,42,train,3,,,,,train_loss,5.4787,6321,402,4449,4449,run/sthelar40x_kidney_5class_slideind_foldA_lora_adaptformer_r8_a8_red16_heads_e10_seed42/log/2026-08-25T220941_sthelar40x_kidney_5class_slideind_foldA_lora_adaptformer_r8_a8_red16_heads_e10_seed42/logs.log,Validation curve is descriptive only and is never used as canonical TEST evidence
training_curve,Kidney,A,Tissue-specific Selected PEFT,42,train,3,,,,,train_Dice,0.8104,6321,402,4449,4449,run/sthelar40x_kidney_5class_slideind_foldA_lora_adaptformer_r8_a8_red16_heads_e10_seed42/log/2026-08-25T220941_sthelar40x_kidney_5class_slideind_foldA_lora_adaptformer_r8_a8_red16_heads_e10_seed42/logs.log,Validation curve is descriptive only and is never used as canonical TEST evidence
training_curve,Kidney,A,Tissue-specific Selected PEFT,42,train,3,,,,,train_Jaccard,0.6898,6321,402,4449,4449,run/sthelar40x_kidney_5class_slideind_foldA_lora_adaptformer_r8_a8_red16_heads_e10_seed42/log/2026-08-25T220941_sthelar40x_kidney_5class_slideind_foldA_lora_adaptformer_r8_a8_red16_heads_e10_seed42/logs.log,Validation curve is descriptive only and is never used as canonical TEST evidence
training_curve,Kidney,A,Tissue-specific Selected PEFT,42,validation,3,,,,,val_loss,5.7996,6321,402,4449,4449,run/sthelar40x_kidney_5class_slideind_foldA_lora_adaptformer_r8_a8_red16_heads_e10_seed42/log/2026-08-25T220941_sthelar40x_kidney_5class_slideind_foldA_lora_adaptformer_r8_a8_red16_heads_e10_seed42/logs.log,Validation curve is descriptive only and is never used as canonical TEST evidence
training_curve,Kidney,A,Tissue-specific Selected PEFT,42,validation,3,,,,,val_Dice,0.6492,6321,402,4449,4449,run/sthelar40x_kidney_5class_slideind_foldA_lora_adaptformer_r8_a8_red16_heads_e10_seed42/log/2026-08-25T220941_sthelar40x_kidney_5class_slideind_foldA_lora_adaptformer_r8_a8_red16_heads_e10_seed42/logs.log,Validation curve is descriptive only and is never used as canonical TEST evidence
training_curve,Kidney,A,Tissue-specific Selected PEFT,42,validation,3,,,,,val_Jaccard,0.5127,6321,402,4449,4449,run/sthelar40x_kidney_5class_slideind_foldA_lora_adaptformer_r8_a8_red16_heads_e10_seed42/log/2026-08-25T220941_sthelar40x_kidney_5class_slideind_foldA_lora_adaptformer_r8_a8_red16_heads_e10_seed42/logs.log,Validation curve is descriptive only and is never used as canonical TEST evidence
training_curve,Kidney,A,Tissue-specific Selected PEFT,42,validation,3,,,,,val_bPQ,0.3498,6321,402,4449,4449,run/sthelar40x_kidney_5class_slideind_foldA_lora_adaptformer_r8_a8_red16_heads_e10_seed42/log/2026-08-25T220941_sthelar40x_kidney_5class_slideind_foldA_lora_adaptformer_r8_a8_red16_heads_e10_seed42/logs.log,Validation curve is descriptive only and is never used as canonical TEST evidence
training_curve,Kidney,A,Tissue-specific Selected PEFT,42,validation,3,,,,,val_mPQ,0.1953,6321,402,4449,4449,run/sthelar40x_kidney_5class_slideind_foldA_lora_adaptformer_r8_a8_red16_heads_e10_seed42/log/2026-08-25T220941_sthelar40x_kidney_5class_slideind_foldA_lora_adaptformer_r8_a8_red16_heads_e10_seed42/logs.log,Validation curve is descriptive only and is never used as canonical TEST evidence
training_curve,Kidney,A,Tissue-specific Selected PEFT,42,train,4,,,,,train_loss,5.2107,6321,402,4449,4449,run/sthelar40x_kidney_5class_slideind_foldA_lora_adaptformer_r8_a8_red16_heads_e10_seed42/log/2026-08-25T220941_sthelar40x_kidney_5class_slideind_foldA_lora_adaptformer_r8_a8_red16_heads_e10_seed42/logs.log,Validation curve is descriptive only and is never used as canonical TEST evidence
training_curve,Kidney,A,Tissue-specific Selected PEFT,42,train,4,,,,,train_Dice,0.818,6321,402,4449,4449,run/sthelar40x_kidney_5class_slideind_foldA_lora_adaptformer_r8_a8_red16_heads_e10_seed42/log/2026-08-25T220941_sthelar40x_kidney_5class_slideind_foldA_lora_adaptformer_r8_a8_red16_heads_e10_seed42/logs.log,Validation curve is descriptive only and is never used as canonical TEST evidence
training_curve,Kidney,A,Tissue-specific Selected PEFT,42,train,4,,,,,train_Jaccard,0.7017,6321,402,4449,4449,run/sthelar40x_kidney_5class_slideind_foldA_lora_adaptformer_r8_a8_red16_heads_e10_seed42/log/2026-08-25T220941_sthelar40x_kidney_5class_slideind_foldA_lora_adaptformer_r8_a8_red16_heads_e10_seed42/logs.log,Validation curve is descriptive only and is never used as canonical TEST evidence
training_curve,Kidney,A,Tissue-specific Selected PEFT,42,validation,4,,,,,val_loss,5.5781,6321,402,4449,4449,run/sthelar40x_kidney_5class_slideind_foldA_lora_adaptformer_r8_a8_red16_heads_e10_seed42/log/2026-08-25T220941_sthelar40x_kidney_5class_slideind_foldA_lora_adaptformer_r8_a8_red16_heads_e10_seed42/logs.log,Validation curve is descriptive only and is never used as canonical TEST evidence
training_curve,Kidney,A,Tissue-specific Selected PEFT,42,validation,4,,,,,val_Dice,0.6577,6321,402,4449,4449,run/sthelar40x_kidney_5class_slideind_foldA_lora_adaptformer_r8_a8_red16_heads_e10_seed42/log/2026-08-25T220941_sthelar40x_kidney_5class_slideind_foldA_lora_adaptformer_r8_a8_red16_heads_e10_seed42/logs.log,Validation curve is descriptive only and is never used as canonical TEST evidence
training_curve,Kidney,A,Tissue-specific Selected PEFT,42,validation,4,,,,,val_Jaccard,0.5242,6321,402,4449,4449,run/sthelar40x_kidney_5class_slideind_foldA_lora_adaptformer_r8_a8_red16_heads_e10_seed42/log/2026-08-25T220941_sthelar40x_kidney_5class_slideind_foldA_lora_adaptformer_r8_a8_red16_heads_e10_seed42/logs.log,Validation curve is descriptive only and is never used as canonical TEST evidence
training_curve,Kidney,A,Tissue-specific Selected PEFT,42,validation,4,,,,,val_bPQ,0.3755,6321,402,4449,4449,run/sthelar40x_kidney_5class_slideind_foldA_lora_adaptformer_r8_a8_red16_heads_e10_seed42/log/2026-08-25T220941_sthelar40x_kidney_5class_slideind_foldA_lora_adaptformer_r8_a8_red16_heads_e10_seed42/logs.log,Validation curve is descriptive only and is never used as canonical TEST evidence
training_curve,Kidney,A,Tissue-specific Selected PEFT,42,validation,4,,,,,val_mPQ,0.2097,6321,402,4449,4449,run/sthelar40x_kidney_5class_slideind_foldA_lora_adaptformer_r8_a8_red16_heads_e10_seed42/log/2026-08-25T220941_sthelar40x_kidney_5class_slideind_foldA_lora_adaptformer_r8_a8_red16_heads_e10_seed42/logs.log,Validation curve is descriptive only and is never used as canonical TEST evidence
training_curve,Kidney,A,Tissue-specific Selected PEFT,42,train,5,,,,,train_loss,5.0466,6321,402,4449,4449,run/sthelar40x_kidney_5class_slideind_foldA_lora_adaptformer_r8_a8_red16_heads_e10_seed42/log/2026-08-25T220941_sthelar40x_kidney_5class_slideind_foldA_lora_adaptformer_r8_a8_red16_heads_e10_seed42/logs.log,Validation curve is descriptive only and is never used as canonical TEST evidence
training_curve,Kidney,A,Tissue-specific Selected PEFT,42,train,5,,,,,train_Dice,0.8243,6321,402,4449,4449,run/sthelar40x_kidney_5class_slideind_foldA_lora_adaptformer_r8_a8_red16_heads_e10_seed42/log/2026-08-25T220941_sthelar40x_kidney_5class_slideind_foldA_lora_adaptformer_r8_a8_red16_heads_e10_seed42/logs.log,Validation curve is descriptive only and is never used as canonical TEST evidence
training_curve,Kidney,A,Tissue-specific Selected PEFT,42,train,5,,,,,train_Jaccard,0.7104,6321,402,4449,4449,run/sthelar40x_kidney_5class_slideind_foldA_lora_adaptformer_r8_a8_red16_heads_e10_seed42/log/2026-08-25T220941_sthelar40x_kidney_5class_slideind_foldA_lora_adaptformer_r8_a8_red16_heads_e10_seed42/logs.log,Validation curve is descriptive only and is never used as canonical TEST evidence
training_curve,Kidney,A,Tissue-specific Selected PEFT,42,validation,5,,,,,val_loss,5.4308,6321,402,4449,4449,run/sthelar40x_kidney_5class_slideind_foldA_lora_adaptformer_r8_a8_red16_heads_e10_seed42/log/2026-08-25T220941_sthelar40x_kidney_5class_slideind_foldA_lora_adaptformer_r8_a8_red16_heads_e10_seed42/logs.log,Validation curve is descriptive only and is never used as canonical TEST evidence
training_curve,Kidney,A,Tissue-specific Selected PEFT,42,validation,5,,,,,val_Dice,0.6635,6321,402,4449,4449,run/sthelar40x_kidney_5class_slideind_foldA_lora_adaptformer_r8_a8_red16_heads_e10_seed42/log/2026-08-25T220941_sthelar40x_kidney_5class_slideind_foldA_lora_adaptformer_r8_a8_red16_heads_e10_seed42/logs.log,Validation curve is descriptive only and is never used as canonical TEST evidence
training_curve,Kidney,A,Tissue-specific Selected PEFT,42,validation,5,,,,,val_Jaccard,0.5318,6321,402,4449,4449,run/sthelar40x_kidney_5class_slideind_foldA_lora_adaptformer_r8_a8_red16_heads_e10_seed42/log/2026-08-25T220941_sthelar40x_kidney_5class_slideind_foldA_lora_adaptformer_r8_a8_red16_heads_e10_seed42/logs.log,Validation curve is descriptive only and is never used as canonical TEST evidence
training_curve,Kidney,A,Tissue-specific Selected PEFT,42,validation,5,,,,,val_bPQ,0.3808,6321,402,4449,4449,run/sthelar40x_kidney_5class_slideind_foldA_lora_adaptformer_r8_a8_red16_heads_e10_seed42/log/2026-08-25T220941_sthelar40x_kidney_5class_slideind_foldA_lora_adaptformer_r8_a8_red16_heads_e10_seed42/logs.log,Validation curve is descriptive only and is never used as canonical TEST evidence
training_curve,Kidney,A,Tissue-specific Selected PEFT,42,validation,5,,,,,val_mPQ,0.2156,6321,402,4449,4449,run/sthelar40x_kidney_5class_slideind_foldA_lora_adaptformer_r8_a8_red16_heads_e10_seed42/log/2026-08-25T220941_sthelar40x_kidney_5class_slideind_foldA_lora_adaptformer_r8_a8_red16_heads_e10_seed42/logs.log,Validation curve is descriptive only and is never used as canonical TEST evidence
training_curve,Kidney,A,Tissue-specific Selected PEFT,42,train,6,,,,,train_loss,4.926,6321,402,4449,4449,run/sthelar40x_kidney_5class_slideind_foldA_lora_adaptformer_r8_a8_red16_heads_e10_seed42/log/2026-08-25T220941_sthelar40x_kidney_5class_slideind_foldA_lora_adaptformer_r8_a8_red16_heads_e10_seed42/logs.log,Validation curve is descriptive only and is never used as canonical TEST evidence
training_curve,Kidney,A,Tissue-specific Selected PEFT,42,train,6,,,,,train_Dice,0.8277,6321,402,4449,4449,run/sthelar40x_kidney_5class_slideind_foldA_lora_adaptformer_r8_a8_red16_heads_e10_seed42/log/2026-08-25T220941_sthelar40x_kidney_5class_slideind_foldA_lora_adaptformer_r8_a8_red16_heads_e10_seed42/logs.log,Validation curve is descriptive only and is never used as canonical TEST evidence
training_curve,Kidney,A,Tissue-specific Selected PEFT,42,train,6,,,,,train_Jaccard,0.7159,6321,402,4449,4449,run/sthelar40x_kidney_5class_slideind_foldA_lora_adaptformer_r8_a8_red16_heads_e10_seed42/log/2026-08-25T220941_sthelar40x_kidney_5class_slideind_foldA_lora_adaptformer_r8_a8_red16_heads_e10_seed42/logs.log,Validation curve is descriptive only and is never used as canonical TEST evidence
training_curve,Kidney,A,Tissue-specific Selected PEFT,42,validation,6,,,,,val_loss,5.4127,6321,402,4449,4449,run/sthelar40x_kidney_5class_slideind_foldA_lora_adaptformer_r8_a8_red16_heads_e10_seed42/log/2026-08-25T220941_sthelar40x_kidney_5class_slideind_foldA_lora_adaptformer_r8_a8_red16_heads_e10_seed42/logs.log,Validation curve is descriptive only and is never used as canonical TEST evidence
training_curve,Kidney,A,Tissue-specific Selected PEFT,42,validation,6,,,,,val_Dice,0.6724,6321,402,4449,4449,run/sthelar40x_kidney_5class_slideind_foldA_lora_adaptformer_r8_a8_red16_heads_e10_seed42/log/2026-08-25T220941_sthelar40x_kidney_5class_slideind_foldA_lora_adaptformer_r8_a8_red16_heads_e10_seed42/logs.log,Validation curve is descriptive only and is never used as canonical TEST evidence
training_curve,Kidney,A,Tissue-specific Selected PEFT,42,validation,6,,,,,val_Jaccard,0.5414,6321,402,4449,4449,run/sthelar40x_kidney_5class_slideind_foldA_lora_adaptformer_r8_a8_red16_heads_e10_seed42/log/2026-08-25T220941_sthelar40x_kidney_5class_slideind_foldA_lora_adaptformer_r8_a8_red16_heads_e10_seed42/logs.log,Validation curve is descriptive only and is never used as canonical TEST evidence
training_curve,Kidney,A,Tissue-specific Selected PEFT,42,validation,6,,,,,val_bPQ,0.3963,6321,402,4449,4449,run/sthelar40x_kidney_5class_slideind_foldA_lora_adaptformer_r8_a8_red16_heads_e10_seed42/log/2026-08-25T220941_sthelar40x_kidney_5class_slideind_foldA_lora_adaptformer_r8_a8_red16_heads_e10_seed42/logs.log,Validation curve is descriptive only and is never used as canonical TEST evidence
training_curve,Kidney,A,Tissue-specific Selected PEFT,42,validation,6,,,,,val_mPQ,0.2248,6321,402,4449,4449,run/sthelar40x_kidney_5class_slideind_foldA_lora_adaptformer_r8_a8_red16_heads_e10_seed42/log/2026-08-25T220941_sthelar40x_kidney_5class_slideind_foldA_lora_adaptformer_r8_a8_red16_heads_e10_seed42/logs.log,Validation curve is descriptive only and is never used as canonical TEST evidence
training_curve,Kidney,A,Tissue-specific Selected PEFT,42,train,7,,,,,train_loss,4.85,6321,402,4449,4449,run/sthelar40x_kidney_5class_slideind_foldA_lora_adaptformer_r8_a8_red16_heads_e10_seed42/log/2026-08-25T220941_sthelar40x_kidney_5class_slideind_foldA_lora_adaptformer_r8_a8_red16_heads_e10_seed42/logs.log,Validation curve is descriptive only and is never used as canonical TEST evidence
training_curve,Kidney,A,Tissue-specific Selected PEFT,42,train,7,,,,,train_Dice,0.8311,6321,402,4449,4449,run/sthelar40x_kidney_5class_slideind_foldA_lora_adaptformer_r8_a8_red16_heads_e10_seed42/log/2026-08-25T220941_sthelar40x_kidney_5class_slideind_foldA_lora_adaptformer_r8_a8_red16_heads_e10_seed42/logs.log,Validation curve is descriptive only and is never used as canonical TEST evidence
training_curve,Kidney,A,Tissue-specific Selected PEFT,42,train,7,,,,,train_Jaccard,0.7209,6321,402,4449,4449,run/sthelar40x_kidney_5class_slideind_foldA_lora_adaptformer_r8_a8_red16_heads_e10_seed42/log/2026-08-25T220941_sthelar40x_kidney_5class_slideind_foldA_lora_adaptformer_r8_a8_red16_heads_e10_seed42/logs.log,Validation curve is descriptive only and is never used as canonical TEST evidence
training_curve,Kidney,A,Tissue-specific Selected PEFT,42,validation,7,,,,,val_loss,5.3627,6321,402,4449,4449,run/sthelar40x_kidney_5class_slideind_foldA_lora_adaptformer_r8_a8_red16_heads_e10_seed42/log/2026-08-25T220941_sthelar40x_kidney_5class_slideind_foldA_lora_adaptformer_r8_a8_red16_heads_e10_seed42/logs.log,Validation curve is descriptive only and is never used as canonical TEST evidence
training_curve,Kidney,A,Tissue-specific Selected PEFT,42,validation,7,,,,,val_Dice,0.6706,6321,402,4449,4449,run/sthelar40x_kidney_5class_slideind_foldA_lora_adaptformer_r8_a8_red16_heads_e10_seed42/log/2026-08-25T220941_sthelar40x_kidney_5class_slideind_foldA_lora_adaptformer_r8_a8_red16_heads_e10_seed42/logs.log,Validation curve is descriptive only and is never used as canonical TEST evidence
training_curve,Kidney,A,Tissue-specific Selected PEFT,42,validation,7,,,,,val_Jaccard,0.5387,6321,402,4449,4449,run/sthelar40x_kidney_5class_slideind_foldA_lora_adaptformer_r8_a8_red16_heads_e10_seed42/log/2026-08-25T220941_sthelar40x_kidney_5class_slideind_foldA_lora_adaptformer_r8_a8_red16_heads_e10_seed42/logs.log,Validation curve is descriptive only and is never used as canonical TEST evidence
training_curve,Kidney,A,Tissue-specific Selected PEFT,42,validation,7,,,,,val_bPQ,0.3912,6321,402,4449,4449,run/sthelar40x_kidney_5class_slideind_foldA_lora_adaptformer_r8_a8_red16_heads_e10_seed42/log/2026-08-25T220941_sthelar40x_kidney_5class_slideind_foldA_lora_adaptformer_r8_a8_red16_heads_e10_seed42/logs.log,Validation curve is descriptive only and is never used as canonical TEST evidence
training_curve,Kidney,A,Tissue-specific Selected PEFT,42,validation,7,,,,,val_mPQ,0.2091,6321,402,4449,4449,run/sthelar40x_kidney_5class_slideind_foldA_lora_adaptformer_r8_a8_red16_heads_e10_seed42/log/2026-08-25T220941_sthelar40x_kidney_5class_slideind_foldA_lora_adaptformer_r8_a8_red16_heads_e10_seed42/logs.log,Validation curve is descriptive only and is never used as canonical TEST evidence
training_curve,Kidney,A,Tissue-specific Selected PEFT,42,train,8,,,,,train_loss,4.7786,6321,402,4449,4449,run/sthelar40x_kidney_5class_slideind_foldA_lora_adaptformer_r8_a8_red16_heads_e10_seed42/log/2026-08-25T220941_sthelar40x_kidney_5class_slideind_foldA_lora_adaptformer_r8_a8_red16_heads_e10_seed42/logs.log,Validation curve is descriptive only and is never used as canonical TEST evidence
training_curve,Kidney,A,Tissue-specific Selected PEFT,42,train,8,,,,,train_Dice,0.835,6321,402,4449,4449,run/sthelar40x_kidney_5class_slideind_foldA_lora_adaptformer_r8_a8_red16_heads_e10_seed42/log/2026-08-25T220941_sthelar40x_kidney_5class_slideind_foldA_lora_adaptformer_r8_a8_red16_heads_e10_seed42/logs.log,Validation curve is descriptive only and is never used as canonical TEST evidence
training_curve,Kidney,A,Tissue-specific Selected PEFT,42,train,8,,,,,train_Jaccard,0.7263,6321,402,4449,4449,run/sthelar40x_kidney_5class_slideind_foldA_lora_adaptformer_r8_a8_red16_heads_e10_seed42/log/2026-08-25T220941_sthelar40x_kidney_5class_slideind_foldA_lora_adaptformer_r8_a8_red16_heads_e10_seed42/logs.log,Validation curve is descriptive only and is never used as canonical TEST evidence
training_curve,Kidney,A,Tissue-specific Selected PEFT,42,validation,8,,,,,val_loss,5.3386,6321,402,4449,4449,run/sthelar40x_kidney_5class_slideind_foldA_lora_adaptformer_r8_a8_red16_heads_e10_seed42/log/2026-08-25T220941_sthelar40x_kidney_5class_slideind_foldA_lora_adaptformer_r8_a8_red16_heads_e10_seed42/logs.log,Validation curve is descriptive only and is never used as canonical TEST evidence
training_curve,Kidney,A,Tissue-specific Selected PEFT,42,validation,8,,,,,val_Dice,0.6694,6321,402,4449,4449,run/sthelar40x_kidney_5class_slideind_foldA_lora_adaptformer_r8_a8_red16_heads_e10_seed42/log/2026-08-25T220941_sthelar40x_kidney_5class_slideind_foldA_lora_adaptformer_r8_a8_red16_heads_e10_seed42/logs.log,Validation curve is descriptive only and is never used as canonical TEST evidence
training_curve,Kidney,A,Tissue-specific Selected PEFT,42,validation,8,,,,,val_Jaccard,0.5371,6321,402,4449,4449,run/sthelar40x_kidney_5class_slideind_foldA_lora_adaptformer_r8_a8_red16_heads_e10_seed42/log/2026-08-25T220941_sthelar40x_kidney_5class_slideind_foldA_lora_adaptformer_r8_a8_red16_heads_e10_seed42/logs.log,Validation curve is descriptive only and is never used as canonical TEST evidence
training_curve,Kidney,A,Tissue-specific Selected PEFT,42,validation,8,,,,,val_bPQ,0.3909,6321,402,4449,4449,run/sthelar40x_kidney_5class_slideind_foldA_lora_adaptformer_r8_a8_red16_heads_e10_seed42/log/2026-08-25T220941_sthelar40x_kidney_5class_slideind_foldA_lora_adaptformer_r8_a8_red16_heads_e10_seed42/logs.log,Validation curve is descriptive only and is never used as canonical TEST evidence
training_curve,Kidney,A,Tissue-specific Selected PEFT,42,validation,8,,,,,val_mPQ,0.2207,6321,402,4449,4449,run/sthelar40x_kidney_5class_slideind_foldA_lora_adaptformer_r8_a8_red16_heads_e10_seed42/log/2026-08-25T220941_sthelar40x_kidney_5class_slideind_foldA_lora_adaptformer_r8_a8_red16_heads_e10_seed42/logs.log,Validation curve is descriptive only and is never used as canonical TEST evidence
training_curve,Kidney,A,Tissue-specific Selected PEFT,42,train,9,,,,,train_loss,4.7625,6321,402,4449,4449,run/sthelar40x_kidney_5class_slideind_foldA_lora_adaptformer_r8_a8_red16_heads_e10_seed42/log/2026-08-25T220941_sthelar40x_kidney_5class_slideind_foldA_lora_adaptformer_r8_a8_red16_heads_e10_seed42/logs.log,Validation curve is descriptive only and is never used as canonical TEST evidence
training_curve,Kidney,A,Tissue-specific Selected PEFT,42,train,9,,,,,train_Dice,0.8332,6321,402,4449,4449,run/sthelar40x_kidney_5class_slideind_foldA_lora_adaptformer_r8_a8_red16_heads_e10_seed42/log/2026-08-25T220941_sthelar40x_kidney_5class_slideind_foldA_lora_adaptformer_r8_a8_red16_heads_e10_seed42/logs.log,Validation curve is descriptive only and is never used as canonical TEST evidence
training_curve,Kidney,A,Tissue-specific Selected PEFT,42,train,9,,,,,train_Jaccard,0.7245,6321,402,4449,4449,run/sthelar40x_kidney_5class_slideind_foldA_lora_adaptformer_r8_a8_red16_heads_e10_seed42/log/2026-08-25T220941_sthelar40x_kidney_5class_slideind_foldA_lora_adaptformer_r8_a8_red16_heads_e10_seed42/logs.log,Validation curve is descriptive only and is never used as canonical TEST evidence
training_curve,Kidney,A,Tissue-specific Selected PEFT,42,validation,9,,,,,val_loss,5.3061,6321,402,4449,4449,run/sthelar40x_kidney_5class_slideind_foldA_lora_adaptformer_r8_a8_red16_heads_e10_seed42/log/2026-08-25T220941_sthelar40x_kidney_5class_slideind_foldA_lora_adaptformer_r8_a8_red16_heads_e10_seed42/logs.log,Validation curve is descriptive only and is never used as canonical TEST evidence
training_curve,Kidney,A,Tissue-specific Selected PEFT,42,validation,9,,,,,val_Dice,0.6692,6321,402,4449,4449,run/sthelar40x_kidney_5class_slideind_foldA_lora_adaptformer_r8_a8_red16_heads_e10_seed42/log/2026-08-25T220941_sthelar40x_kidney_5class_slideind_foldA_lora_adaptformer_r8_a8_red16_heads_e10_seed42/logs.log,Validation curve is descriptive only and is never used as canonical TEST evidence
training_curve,Kidney,A,Tissue-specific Selected PEFT,42,validation,9,,,,,val_Jaccard,0.5372,6321,402,4449,4449,run/sthelar40x_kidney_5class_slideind_foldA_lora_adaptformer_r8_a8_red16_heads_e10_seed42/log/2026-08-25T220941_sthelar40x_kidney_5class_slideind_foldA_lora_adaptformer_r8_a8_red16_heads_e10_seed42/logs.log,Validation curve is descriptive only and is never used as canonical TEST evidence
training_curve,Kidney,A,Tissue-specific Selected PEFT,42,validation,9,,,,,val_bPQ,0.3929,6321,402,4449,4449,run/sthelar40x_kidney_5class_slideind_foldA_lora_adaptformer_r8_a8_red16_heads_e10_seed42/log/2026-08-25T220941_sthelar40x_kidney_5class_slideind_foldA_lora_adaptformer_r8_a8_red16_heads_e10_seed42/logs.log,Validation curve is descriptive only and is never used as canonical TEST evidence
training_curve,Kidney,A,Tissue-specific Selected PEFT,42,validation,9,,,,,val_mPQ,0.2216,6321,402,4449,4449,run/sthelar40x_kidney_5class_slideind_foldA_lora_adaptformer_r8_a8_red16_heads_e10_seed42/log/2026-08-25T220941_sthelar40x_kidney_5class_slideind_foldA_lora_adaptformer_r8_a8_red16_heads_e10_seed42/logs.log,Validation curve is descriptive only and is never used as canonical TEST evidence
training_curve,Kidney,A,Tissue-specific Selected PEFT,42,train,10,,,,,train_loss,4.7001,6321,402,4449,4449,run/sthelar40x_kidney_5class_slideind_foldA_lora_adaptformer_r8_a8_red16_heads_e10_seed42/log/2026-08-25T220941_sthelar40x_kidney_5class_slideind_foldA_lora_adaptformer_r8_a8_red16_heads_e10_seed42/logs.log,Validation curve is descriptive only and is never used as canonical TEST evidence
training_curve,Kidney,A,Tissue-specific Selected PEFT,42,train,10,,,,,train_Dice,0.8378,6321,402,4449,4449,run/sthelar40x_kidney_5class_slideind_foldA_lora_adaptformer_r8_a8_red16_heads_e10_seed42/log/2026-08-25T220941_sthelar40x_kidney_5class_slideind_foldA_lora_adaptformer_r8_a8_red16_heads_e10_seed42/logs.log,Validation curve is descriptive only and is never used as canonical TEST evidence
training_curve,Kidney,A,Tissue-specific Selected PEFT,42,train,10,,,,,train_Jaccard,0.73,6321,402,4449,4449,run/sthelar40x_kidney_5class_slideind_foldA_lora_adaptformer_r8_a8_red16_heads_e10_seed42/log/2026-08-25T220941_sthelar40x_kidney_5class_slideind_foldA_lora_adaptformer_r8_a8_red16_heads_e10_seed42/logs.log,Validation curve is descriptive only and is never used as canonical TEST evidence
training_curve,Kidney,A,Tissue-specific Selected PEFT,42,validation,10,,,,,val_loss,5.3116,6321,402,4449,4449,run/sthelar40x_kidney_5class_slideind_foldA_lora_adaptformer_r8_a8_red16_heads_e10_seed42/log/2026-08-25T220941_sthelar40x_kidney_5class_slideind_foldA_lora_adaptformer_r8_a8_red16_heads_e10_seed42/logs.log,Validation curve is descriptive only and is never used as canonical TEST evidence
training_curve,Kidney,A,Tissue-specific Selected PEFT,42,validation,10,,,,,val_Dice,0.6554,6321,402,4449,4449,run/sthelar40x_kidney_5class_slideind_foldA_lora_adaptformer_r8_a8_red16_heads_e10_seed42/log/2026-08-25T220941_sthelar40x_kidney_5class_slideind_foldA_lora_adaptformer_r8_a8_red16_heads_e10_seed42/logs.log,Validation curve is descriptive only and is never used as canonical TEST evidence
training_curve,Kidney,A,Tissue-specific Selected PEFT,42,validation,10,,,,,val_Jaccard,0.5217,6321,402,4449,4449,run/sthelar40x_kidney_5class_slideind_foldA_lora_adaptformer_r8_a8_red16_heads_e10_seed42/log/2026-08-25T220941_sthelar40x_kidney_5class_slideind_foldA_lora_adaptformer_r8_a8_red16_heads_e10_seed42/logs.log,Validation curve is descriptive only and is never used as canonical TEST evidence
training_curve,Kidney,A,Tissue-specific Selected PEFT,42,validation,10,,,,,val_bPQ,0.3678,6321,402,4449,4449,run/sthelar40x_kidney_5class_slideind_foldA_lora_adaptformer_r8_a8_red16_heads_e10_seed42/log/2026-08-25T220941_sthelar40x_kidney_5class_slideind_foldA_lora_adaptformer_r8_a8_red16_heads_e10_seed42/logs.log,Validation curve is descriptive only and is never used as canonical TEST evidence
training_curve,Kidney,A,Tissue-specific Selected PEFT,42,validation,10,,,,,val_mPQ,0.2007,6321,402,4449,4449,run/sthelar40x_kidney_5class_slideind_foldA_lora_adaptformer_r8_a8_red16_heads_e10_seed42/log/2026-08-25T220941_sthelar40x_kidney_5class_slideind_foldA_lora_adaptformer_r8_a8_red16_heads_e10_seed42/logs.log,Validation curve is descriptive only and is never used as canonical TEST evidence
dataset_summary,Kidney,B,Generalist Selected PEFT,42,,,,,,,,,20893,2601,26335,6723,run/sthelar40x_klt_5class_slideind_foldB_lora_adaptformer_r8_a8_red16_heads_e10_seed42/log/2026-08-20T112527_sthelar40x_klt_5class_slideind_foldB_lora_adaptformer_r8_a8_red16_heads_e10_seed42/inference_results.json,Test metrics and test class counts use exact generalist/specialist patch-ID intersection
class_distribution,Kidney,B,Generalist Selected PEFT,42,train,,Immune,,593561,0.533174699845,,,20893,2601,26335,6723,run/sthelar40x_klt_5class_slideind_foldB_lora_adaptformer_r8_a8_red16_heads_e10_seed42/log/2026-08-20T112527_sthelar40x_klt_5class_slideind_foldB_lora_adaptformer_r8_a8_red16_heads_e10_seed42/inference_results.json,Patch-level nucleus annotation occurrences; overlapping patches may repeat a biological cell
class_distribution,Kidney,B,Generalist Selected PEFT,42,train,,Stromal,,236384,0.212335325684,,,20893,2601,26335,6723,run/sthelar40x_klt_5class_slideind_foldB_lora_adaptformer_r8_a8_red16_heads_e10_seed42/log/2026-08-20T112527_sthelar40x_klt_5class_slideind_foldB_lora_adaptformer_r8_a8_red16_heads_e10_seed42/inference_results.json,Patch-level nucleus annotation occurrences; overlapping patches may repeat a biological cell
class_distribution,Kidney,B,Generalist Selected PEFT,42,train,,Epithelial,,249467,0.224087318483,,,20893,2601,26335,6723,run/sthelar40x_klt_5class_slideind_foldB_lora_adaptformer_r8_a8_red16_heads_e10_seed42/log/2026-08-20T112527_sthelar40x_klt_5class_slideind_foldB_lora_adaptformer_r8_a8_red16_heads_e10_seed42/inference_results.json,Patch-level nucleus annotation occurrences; overlapping patches may repeat a biological cell
class_distribution,Kidney,B,Generalist Selected PEFT,42,train,,Melanocyte,,0,0,,,20893,2601,26335,6723,run/sthelar40x_klt_5class_slideind_foldB_lora_adaptformer_r8_a8_red16_heads_e10_seed42/log/2026-08-20T112527_sthelar40x_klt_5class_slideind_foldB_lora_adaptformer_r8_a8_red16_heads_e10_seed42/inference_results.json,Patch-level nucleus annotation occurrences; overlapping patches may repeat a biological cell
class_distribution,Kidney,B,Generalist Selected PEFT,42,train,,Other,,33846,0.0304026559881,,,20893,2601,26335,6723,run/sthelar40x_klt_5class_slideind_foldB_lora_adaptformer_r8_a8_red16_heads_e10_seed42/log/2026-08-20T112527_sthelar40x_klt_5class_slideind_foldB_lora_adaptformer_r8_a8_red16_heads_e10_seed42/inference_results.json,Patch-level nucleus annotation occurrences; overlapping patches may repeat a biological cell
class_distribution,Kidney,B,Generalist Selected PEFT,42,validation,,Immune,,60652,0.472180053094,,,20893,2601,26335,6723,run/sthelar40x_klt_5class_slideind_foldB_lora_adaptformer_r8_a8_red16_heads_e10_seed42/log/2026-08-20T112527_sthelar40x_klt_5class_slideind_foldB_lora_adaptformer_r8_a8_red16_heads_e10_seed42/inference_results.json,Patch-level nucleus annotation occurrences; overlapping patches may repeat a biological cell
class_distribution,Kidney,B,Generalist Selected PEFT,42,validation,,Stromal,,27793,0.216370444761,,,20893,2601,26335,6723,run/sthelar40x_klt_5class_slideind_foldB_lora_adaptformer_r8_a8_red16_heads_e10_seed42/log/2026-08-20T112527_sthelar40x_klt_5class_slideind_foldB_lora_adaptformer_r8_a8_red16_heads_e10_seed42/inference_results.json,Patch-level nucleus annotation occurrences; overlapping patches may repeat a biological cell
class_distribution,Kidney,B,Generalist Selected PEFT,42,validation,,Epithelial,,31487,0.245128492577,,,20893,2601,26335,6723,run/sthelar40x_klt_5class_slideind_foldB_lora_adaptformer_r8_a8_red16_heads_e10_seed42/log/2026-08-20T112527_sthelar40x_klt_5class_slideind_foldB_lora_adaptformer_r8_a8_red16_heads_e10_seed42/inference_results.json,Patch-level nucleus annotation occurrences; overlapping patches may repeat a biological cell
class_distribution,Kidney,B,Generalist Selected PEFT,42,validation,,Melanocyte,,0,0,,,20893,2601,26335,6723,run/sthelar40x_klt_5class_slideind_foldB_lora_adaptformer_r8_a8_red16_heads_e10_seed42/log/2026-08-20T112527_sthelar40x_klt_5class_slideind_foldB_lora_adaptformer_r8_a8_red16_heads_e10_seed42/inference_results.json,Patch-level nucleus annotation occurrences; overlapping patches may repeat a biological cell
class_distribution,Kidney,B,Generalist Selected PEFT,42,validation,,Other,,8519,0.0663210095679,,,20893,2601,26335,6723,run/sthelar40x_klt_5class_slideind_foldB_lora_adaptformer_r8_a8_red16_heads_e10_seed42/log/2026-08-20T112527_sthelar40x_klt_5class_slideind_foldB_lora_adaptformer_r8_a8_red16_heads_e10_seed42/inference_results.json,Patch-level nucleus annotation occurrences; overlapping patches may repeat a biological cell
class_distribution,Kidney,B,Generalist Selected PEFT,42,matched_test,,Immune,,20030,0.102980946211,,,20893,2601,26335,6723,run/sthelar40x_klt_5class_slideind_foldB_lora_adaptformer_r8_a8_red16_heads_e10_seed42/log/2026-08-20T112527_sthelar40x_klt_5class_slideind_foldB_lora_adaptformer_r8_a8_red16_heads_e10_seed42/inference_results.json,Patch-level nucleus annotation occurrences; overlapping patches may repeat a biological cell
class_distribution,Kidney,B,Generalist Selected PEFT,42,matched_test,,Stromal,,55988,0.287853081202,,,20893,2601,26335,6723,run/sthelar40x_klt_5class_slideind_foldB_lora_adaptformer_r8_a8_red16_heads_e10_seed42/log/2026-08-20T112527_sthelar40x_klt_5class_slideind_foldB_lora_adaptformer_r8_a8_red16_heads_e10_seed42/inference_results.json,Patch-level nucleus annotation occurrences; overlapping patches may repeat a biological cell
class_distribution,Kidney,B,Generalist Selected PEFT,42,matched_test,,Epithelial,,108430,0.557474987404,,,20893,2601,26335,6723,run/sthelar40x_klt_5class_slideind_foldB_lora_adaptformer_r8_a8_red16_heads_e10_seed42/log/2026-08-20T112527_sthelar40x_klt_5class_slideind_foldB_lora_adaptformer_r8_a8_red16_heads_e10_seed42/inference_results.json,Patch-level nucleus annotation occurrences; overlapping patches may repeat a biological cell
class_distribution,Kidney,B,Generalist Selected PEFT,42,matched_test,,Melanocyte,,0,0,,,20893,2601,26335,6723,run/sthelar40x_klt_5class_slideind_foldB_lora_adaptformer_r8_a8_red16_heads_e10_seed42/log/2026-08-20T112527_sthelar40x_klt_5class_slideind_foldB_lora_adaptformer_r8_a8_red16_heads_e10_seed42/inference_results.json,Patch-level nucleus annotation occurrences; overlapping patches may repeat a biological cell
class_distribution,Kidney,B,Generalist Selected PEFT,42,matched_test,,Other,,10054,0.0516909851827,,,20893,2601,26335,6723,run/sthelar40x_klt_5class_slideind_foldB_lora_adaptformer_r8_a8_red16_heads_e10_seed42/log/2026-08-20T112527_sthelar40x_klt_5class_slideind_foldB_lora_adaptformer_r8_a8_red16_heads_e10_seed42/inference_results.json,Patch-level nucleus annotation occurrences; overlapping patches may repeat a biological cell
matched_test_metric,Kidney,B,Generalist Selected PEFT,42,matched_test,,,,,,Dice,0.850735142502,20893,2601,26335,6723,run/sthelar40x_klt_5class_slideind_foldB_lora_adaptformer_r8_a8_red16_heads_e10_seed42/log/2026-08-20T112527_sthelar40x_klt_5class_slideind_foldB_lora_adaptformer_r8_a8_red16_heads_e10_seed42/inference_results.json,
matched_test_metric,Kidney,B,Generalist Selected PEFT,42,matched_test,,,,,,Jaccard,0.751474423392,20893,2601,26335,6723,run/sthelar40x_klt_5class_slideind_foldB_lora_adaptformer_r8_a8_red16_heads_e10_seed42/log/2026-08-20T112527_sthelar40x_klt_5class_slideind_foldB_lora_adaptformer_r8_a8_red16_heads_e10_seed42/inference_results.json,
matched_test_metric,Kidney,B,Generalist Selected PEFT,42,matched_test,,,,,,bPQ,0.640946643692,20893,2601,26335,6723,run/sthelar40x_klt_5class_slideind_foldB_lora_adaptformer_r8_a8_red16_heads_e10_seed42/log/2026-08-20T112527_sthelar40x_klt_5class_slideind_foldB_lora_adaptformer_r8_a8_red16_heads_e10_seed42/inference_results.json,
matched_test_metric,Kidney,B,Generalist Selected PEFT,42,matched_test,,,,,,mPQ,0.237188768181,20893,2601,26335,6723,run/sthelar40x_klt_5class_slideind_foldB_lora_adaptformer_r8_a8_red16_heads_e10_seed42/log/2026-08-20T112527_sthelar40x_klt_5class_slideind_foldB_lora_adaptformer_r8_a8_red16_heads_e10_seed42/inference_results.json,
matched_test_metric,Kidney,B,Generalist Selected PEFT,42,matched_test,,,,,,F1det,0.903512848737,20893,2601,26335,6723,run/sthelar40x_klt_5class_slideind_foldB_lora_adaptformer_r8_a8_red16_heads_e10_seed42/log/2026-08-20T112527_sthelar40x_klt_5class_slideind_foldB_lora_adaptformer_r8_a8_red16_heads_e10_seed42/inference_results.json,
matched_test_metric,Kidney,B,Generalist Selected PEFT,42,matched_test,,,,,,F1type,0.353721098927,20893,2601,26335,6723,run/sthelar40x_klt_5class_slideind_foldB_lora_adaptformer_r8_a8_red16_heads_e10_seed42/log/2026-08-20T112527_sthelar40x_klt_5class_slideind_foldB_lora_adaptformer_r8_a8_red16_heads_e10_seed42/inference_results.json,
matched_class_metric,Kidney,B,Generalist Selected PEFT,42,matched_test,,Immune,,,,matched_true_support,16649,20893,2601,26335,6723,run/sthelar40x_klt_5class_slideind_foldB_lora_adaptformer_r8_a8_red16_heads_e10_seed42/log/2026-08-20T112527_sthelar40x_klt_5class_slideind_foldB_lora_adaptformer_r8_a8_red16_heads_e10_seed42/inference_results.json,Type F1 is calculated from paired foreground confusion only
matched_class_metric,Kidney,B,Generalist Selected PEFT,42,matched_test,,Immune,,,,total_true_support,19734,20893,2601,26335,6723,run/sthelar40x_klt_5class_slideind_foldB_lora_adaptformer_r8_a8_red16_heads_e10_seed42/log/2026-08-20T112527_sthelar40x_klt_5class_slideind_foldB_lora_adaptformer_r8_a8_red16_heads_e10_seed42/inference_results.json,Type F1 is calculated from paired foreground confusion only
matched_class_metric,Kidney,B,Generalist Selected PEFT,42,matched_test,,Immune,,,,paired_type_F1,0.276374671097,20893,2601,26335,6723,run/sthelar40x_klt_5class_slideind_foldB_lora_adaptformer_r8_a8_red16_heads_e10_seed42/log/2026-08-20T112527_sthelar40x_klt_5class_slideind_foldB_lora_adaptformer_r8_a8_red16_heads_e10_seed42/inference_results.json,Type F1 is calculated from paired foreground confusion only
predicted_class_frequency,Kidney,B,Generalist Selected PEFT,42,matched_test,,,Immune,37606,0.213802866548,,,20893,2601,26335,6723,run/sthelar40x_klt_5class_slideind_foldB_lora_adaptformer_r8_a8_red16_heads_e10_seed42/log/2026-08-20T112527_sthelar40x_klt_5class_slideind_foldB_lora_adaptformer_r8_a8_red16_heads_e10_seed42/inference_results.json,Foreground predicted instances; unmatched predictions included
matched_class_metric,Kidney,B,Generalist Selected PEFT,42,matched_test,,Stromal,,,,matched_true_support,47665,20893,2601,26335,6723,run/sthelar40x_klt_5class_slideind_foldB_lora_adaptformer_r8_a8_red16_heads_e10_seed42/log/2026-08-20T112527_sthelar40x_klt_5class_slideind_foldB_lora_adaptformer_r8_a8_red16_heads_e10_seed42/inference_results.json,Type F1 is calculated from paired foreground confusion only
matched_class_metric,Kidney,B,Generalist Selected PEFT,42,matched_test,,Stromal,,,,total_true_support,55119,20893,2601,26335,6723,run/sthelar40x_klt_5class_slideind_foldB_lora_adaptformer_r8_a8_red16_heads_e10_seed42/log/2026-08-20T112527_sthelar40x_klt_5class_slideind_foldB_lora_adaptformer_r8_a8_red16_heads_e10_seed42/inference_results.json,Type F1 is calculated from paired foreground confusion only
matched_class_metric,Kidney,B,Generalist Selected PEFT,42,matched_test,,Stromal,,,,paired_type_F1,0.502272072706,20893,2601,26335,6723,run/sthelar40x_klt_5class_slideind_foldB_lora_adaptformer_r8_a8_red16_heads_e10_seed42/log/2026-08-20T112527_sthelar40x_klt_5class_slideind_foldB_lora_adaptformer_r8_a8_red16_heads_e10_seed42/inference_results.json,Type F1 is calculated from paired foreground confusion only
predicted_class_frequency,Kidney,B,Generalist Selected PEFT,42,matched_test,,,Stromal,82825,0.470888220546,,,20893,2601,26335,6723,run/sthelar40x_klt_5class_slideind_foldB_lora_adaptformer_r8_a8_red16_heads_e10_seed42/log/2026-08-20T112527_sthelar40x_klt_5class_slideind_foldB_lora_adaptformer_r8_a8_red16_heads_e10_seed42/inference_results.json,Foreground predicted instances; unmatched predictions included
matched_class_metric,Kidney,B,Generalist Selected PEFT,42,matched_test,,Epithelial,,,,matched_true_support,94510,20893,2601,26335,6723,run/sthelar40x_klt_5class_slideind_foldB_lora_adaptformer_r8_a8_red16_heads_e10_seed42/log/2026-08-20T112527_sthelar40x_klt_5class_slideind_foldB_lora_adaptformer_r8_a8_red16_heads_e10_seed42/inference_results.json,Type F1 is calculated from paired foreground confusion only
matched_class_metric,Kidney,B,Generalist Selected PEFT,42,matched_test,,Epithelial,,,,total_true_support,106830,20893,2601,26335,6723,run/sthelar40x_klt_5class_slideind_foldB_lora_adaptformer_r8_a8_red16_heads_e10_seed42/log/2026-08-20T112527_sthelar40x_klt_5class_slideind_foldB_lora_adaptformer_r8_a8_red16_heads_e10_seed42/inference_results.json,Type F1 is calculated from paired foreground confusion only
matched_class_metric,Kidney,B,Generalist Selected PEFT,42,matched_test,,Epithelial,,,,paired_type_F1,0.635962093899,20893,2601,26335,6723,run/sthelar40x_klt_5class_slideind_foldB_lora_adaptformer_r8_a8_red16_heads_e10_seed42/log/2026-08-20T112527_sthelar40x_klt_5class_slideind_foldB_lora_adaptformer_r8_a8_red16_heads_e10_seed42/inference_results.json,Type F1 is calculated from paired foreground confusion only
predicted_class_frequency,Kidney,B,Generalist Selected PEFT,42,matched_test,,,Epithelial,55458,0.315297542228,,,20893,2601,26335,6723,run/sthelar40x_klt_5class_slideind_foldB_lora_adaptformer_r8_a8_red16_heads_e10_seed42/log/2026-08-20T112527_sthelar40x_klt_5class_slideind_foldB_lora_adaptformer_r8_a8_red16_heads_e10_seed42/inference_results.json,Foreground predicted instances; unmatched predictions included
matched_class_metric,Kidney,B,Generalist Selected PEFT,42,matched_test,,Melanocyte,,,,matched_true_support,0,20893,2601,26335,6723,run/sthelar40x_klt_5class_slideind_foldB_lora_adaptformer_r8_a8_red16_heads_e10_seed42/log/2026-08-20T112527_sthelar40x_klt_5class_slideind_foldB_lora_adaptformer_r8_a8_red16_heads_e10_seed42/inference_results.json,Type F1 is calculated from paired foreground confusion only
matched_class_metric,Kidney,B,Generalist Selected PEFT,42,matched_test,,Melanocyte,,,,total_true_support,0,20893,2601,26335,6723,run/sthelar40x_klt_5class_slideind_foldB_lora_adaptformer_r8_a8_red16_heads_e10_seed42/log/2026-08-20T112527_sthelar40x_klt_5class_slideind_foldB_lora_adaptformer_r8_a8_red16_heads_e10_seed42/inference_results.json,Type F1 is calculated from paired foreground confusion only
matched_class_metric,Kidney,B,Generalist Selected PEFT,42,matched_test,,Melanocyte,,,,paired_type_F1,nan,20893,2601,26335,6723,run/sthelar40x_klt_5class_slideind_foldB_lora_adaptformer_r8_a8_red16_heads_e10_seed42/log/2026-08-20T112527_sthelar40x_klt_5class_slideind_foldB_lora_adaptformer_r8_a8_red16_heads_e10_seed42/inference_results.json,Type F1 is calculated from paired foreground confusion only
predicted_class_frequency,Kidney,B,Generalist Selected PEFT,42,matched_test,,,Melanocyte,0,0,,,20893,2601,26335,6723,run/sthelar40x_klt_5class_slideind_foldB_lora_adaptformer_r8_a8_red16_heads_e10_seed42/log/2026-08-20T112527_sthelar40x_klt_5class_slideind_foldB_lora_adaptformer_r8_a8_red16_heads_e10_seed42/inference_results.json,Foreground predicted instances; unmatched predictions included
matched_class_metric,Kidney,B,Generalist Selected PEFT,42,matched_test,,Other,,,,matched_true_support,7256,20893,2601,26335,6723,run/sthelar40x_klt_5class_slideind_foldB_lora_adaptformer_r8_a8_red16_heads_e10_seed42/log/2026-08-20T112527_sthelar40x_klt_5class_slideind_foldB_lora_adaptformer_r8_a8_red16_heads_e10_seed42/inference_results.json,Type F1 is calculated from paired foreground confusion only
matched_class_metric,Kidney,B,Generalist Selected PEFT,42,matched_test,,Other,,,,total_true_support,9918,20893,2601,26335,6723,run/sthelar40x_klt_5class_slideind_foldB_lora_adaptformer_r8_a8_red16_heads_e10_seed42/log/2026-08-20T112527_sthelar40x_klt_5class_slideind_foldB_lora_adaptformer_r8_a8_red16_heads_e10_seed42/inference_results.json,Type F1 is calculated from paired foreground confusion only
matched_class_metric,Kidney,B,Generalist Selected PEFT,42,matched_test,,Other,,,,paired_type_F1,0.00027555800496,20893,2601,26335,6723,run/sthelar40x_klt_5class_slideind_foldB_lora_adaptformer_r8_a8_red16_heads_e10_seed42/log/2026-08-20T112527_sthelar40x_klt_5class_slideind_foldB_lora_adaptformer_r8_a8_red16_heads_e10_seed42/inference_results.json,Type F1 is calculated from paired foreground confusion only
predicted_class_frequency,Kidney,B,Generalist Selected PEFT,42,matched_test,,,Other,2,1.13706784315e-05,,,20893,2601,26335,6723,run/sthelar40x_klt_5class_slideind_foldB_lora_adaptformer_r8_a8_red16_heads_e10_seed42/log/2026-08-20T112527_sthelar40x_klt_5class_slideind_foldB_lora_adaptformer_r8_a8_red16_heads_e10_seed42/inference_results.json,Foreground predicted instances; unmatched predictions included
paired_confusion,Kidney,B,Generalist Selected PEFT,42,matched_test,,Background,Background,7,,,,20893,2601,26335,6723,run/sthelar40x_klt_5class_slideind_foldB_lora_adaptformer_r8_a8_red16_heads_e10_seed42/log/2026-08-20T112527_sthelar40x_klt_5class_slideind_foldB_lora_adaptformer_r8_a8_red16_heads_e10_seed42/inference_results.json,"Rows=true, columns=predicted; exact matched patch intersection"
paired_confusion,Kidney,B,Generalist Selected PEFT,42,matched_test,,Background,Immune,0,,,,20893,2601,26335,6723,run/sthelar40x_klt_5class_slideind_foldB_lora_adaptformer_r8_a8_red16_heads_e10_seed42/log/2026-08-20T112527_sthelar40x_klt_5class_slideind_foldB_lora_adaptformer_r8_a8_red16_heads_e10_seed42/inference_results.json,"Rows=true, columns=predicted; exact matched patch intersection"
paired_confusion,Kidney,B,Generalist Selected PEFT,42,matched_test,,Background,Stromal,0,,,,20893,2601,26335,6723,run/sthelar40x_klt_5class_slideind_foldB_lora_adaptformer_r8_a8_red16_heads_e10_seed42/log/2026-08-20T112527_sthelar40x_klt_5class_slideind_foldB_lora_adaptformer_r8_a8_red16_heads_e10_seed42/inference_results.json,"Rows=true, columns=predicted; exact matched patch intersection"
paired_confusion,Kidney,B,Generalist Selected PEFT,42,matched_test,,Background,Epithelial,0,,,,20893,2601,26335,6723,run/sthelar40x_klt_5class_slideind_foldB_lora_adaptformer_r8_a8_red16_heads_e10_seed42/log/2026-08-20T112527_sthelar40x_klt_5class_slideind_foldB_lora_adaptformer_r8_a8_red16_heads_e10_seed42/inference_results.json,"Rows=true, columns=predicted; exact matched patch intersection"
paired_confusion,Kidney,B,Generalist Selected PEFT,42,matched_test,,Background,Melanocyte,0,,,,20893,2601,26335,6723,run/sthelar40x_klt_5class_slideind_foldB_lora_adaptformer_r8_a8_red16_heads_e10_seed42/log/2026-08-20T112527_sthelar40x_klt_5class_slideind_foldB_lora_adaptformer_r8_a8_red16_heads_e10_seed42/inference_results.json,"Rows=true, columns=predicted; exact matched patch intersection"
paired_confusion,Kidney,B,Generalist Selected PEFT,42,matched_test,,Background,Other,0,,,,20893,2601,26335,6723,run/sthelar40x_klt_5class_slideind_foldB_lora_adaptformer_r8_a8_red16_heads_e10_seed42/log/2026-08-20T112527_sthelar40x_klt_5class_slideind_foldB_lora_adaptformer_r8_a8_red16_heads_e10_seed42/inference_results.json,"Rows=true, columns=predicted; exact matched patch intersection"
paired_confusion,Kidney,B,Generalist Selected PEFT,42,matched_test,,Immune,Background,7,,,,20893,2601,26335,6723,run/sthelar40x_klt_5class_slideind_foldB_lora_adaptformer_r8_a8_red16_heads_e10_seed42/log/2026-08-20T112527_sthelar40x_klt_5class_slideind_foldB_lora_adaptformer_r8_a8_red16_heads_e10_seed42/inference_results.json,"Rows=true, columns=predicted; exact matched patch intersection"
paired_confusion,Kidney,B,Generalist Selected PEFT,42,matched_test,,Immune,Immune,7195,,,,20893,2601,26335,6723,run/sthelar40x_klt_5class_slideind_foldB_lora_adaptformer_r8_a8_red16_heads_e10_seed42/log/2026-08-20T112527_sthelar40x_klt_5class_slideind_foldB_lora_adaptformer_r8_a8_red16_heads_e10_seed42/inference_results.json,"Rows=true, columns=predicted; exact matched patch intersection"
paired_confusion,Kidney,B,Generalist Selected PEFT,42,matched_test,,Immune,Stromal,7990,,,,20893,2601,26335,6723,run/sthelar40x_klt_5class_slideind_foldB_lora_adaptformer_r8_a8_red16_heads_e10_seed42/log/2026-08-20T112527_sthelar40x_klt_5class_slideind_foldB_lora_adaptformer_r8_a8_red16_heads_e10_seed42/inference_results.json,"Rows=true, columns=predicted; exact matched patch intersection"
paired_confusion,Kidney,B,Generalist Selected PEFT,42,matched_test,,Immune,Epithelial,1464,,,,20893,2601,26335,6723,run/sthelar40x_klt_5class_slideind_foldB_lora_adaptformer_r8_a8_red16_heads_e10_seed42/log/2026-08-20T112527_sthelar40x_klt_5class_slideind_foldB_lora_adaptformer_r8_a8_red16_heads_e10_seed42/inference_results.json,"Rows=true, columns=predicted; exact matched patch intersection"
paired_confusion,Kidney,B,Generalist Selected PEFT,42,matched_test,,Immune,Melanocyte,0,,,,20893,2601,26335,6723,run/sthelar40x_klt_5class_slideind_foldB_lora_adaptformer_r8_a8_red16_heads_e10_seed42/log/2026-08-20T112527_sthelar40x_klt_5class_slideind_foldB_lora_adaptformer_r8_a8_red16_heads_e10_seed42/inference_results.json,"Rows=true, columns=predicted; exact matched patch intersection"
paired_confusion,Kidney,B,Generalist Selected PEFT,42,matched_test,,Immune,Other,0,,,,20893,2601,26335,6723,run/sthelar40x_klt_5class_slideind_foldB_lora_adaptformer_r8_a8_red16_heads_e10_seed42/log/2026-08-20T112527_sthelar40x_klt_5class_slideind_foldB_lora_adaptformer_r8_a8_red16_heads_e10_seed42/inference_results.json,"Rows=true, columns=predicted; exact matched patch intersection"
paired_confusion,Kidney,B,Generalist Selected PEFT,42,matched_test,,Stromal,Background,20,,,,20893,2601,26335,6723,run/sthelar40x_klt_5class_slideind_foldB_lora_adaptformer_r8_a8_red16_heads_e10_seed42/log/2026-08-20T112527_sthelar40x_klt_5class_slideind_foldB_lora_adaptformer_r8_a8_red16_heads_e10_seed42/inference_results.json,"Rows=true, columns=predicted; exact matched patch intersection"
paired_confusion,Kidney,B,Generalist Selected PEFT,42,matched_test,,Stromal,Immune,12434,,,,20893,2601,26335,6723,run/sthelar40x_klt_5class_slideind_foldB_lora_adaptformer_r8_a8_red16_heads_e10_seed42/log/2026-08-20T112527_sthelar40x_klt_5class_slideind_foldB_lora_adaptformer_r8_a8_red16_heads_e10_seed42/inference_results.json,"Rows=true, columns=predicted; exact matched patch intersection"
paired_confusion,Kidney,B,Generalist Selected PEFT,42,matched_test,,Stromal,Stromal,31391,,,,20893,2601,26335,6723,run/sthelar40x_klt_5class_slideind_foldB_lora_adaptformer_r8_a8_red16_heads_e10_seed42/log/2026-08-20T112527_sthelar40x_klt_5class_slideind_foldB_lora_adaptformer_r8_a8_red16_heads_e10_seed42/inference_results.json,"Rows=true, columns=predicted; exact matched patch intersection"
paired_confusion,Kidney,B,Generalist Selected PEFT,42,matched_test,,Stromal,Epithelial,3839,,,,20893,2601,26335,6723,run/sthelar40x_klt_5class_slideind_foldB_lora_adaptformer_r8_a8_red16_heads_e10_seed42/log/2026-08-20T112527_sthelar40x_klt_5class_slideind_foldB_lora_adaptformer_r8_a8_red16_heads_e10_seed42/inference_results.json,"Rows=true, columns=predicted; exact matched patch intersection"
paired_confusion,Kidney,B,Generalist Selected PEFT,42,matched_test,,Stromal,Melanocyte,0,,,,20893,2601,26335,6723,run/sthelar40x_klt_5class_slideind_foldB_lora_adaptformer_r8_a8_red16_heads_e10_seed42/log/2026-08-20T112527_sthelar40x_klt_5class_slideind_foldB_lora_adaptformer_r8_a8_red16_heads_e10_seed42/inference_results.json,"Rows=true, columns=predicted; exact matched patch intersection"
paired_confusion,Kidney,B,Generalist Selected PEFT,42,matched_test,,Stromal,Other,1,,,,20893,2601,26335,6723,run/sthelar40x_klt_5class_slideind_foldB_lora_adaptformer_r8_a8_red16_heads_e10_seed42/log/2026-08-20T112527_sthelar40x_klt_5class_slideind_foldB_lora_adaptformer_r8_a8_red16_heads_e10_seed42/inference_results.json,"Rows=true, columns=predicted; exact matched patch intersection"
paired_confusion,Kidney,B,Generalist Selected PEFT,42,matched_test,,Epithelial,Background,94,,,,20893,2601,26335,6723,run/sthelar40x_klt_5class_slideind_foldB_lora_adaptformer_r8_a8_red16_heads_e10_seed42/log/2026-08-20T112527_sthelar40x_klt_5class_slideind_foldB_lora_adaptformer_r8_a8_red16_heads_e10_seed42/inference_results.json,"Rows=true, columns=predicted; exact matched patch intersection"
paired_confusion,Kidney,B,Generalist Selected PEFT,42,matched_test,,Epithelial,Immune,14062,,,,20893,2601,26335,6723,run/sthelar40x_klt_5class_slideind_foldB_lora_adaptformer_r8_a8_red16_heads_e10_seed42/log/2026-08-20T112527_sthelar40x_klt_5class_slideind_foldB_lora_adaptformer_r8_a8_red16_heads_e10_seed42/inference_results.json,"Rows=true, columns=predicted; exact matched patch intersection"
paired_confusion,Kidney,B,Generalist Selected PEFT,42,matched_test,,Epithelial,Stromal,33438,,,,20893,2601,26335,6723,run/sthelar40x_klt_5class_slideind_foldB_lora_adaptformer_r8_a8_red16_heads_e10_seed42/log/2026-08-20T112527_sthelar40x_klt_5class_slideind_foldB_lora_adaptformer_r8_a8_red16_heads_e10_seed42/inference_results.json,"Rows=true, columns=predicted; exact matched patch intersection"
paired_confusion,Kidney,B,Generalist Selected PEFT,42,matched_test,,Epithelial,Epithelial,47010,,,,20893,2601,26335,6723,run/sthelar40x_klt_5class_slideind_foldB_lora_adaptformer_r8_a8_red16_heads_e10_seed42/log/2026-08-20T112527_sthelar40x_klt_5class_slideind_foldB_lora_adaptformer_r8_a8_red16_heads_e10_seed42/inference_results.json,"Rows=true, columns=predicted; exact matched patch intersection"
paired_confusion,Kidney,B,Generalist Selected PEFT,42,matched_test,,Epithelial,Melanocyte,0,,,,20893,2601,26335,6723,run/sthelar40x_klt_5class_slideind_foldB_lora_adaptformer_r8_a8_red16_heads_e10_seed42/log/2026-08-20T112527_sthelar40x_klt_5class_slideind_foldB_lora_adaptformer_r8_a8_red16_heads_e10_seed42/inference_results.json,"Rows=true, columns=predicted; exact matched patch intersection"
paired_confusion,Kidney,B,Generalist Selected PEFT,42,matched_test,,Epithelial,Other,0,,,,20893,2601,26335,6723,run/sthelar40x_klt_5class_slideind_foldB_lora_adaptformer_r8_a8_red16_heads_e10_seed42/log/2026-08-20T112527_sthelar40x_klt_5class_slideind_foldB_lora_adaptformer_r8_a8_red16_heads_e10_seed42/inference_results.json,"Rows=true, columns=predicted; exact matched patch intersection"
paired_confusion,Kidney,B,Generalist Selected PEFT,42,matched_test,,Melanocyte,Background,0,,,,20893,2601,26335,6723,run/sthelar40x_klt_5class_slideind_foldB_lora_adaptformer_r8_a8_red16_heads_e10_seed42/log/2026-08-20T112527_sthelar40x_klt_5class_slideind_foldB_lora_adaptformer_r8_a8_red16_heads_e10_seed42/inference_results.json,"Rows=true, columns=predicted; exact matched patch intersection"
paired_confusion,Kidney,B,Generalist Selected PEFT,42,matched_test,,Melanocyte,Immune,0,,,,20893,2601,26335,6723,run/sthelar40x_klt_5class_slideind_foldB_lora_adaptformer_r8_a8_red16_heads_e10_seed42/log/2026-08-20T112527_sthelar40x_klt_5class_slideind_foldB_lora_adaptformer_r8_a8_red16_heads_e10_seed42/inference_results.json,"Rows=true, columns=predicted; exact matched patch intersection"
paired_confusion,Kidney,B,Generalist Selected PEFT,42,matched_test,,Melanocyte,Stromal,0,,,,20893,2601,26335,6723,run/sthelar40x_klt_5class_slideind_foldB_lora_adaptformer_r8_a8_red16_heads_e10_seed42/log/2026-08-20T112527_sthelar40x_klt_5class_slideind_foldB_lora_adaptformer_r8_a8_red16_heads_e10_seed42/inference_results.json,"Rows=true, columns=predicted; exact matched patch intersection"
paired_confusion,Kidney,B,Generalist Selected PEFT,42,matched_test,,Melanocyte,Epithelial,0,,,,20893,2601,26335,6723,run/sthelar40x_klt_5class_slideind_foldB_lora_adaptformer_r8_a8_red16_heads_e10_seed42/log/2026-08-20T112527_sthelar40x_klt_5class_slideind_foldB_lora_adaptformer_r8_a8_red16_heads_e10_seed42/inference_results.json,"Rows=true, columns=predicted; exact matched patch intersection"
paired_confusion,Kidney,B,Generalist Selected PEFT,42,matched_test,,Melanocyte,Melanocyte,0,,,,20893,2601,26335,6723,run/sthelar40x_klt_5class_slideind_foldB_lora_adaptformer_r8_a8_red16_heads_e10_seed42/log/2026-08-20T112527_sthelar40x_klt_5class_slideind_foldB_lora_adaptformer_r8_a8_red16_heads_e10_seed42/inference_results.json,"Rows=true, columns=predicted; exact matched patch intersection"
paired_confusion,Kidney,B,Generalist Selected PEFT,42,matched_test,,Melanocyte,Other,0,,,,20893,2601,26335,6723,run/sthelar40x_klt_5class_slideind_foldB_lora_adaptformer_r8_a8_red16_heads_e10_seed42/log/2026-08-20T112527_sthelar40x_klt_5class_slideind_foldB_lora_adaptformer_r8_a8_red16_heads_e10_seed42/inference_results.json,"Rows=true, columns=predicted; exact matched patch intersection"
paired_confusion,Kidney,B,Generalist Selected PEFT,42,matched_test,,Other,Background,9,,,,20893,2601,26335,6723,run/sthelar40x_klt_5class_slideind_foldB_lora_adaptformer_r8_a8_red16_heads_e10_seed42/log/2026-08-20T112527_sthelar40x_klt_5class_slideind_foldB_lora_adaptformer_r8_a8_red16_heads_e10_seed42/inference_results.json,"Rows=true, columns=predicted; exact matched patch intersection"
paired_confusion,Kidney,B,Generalist Selected PEFT,42,matched_test,,Other,Immune,1727,,,,20893,2601,26335,6723,run/sthelar40x_klt_5class_slideind_foldB_lora_adaptformer_r8_a8_red16_heads_e10_seed42/log/2026-08-20T112527_sthelar40x_klt_5class_slideind_foldB_lora_adaptformer_r8_a8_red16_heads_e10_seed42/inference_results.json,"Rows=true, columns=predicted; exact matched patch intersection"
paired_confusion,Kidney,B,Generalist Selected PEFT,42,matched_test,,Other,Stromal,4512,,,,20893,2601,26335,6723,run/sthelar40x_klt_5class_slideind_foldB_lora_adaptformer_r8_a8_red16_heads_e10_seed42/log/2026-08-20T112527_sthelar40x_klt_5class_slideind_foldB_lora_adaptformer_r8_a8_red16_heads_e10_seed42/inference_results.json,"Rows=true, columns=predicted; exact matched patch intersection"
paired_confusion,Kidney,B,Generalist Selected PEFT,42,matched_test,,Other,Epithelial,1016,,,,20893,2601,26335,6723,run/sthelar40x_klt_5class_slideind_foldB_lora_adaptformer_r8_a8_red16_heads_e10_seed42/log/2026-08-20T112527_sthelar40x_klt_5class_slideind_foldB_lora_adaptformer_r8_a8_red16_heads_e10_seed42/inference_results.json,"Rows=true, columns=predicted; exact matched patch intersection"
paired_confusion,Kidney,B,Generalist Selected PEFT,42,matched_test,,Other,Melanocyte,0,,,,20893,2601,26335,6723,run/sthelar40x_klt_5class_slideind_foldB_lora_adaptformer_r8_a8_red16_heads_e10_seed42/log/2026-08-20T112527_sthelar40x_klt_5class_slideind_foldB_lora_adaptformer_r8_a8_red16_heads_e10_seed42/inference_results.json,"Rows=true, columns=predicted; exact matched patch intersection"
paired_confusion,Kidney,B,Generalist Selected PEFT,42,matched_test,,Other,Other,1,,,,20893,2601,26335,6723,run/sthelar40x_klt_5class_slideind_foldB_lora_adaptformer_r8_a8_red16_heads_e10_seed42/log/2026-08-20T112527_sthelar40x_klt_5class_slideind_foldB_lora_adaptformer_r8_a8_red16_heads_e10_seed42/inference_results.json,"Rows=true, columns=predicted; exact matched patch intersection"
distribution_shift_summary,Kidney,B,Generalist Selected PEFT,42,train_to_matched_test,,,,,,total_variation,0.430193753634,20893,2601,26335,6723,run/sthelar40x_klt_5class_slideind_foldB_lora_adaptformer_r8_a8_red16_heads_e10_seed42/log/2026-08-20T112527_sthelar40x_klt_5class_slideind_foldB_lora_adaptformer_r8_a8_red16_heads_e10_seed42/inference_results.json,
distribution_shift_summary,Kidney,B,Generalist Selected PEFT,42,train_to_matched_test,,,,,,jensen_shannon_bits,0.174008632686,20893,2601,26335,6723,run/sthelar40x_klt_5class_slideind_foldB_lora_adaptformer_r8_a8_red16_heads_e10_seed42/log/2026-08-20T112527_sthelar40x_klt_5class_slideind_foldB_lora_adaptformer_r8_a8_red16_heads_e10_seed42/inference_results.json,
distribution_shift_class,Kidney,B,Generalist Selected PEFT,42,train_to_matched_test,,Immune,,,,frequency_delta_test_minus_train,-0.430193753634,20893,2601,26335,6723,run/sthelar40x_klt_5class_slideind_foldB_lora_adaptformer_r8_a8_red16_heads_e10_seed42/log/2026-08-20T112527_sthelar40x_klt_5class_slideind_foldB_lora_adaptformer_r8_a8_red16_heads_e10_seed42/inference_results.json,
distribution_shift_class,Kidney,B,Generalist Selected PEFT,42,train_to_matched_test,,Immune,,,,train_to_test_frequency_ratio,5.17741115673,20893,2601,26335,6723,run/sthelar40x_klt_5class_slideind_foldB_lora_adaptformer_r8_a8_red16_heads_e10_seed42/log/2026-08-20T112527_sthelar40x_klt_5class_slideind_foldB_lora_adaptformer_r8_a8_red16_heads_e10_seed42/inference_results.json,
distribution_shift_class,Kidney,B,Generalist Selected PEFT,42,train_to_matched_test,,Stromal,,,,frequency_delta_test_minus_train,0.0755177555185,20893,2601,26335,6723,run/sthelar40x_klt_5class_slideind_foldB_lora_adaptformer_r8_a8_red16_heads_e10_seed42/log/2026-08-20T112527_sthelar40x_klt_5class_slideind_foldB_lora_adaptformer_r8_a8_red16_heads_e10_seed42/inference_results.json,
distribution_shift_class,Kidney,B,Generalist Selected PEFT,42,train_to_matched_test,,Stromal,,,,train_to_test_frequency_ratio,0.737651738161,20893,2601,26335,6723,run/sthelar40x_klt_5class_slideind_foldB_lora_adaptformer_r8_a8_red16_heads_e10_seed42/log/2026-08-20T112527_sthelar40x_klt_5class_slideind_foldB_lora_adaptformer_r8_a8_red16_heads_e10_seed42/inference_results.json,
distribution_shift_class,Kidney,B,Generalist Selected PEFT,42,train_to_matched_test,,Epithelial,,,,frequency_delta_test_minus_train,0.333387668921,20893,2601,26335,6723,run/sthelar40x_klt_5class_slideind_foldB_lora_adaptformer_r8_a8_red16_heads_e10_seed42/log/2026-08-20T112527_sthelar40x_klt_5class_slideind_foldB_lora_adaptformer_r8_a8_red16_heads_e10_seed42/inference_results.json,
distribution_shift_class,Kidney,B,Generalist Selected PEFT,42,train_to_matched_test,,Epithelial,,,,train_to_test_frequency_ratio,0.401968381625,20893,2601,26335,6723,run/sthelar40x_klt_5class_slideind_foldB_lora_adaptformer_r8_a8_red16_heads_e10_seed42/log/2026-08-20T112527_sthelar40x_klt_5class_slideind_foldB_lora_adaptformer_r8_a8_red16_heads_e10_seed42/inference_results.json,
distribution_shift_class,Kidney,B,Generalist Selected PEFT,42,train_to_matched_test,,Melanocyte,,,,frequency_delta_test_minus_train,0,20893,2601,26335,6723,run/sthelar40x_klt_5class_slideind_foldB_lora_adaptformer_r8_a8_red16_heads_e10_seed42/log/2026-08-20T112527_sthelar40x_klt_5class_slideind_foldB_lora_adaptformer_r8_a8_red16_heads_e10_seed42/inference_results.json,
distribution_shift_class,Kidney,B,Generalist Selected PEFT,42,train_to_matched_test,,Melanocyte,,,,train_to_test_frequency_ratio,nan,20893,2601,26335,6723,run/sthelar40x_klt_5class_slideind_foldB_lora_adaptformer_r8_a8_red16_heads_e10_seed42/log/2026-08-20T112527_sthelar40x_klt_5class_slideind_foldB_lora_adaptformer_r8_a8_red16_heads_e10_seed42/inference_results.json,
distribution_shift_class,Kidney,B,Generalist Selected PEFT,42,train_to_matched_test,,Other,,,,frequency_delta_test_minus_train,0.0212883291946,20893,2601,26335,6723,run/sthelar40x_klt_5class_slideind_foldB_lora_adaptformer_r8_a8_red16_heads_e10_seed42/log/2026-08-20T112527_sthelar40x_klt_5class_slideind_foldB_lora_adaptformer_r8_a8_red16_heads_e10_seed42/inference_results.json,
distribution_shift_class,Kidney,B,Generalist Selected PEFT,42,train_to_matched_test,,Other,,,,train_to_test_frequency_ratio,0.588161666501,20893,2601,26335,6723,run/sthelar40x_klt_5class_slideind_foldB_lora_adaptformer_r8_a8_red16_heads_e10_seed42/log/2026-08-20T112527_sthelar40x_klt_5class_slideind_foldB_lora_adaptformer_r8_a8_red16_heads_e10_seed42/inference_results.json,
training_curve,Kidney,B,Generalist Selected PEFT,42,train,1,,,,,train_loss,7.6933,20893,2601,26335,6723,run/sthelar40x_klt_5class_slideind_foldB_lora_adaptformer_r8_a8_red16_heads_e10_seed42/log/2026-08-20T112527_sthelar40x_klt_5class_slideind_foldB_lora_adaptformer_r8_a8_red16_heads_e10_seed42/logs.log,Validation curve is descriptive only and is never used as canonical TEST evidence
training_curve,Kidney,B,Generalist Selected PEFT,42,train,1,,,,,train_Dice,0.7237,20893,2601,26335,6723,run/sthelar40x_klt_5class_slideind_foldB_lora_adaptformer_r8_a8_red16_heads_e10_seed42/log/2026-08-20T112527_sthelar40x_klt_5class_slideind_foldB_lora_adaptformer_r8_a8_red16_heads_e10_seed42/logs.log,Validation curve is descriptive only and is never used as canonical TEST evidence
training_curve,Kidney,B,Generalist Selected PEFT,42,train,1,,,,,train_Jaccard,0.59,20893,2601,26335,6723,run/sthelar40x_klt_5class_slideind_foldB_lora_adaptformer_r8_a8_red16_heads_e10_seed42/log/2026-08-20T112527_sthelar40x_klt_5class_slideind_foldB_lora_adaptformer_r8_a8_red16_heads_e10_seed42/logs.log,Validation curve is descriptive only and is never used as canonical TEST evidence
training_curve,Kidney,B,Generalist Selected PEFT,42,validation,1,,,,,val_loss,6.2509,20893,2601,26335,6723,run/sthelar40x_klt_5class_slideind_foldB_lora_adaptformer_r8_a8_red16_heads_e10_seed42/log/2026-08-20T112527_sthelar40x_klt_5class_slideind_foldB_lora_adaptformer_r8_a8_red16_heads_e10_seed42/logs.log,Validation curve is descriptive only and is never used as canonical TEST evidence
training_curve,Kidney,B,Generalist Selected PEFT,42,validation,1,,,,,val_Dice,0.7325,20893,2601,26335,6723,run/sthelar40x_klt_5class_slideind_foldB_lora_adaptformer_r8_a8_red16_heads_e10_seed42/log/2026-08-20T112527_sthelar40x_klt_5class_slideind_foldB_lora_adaptformer_r8_a8_red16_heads_e10_seed42/logs.log,Validation curve is descriptive only and is never used as canonical TEST evidence
training_curve,Kidney,B,Generalist Selected PEFT,42,validation,1,,,,,val_Jaccard,0.6071,20893,2601,26335,6723,run/sthelar40x_klt_5class_slideind_foldB_lora_adaptformer_r8_a8_red16_heads_e10_seed42/log/2026-08-20T112527_sthelar40x_klt_5class_slideind_foldB_lora_adaptformer_r8_a8_red16_heads_e10_seed42/logs.log,Validation curve is descriptive only and is never used as canonical TEST evidence
training_curve,Kidney,B,Generalist Selected PEFT,42,validation,1,,,,,val_bPQ,0.4271,20893,2601,26335,6723,run/sthelar40x_klt_5class_slideind_foldB_lora_adaptformer_r8_a8_red16_heads_e10_seed42/log/2026-08-20T112527_sthelar40x_klt_5class_slideind_foldB_lora_adaptformer_r8_a8_red16_heads_e10_seed42/logs.log,Validation curve is descriptive only and is never used as canonical TEST evidence
training_curve,Kidney,B,Generalist Selected PEFT,42,validation,1,,,,,val_mPQ,0.2228,20893,2601,26335,6723,run/sthelar40x_klt_5class_slideind_foldB_lora_adaptformer_r8_a8_red16_heads_e10_seed42/log/2026-08-20T112527_sthelar40x_klt_5class_slideind_foldB_lora_adaptformer_r8_a8_red16_heads_e10_seed42/logs.log,Validation curve is descriptive only and is never used as canonical TEST evidence
training_curve,Kidney,B,Generalist Selected PEFT,42,train,2,,,,,train_loss,5.9817,20893,2601,26335,6723,run/sthelar40x_klt_5class_slideind_foldB_lora_adaptformer_r8_a8_red16_heads_e10_seed42/log/2026-08-20T112527_sthelar40x_klt_5class_slideind_foldB_lora_adaptformer_r8_a8_red16_heads_e10_seed42/logs.log,Validation curve is descriptive only and is never used as canonical TEST evidence
training_curve,Kidney,B,Generalist Selected PEFT,42,train,2,,,,,train_Dice,0.7538,20893,2601,26335,6723,run/sthelar40x_klt_5class_slideind_foldB_lora_adaptformer_r8_a8_red16_heads_e10_seed42/log/2026-08-20T112527_sthelar40x_klt_5class_slideind_foldB_lora_adaptformer_r8_a8_red16_heads_e10_seed42/logs.log,Validation curve is descriptive only and is never used as canonical TEST evidence
training_curve,Kidney,B,Generalist Selected PEFT,42,train,2,,,,,train_Jaccard,0.6281,20893,2601,26335,6723,run/sthelar40x_klt_5class_slideind_foldB_lora_adaptformer_r8_a8_red16_heads_e10_seed42/log/2026-08-20T112527_sthelar40x_klt_5class_slideind_foldB_lora_adaptformer_r8_a8_red16_heads_e10_seed42/logs.log,Validation curve is descriptive only and is never used as canonical TEST evidence
training_curve,Kidney,B,Generalist Selected PEFT,42,validation,2,,,,,val_loss,5.7965,20893,2601,26335,6723,run/sthelar40x_klt_5class_slideind_foldB_lora_adaptformer_r8_a8_red16_heads_e10_seed42/log/2026-08-20T112527_sthelar40x_klt_5class_slideind_foldB_lora_adaptformer_r8_a8_red16_heads_e10_seed42/logs.log,Validation curve is descriptive only and is never used as canonical TEST evidence
training_curve,Kidney,B,Generalist Selected PEFT,42,validation,2,,,,,val_Dice,0.7526,20893,2601,26335,6723,run/sthelar40x_klt_5class_slideind_foldB_lora_adaptformer_r8_a8_red16_heads_e10_seed42/log/2026-08-20T112527_sthelar40x_klt_5class_slideind_foldB_lora_adaptformer_r8_a8_red16_heads_e10_seed42/logs.log,Validation curve is descriptive only and is never used as canonical TEST evidence
training_curve,Kidney,B,Generalist Selected PEFT,42,validation,2,,,,,val_Jaccard,0.6328,20893,2601,26335,6723,run/sthelar40x_klt_5class_slideind_foldB_lora_adaptformer_r8_a8_red16_heads_e10_seed42/log/2026-08-20T112527_sthelar40x_klt_5class_slideind_foldB_lora_adaptformer_r8_a8_red16_heads_e10_seed42/logs.log,Validation curve is descriptive only and is never used as canonical TEST evidence
training_curve,Kidney,B,Generalist Selected PEFT,42,validation,2,,,,,val_bPQ,0.4598,20893,2601,26335,6723,run/sthelar40x_klt_5class_slideind_foldB_lora_adaptformer_r8_a8_red16_heads_e10_seed42/log/2026-08-20T112527_sthelar40x_klt_5class_slideind_foldB_lora_adaptformer_r8_a8_red16_heads_e10_seed42/logs.log,Validation curve is descriptive only and is never used as canonical TEST evidence
training_curve,Kidney,B,Generalist Selected PEFT,42,validation,2,,,,,val_mPQ,0.2598,20893,2601,26335,6723,run/sthelar40x_klt_5class_slideind_foldB_lora_adaptformer_r8_a8_red16_heads_e10_seed42/log/2026-08-20T112527_sthelar40x_klt_5class_slideind_foldB_lora_adaptformer_r8_a8_red16_heads_e10_seed42/logs.log,Validation curve is descriptive only and is never used as canonical TEST evidence
training_curve,Kidney,B,Generalist Selected PEFT,42,train,3,,,,,train_loss,5.6374,20893,2601,26335,6723,run/sthelar40x_klt_5class_slideind_foldB_lora_adaptformer_r8_a8_red16_heads_e10_seed42/log/2026-08-20T112527_sthelar40x_klt_5class_slideind_foldB_lora_adaptformer_r8_a8_red16_heads_e10_seed42/logs.log,Validation curve is descriptive only and is never used as canonical TEST evidence
training_curve,Kidney,B,Generalist Selected PEFT,42,train,3,,,,,train_Dice,0.7627,20893,2601,26335,6723,run/sthelar40x_klt_5class_slideind_foldB_lora_adaptformer_r8_a8_red16_heads_e10_seed42/log/2026-08-20T112527_sthelar40x_klt_5class_slideind_foldB_lora_adaptformer_r8_a8_red16_heads_e10_seed42/logs.log,Validation curve is descriptive only and is never used as canonical TEST evidence
training_curve,Kidney,B,Generalist Selected PEFT,42,train,3,,,,,train_Jaccard,0.6432,20893,2601,26335,6723,run/sthelar40x_klt_5class_slideind_foldB_lora_adaptformer_r8_a8_red16_heads_e10_seed42/log/2026-08-20T112527_sthelar40x_klt_5class_slideind_foldB_lora_adaptformer_r8_a8_red16_heads_e10_seed42/logs.log,Validation curve is descriptive only and is never used as canonical TEST evidence
training_curve,Kidney,B,Generalist Selected PEFT,42,validation,3,,,,,val_loss,5.7757,20893,2601,26335,6723,run/sthelar40x_klt_5class_slideind_foldB_lora_adaptformer_r8_a8_red16_heads_e10_seed42/log/2026-08-20T112527_sthelar40x_klt_5class_slideind_foldB_lora_adaptformer_r8_a8_red16_heads_e10_seed42/logs.log,Validation curve is descriptive only and is never used as canonical TEST evidence
training_curve,Kidney,B,Generalist Selected PEFT,42,validation,3,,,,,val_Dice,0.7546,20893,2601,26335,6723,run/sthelar40x_klt_5class_slideind_foldB_lora_adaptformer_r8_a8_red16_heads_e10_seed42/log/2026-08-20T112527_sthelar40x_klt_5class_slideind_foldB_lora_adaptformer_r8_a8_red16_heads_e10_seed42/logs.log,Validation curve is descriptive only and is never used as canonical TEST evidence
training_curve,Kidney,B,Generalist Selected PEFT,42,validation,3,,,,,val_Jaccard,0.637,20893,2601,26335,6723,run/sthelar40x_klt_5class_slideind_foldB_lora_adaptformer_r8_a8_red16_heads_e10_seed42/log/2026-08-20T112527_sthelar40x_klt_5class_slideind_foldB_lora_adaptformer_r8_a8_red16_heads_e10_seed42/logs.log,Validation curve is descriptive only and is never used as canonical TEST evidence
training_curve,Kidney,B,Generalist Selected PEFT,42,validation,3,,,,,val_bPQ,0.4705,20893,2601,26335,6723,run/sthelar40x_klt_5class_slideind_foldB_lora_adaptformer_r8_a8_red16_heads_e10_seed42/log/2026-08-20T112527_sthelar40x_klt_5class_slideind_foldB_lora_adaptformer_r8_a8_red16_heads_e10_seed42/logs.log,Validation curve is descriptive only and is never used as canonical TEST evidence
training_curve,Kidney,B,Generalist Selected PEFT,42,validation,3,,,,,val_mPQ,0.2686,20893,2601,26335,6723,run/sthelar40x_klt_5class_slideind_foldB_lora_adaptformer_r8_a8_red16_heads_e10_seed42/log/2026-08-20T112527_sthelar40x_klt_5class_slideind_foldB_lora_adaptformer_r8_a8_red16_heads_e10_seed42/logs.log,Validation curve is descriptive only and is never used as canonical TEST evidence
training_curve,Kidney,B,Generalist Selected PEFT,42,train,4,,,,,train_loss,5.3565,20893,2601,26335,6723,run/sthelar40x_klt_5class_slideind_foldB_lora_adaptformer_r8_a8_red16_heads_e10_seed42/log/2026-08-20T112527_sthelar40x_klt_5class_slideind_foldB_lora_adaptformer_r8_a8_red16_heads_e10_seed42/logs.log,Validation curve is descriptive only and is never used as canonical TEST evidence
training_curve,Kidney,B,Generalist Selected PEFT,42,train,4,,,,,train_Dice,0.7685,20893,2601,26335,6723,run/sthelar40x_klt_5class_slideind_foldB_lora_adaptformer_r8_a8_red16_heads_e10_seed42/log/2026-08-20T112527_sthelar40x_klt_5class_slideind_foldB_lora_adaptformer_r8_a8_red16_heads_e10_seed42/logs.log,Validation curve is descriptive only and is never used as canonical TEST evidence
training_curve,Kidney,B,Generalist Selected PEFT,42,train,4,,,,,train_Jaccard,0.6496,20893,2601,26335,6723,run/sthelar40x_klt_5class_slideind_foldB_lora_adaptformer_r8_a8_red16_heads_e10_seed42/log/2026-08-20T112527_sthelar40x_klt_5class_slideind_foldB_lora_adaptformer_r8_a8_red16_heads_e10_seed42/logs.log,Validation curve is descriptive only and is never used as canonical TEST evidence
training_curve,Kidney,B,Generalist Selected PEFT,42,validation,4,,,,,val_loss,5.1835,20893,2601,26335,6723,run/sthelar40x_klt_5class_slideind_foldB_lora_adaptformer_r8_a8_red16_heads_e10_seed42/log/2026-08-20T112527_sthelar40x_klt_5class_slideind_foldB_lora_adaptformer_r8_a8_red16_heads_e10_seed42/logs.log,Validation curve is descriptive only and is never used as canonical TEST evidence
training_curve,Kidney,B,Generalist Selected PEFT,42,validation,4,,,,,val_Dice,0.755,20893,2601,26335,6723,run/sthelar40x_klt_5class_slideind_foldB_lora_adaptformer_r8_a8_red16_heads_e10_seed42/log/2026-08-20T112527_sthelar40x_klt_5class_slideind_foldB_lora_adaptformer_r8_a8_red16_heads_e10_seed42/logs.log,Validation curve is descriptive only and is never used as canonical TEST evidence
training_curve,Kidney,B,Generalist Selected PEFT,42,validation,4,,,,,val_Jaccard,0.6361,20893,2601,26335,6723,run/sthelar40x_klt_5class_slideind_foldB_lora_adaptformer_r8_a8_red16_heads_e10_seed42/log/2026-08-20T112527_sthelar40x_klt_5class_slideind_foldB_lora_adaptformer_r8_a8_red16_heads_e10_seed42/logs.log,Validation curve is descriptive only and is never used as canonical TEST evidence
training_curve,Kidney,B,Generalist Selected PEFT,42,validation,4,,,,,val_bPQ,0.4646,20893,2601,26335,6723,run/sthelar40x_klt_5class_slideind_foldB_lora_adaptformer_r8_a8_red16_heads_e10_seed42/log/2026-08-20T112527_sthelar40x_klt_5class_slideind_foldB_lora_adaptformer_r8_a8_red16_heads_e10_seed42/logs.log,Validation curve is descriptive only and is never used as canonical TEST evidence
training_curve,Kidney,B,Generalist Selected PEFT,42,validation,4,,,,,val_mPQ,0.265,20893,2601,26335,6723,run/sthelar40x_klt_5class_slideind_foldB_lora_adaptformer_r8_a8_red16_heads_e10_seed42/log/2026-08-20T112527_sthelar40x_klt_5class_slideind_foldB_lora_adaptformer_r8_a8_red16_heads_e10_seed42/logs.log,Validation curve is descriptive only and is never used as canonical TEST evidence
training_curve,Kidney,B,Generalist Selected PEFT,42,train,5,,,,,train_loss,4.5897,20893,2601,26335,6723,run/sthelar40x_klt_5class_slideind_foldB_lora_adaptformer_r8_a8_red16_heads_e10_seed42/log/2026-08-20T112527_sthelar40x_klt_5class_slideind_foldB_lora_adaptformer_r8_a8_red16_heads_e10_seed42/logs.log,Validation curve is descriptive only and is never used as canonical TEST evidence
training_curve,Kidney,B,Generalist Selected PEFT,42,train,5,,,,,train_Dice,0.7696,20893,2601,26335,6723,run/sthelar40x_klt_5class_slideind_foldB_lora_adaptformer_r8_a8_red16_heads_e10_seed42/log/2026-08-20T112527_sthelar40x_klt_5class_slideind_foldB_lora_adaptformer_r8_a8_red16_heads_e10_seed42/logs.log,Validation curve is descriptive only and is never used as canonical TEST evidence
training_curve,Kidney,B,Generalist Selected PEFT,42,train,5,,,,,train_Jaccard,0.6518,20893,2601,26335,6723,run/sthelar40x_klt_5class_slideind_foldB_lora_adaptformer_r8_a8_red16_heads_e10_seed42/log/2026-08-20T112527_sthelar40x_klt_5class_slideind_foldB_lora_adaptformer_r8_a8_red16_heads_e10_seed42/logs.log,Validation curve is descriptive only and is never used as canonical TEST evidence
training_curve,Kidney,B,Generalist Selected PEFT,42,validation,5,,,,,val_loss,4.5181,20893,2601,26335,6723,run/sthelar40x_klt_5class_slideind_foldB_lora_adaptformer_r8_a8_red16_heads_e10_seed42/log/2026-08-20T112527_sthelar40x_klt_5class_slideind_foldB_lora_adaptformer_r8_a8_red16_heads_e10_seed42/logs.log,Validation curve is descriptive only and is never used as canonical TEST evidence
training_curve,Kidney,B,Generalist Selected PEFT,42,validation,5,,,,,val_Dice,0.7596,20893,2601,26335,6723,run/sthelar40x_klt_5class_slideind_foldB_lora_adaptformer_r8_a8_red16_heads_e10_seed42/log/2026-08-20T112527_sthelar40x_klt_5class_slideind_foldB_lora_adaptformer_r8_a8_red16_heads_e10_seed42/logs.log,Validation curve is descriptive only and is never used as canonical TEST evidence
training_curve,Kidney,B,Generalist Selected PEFT,42,validation,5,,,,,val_Jaccard,0.6428,20893,2601,26335,6723,run/sthelar40x_klt_5class_slideind_foldB_lora_adaptformer_r8_a8_red16_heads_e10_seed42/log/2026-08-20T112527_sthelar40x_klt_5class_slideind_foldB_lora_adaptformer_r8_a8_red16_heads_e10_seed42/logs.log,Validation curve is descriptive only and is never used as canonical TEST evidence
training_curve,Kidney,B,Generalist Selected PEFT,42,validation,5,,,,,val_bPQ,0.4755,20893,2601,26335,6723,run/sthelar40x_klt_5class_slideind_foldB_lora_adaptformer_r8_a8_red16_heads_e10_seed42/log/2026-08-20T112527_sthelar40x_klt_5class_slideind_foldB_lora_adaptformer_r8_a8_red16_heads_e10_seed42/logs.log,Validation curve is descriptive only and is never used as canonical TEST evidence
training_curve,Kidney,B,Generalist Selected PEFT,42,validation,5,,,,,val_mPQ,0.2776,20893,2601,26335,6723,run/sthelar40x_klt_5class_slideind_foldB_lora_adaptformer_r8_a8_red16_heads_e10_seed42/log/2026-08-20T112527_sthelar40x_klt_5class_slideind_foldB_lora_adaptformer_r8_a8_red16_heads_e10_seed42/logs.log,Validation curve is descriptive only and is never used as canonical TEST evidence
training_curve,Kidney,B,Generalist Selected PEFT,42,train,6,,,,,train_loss,4.36,20893,2601,26335,6723,run/sthelar40x_klt_5class_slideind_foldB_lora_adaptformer_r8_a8_red16_heads_e10_seed42/log/2026-08-20T112527_sthelar40x_klt_5class_slideind_foldB_lora_adaptformer_r8_a8_red16_heads_e10_seed42/logs.log,Validation curve is descriptive only and is never used as canonical TEST evidence
training_curve,Kidney,B,Generalist Selected PEFT,42,train,6,,,,,train_Dice,0.7723,20893,2601,26335,6723,run/sthelar40x_klt_5class_slideind_foldB_lora_adaptformer_r8_a8_red16_heads_e10_seed42/log/2026-08-20T112527_sthelar40x_klt_5class_slideind_foldB_lora_adaptformer_r8_a8_red16_heads_e10_seed42/logs.log,Validation curve is descriptive only and is never used as canonical TEST evidence
training_curve,Kidney,B,Generalist Selected PEFT,42,train,6,,,,,train_Jaccard,0.6558,20893,2601,26335,6723,run/sthelar40x_klt_5class_slideind_foldB_lora_adaptformer_r8_a8_red16_heads_e10_seed42/log/2026-08-20T112527_sthelar40x_klt_5class_slideind_foldB_lora_adaptformer_r8_a8_red16_heads_e10_seed42/logs.log,Validation curve is descriptive only and is never used as canonical TEST evidence
training_curve,Kidney,B,Generalist Selected PEFT,42,validation,6,,,,,val_loss,4.486,20893,2601,26335,6723,run/sthelar40x_klt_5class_slideind_foldB_lora_adaptformer_r8_a8_red16_heads_e10_seed42/log/2026-08-20T112527_sthelar40x_klt_5class_slideind_foldB_lora_adaptformer_r8_a8_red16_heads_e10_seed42/logs.log,Validation curve is descriptive only and is never used as canonical TEST evidence
training_curve,Kidney,B,Generalist Selected PEFT,42,validation,6,,,,,val_Dice,0.7568,20893,2601,26335,6723,run/sthelar40x_klt_5class_slideind_foldB_lora_adaptformer_r8_a8_red16_heads_e10_seed42/log/2026-08-20T112527_sthelar40x_klt_5class_slideind_foldB_lora_adaptformer_r8_a8_red16_heads_e10_seed42/logs.log,Validation curve is descriptive only and is never used as canonical TEST evidence
training_curve,Kidney,B,Generalist Selected PEFT,42,validation,6,,,,,val_Jaccard,0.6398,20893,2601,26335,6723,run/sthelar40x_klt_5class_slideind_foldB_lora_adaptformer_r8_a8_red16_heads_e10_seed42/log/2026-08-20T112527_sthelar40x_klt_5class_slideind_foldB_lora_adaptformer_r8_a8_red16_heads_e10_seed42/logs.log,Validation curve is descriptive only and is never used as canonical TEST evidence
training_curve,Kidney,B,Generalist Selected PEFT,42,validation,6,,,,,val_bPQ,0.4707,20893,2601,26335,6723,run/sthelar40x_klt_5class_slideind_foldB_lora_adaptformer_r8_a8_red16_heads_e10_seed42/log/2026-08-20T112527_sthelar40x_klt_5class_slideind_foldB_lora_adaptformer_r8_a8_red16_heads_e10_seed42/logs.log,Validation curve is descriptive only and is never used as canonical TEST evidence
training_curve,Kidney,B,Generalist Selected PEFT,42,validation,6,,,,,val_mPQ,0.2734,20893,2601,26335,6723,run/sthelar40x_klt_5class_slideind_foldB_lora_adaptformer_r8_a8_red16_heads_e10_seed42/log/2026-08-20T112527_sthelar40x_klt_5class_slideind_foldB_lora_adaptformer_r8_a8_red16_heads_e10_seed42/logs.log,Validation curve is descriptive only and is never used as canonical TEST evidence
training_curve,Kidney,B,Generalist Selected PEFT,42,train,7,,,,,train_loss,4.2619,20893,2601,26335,6723,run/sthelar40x_klt_5class_slideind_foldB_lora_adaptformer_r8_a8_red16_heads_e10_seed42/log/2026-08-20T112527_sthelar40x_klt_5class_slideind_foldB_lora_adaptformer_r8_a8_red16_heads_e10_seed42/logs.log,Validation curve is descriptive only and is never used as canonical TEST evidence
training_curve,Kidney,B,Generalist Selected PEFT,42,train,7,,,,,train_Dice,0.7731,20893,2601,26335,6723,run/sthelar40x_klt_5class_slideind_foldB_lora_adaptformer_r8_a8_red16_heads_e10_seed42/log/2026-08-20T112527_sthelar40x_klt_5class_slideind_foldB_lora_adaptformer_r8_a8_red16_heads_e10_seed42/logs.log,Validation curve is descriptive only and is never used as canonical TEST evidence
training_curve,Kidney,B,Generalist Selected PEFT,42,train,7,,,,,train_Jaccard,0.6573,20893,2601,26335,6723,run/sthelar40x_klt_5class_slideind_foldB_lora_adaptformer_r8_a8_red16_heads_e10_seed42/log/2026-08-20T112527_sthelar40x_klt_5class_slideind_foldB_lora_adaptformer_r8_a8_red16_heads_e10_seed42/logs.log,Validation curve is descriptive only and is never used as canonical TEST evidence
training_curve,Kidney,B,Generalist Selected PEFT,42,validation,7,,,,,val_loss,4.423,20893,2601,26335,6723,run/sthelar40x_klt_5class_slideind_foldB_lora_adaptformer_r8_a8_red16_heads_e10_seed42/log/2026-08-20T112527_sthelar40x_klt_5class_slideind_foldB_lora_adaptformer_r8_a8_red16_heads_e10_seed42/logs.log,Validation curve is descriptive only and is never used as canonical TEST evidence
training_curve,Kidney,B,Generalist Selected PEFT,42,validation,7,,,,,val_Dice,0.743,20893,2601,26335,6723,run/sthelar40x_klt_5class_slideind_foldB_lora_adaptformer_r8_a8_red16_heads_e10_seed42/log/2026-08-20T112527_sthelar40x_klt_5class_slideind_foldB_lora_adaptformer_r8_a8_red16_heads_e10_seed42/logs.log,Validation curve is descriptive only and is never used as canonical TEST evidence
training_curve,Kidney,B,Generalist Selected PEFT,42,validation,7,,,,,val_Jaccard,0.6225,20893,2601,26335,6723,run/sthelar40x_klt_5class_slideind_foldB_lora_adaptformer_r8_a8_red16_heads_e10_seed42/log/2026-08-20T112527_sthelar40x_klt_5class_slideind_foldB_lora_adaptformer_r8_a8_red16_heads_e10_seed42/logs.log,Validation curve is descriptive only and is never used as canonical TEST evidence
training_curve,Kidney,B,Generalist Selected PEFT,42,validation,7,,,,,val_bPQ,0.4522,20893,2601,26335,6723,run/sthelar40x_klt_5class_slideind_foldB_lora_adaptformer_r8_a8_red16_heads_e10_seed42/log/2026-08-20T112527_sthelar40x_klt_5class_slideind_foldB_lora_adaptformer_r8_a8_red16_heads_e10_seed42/logs.log,Validation curve is descriptive only and is never used as canonical TEST evidence
training_curve,Kidney,B,Generalist Selected PEFT,42,validation,7,,,,,val_mPQ,0.2712,20893,2601,26335,6723,run/sthelar40x_klt_5class_slideind_foldB_lora_adaptformer_r8_a8_red16_heads_e10_seed42/log/2026-08-20T112527_sthelar40x_klt_5class_slideind_foldB_lora_adaptformer_r8_a8_red16_heads_e10_seed42/logs.log,Validation curve is descriptive only and is never used as canonical TEST evidence
training_curve,Kidney,B,Generalist Selected PEFT,42,train,8,,,,,train_loss,4.2049,20893,2601,26335,6723,run/sthelar40x_klt_5class_slideind_foldB_lora_adaptformer_r8_a8_red16_heads_e10_seed42/log/2026-08-20T112527_sthelar40x_klt_5class_slideind_foldB_lora_adaptformer_r8_a8_red16_heads_e10_seed42/logs.log,Validation curve is descriptive only and is never used as canonical TEST evidence
training_curve,Kidney,B,Generalist Selected PEFT,42,train,8,,,,,train_Dice,0.7767,20893,2601,26335,6723,run/sthelar40x_klt_5class_slideind_foldB_lora_adaptformer_r8_a8_red16_heads_e10_seed42/log/2026-08-20T112527_sthelar40x_klt_5class_slideind_foldB_lora_adaptformer_r8_a8_red16_heads_e10_seed42/logs.log,Validation curve is descriptive only and is never used as canonical TEST evidence
training_curve,Kidney,B,Generalist Selected PEFT,42,train,8,,,,,train_Jaccard,0.6616,20893,2601,26335,6723,run/sthelar40x_klt_5class_slideind_foldB_lora_adaptformer_r8_a8_red16_heads_e10_seed42/log/2026-08-20T112527_sthelar40x_klt_5class_slideind_foldB_lora_adaptformer_r8_a8_red16_heads_e10_seed42/logs.log,Validation curve is descriptive only and is never used as canonical TEST evidence
training_curve,Kidney,B,Generalist Selected PEFT,42,validation,8,,,,,val_loss,4.3043,20893,2601,26335,6723,run/sthelar40x_klt_5class_slideind_foldB_lora_adaptformer_r8_a8_red16_heads_e10_seed42/log/2026-08-20T112527_sthelar40x_klt_5class_slideind_foldB_lora_adaptformer_r8_a8_red16_heads_e10_seed42/logs.log,Validation curve is descriptive only and is never used as canonical TEST evidence
training_curve,Kidney,B,Generalist Selected PEFT,42,validation,8,,,,,val_Dice,0.7545,20893,2601,26335,6723,run/sthelar40x_klt_5class_slideind_foldB_lora_adaptformer_r8_a8_red16_heads_e10_seed42/log/2026-08-20T112527_sthelar40x_klt_5class_slideind_foldB_lora_adaptformer_r8_a8_red16_heads_e10_seed42/logs.log,Validation curve is descriptive only and is never used as canonical TEST evidence
training_curve,Kidney,B,Generalist Selected PEFT,42,validation,8,,,,,val_Jaccard,0.639,20893,2601,26335,6723,run/sthelar40x_klt_5class_slideind_foldB_lora_adaptformer_r8_a8_red16_heads_e10_seed42/log/2026-08-20T112527_sthelar40x_klt_5class_slideind_foldB_lora_adaptformer_r8_a8_red16_heads_e10_seed42/logs.log,Validation curve is descriptive only and is never used as canonical TEST evidence
training_curve,Kidney,B,Generalist Selected PEFT,42,validation,8,,,,,val_bPQ,0.4751,20893,2601,26335,6723,run/sthelar40x_klt_5class_slideind_foldB_lora_adaptformer_r8_a8_red16_heads_e10_seed42/log/2026-08-20T112527_sthelar40x_klt_5class_slideind_foldB_lora_adaptformer_r8_a8_red16_heads_e10_seed42/logs.log,Validation curve is descriptive only and is never used as canonical TEST evidence
training_curve,Kidney,B,Generalist Selected PEFT,42,validation,8,,,,,val_mPQ,0.2807,20893,2601,26335,6723,run/sthelar40x_klt_5class_slideind_foldB_lora_adaptformer_r8_a8_red16_heads_e10_seed42/log/2026-08-20T112527_sthelar40x_klt_5class_slideind_foldB_lora_adaptformer_r8_a8_red16_heads_e10_seed42/logs.log,Validation curve is descriptive only and is never used as canonical TEST evidence
training_curve,Kidney,B,Generalist Selected PEFT,42,train,9,,,,,train_loss,4.1466,20893,2601,26335,6723,run/sthelar40x_klt_5class_slideind_foldB_lora_adaptformer_r8_a8_red16_heads_e10_seed42/log/2026-08-20T112527_sthelar40x_klt_5class_slideind_foldB_lora_adaptformer_r8_a8_red16_heads_e10_seed42/logs.log,Validation curve is descriptive only and is never used as canonical TEST evidence
training_curve,Kidney,B,Generalist Selected PEFT,42,train,9,,,,,train_Dice,0.7778,20893,2601,26335,6723,run/sthelar40x_klt_5class_slideind_foldB_lora_adaptformer_r8_a8_red16_heads_e10_seed42/log/2026-08-20T112527_sthelar40x_klt_5class_slideind_foldB_lora_adaptformer_r8_a8_red16_heads_e10_seed42/logs.log,Validation curve is descriptive only and is never used as canonical TEST evidence
training_curve,Kidney,B,Generalist Selected PEFT,42,train,9,,,,,train_Jaccard,0.6638,20893,2601,26335,6723,run/sthelar40x_klt_5class_slideind_foldB_lora_adaptformer_r8_a8_red16_heads_e10_seed42/log/2026-08-20T112527_sthelar40x_klt_5class_slideind_foldB_lora_adaptformer_r8_a8_red16_heads_e10_seed42/logs.log,Validation curve is descriptive only and is never used as canonical TEST evidence
training_curve,Kidney,B,Generalist Selected PEFT,42,validation,9,,,,,val_loss,4.2702,20893,2601,26335,6723,run/sthelar40x_klt_5class_slideind_foldB_lora_adaptformer_r8_a8_red16_heads_e10_seed42/log/2026-08-20T112527_sthelar40x_klt_5class_slideind_foldB_lora_adaptformer_r8_a8_red16_heads_e10_seed42/logs.log,Validation curve is descriptive only and is never used as canonical TEST evidence
training_curve,Kidney,B,Generalist Selected PEFT,42,validation,9,,,,,val_Dice,0.761,20893,2601,26335,6723,run/sthelar40x_klt_5class_slideind_foldB_lora_adaptformer_r8_a8_red16_heads_e10_seed42/log/2026-08-20T112527_sthelar40x_klt_5class_slideind_foldB_lora_adaptformer_r8_a8_red16_heads_e10_seed42/logs.log,Validation curve is descriptive only and is never used as canonical TEST evidence
training_curve,Kidney,B,Generalist Selected PEFT,42,validation,9,,,,,val_Jaccard,0.6453,20893,2601,26335,6723,run/sthelar40x_klt_5class_slideind_foldB_lora_adaptformer_r8_a8_red16_heads_e10_seed42/log/2026-08-20T112527_sthelar40x_klt_5class_slideind_foldB_lora_adaptformer_r8_a8_red16_heads_e10_seed42/logs.log,Validation curve is descriptive only and is never used as canonical TEST evidence
training_curve,Kidney,B,Generalist Selected PEFT,42,validation,9,,,,,val_bPQ,0.4784,20893,2601,26335,6723,run/sthelar40x_klt_5class_slideind_foldB_lora_adaptformer_r8_a8_red16_heads_e10_seed42/log/2026-08-20T112527_sthelar40x_klt_5class_slideind_foldB_lora_adaptformer_r8_a8_red16_heads_e10_seed42/logs.log,Validation curve is descriptive only and is never used as canonical TEST evidence
training_curve,Kidney,B,Generalist Selected PEFT,42,validation,9,,,,,val_mPQ,0.2839,20893,2601,26335,6723,run/sthelar40x_klt_5class_slideind_foldB_lora_adaptformer_r8_a8_red16_heads_e10_seed42/log/2026-08-20T112527_sthelar40x_klt_5class_slideind_foldB_lora_adaptformer_r8_a8_red16_heads_e10_seed42/logs.log,Validation curve is descriptive only and is never used as canonical TEST evidence
training_curve,Kidney,B,Generalist Selected PEFT,42,train,10,,,,,train_loss,4.1199,20893,2601,26335,6723,run/sthelar40x_klt_5class_slideind_foldB_lora_adaptformer_r8_a8_red16_heads_e10_seed42/log/2026-08-20T112527_sthelar40x_klt_5class_slideind_foldB_lora_adaptformer_r8_a8_red16_heads_e10_seed42/logs.log,Validation curve is descriptive only and is never used as canonical TEST evidence
training_curve,Kidney,B,Generalist Selected PEFT,42,train,10,,,,,train_Dice,0.7796,20893,2601,26335,6723,run/sthelar40x_klt_5class_slideind_foldB_lora_adaptformer_r8_a8_red16_heads_e10_seed42/log/2026-08-20T112527_sthelar40x_klt_5class_slideind_foldB_lora_adaptformer_r8_a8_red16_heads_e10_seed42/logs.log,Validation curve is descriptive only and is never used as canonical TEST evidence
training_curve,Kidney,B,Generalist Selected PEFT,42,train,10,,,,,train_Jaccard,0.6651,20893,2601,26335,6723,run/sthelar40x_klt_5class_slideind_foldB_lora_adaptformer_r8_a8_red16_heads_e10_seed42/log/2026-08-20T112527_sthelar40x_klt_5class_slideind_foldB_lora_adaptformer_r8_a8_red16_heads_e10_seed42/logs.log,Validation curve is descriptive only and is never used as canonical TEST evidence
training_curve,Kidney,B,Generalist Selected PEFT,42,validation,10,,,,,val_loss,4.2741,20893,2601,26335,6723,run/sthelar40x_klt_5class_slideind_foldB_lora_adaptformer_r8_a8_red16_heads_e10_seed42/log/2026-08-20T112527_sthelar40x_klt_5class_slideind_foldB_lora_adaptformer_r8_a8_red16_heads_e10_seed42/logs.log,Validation curve is descriptive only and is never used as canonical TEST evidence
training_curve,Kidney,B,Generalist Selected PEFT,42,validation,10,,,,,val_Dice,0.7579,20893,2601,26335,6723,run/sthelar40x_klt_5class_slideind_foldB_lora_adaptformer_r8_a8_red16_heads_e10_seed42/log/2026-08-20T112527_sthelar40x_klt_5class_slideind_foldB_lora_adaptformer_r8_a8_red16_heads_e10_seed42/logs.log,Validation curve is descriptive only and is never used as canonical TEST evidence
training_curve,Kidney,B,Generalist Selected PEFT,42,validation,10,,,,,val_Jaccard,0.6409,20893,2601,26335,6723,run/sthelar40x_klt_5class_slideind_foldB_lora_adaptformer_r8_a8_red16_heads_e10_seed42/log/2026-08-20T112527_sthelar40x_klt_5class_slideind_foldB_lora_adaptformer_r8_a8_red16_heads_e10_seed42/logs.log,Validation curve is descriptive only and is never used as canonical TEST evidence
training_curve,Kidney,B,Generalist Selected PEFT,42,validation,10,,,,,val_bPQ,0.4751,20893,2601,26335,6723,run/sthelar40x_klt_5class_slideind_foldB_lora_adaptformer_r8_a8_red16_heads_e10_seed42/log/2026-08-20T112527_sthelar40x_klt_5class_slideind_foldB_lora_adaptformer_r8_a8_red16_heads_e10_seed42/logs.log,Validation curve is descriptive only and is never used as canonical TEST evidence
training_curve,Kidney,B,Generalist Selected PEFT,42,validation,10,,,,,val_mPQ,0.2813,20893,2601,26335,6723,run/sthelar40x_klt_5class_slideind_foldB_lora_adaptformer_r8_a8_red16_heads_e10_seed42/log/2026-08-20T112527_sthelar40x_klt_5class_slideind_foldB_lora_adaptformer_r8_a8_red16_heads_e10_seed42/logs.log,Validation curve is descriptive only and is never used as canonical TEST evidence
dataset_summary,Kidney,B,Tissue-specific Selected PEFT,42,,,,,,,,,3912,537,6723,6723,run/sthelar40x_kidney_5class_slideind_foldB_lora_adaptformer_r8_a8_red16_heads_e10_seed42/log/2026-08-29T060654_sthelar40x_kidney_5class_slideind_foldB_lora_adaptformer_r8_a8_red16_heads_e10_seed42/inference_results.json,Test metrics and test class counts use exact generalist/specialist patch-ID intersection
class_distribution,Kidney,B,Tissue-specific Selected PEFT,42,train,,Immune,,52988,0.571268395235,,,3912,537,6723,6723,run/sthelar40x_kidney_5class_slideind_foldB_lora_adaptformer_r8_a8_red16_heads_e10_seed42/log/2026-08-29T060654_sthelar40x_kidney_5class_slideind_foldB_lora_adaptformer_r8_a8_red16_heads_e10_seed42/inference_results.json,Patch-level nucleus annotation occurrences; overlapping patches may repeat a biological cell
class_distribution,Kidney,B,Tissue-specific Selected PEFT,42,train,,Stromal,,24057,0.259360681365,,,3912,537,6723,6723,run/sthelar40x_kidney_5class_slideind_foldB_lora_adaptformer_r8_a8_red16_heads_e10_seed42/log/2026-08-29T060654_sthelar40x_kidney_5class_slideind_foldB_lora_adaptformer_r8_a8_red16_heads_e10_seed42/inference_results.json,Patch-level nucleus annotation occurrences; overlapping patches may repeat a biological cell
class_distribution,Kidney,B,Tissue-specific Selected PEFT,42,train,,Epithelial,,13873,0.149566061129,,,3912,537,6723,6723,run/sthelar40x_kidney_5class_slideind_foldB_lora_adaptformer_r8_a8_red16_heads_e10_seed42/log/2026-08-29T060654_sthelar40x_kidney_5class_slideind_foldB_lora_adaptformer_r8_a8_red16_heads_e10_seed42/inference_results.json,Patch-level nucleus annotation occurrences; overlapping patches may repeat a biological cell
class_distribution,Kidney,B,Tissue-specific Selected PEFT,42,train,,Melanocyte,,0,0,,,3912,537,6723,6723,run/sthelar40x_kidney_5class_slideind_foldB_lora_adaptformer_r8_a8_red16_heads_e10_seed42/log/2026-08-29T060654_sthelar40x_kidney_5class_slideind_foldB_lora_adaptformer_r8_a8_red16_heads_e10_seed42/inference_results.json,Patch-level nucleus annotation occurrences; overlapping patches may repeat a biological cell
class_distribution,Kidney,B,Tissue-specific Selected PEFT,42,train,,Other,,1837,0.0198048622716,,,3912,537,6723,6723,run/sthelar40x_kidney_5class_slideind_foldB_lora_adaptformer_r8_a8_red16_heads_e10_seed42/log/2026-08-29T060654_sthelar40x_kidney_5class_slideind_foldB_lora_adaptformer_r8_a8_red16_heads_e10_seed42/inference_results.json,Patch-level nucleus annotation occurrences; overlapping patches may repeat a biological cell
class_distribution,Kidney,B,Tissue-specific Selected PEFT,42,validation,,Immune,,6285,0.459665033277,,,3912,537,6723,6723,run/sthelar40x_kidney_5class_slideind_foldB_lora_adaptformer_r8_a8_red16_heads_e10_seed42/log/2026-08-29T060654_sthelar40x_kidney_5class_slideind_foldB_lora_adaptformer_r8_a8_red16_heads_e10_seed42/inference_results.json,Patch-level nucleus annotation occurrences; overlapping patches may repeat a biological cell
class_distribution,Kidney,B,Tissue-specific Selected PEFT,42,validation,,Stromal,,3027,0.221385211731,,,3912,537,6723,6723,run/sthelar40x_kidney_5class_slideind_foldB_lora_adaptformer_r8_a8_red16_heads_e10_seed42/log/2026-08-29T060654_sthelar40x_kidney_5class_slideind_foldB_lora_adaptformer_r8_a8_red16_heads_e10_seed42/inference_results.json,Patch-level nucleus annotation occurrences; overlapping patches may repeat a biological cell
class_distribution,Kidney,B,Tissue-specific Selected PEFT,42,validation,,Epithelial,,4071,0.297740071674,,,3912,537,6723,6723,run/sthelar40x_kidney_5class_slideind_foldB_lora_adaptformer_r8_a8_red16_heads_e10_seed42/log/2026-08-29T060654_sthelar40x_kidney_5class_slideind_foldB_lora_adaptformer_r8_a8_red16_heads_e10_seed42/inference_results.json,Patch-level nucleus annotation occurrences; overlapping patches may repeat a biological cell
class_distribution,Kidney,B,Tissue-specific Selected PEFT,42,validation,,Melanocyte,,0,0,,,3912,537,6723,6723,run/sthelar40x_kidney_5class_slideind_foldB_lora_adaptformer_r8_a8_red16_heads_e10_seed42/log/2026-08-29T060654_sthelar40x_kidney_5class_slideind_foldB_lora_adaptformer_r8_a8_red16_heads_e10_seed42/inference_results.json,Patch-level nucleus annotation occurrences; overlapping patches may repeat a biological cell
class_distribution,Kidney,B,Tissue-specific Selected PEFT,42,validation,,Other,,290,0.0212096833175,,,3912,537,6723,6723,run/sthelar40x_kidney_5class_slideind_foldB_lora_adaptformer_r8_a8_red16_heads_e10_seed42/log/2026-08-29T060654_sthelar40x_kidney_5class_slideind_foldB_lora_adaptformer_r8_a8_red16_heads_e10_seed42/inference_results.json,Patch-level nucleus annotation occurrences; overlapping patches may repeat a biological cell
class_distribution,Kidney,B,Tissue-specific Selected PEFT,42,matched_test,,Immune,,20030,0.102980946211,,,3912,537,6723,6723,run/sthelar40x_kidney_5class_slideind_foldB_lora_adaptformer_r8_a8_red16_heads_e10_seed42/log/2026-08-29T060654_sthelar40x_kidney_5class_slideind_foldB_lora_adaptformer_r8_a8_red16_heads_e10_seed42/inference_results.json,Patch-level nucleus annotation occurrences; overlapping patches may repeat a biological cell
class_distribution,Kidney,B,Tissue-specific Selected PEFT,42,matched_test,,Stromal,,55988,0.287853081202,,,3912,537,6723,6723,run/sthelar40x_kidney_5class_slideind_foldB_lora_adaptformer_r8_a8_red16_heads_e10_seed42/log/2026-08-29T060654_sthelar40x_kidney_5class_slideind_foldB_lora_adaptformer_r8_a8_red16_heads_e10_seed42/inference_results.json,Patch-level nucleus annotation occurrences; overlapping patches may repeat a biological cell
class_distribution,Kidney,B,Tissue-specific Selected PEFT,42,matched_test,,Epithelial,,108430,0.557474987404,,,3912,537,6723,6723,run/sthelar40x_kidney_5class_slideind_foldB_lora_adaptformer_r8_a8_red16_heads_e10_seed42/log/2026-08-29T060654_sthelar40x_kidney_5class_slideind_foldB_lora_adaptformer_r8_a8_red16_heads_e10_seed42/inference_results.json,Patch-level nucleus annotation occurrences; overlapping patches may repeat a biological cell
class_distribution,Kidney,B,Tissue-specific Selected PEFT,42,matched_test,,Melanocyte,,0,0,,,3912,537,6723,6723,run/sthelar40x_kidney_5class_slideind_foldB_lora_adaptformer_r8_a8_red16_heads_e10_seed42/log/2026-08-29T060654_sthelar40x_kidney_5class_slideind_foldB_lora_adaptformer_r8_a8_red16_heads_e10_seed42/inference_results.json,Patch-level nucleus annotation occurrences; overlapping patches may repeat a biological cell
class_distribution,Kidney,B,Tissue-specific Selected PEFT,42,matched_test,,Other,,10054,0.0516909851827,,,3912,537,6723,6723,run/sthelar40x_kidney_5class_slideind_foldB_lora_adaptformer_r8_a8_red16_heads_e10_seed42/log/2026-08-29T060654_sthelar40x_kidney_5class_slideind_foldB_lora_adaptformer_r8_a8_red16_heads_e10_seed42/inference_results.json,Patch-level nucleus annotation occurrences; overlapping patches may repeat a biological cell
matched_test_metric,Kidney,B,Tissue-specific Selected PEFT,42,matched_test,,,,,,Dice,0.834308427062,3912,537,6723,6723,run/sthelar40x_kidney_5class_slideind_foldB_lora_adaptformer_r8_a8_red16_heads_e10_seed42/log/2026-08-29T060654_sthelar40x_kidney_5class_slideind_foldB_lora_adaptformer_r8_a8_red16_heads_e10_seed42/inference_results.json,
matched_test_metric,Kidney,B,Tissue-specific Selected PEFT,42,matched_test,,,,,,Jaccard,0.726542581216,3912,537,6723,6723,run/sthelar40x_kidney_5class_slideind_foldB_lora_adaptformer_r8_a8_red16_heads_e10_seed42/log/2026-08-29T060654_sthelar40x_kidney_5class_slideind_foldB_lora_adaptformer_r8_a8_red16_heads_e10_seed42/inference_results.json,
matched_test_metric,Kidney,B,Tissue-specific Selected PEFT,42,matched_test,,,,,,bPQ,0.609419493083,3912,537,6723,6723,run/sthelar40x_kidney_5class_slideind_foldB_lora_adaptformer_r8_a8_red16_heads_e10_seed42/log/2026-08-29T060654_sthelar40x_kidney_5class_slideind_foldB_lora_adaptformer_r8_a8_red16_heads_e10_seed42/inference_results.json,
matched_test_metric,Kidney,B,Tissue-specific Selected PEFT,42,matched_test,,,,,,mPQ,0.0529001243689,3912,537,6723,6723,run/sthelar40x_kidney_5class_slideind_foldB_lora_adaptformer_r8_a8_red16_heads_e10_seed42/log/2026-08-29T060654_sthelar40x_kidney_5class_slideind_foldB_lora_adaptformer_r8_a8_red16_heads_e10_seed42/inference_results.json,
matched_test_metric,Kidney,B,Tissue-specific Selected PEFT,42,matched_test,,,,,,F1det,0.900829711576,3912,537,6723,6723,run/sthelar40x_kidney_5class_slideind_foldB_lora_adaptformer_r8_a8_red16_heads_e10_seed42/log/2026-08-29T060654_sthelar40x_kidney_5class_slideind_foldB_lora_adaptformer_r8_a8_red16_heads_e10_seed42/inference_results.json,
matched_test_metric,Kidney,B,Tissue-specific Selected PEFT,42,matched_test,,,,,,F1type,0.105982136564,3912,537,6723,6723,run/sthelar40x_kidney_5class_slideind_foldB_lora_adaptformer_r8_a8_red16_heads_e10_seed42/log/2026-08-29T060654_sthelar40x_kidney_5class_slideind_foldB_lora_adaptformer_r8_a8_red16_heads_e10_seed42/inference_results.json,
matched_class_metric,Kidney,B,Tissue-specific Selected PEFT,42,matched_test,,Immune,,,,matched_true_support,16255,3912,537,6723,6723,run/sthelar40x_kidney_5class_slideind_foldB_lora_adaptformer_r8_a8_red16_heads_e10_seed42/log/2026-08-29T060654_sthelar40x_kidney_5class_slideind_foldB_lora_adaptformer_r8_a8_red16_heads_e10_seed42/inference_results.json,Type F1 is calculated from paired foreground confusion only
matched_class_metric,Kidney,B,Tissue-specific Selected PEFT,42,matched_test,,Immune,,,,total_true_support,19732,3912,537,6723,6723,run/sthelar40x_kidney_5class_slideind_foldB_lora_adaptformer_r8_a8_red16_heads_e10_seed42/log/2026-08-29T060654_sthelar40x_kidney_5class_slideind_foldB_lora_adaptformer_r8_a8_red16_heads_e10_seed42/inference_results.json,Type F1 is calculated from paired foreground confusion only
matched_class_metric,Kidney,B,Tissue-specific Selected PEFT,42,matched_test,,Immune,,,,paired_type_F1,0.172397544637,3912,537,6723,6723,run/sthelar40x_kidney_5class_slideind_foldB_lora_adaptformer_r8_a8_red16_heads_e10_seed42/log/2026-08-29T060654_sthelar40x_kidney_5class_slideind_foldB_lora_adaptformer_r8_a8_red16_heads_e10_seed42/inference_results.json,Type F1 is calculated from paired foreground confusion only
predicted_class_frequency,Kidney,B,Tissue-specific Selected PEFT,42,matched_test,,,Immune,145562,0.856226912308,,,3912,537,6723,6723,run/sthelar40x_kidney_5class_slideind_foldB_lora_adaptformer_r8_a8_red16_heads_e10_seed42/log/2026-08-29T060654_sthelar40x_kidney_5class_slideind_foldB_lora_adaptformer_r8_a8_red16_heads_e10_seed42/inference_results.json,Foreground predicted instances; unmatched predictions included
matched_class_metric,Kidney,B,Tissue-specific Selected PEFT,42,matched_test,,Stromal,,,,matched_true_support,47028,3912,537,6723,6723,run/sthelar40x_kidney_5class_slideind_foldB_lora_adaptformer_r8_a8_red16_heads_e10_seed42/log/2026-08-29T060654_sthelar40x_kidney_5class_slideind_foldB_lora_adaptformer_r8_a8_red16_heads_e10_seed42/inference_results.json,Type F1 is calculated from paired foreground confusion only
matched_class_metric,Kidney,B,Tissue-specific Selected PEFT,42,matched_test,,Stromal,,,,total_true_support,55116,3912,537,6723,6723,run/sthelar40x_kidney_5class_slideind_foldB_lora_adaptformer_r8_a8_red16_heads_e10_seed42/log/2026-08-29T060654_sthelar40x_kidney_5class_slideind_foldB_lora_adaptformer_r8_a8_red16_heads_e10_seed42/inference_results.json,Type F1 is calculated from paired foreground confusion only
matched_class_metric,Kidney,B,Tissue-specific Selected PEFT,42,matched_test,,Stromal,,,,paired_type_F1,0.156188216686,3912,537,6723,6723,run/sthelar40x_kidney_5class_slideind_foldB_lora_adaptformer_r8_a8_red16_heads_e10_seed42/log/2026-08-29T060654_sthelar40x_kidney_5class_slideind_foldB_lora_adaptformer_r8_a8_red16_heads_e10_seed42/inference_results.json,Type F1 is calculated from paired foreground confusion only
predicted_class_frequency,Kidney,B,Tissue-specific Selected PEFT,42,matched_test,,,Stromal,9451,0.055592809581,,,3912,537,6723,6723,run/sthelar40x_kidney_5class_slideind_foldB_lora_adaptformer_r8_a8_red16_heads_e10_seed42/log/2026-08-29T060654_sthelar40x_kidney_5class_slideind_foldB_lora_adaptformer_r8_a8_red16_heads_e10_seed42/inference_results.json,Foreground predicted instances; unmatched predictions included
matched_class_metric,Kidney,B,Tissue-specific Selected PEFT,42,matched_test,,Epithelial,,,,matched_true_support,92912,3912,537,6723,6723,run/sthelar40x_kidney_5class_slideind_foldB_lora_adaptformer_r8_a8_red16_heads_e10_seed42/log/2026-08-29T060654_sthelar40x_kidney_5class_slideind_foldB_lora_adaptformer_r8_a8_red16_heads_e10_seed42/inference_results.json,Type F1 is calculated from paired foreground confusion only
matched_class_metric,Kidney,B,Tissue-specific Selected PEFT,42,matched_test,,Epithelial,,,,total_true_support,106874,3912,537,6723,6723,run/sthelar40x_kidney_5class_slideind_foldB_lora_adaptformer_r8_a8_red16_heads_e10_seed42/log/2026-08-29T060654_sthelar40x_kidney_5class_slideind_foldB_lora_adaptformer_r8_a8_red16_heads_e10_seed42/inference_results.json,Type F1 is calculated from paired foreground confusion only
matched_class_metric,Kidney,B,Tissue-specific Selected PEFT,42,matched_test,,Epithelial,,,,paired_type_F1,0.0953427849338,3912,537,6723,6723,run/sthelar40x_kidney_5class_slideind_foldB_lora_adaptformer_r8_a8_red16_heads_e10_seed42/log/2026-08-29T060654_sthelar40x_kidney_5class_slideind_foldB_lora_adaptformer_r8_a8_red16_heads_e10_seed42/inference_results.json,Type F1 is calculated from paired foreground confusion only
predicted_class_frequency,Kidney,B,Tissue-specific Selected PEFT,42,matched_test,,,Epithelial,14991,0.0881802781111,,,3912,537,6723,6723,run/sthelar40x_kidney_5class_slideind_foldB_lora_adaptformer_r8_a8_red16_heads_e10_seed42/log/2026-08-29T060654_sthelar40x_kidney_5class_slideind_foldB_lora_adaptformer_r8_a8_red16_heads_e10_seed42/inference_results.json,Foreground predicted instances; unmatched predictions included
matched_class_metric,Kidney,B,Tissue-specific Selected PEFT,42,matched_test,,Melanocyte,,,,matched_true_support,0,3912,537,6723,6723,run/sthelar40x_kidney_5class_slideind_foldB_lora_adaptformer_r8_a8_red16_heads_e10_seed42/log/2026-08-29T060654_sthelar40x_kidney_5class_slideind_foldB_lora_adaptformer_r8_a8_red16_heads_e10_seed42/inference_results.json,Type F1 is calculated from paired foreground confusion only
matched_class_metric,Kidney,B,Tissue-specific Selected PEFT,42,matched_test,,Melanocyte,,,,total_true_support,0,3912,537,6723,6723,run/sthelar40x_kidney_5class_slideind_foldB_lora_adaptformer_r8_a8_red16_heads_e10_seed42/log/2026-08-29T060654_sthelar40x_kidney_5class_slideind_foldB_lora_adaptformer_r8_a8_red16_heads_e10_seed42/inference_results.json,Type F1 is calculated from paired foreground confusion only
matched_class_metric,Kidney,B,Tissue-specific Selected PEFT,42,matched_test,,Melanocyte,,,,paired_type_F1,nan,3912,537,6723,6723,run/sthelar40x_kidney_5class_slideind_foldB_lora_adaptformer_r8_a8_red16_heads_e10_seed42/log/2026-08-29T060654_sthelar40x_kidney_5class_slideind_foldB_lora_adaptformer_r8_a8_red16_heads_e10_seed42/inference_results.json,Type F1 is calculated from paired foreground confusion only
predicted_class_frequency,Kidney,B,Tissue-specific Selected PEFT,42,matched_test,,,Melanocyte,0,0,,,3912,537,6723,6723,run/sthelar40x_kidney_5class_slideind_foldB_lora_adaptformer_r8_a8_red16_heads_e10_seed42/log/2026-08-29T060654_sthelar40x_kidney_5class_slideind_foldB_lora_adaptformer_r8_a8_red16_heads_e10_seed42/inference_results.json,Foreground predicted instances; unmatched predictions included
matched_class_metric,Kidney,B,Tissue-specific Selected PEFT,42,matched_test,,Other,,,,matched_true_support,6729,3912,537,6723,6723,run/sthelar40x_kidney_5class_slideind_foldB_lora_adaptformer_r8_a8_red16_heads_e10_seed42/log/2026-08-29T060654_sthelar40x_kidney_5class_slideind_foldB_lora_adaptformer_r8_a8_red16_heads_e10_seed42/inference_results.json,Type F1 is calculated from paired foreground confusion only
matched_class_metric,Kidney,B,Tissue-specific Selected PEFT,42,matched_test,,Other,,,,total_true_support,9921,3912,537,6723,6723,run/sthelar40x_kidney_5class_slideind_foldB_lora_adaptformer_r8_a8_red16_heads_e10_seed42/log/2026-08-29T060654_sthelar40x_kidney_5class_slideind_foldB_lora_adaptformer_r8_a8_red16_heads_e10_seed42/inference_results.json,Type F1 is calculated from paired foreground confusion only
matched_class_metric,Kidney,B,Tissue-specific Selected PEFT,42,matched_test,,Other,,,,paired_type_F1,0,3912,537,6723,6723,run/sthelar40x_kidney_5class_slideind_foldB_lora_adaptformer_r8_a8_red16_heads_e10_seed42/log/2026-08-29T060654_sthelar40x_kidney_5class_slideind_foldB_lora_adaptformer_r8_a8_red16_heads_e10_seed42/inference_results.json,Type F1 is calculated from paired foreground confusion only
predicted_class_frequency,Kidney,B,Tissue-specific Selected PEFT,42,matched_test,,,Other,0,0,,,3912,537,6723,6723,run/sthelar40x_kidney_5class_slideind_foldB_lora_adaptformer_r8_a8_red16_heads_e10_seed42/log/2026-08-29T060654_sthelar40x_kidney_5class_slideind_foldB_lora_adaptformer_r8_a8_red16_heads_e10_seed42/inference_results.json,Foreground predicted instances; unmatched predictions included
paired_confusion,Kidney,B,Tissue-specific Selected PEFT,42,matched_test,,Background,Background,8,,,,3912,537,6723,6723,run/sthelar40x_kidney_5class_slideind_foldB_lora_adaptformer_r8_a8_red16_heads_e10_seed42/log/2026-08-29T060654_sthelar40x_kidney_5class_slideind_foldB_lora_adaptformer_r8_a8_red16_heads_e10_seed42/inference_results.json,"Rows=true, columns=predicted; exact matched patch intersection"
paired_confusion,Kidney,B,Tissue-specific Selected PEFT,42,matched_test,,Background,Immune,0,,,,3912,537,6723,6723,run/sthelar40x_kidney_5class_slideind_foldB_lora_adaptformer_r8_a8_red16_heads_e10_seed42/log/2026-08-29T060654_sthelar40x_kidney_5class_slideind_foldB_lora_adaptformer_r8_a8_red16_heads_e10_seed42/inference_results.json,"Rows=true, columns=predicted; exact matched patch intersection"
paired_confusion,Kidney,B,Tissue-specific Selected PEFT,42,matched_test,,Background,Stromal,0,,,,3912,537,6723,6723,run/sthelar40x_kidney_5class_slideind_foldB_lora_adaptformer_r8_a8_red16_heads_e10_seed42/log/2026-08-29T060654_sthelar40x_kidney_5class_slideind_foldB_lora_adaptformer_r8_a8_red16_heads_e10_seed42/inference_results.json,"Rows=true, columns=predicted; exact matched patch intersection"
paired_confusion,Kidney,B,Tissue-specific Selected PEFT,42,matched_test,,Background,Epithelial,0,,,,3912,537,6723,6723,run/sthelar40x_kidney_5class_slideind_foldB_lora_adaptformer_r8_a8_red16_heads_e10_seed42/log/2026-08-29T060654_sthelar40x_kidney_5class_slideind_foldB_lora_adaptformer_r8_a8_red16_heads_e10_seed42/inference_results.json,"Rows=true, columns=predicted; exact matched patch intersection"
paired_confusion,Kidney,B,Tissue-specific Selected PEFT,42,matched_test,,Background,Melanocyte,0,,,,3912,537,6723,6723,run/sthelar40x_kidney_5class_slideind_foldB_lora_adaptformer_r8_a8_red16_heads_e10_seed42/log/2026-08-29T060654_sthelar40x_kidney_5class_slideind_foldB_lora_adaptformer_r8_a8_red16_heads_e10_seed42/inference_results.json,"Rows=true, columns=predicted; exact matched patch intersection"
paired_confusion,Kidney,B,Tissue-specific Selected PEFT,42,matched_test,,Background,Other,0,,,,3912,537,6723,6723,run/sthelar40x_kidney_5class_slideind_foldB_lora_adaptformer_r8_a8_red16_heads_e10_seed42/log/2026-08-29T060654_sthelar40x_kidney_5class_slideind_foldB_lora_adaptformer_r8_a8_red16_heads_e10_seed42/inference_results.json,"Rows=true, columns=predicted; exact matched patch intersection"
paired_confusion,Kidney,B,Tissue-specific Selected PEFT,42,matched_test,,Immune,Background,9,,,,3912,537,6723,6723,run/sthelar40x_kidney_5class_slideind_foldB_lora_adaptformer_r8_a8_red16_heads_e10_seed42/log/2026-08-29T060654_sthelar40x_kidney_5class_slideind_foldB_lora_adaptformer_r8_a8_red16_heads_e10_seed42/inference_results.json,"Rows=true, columns=predicted; exact matched patch intersection"
paired_confusion,Kidney,B,Tissue-specific Selected PEFT,42,matched_test,,Immune,Immune,13537,,,,3912,537,6723,6723,run/sthelar40x_kidney_5class_slideind_foldB_lora_adaptformer_r8_a8_red16_heads_e10_seed42/log/2026-08-29T060654_sthelar40x_kidney_5class_slideind_foldB_lora_adaptformer_r8_a8_red16_heads_e10_seed42/inference_results.json,"Rows=true, columns=predicted; exact matched patch intersection"
paired_confusion,Kidney,B,Tissue-specific Selected PEFT,42,matched_test,,Immune,Stromal,709,,,,3912,537,6723,6723,run/sthelar40x_kidney_5class_slideind_foldB_lora_adaptformer_r8_a8_red16_heads_e10_seed42/log/2026-08-29T060654_sthelar40x_kidney_5class_slideind_foldB_lora_adaptformer_r8_a8_red16_heads_e10_seed42/inference_results.json,"Rows=true, columns=predicted; exact matched patch intersection"
paired_confusion,Kidney,B,Tissue-specific Selected PEFT,42,matched_test,,Immune,Epithelial,2009,,,,3912,537,6723,6723,run/sthelar40x_kidney_5class_slideind_foldB_lora_adaptformer_r8_a8_red16_heads_e10_seed42/log/2026-08-29T060654_sthelar40x_kidney_5class_slideind_foldB_lora_adaptformer_r8_a8_red16_heads_e10_seed42/inference_results.json,"Rows=true, columns=predicted; exact matched patch intersection"
paired_confusion,Kidney,B,Tissue-specific Selected PEFT,42,matched_test,,Immune,Melanocyte,0,,,,3912,537,6723,6723,run/sthelar40x_kidney_5class_slideind_foldB_lora_adaptformer_r8_a8_red16_heads_e10_seed42/log/2026-08-29T060654_sthelar40x_kidney_5class_slideind_foldB_lora_adaptformer_r8_a8_red16_heads_e10_seed42/inference_results.json,"Rows=true, columns=predicted; exact matched patch intersection"
paired_confusion,Kidney,B,Tissue-specific Selected PEFT,42,matched_test,,Immune,Other,0,,,,3912,537,6723,6723,run/sthelar40x_kidney_5class_slideind_foldB_lora_adaptformer_r8_a8_red16_heads_e10_seed42/log/2026-08-29T060654_sthelar40x_kidney_5class_slideind_foldB_lora_adaptformer_r8_a8_red16_heads_e10_seed42/inference_results.json,"Rows=true, columns=predicted; exact matched patch intersection"
paired_confusion,Kidney,B,Tissue-specific Selected PEFT,42,matched_test,,Stromal,Background,23,,,,3912,537,6723,6723,run/sthelar40x_kidney_5class_slideind_foldB_lora_adaptformer_r8_a8_red16_heads_e10_seed42/log/2026-08-29T060654_sthelar40x_kidney_5class_slideind_foldB_lora_adaptformer_r8_a8_red16_heads_e10_seed42/inference_results.json,"Rows=true, columns=predicted; exact matched patch intersection"
paired_confusion,Kidney,B,Tissue-specific Selected PEFT,42,matched_test,,Stromal,Immune,38269,,,,3912,537,6723,6723,run/sthelar40x_kidney_5class_slideind_foldB_lora_adaptformer_r8_a8_red16_heads_e10_seed42/log/2026-08-29T060654_sthelar40x_kidney_5class_slideind_foldB_lora_adaptformer_r8_a8_red16_heads_e10_seed42/inference_results.json,"Rows=true, columns=predicted; exact matched patch intersection"
paired_confusion,Kidney,B,Tissue-specific Selected PEFT,42,matched_test,,Stromal,Stromal,4345,,,,3912,537,6723,6723,run/sthelar40x_kidney_5class_slideind_foldB_lora_adaptformer_r8_a8_red16_heads_e10_seed42/log/2026-08-29T060654_sthelar40x_kidney_5class_slideind_foldB_lora_adaptformer_r8_a8_red16_heads_e10_seed42/inference_results.json,"Rows=true, columns=predicted; exact matched patch intersection"
paired_confusion,Kidney,B,Tissue-specific Selected PEFT,42,matched_test,,Stromal,Epithelial,4414,,,,3912,537,6723,6723,run/sthelar40x_kidney_5class_slideind_foldB_lora_adaptformer_r8_a8_red16_heads_e10_seed42/log/2026-08-29T060654_sthelar40x_kidney_5class_slideind_foldB_lora_adaptformer_r8_a8_red16_heads_e10_seed42/inference_results.json,"Rows=true, columns=predicted; exact matched patch intersection"
paired_confusion,Kidney,B,Tissue-specific Selected PEFT,42,matched_test,,Stromal,Melanocyte,0,,,,3912,537,6723,6723,run/sthelar40x_kidney_5class_slideind_foldB_lora_adaptformer_r8_a8_red16_heads_e10_seed42/log/2026-08-29T060654_sthelar40x_kidney_5class_slideind_foldB_lora_adaptformer_r8_a8_red16_heads_e10_seed42/inference_results.json,"Rows=true, columns=predicted; exact matched patch intersection"
paired_confusion,Kidney,B,Tissue-specific Selected PEFT,42,matched_test,,Stromal,Other,0,,,,3912,537,6723,6723,run/sthelar40x_kidney_5class_slideind_foldB_lora_adaptformer_r8_a8_red16_heads_e10_seed42/log/2026-08-29T060654_sthelar40x_kidney_5class_slideind_foldB_lora_adaptformer_r8_a8_red16_heads_e10_seed42/inference_results.json,"Rows=true, columns=predicted; exact matched patch intersection"
paired_confusion,Kidney,B,Tissue-specific Selected PEFT,42,matched_test,,Epithelial,Background,50,,,,3912,537,6723,6723,run/sthelar40x_kidney_5class_slideind_foldB_lora_adaptformer_r8_a8_red16_heads_e10_seed42/log/2026-08-29T060654_sthelar40x_kidney_5class_slideind_foldB_lora_adaptformer_r8_a8_red16_heads_e10_seed42/inference_results.json,"Rows=true, columns=predicted; exact matched patch intersection"
paired_confusion,Kidney,B,Tissue-specific Selected PEFT,42,matched_test,,Epithelial,Immune,84882,,,,3912,537,6723,6723,run/sthelar40x_kidney_5class_slideind_foldB_lora_adaptformer_r8_a8_red16_heads_e10_seed42/log/2026-08-29T060654_sthelar40x_kidney_5class_slideind_foldB_lora_adaptformer_r8_a8_red16_heads_e10_seed42/inference_results.json,"Rows=true, columns=predicted; exact matched patch intersection"
paired_confusion,Kidney,B,Tissue-specific Selected PEFT,42,matched_test,,Epithelial,Stromal,2956,,,,3912,537,6723,6723,run/sthelar40x_kidney_5class_slideind_foldB_lora_adaptformer_r8_a8_red16_heads_e10_seed42/log/2026-08-29T060654_sthelar40x_kidney_5class_slideind_foldB_lora_adaptformer_r8_a8_red16_heads_e10_seed42/inference_results.json,"Rows=true, columns=predicted; exact matched patch intersection"
paired_confusion,Kidney,B,Tissue-specific Selected PEFT,42,matched_test,,Epithelial,Epithelial,5074,,,,3912,537,6723,6723,run/sthelar40x_kidney_5class_slideind_foldB_lora_adaptformer_r8_a8_red16_heads_e10_seed42/log/2026-08-29T060654_sthelar40x_kidney_5class_slideind_foldB_lora_adaptformer_r8_a8_red16_heads_e10_seed42/inference_results.json,"Rows=true, columns=predicted; exact matched patch intersection"
paired_confusion,Kidney,B,Tissue-specific Selected PEFT,42,matched_test,,Epithelial,Melanocyte,0,,,,3912,537,6723,6723,run/sthelar40x_kidney_5class_slideind_foldB_lora_adaptformer_r8_a8_red16_heads_e10_seed42/log/2026-08-29T060654_sthelar40x_kidney_5class_slideind_foldB_lora_adaptformer_r8_a8_red16_heads_e10_seed42/inference_results.json,"Rows=true, columns=predicted; exact matched patch intersection"
paired_confusion,Kidney,B,Tissue-specific Selected PEFT,42,matched_test,,Epithelial,Other,0,,,,3912,537,6723,6723,run/sthelar40x_kidney_5class_slideind_foldB_lora_adaptformer_r8_a8_red16_heads_e10_seed42/log/2026-08-29T060654_sthelar40x_kidney_5class_slideind_foldB_lora_adaptformer_r8_a8_red16_heads_e10_seed42/inference_results.json,"Rows=true, columns=predicted; exact matched patch intersection"
paired_confusion,Kidney,B,Tissue-specific Selected PEFT,42,matched_test,,Melanocyte,Background,0,,,,3912,537,6723,6723,run/sthelar40x_kidney_5class_slideind_foldB_lora_adaptformer_r8_a8_red16_heads_e10_seed42/log/2026-08-29T060654_sthelar40x_kidney_5class_slideind_foldB_lora_adaptformer_r8_a8_red16_heads_e10_seed42/inference_results.json,"Rows=true, columns=predicted; exact matched patch intersection"
paired_confusion,Kidney,B,Tissue-specific Selected PEFT,42,matched_test,,Melanocyte,Immune,0,,,,3912,537,6723,6723,run/sthelar40x_kidney_5class_slideind_foldB_lora_adaptformer_r8_a8_red16_heads_e10_seed42/log/2026-08-29T060654_sthelar40x_kidney_5class_slideind_foldB_lora_adaptformer_r8_a8_red16_heads_e10_seed42/inference_results.json,"Rows=true, columns=predicted; exact matched patch intersection"
paired_confusion,Kidney,B,Tissue-specific Selected PEFT,42,matched_test,,Melanocyte,Stromal,0,,,,3912,537,6723,6723,run/sthelar40x_kidney_5class_slideind_foldB_lora_adaptformer_r8_a8_red16_heads_e10_seed42/log/2026-08-29T060654_sthelar40x_kidney_5class_slideind_foldB_lora_adaptformer_r8_a8_red16_heads_e10_seed42/inference_results.json,"Rows=true, columns=predicted; exact matched patch intersection"
paired_confusion,Kidney,B,Tissue-specific Selected PEFT,42,matched_test,,Melanocyte,Epithelial,0,,,,3912,537,6723,6723,run/sthelar40x_kidney_5class_slideind_foldB_lora_adaptformer_r8_a8_red16_heads_e10_seed42/log/2026-08-29T060654_sthelar40x_kidney_5class_slideind_foldB_lora_adaptformer_r8_a8_red16_heads_e10_seed42/inference_results.json,"Rows=true, columns=predicted; exact matched patch intersection"
paired_confusion,Kidney,B,Tissue-specific Selected PEFT,42,matched_test,,Melanocyte,Melanocyte,0,,,,3912,537,6723,6723,run/sthelar40x_kidney_5class_slideind_foldB_lora_adaptformer_r8_a8_red16_heads_e10_seed42/log/2026-08-29T060654_sthelar40x_kidney_5class_slideind_foldB_lora_adaptformer_r8_a8_red16_heads_e10_seed42/inference_results.json,"Rows=true, columns=predicted; exact matched patch intersection"
paired_confusion,Kidney,B,Tissue-specific Selected PEFT,42,matched_test,,Melanocyte,Other,0,,,,3912,537,6723,6723,run/sthelar40x_kidney_5class_slideind_foldB_lora_adaptformer_r8_a8_red16_heads_e10_seed42/log/2026-08-29T060654_sthelar40x_kidney_5class_slideind_foldB_lora_adaptformer_r8_a8_red16_heads_e10_seed42/inference_results.json,"Rows=true, columns=predicted; exact matched patch intersection"
paired_confusion,Kidney,B,Tissue-specific Selected PEFT,42,matched_test,,Other,Background,6,,,,3912,537,6723,6723,run/sthelar40x_kidney_5class_slideind_foldB_lora_adaptformer_r8_a8_red16_heads_e10_seed42/log/2026-08-29T060654_sthelar40x_kidney_5class_slideind_foldB_lora_adaptformer_r8_a8_red16_heads_e10_seed42/inference_results.json,"Rows=true, columns=predicted; exact matched patch intersection"
paired_confusion,Kidney,B,Tissue-specific Selected PEFT,42,matched_test,,Other,Immune,4101,,,,3912,537,6723,6723,run/sthelar40x_kidney_5class_slideind_foldB_lora_adaptformer_r8_a8_red16_heads_e10_seed42/log/2026-08-29T060654_sthelar40x_kidney_5class_slideind_foldB_lora_adaptformer_r8_a8_red16_heads_e10_seed42/inference_results.json,"Rows=true, columns=predicted; exact matched patch intersection"
paired_confusion,Kidney,B,Tissue-specific Selected PEFT,42,matched_test,,Other,Stromal,600,,,,3912,537,6723,6723,run/sthelar40x_kidney_5class_slideind_foldB_lora_adaptformer_r8_a8_red16_heads_e10_seed42/log/2026-08-29T060654_sthelar40x_kidney_5class_slideind_foldB_lora_adaptformer_r8_a8_red16_heads_e10_seed42/inference_results.json,"Rows=true, columns=predicted; exact matched patch intersection"
paired_confusion,Kidney,B,Tissue-specific Selected PEFT,42,matched_test,,Other,Epithelial,2028,,,,3912,537,6723,6723,run/sthelar40x_kidney_5class_slideind_foldB_lora_adaptformer_r8_a8_red16_heads_e10_seed42/log/2026-08-29T060654_sthelar40x_kidney_5class_slideind_foldB_lora_adaptformer_r8_a8_red16_heads_e10_seed42/inference_results.json,"Rows=true, columns=predicted; exact matched patch intersection"
paired_confusion,Kidney,B,Tissue-specific Selected PEFT,42,matched_test,,Other,Melanocyte,0,,,,3912,537,6723,6723,run/sthelar40x_kidney_5class_slideind_foldB_lora_adaptformer_r8_a8_red16_heads_e10_seed42/log/2026-08-29T060654_sthelar40x_kidney_5class_slideind_foldB_lora_adaptformer_r8_a8_red16_heads_e10_seed42/inference_results.json,"Rows=true, columns=predicted; exact matched patch intersection"
paired_confusion,Kidney,B,Tissue-specific Selected PEFT,42,matched_test,,Other,Other,0,,,,3912,537,6723,6723,run/sthelar40x_kidney_5class_slideind_foldB_lora_adaptformer_r8_a8_red16_heads_e10_seed42/log/2026-08-29T060654_sthelar40x_kidney_5class_slideind_foldB_lora_adaptformer_r8_a8_red16_heads_e10_seed42/inference_results.json,"Rows=true, columns=predicted; exact matched patch intersection"
distribution_shift_summary,Kidney,B,Tissue-specific Selected PEFT,42,train_to_matched_test,,,,,,total_variation,0.468287449023,3912,537,6723,6723,run/sthelar40x_kidney_5class_slideind_foldB_lora_adaptformer_r8_a8_red16_heads_e10_seed42/log/2026-08-29T060654_sthelar40x_kidney_5class_slideind_foldB_lora_adaptformer_r8_a8_red16_heads_e10_seed42/inference_results.json,
distribution_shift_summary,Kidney,B,Tissue-specific Selected PEFT,42,train_to_matched_test,,,,,,jensen_shannon_bits,0.225444974156,3912,537,6723,6723,run/sthelar40x_kidney_5class_slideind_foldB_lora_adaptformer_r8_a8_red16_heads_e10_seed42/log/2026-08-29T060654_sthelar40x_kidney_5class_slideind_foldB_lora_adaptformer_r8_a8_red16_heads_e10_seed42/inference_results.json,
distribution_shift_class,Kidney,B,Tissue-specific Selected PEFT,42,train_to_matched_test,,Immune,,,,frequency_delta_test_minus_train,-0.468287449023,3912,537,6723,6723,run/sthelar40x_kidney_5class_slideind_foldB_lora_adaptformer_r8_a8_red16_heads_e10_seed42/log/2026-08-29T060654_sthelar40x_kidney_5class_slideind_foldB_lora_adaptformer_r8_a8_red16_heads_e10_seed42/inference_results.json,
distribution_shift_class,Kidney,B,Tissue-specific Selected PEFT,42,train_to_matched_test,,Immune,,,,train_to_test_frequency_ratio,5.54732128856,3912,537,6723,6723,run/sthelar40x_kidney_5class_slideind_foldB_lora_adaptformer_r8_a8_red16_heads_e10_seed42/log/2026-08-29T060654_sthelar40x_kidney_5class_slideind_foldB_lora_adaptformer_r8_a8_red16_heads_e10_seed42/inference_results.json,
distribution_shift_class,Kidney,B,Tissue-specific Selected PEFT,42,train_to_matched_test,,Stromal,,,,frequency_delta_test_minus_train,0.0284923998374,3912,537,6723,6723,run/sthelar40x_kidney_5class_slideind_foldB_lora_adaptformer_r8_a8_red16_heads_e10_seed42/log/2026-08-29T060654_sthelar40x_kidney_5class_slideind_foldB_lora_adaptformer_r8_a8_red16_heads_e10_seed42/inference_results.json,
distribution_shift_class,Kidney,B,Tissue-specific Selected PEFT,42,train_to_matched_test,,Stromal,,,,train_to_test_frequency_ratio,0.901017561742,3912,537,6723,6723,run/sthelar40x_kidney_5class_slideind_foldB_lora_adaptformer_r8_a8_red16_heads_e10_seed42/log/2026-08-29T060654_sthelar40x_kidney_5class_slideind_foldB_lora_adaptformer_r8_a8_red16_heads_e10_seed42/inference_results.json,
distribution_shift_class,Kidney,B,Tissue-specific Selected PEFT,42,train_to_matched_test,,Epithelial,,,,frequency_delta_test_minus_train,0.407908926275,3912,537,6723,6723,run/sthelar40x_kidney_5class_slideind_foldB_lora_adaptformer_r8_a8_red16_heads_e10_seed42/log/2026-08-29T060654_sthelar40x_kidney_5class_slideind_foldB_lora_adaptformer_r8_a8_red16_heads_e10_seed42/inference_results.json,
distribution_shift_class,Kidney,B,Tissue-specific Selected PEFT,42,train_to_matched_test,,Epithelial,,,,train_to_test_frequency_ratio,0.268291967368,3912,537,6723,6723,run/sthelar40x_kidney_5class_slideind_foldB_lora_adaptformer_r8_a8_red16_heads_e10_seed42/log/2026-08-29T060654_sthelar40x_kidney_5class_slideind_foldB_lora_adaptformer_r8_a8_red16_heads_e10_seed42/inference_results.json,
distribution_shift_class,Kidney,B,Tissue-specific Selected PEFT,42,train_to_matched_test,,Melanocyte,,,,frequency_delta_test_minus_train,0,3912,537,6723,6723,run/sthelar40x_kidney_5class_slideind_foldB_lora_adaptformer_r8_a8_red16_heads_e10_seed42/log/2026-08-29T060654_sthelar40x_kidney_5class_slideind_foldB_lora_adaptformer_r8_a8_red16_heads_e10_seed42/inference_results.json,
distribution_shift_class,Kidney,B,Tissue-specific Selected PEFT,42,train_to_matched_test,,Melanocyte,,,,train_to_test_frequency_ratio,nan,3912,537,6723,6723,run/sthelar40x_kidney_5class_slideind_foldB_lora_adaptformer_r8_a8_red16_heads_e10_seed42/log/2026-08-29T060654_sthelar40x_kidney_5class_slideind_foldB_lora_adaptformer_r8_a8_red16_heads_e10_seed42/inference_results.json,
distribution_shift_class,Kidney,B,Tissue-specific Selected PEFT,42,train_to_matched_test,,Other,,,,frequency_delta_test_minus_train,0.0318861229111,3912,537,6723,6723,run/sthelar40x_kidney_5class_slideind_foldB_lora_adaptformer_r8_a8_red16_heads_e10_seed42/log/2026-08-29T060654_sthelar40x_kidney_5class_slideind_foldB_lora_adaptformer_r8_a8_red16_heads_e10_seed42/inference_results.json,
distribution_shift_class,Kidney,B,Tissue-specific Selected PEFT,42,train_to_matched_test,,Other,,,,train_to_test_frequency_ratio,0.383139578431,3912,537,6723,6723,run/sthelar40x_kidney_5class_slideind_foldB_lora_adaptformer_r8_a8_red16_heads_e10_seed42/log/2026-08-29T060654_sthelar40x_kidney_5class_slideind_foldB_lora_adaptformer_r8_a8_red16_heads_e10_seed42/inference_results.json,
training_curve,Kidney,B,Tissue-specific Selected PEFT,42,train,1,,,,,train_loss,9.4157,3912,537,6723,6723,run/sthelar40x_kidney_5class_slideind_foldB_lora_adaptformer_r8_a8_red16_heads_e10_seed42/log/2026-08-29T060654_sthelar40x_kidney_5class_slideind_foldB_lora_adaptformer_r8_a8_red16_heads_e10_seed42/logs.log,Validation curve is descriptive only and is never used as canonical TEST evidence
training_curve,Kidney,B,Tissue-specific Selected PEFT,42,train,1,,,,,train_Dice,0.7375,3912,537,6723,6723,run/sthelar40x_kidney_5class_slideind_foldB_lora_adaptformer_r8_a8_red16_heads_e10_seed42/log/2026-08-29T060654_sthelar40x_kidney_5class_slideind_foldB_lora_adaptformer_r8_a8_red16_heads_e10_seed42/logs.log,Validation curve is descriptive only and is never used as canonical TEST evidence
training_curve,Kidney,B,Tissue-specific Selected PEFT,42,train,1,,,,,train_Jaccard,0.6047,3912,537,6723,6723,run/sthelar40x_kidney_5class_slideind_foldB_lora_adaptformer_r8_a8_red16_heads_e10_seed42/log/2026-08-29T060654_sthelar40x_kidney_5class_slideind_foldB_lora_adaptformer_r8_a8_red16_heads_e10_seed42/logs.log,Validation curve is descriptive only and is never used as canonical TEST evidence
training_curve,Kidney,B,Tissue-specific Selected PEFT,42,validation,1,,,,,val_loss,8.3336,3912,537,6723,6723,run/sthelar40x_kidney_5class_slideind_foldB_lora_adaptformer_r8_a8_red16_heads_e10_seed42/log/2026-08-29T060654_sthelar40x_kidney_5class_slideind_foldB_lora_adaptformer_r8_a8_red16_heads_e10_seed42/logs.log,Validation curve is descriptive only and is never used as canonical TEST evidence
training_curve,Kidney,B,Tissue-specific Selected PEFT,42,validation,1,,,,,val_Dice,0.7613,3912,537,6723,6723,run/sthelar40x_kidney_5class_slideind_foldB_lora_adaptformer_r8_a8_red16_heads_e10_seed42/log/2026-08-29T060654_sthelar40x_kidney_5class_slideind_foldB_lora_adaptformer_r8_a8_red16_heads_e10_seed42/logs.log,Validation curve is descriptive only and is never used as canonical TEST evidence
training_curve,Kidney,B,Tissue-specific Selected PEFT,42,validation,1,,,,,val_Jaccard,0.6362,3912,537,6723,6723,run/sthelar40x_kidney_5class_slideind_foldB_lora_adaptformer_r8_a8_red16_heads_e10_seed42/log/2026-08-29T060654_sthelar40x_kidney_5class_slideind_foldB_lora_adaptformer_r8_a8_red16_heads_e10_seed42/logs.log,Validation curve is descriptive only and is never used as canonical TEST evidence
training_curve,Kidney,B,Tissue-specific Selected PEFT,42,validation,1,,,,,val_bPQ,0.4848,3912,537,6723,6723,run/sthelar40x_kidney_5class_slideind_foldB_lora_adaptformer_r8_a8_red16_heads_e10_seed42/log/2026-08-29T060654_sthelar40x_kidney_5class_slideind_foldB_lora_adaptformer_r8_a8_red16_heads_e10_seed42/logs.log,Validation curve is descriptive only and is never used as canonical TEST evidence
training_curve,Kidney,B,Tissue-specific Selected PEFT,42,validation,1,,,,,val_mPQ,0.1914,3912,537,6723,6723,run/sthelar40x_kidney_5class_slideind_foldB_lora_adaptformer_r8_a8_red16_heads_e10_seed42/log/2026-08-29T060654_sthelar40x_kidney_5class_slideind_foldB_lora_adaptformer_r8_a8_red16_heads_e10_seed42/logs.log,Validation curve is descriptive only and is never used as canonical TEST evidence
training_curve,Kidney,B,Tissue-specific Selected PEFT,42,train,2,,,,,train_loss,7.26,3912,537,6723,6723,run/sthelar40x_kidney_5class_slideind_foldB_lora_adaptformer_r8_a8_red16_heads_e10_seed42/log/2026-08-29T060654_sthelar40x_kidney_5class_slideind_foldB_lora_adaptformer_r8_a8_red16_heads_e10_seed42/logs.log,Validation curve is descriptive only and is never used as canonical TEST evidence
training_curve,Kidney,B,Tissue-specific Selected PEFT,42,train,2,,,,,train_Dice,0.7321,3912,537,6723,6723,run/sthelar40x_kidney_5class_slideind_foldB_lora_adaptformer_r8_a8_red16_heads_e10_seed42/log/2026-08-29T060654_sthelar40x_kidney_5class_slideind_foldB_lora_adaptformer_r8_a8_red16_heads_e10_seed42/logs.log,Validation curve is descriptive only and is never used as canonical TEST evidence
training_curve,Kidney,B,Tissue-specific Selected PEFT,42,train,2,,,,,train_Jaccard,0.5995,3912,537,6723,6723,run/sthelar40x_kidney_5class_slideind_foldB_lora_adaptformer_r8_a8_red16_heads_e10_seed42/log/2026-08-29T060654_sthelar40x_kidney_5class_slideind_foldB_lora_adaptformer_r8_a8_red16_heads_e10_seed42/logs.log,Validation curve is descriptive only and is never used as canonical TEST evidence
training_curve,Kidney,B,Tissue-specific Selected PEFT,42,validation,2,,,,,val_loss,6.5194,3912,537,6723,6723,run/sthelar40x_kidney_5class_slideind_foldB_lora_adaptformer_r8_a8_red16_heads_e10_seed42/log/2026-08-29T060654_sthelar40x_kidney_5class_slideind_foldB_lora_adaptformer_r8_a8_red16_heads_e10_seed42/logs.log,Validation curve is descriptive only and is never used as canonical TEST evidence
training_curve,Kidney,B,Tissue-specific Selected PEFT,42,validation,2,,,,,val_Dice,0.7666,3912,537,6723,6723,run/sthelar40x_kidney_5class_slideind_foldB_lora_adaptformer_r8_a8_red16_heads_e10_seed42/log/2026-08-29T060654_sthelar40x_kidney_5class_slideind_foldB_lora_adaptformer_r8_a8_red16_heads_e10_seed42/logs.log,Validation curve is descriptive only and is never used as canonical TEST evidence
training_curve,Kidney,B,Tissue-specific Selected PEFT,42,validation,2,,,,,val_Jaccard,0.6445,3912,537,6723,6723,run/sthelar40x_kidney_5class_slideind_foldB_lora_adaptformer_r8_a8_red16_heads_e10_seed42/log/2026-08-29T060654_sthelar40x_kidney_5class_slideind_foldB_lora_adaptformer_r8_a8_red16_heads_e10_seed42/logs.log,Validation curve is descriptive only and is never used as canonical TEST evidence
training_curve,Kidney,B,Tissue-specific Selected PEFT,42,validation,2,,,,,val_bPQ,0.4989,3912,537,6723,6723,run/sthelar40x_kidney_5class_slideind_foldB_lora_adaptformer_r8_a8_red16_heads_e10_seed42/log/2026-08-29T060654_sthelar40x_kidney_5class_slideind_foldB_lora_adaptformer_r8_a8_red16_heads_e10_seed42/logs.log,Validation curve is descriptive only and is never used as canonical TEST evidence
training_curve,Kidney,B,Tissue-specific Selected PEFT,42,validation,2,,,,,val_mPQ,0.1888,3912,537,6723,6723,run/sthelar40x_kidney_5class_slideind_foldB_lora_adaptformer_r8_a8_red16_heads_e10_seed42/log/2026-08-29T060654_sthelar40x_kidney_5class_slideind_foldB_lora_adaptformer_r8_a8_red16_heads_e10_seed42/logs.log,Validation curve is descriptive only and is never used as canonical TEST evidence
training_curve,Kidney,B,Tissue-specific Selected PEFT,42,train,3,,,,,train_loss,6.3518,3912,537,6723,6723,run/sthelar40x_kidney_5class_slideind_foldB_lora_adaptformer_r8_a8_red16_heads_e10_seed42/log/2026-08-29T060654_sthelar40x_kidney_5class_slideind_foldB_lora_adaptformer_r8_a8_red16_heads_e10_seed42/logs.log,Validation curve is descriptive only and is never used as canonical TEST evidence
training_curve,Kidney,B,Tissue-specific Selected PEFT,42,train,3,,,,,train_Dice,0.7454,3912,537,6723,6723,run/sthelar40x_kidney_5class_slideind_foldB_lora_adaptformer_r8_a8_red16_heads_e10_seed42/log/2026-08-29T060654_sthelar40x_kidney_5class_slideind_foldB_lora_adaptformer_r8_a8_red16_heads_e10_seed42/logs.log,Validation curve is descriptive only and is never used as canonical TEST evidence
training_curve,Kidney,B,Tissue-specific Selected PEFT,42,train,3,,,,,train_Jaccard,0.6152,3912,537,6723,6723,run/sthelar40x_kidney_5class_slideind_foldB_lora_adaptformer_r8_a8_red16_heads_e10_seed42/log/2026-08-29T060654_sthelar40x_kidney_5class_slideind_foldB_lora_adaptformer_r8_a8_red16_heads_e10_seed42/logs.log,Validation curve is descriptive only and is never used as canonical TEST evidence
training_curve,Kidney,B,Tissue-specific Selected PEFT,42,validation,3,,,,,val_loss,6.0194,3912,537,6723,6723,run/sthelar40x_kidney_5class_slideind_foldB_lora_adaptformer_r8_a8_red16_heads_e10_seed42/log/2026-08-29T060654_sthelar40x_kidney_5class_slideind_foldB_lora_adaptformer_r8_a8_red16_heads_e10_seed42/logs.log,Validation curve is descriptive only and is never used as canonical TEST evidence
training_curve,Kidney,B,Tissue-specific Selected PEFT,42,validation,3,,,,,val_Dice,0.7788,3912,537,6723,6723,run/sthelar40x_kidney_5class_slideind_foldB_lora_adaptformer_r8_a8_red16_heads_e10_seed42/log/2026-08-29T060654_sthelar40x_kidney_5class_slideind_foldB_lora_adaptformer_r8_a8_red16_heads_e10_seed42/logs.log,Validation curve is descriptive only and is never used as canonical TEST evidence
training_curve,Kidney,B,Tissue-specific Selected PEFT,42,validation,3,,,,,val_Jaccard,0.6607,3912,537,6723,6723,run/sthelar40x_kidney_5class_slideind_foldB_lora_adaptformer_r8_a8_red16_heads_e10_seed42/log/2026-08-29T060654_sthelar40x_kidney_5class_slideind_foldB_lora_adaptformer_r8_a8_red16_heads_e10_seed42/logs.log,Validation curve is descriptive only and is never used as canonical TEST evidence
training_curve,Kidney,B,Tissue-specific Selected PEFT,42,validation,3,,,,,val_bPQ,0.52,3912,537,6723,6723,run/sthelar40x_kidney_5class_slideind_foldB_lora_adaptformer_r8_a8_red16_heads_e10_seed42/log/2026-08-29T060654_sthelar40x_kidney_5class_slideind_foldB_lora_adaptformer_r8_a8_red16_heads_e10_seed42/logs.log,Validation curve is descriptive only and is never used as canonical TEST evidence
training_curve,Kidney,B,Tissue-specific Selected PEFT,42,validation,3,,,,,val_mPQ,0.2024,3912,537,6723,6723,run/sthelar40x_kidney_5class_slideind_foldB_lora_adaptformer_r8_a8_red16_heads_e10_seed42/log/2026-08-29T060654_sthelar40x_kidney_5class_slideind_foldB_lora_adaptformer_r8_a8_red16_heads_e10_seed42/logs.log,Validation curve is descriptive only and is never used as canonical TEST evidence
training_curve,Kidney,B,Tissue-specific Selected PEFT,42,train,4,,,,,train_loss,5.9577,3912,537,6723,6723,run/sthelar40x_kidney_5class_slideind_foldB_lora_adaptformer_r8_a8_red16_heads_e10_seed42/log/2026-08-29T060654_sthelar40x_kidney_5class_slideind_foldB_lora_adaptformer_r8_a8_red16_heads_e10_seed42/logs.log,Validation curve is descriptive only and is never used as canonical TEST evidence
training_curve,Kidney,B,Tissue-specific Selected PEFT,42,train,4,,,,,train_Dice,0.7519,3912,537,6723,6723,run/sthelar40x_kidney_5class_slideind_foldB_lora_adaptformer_r8_a8_red16_heads_e10_seed42/log/2026-08-29T060654_sthelar40x_kidney_5class_slideind_foldB_lora_adaptformer_r8_a8_red16_heads_e10_seed42/logs.log,Validation curve is descriptive only and is never used as canonical TEST evidence
training_curve,Kidney,B,Tissue-specific Selected PEFT,42,train,4,,,,,train_Jaccard,0.6247,3912,537,6723,6723,run/sthelar40x_kidney_5class_slideind_foldB_lora_adaptformer_r8_a8_red16_heads_e10_seed42/log/2026-08-29T060654_sthelar40x_kidney_5class_slideind_foldB_lora_adaptformer_r8_a8_red16_heads_e10_seed42/logs.log,Validation curve is descriptive only and is never used as canonical TEST evidence
training_curve,Kidney,B,Tissue-specific Selected PEFT,42,validation,4,,,,,val_loss,5.7661,3912,537,6723,6723,run/sthelar40x_kidney_5class_slideind_foldB_lora_adaptformer_r8_a8_red16_heads_e10_seed42/log/2026-08-29T060654_sthelar40x_kidney_5class_slideind_foldB_lora_adaptformer_r8_a8_red16_heads_e10_seed42/logs.log,Validation curve is descriptive only and is never used as canonical TEST evidence
training_curve,Kidney,B,Tissue-specific Selected PEFT,42,validation,4,,,,,val_Dice,0.7782,3912,537,6723,6723,run/sthelar40x_kidney_5class_slideind_foldB_lora_adaptformer_r8_a8_red16_heads_e10_seed42/log/2026-08-29T060654_sthelar40x_kidney_5class_slideind_foldB_lora_adaptformer_r8_a8_red16_heads_e10_seed42/logs.log,Validation curve is descriptive only and is never used as canonical TEST evidence
training_curve,Kidney,B,Tissue-specific Selected PEFT,42,validation,4,,,,,val_Jaccard,0.657,3912,537,6723,6723,run/sthelar40x_kidney_5class_slideind_foldB_lora_adaptformer_r8_a8_red16_heads_e10_seed42/log/2026-08-29T060654_sthelar40x_kidney_5class_slideind_foldB_lora_adaptformer_r8_a8_red16_heads_e10_seed42/logs.log,Validation curve is descriptive only and is never used as canonical TEST evidence
training_curve,Kidney,B,Tissue-specific Selected PEFT,42,validation,4,,,,,val_bPQ,0.5115,3912,537,6723,6723,run/sthelar40x_kidney_5class_slideind_foldB_lora_adaptformer_r8_a8_red16_heads_e10_seed42/log/2026-08-29T060654_sthelar40x_kidney_5class_slideind_foldB_lora_adaptformer_r8_a8_red16_heads_e10_seed42/logs.log,Validation curve is descriptive only and is never used as canonical TEST evidence
training_curve,Kidney,B,Tissue-specific Selected PEFT,42,validation,4,,,,,val_mPQ,0.1942,3912,537,6723,6723,run/sthelar40x_kidney_5class_slideind_foldB_lora_adaptformer_r8_a8_red16_heads_e10_seed42/log/2026-08-29T060654_sthelar40x_kidney_5class_slideind_foldB_lora_adaptformer_r8_a8_red16_heads_e10_seed42/logs.log,Validation curve is descriptive only and is never used as canonical TEST evidence
training_curve,Kidney,B,Tissue-specific Selected PEFT,42,train,5,,,,,train_loss,5.7527,3912,537,6723,6723,run/sthelar40x_kidney_5class_slideind_foldB_lora_adaptformer_r8_a8_red16_heads_e10_seed42/log/2026-08-29T060654_sthelar40x_kidney_5class_slideind_foldB_lora_adaptformer_r8_a8_red16_heads_e10_seed42/logs.log,Validation curve is descriptive only and is never used as canonical TEST evidence
training_curve,Kidney,B,Tissue-specific Selected PEFT,42,train,5,,,,,train_Dice,0.7613,3912,537,6723,6723,run/sthelar40x_kidney_5class_slideind_foldB_lora_adaptformer_r8_a8_red16_heads_e10_seed42/log/2026-08-29T060654_sthelar40x_kidney_5class_slideind_foldB_lora_adaptformer_r8_a8_red16_heads_e10_seed42/logs.log,Validation curve is descriptive only and is never used as canonical TEST evidence
training_curve,Kidney,B,Tissue-specific Selected PEFT,42,train,5,,,,,train_Jaccard,0.6359,3912,537,6723,6723,run/sthelar40x_kidney_5class_slideind_foldB_lora_adaptformer_r8_a8_red16_heads_e10_seed42/log/2026-08-29T060654_sthelar40x_kidney_5class_slideind_foldB_lora_adaptformer_r8_a8_red16_heads_e10_seed42/logs.log,Validation curve is descriptive only and is never used as canonical TEST evidence
training_curve,Kidney,B,Tissue-specific Selected PEFT,42,validation,5,,,,,val_loss,5.6133,3912,537,6723,6723,run/sthelar40x_kidney_5class_slideind_foldB_lora_adaptformer_r8_a8_red16_heads_e10_seed42/log/2026-08-29T060654_sthelar40x_kidney_5class_slideind_foldB_lora_adaptformer_r8_a8_red16_heads_e10_seed42/logs.log,Validation curve is descriptive only and is never used as canonical TEST evidence
training_curve,Kidney,B,Tissue-specific Selected PEFT,42,validation,5,,,,,val_Dice,0.7849,3912,537,6723,6723,run/sthelar40x_kidney_5class_slideind_foldB_lora_adaptformer_r8_a8_red16_heads_e10_seed42/log/2026-08-29T060654_sthelar40x_kidney_5class_slideind_foldB_lora_adaptformer_r8_a8_red16_heads_e10_seed42/logs.log,Validation curve is descriptive only and is never used as canonical TEST evidence
training_curve,Kidney,B,Tissue-specific Selected PEFT,42,validation,5,,,,,val_Jaccard,0.6679,3912,537,6723,6723,run/sthelar40x_kidney_5class_slideind_foldB_lora_adaptformer_r8_a8_red16_heads_e10_seed42/log/2026-08-29T060654_sthelar40x_kidney_5class_slideind_foldB_lora_adaptformer_r8_a8_red16_heads_e10_seed42/logs.log,Validation curve is descriptive only and is never used as canonical TEST evidence
training_curve,Kidney,B,Tissue-specific Selected PEFT,42,validation,5,,,,,val_bPQ,0.5304,3912,537,6723,6723,run/sthelar40x_kidney_5class_slideind_foldB_lora_adaptformer_r8_a8_red16_heads_e10_seed42/log/2026-08-29T060654_sthelar40x_kidney_5class_slideind_foldB_lora_adaptformer_r8_a8_red16_heads_e10_seed42/logs.log,Validation curve is descriptive only and is never used as canonical TEST evidence
training_curve,Kidney,B,Tissue-specific Selected PEFT,42,validation,5,,,,,val_mPQ,0.2192,3912,537,6723,6723,run/sthelar40x_kidney_5class_slideind_foldB_lora_adaptformer_r8_a8_red16_heads_e10_seed42/log/2026-08-29T060654_sthelar40x_kidney_5class_slideind_foldB_lora_adaptformer_r8_a8_red16_heads_e10_seed42/logs.log,Validation curve is descriptive only and is never used as canonical TEST evidence
training_curve,Kidney,B,Tissue-specific Selected PEFT,42,train,6,,,,,train_loss,5.6025,3912,537,6723,6723,run/sthelar40x_kidney_5class_slideind_foldB_lora_adaptformer_r8_a8_red16_heads_e10_seed42/log/2026-08-29T060654_sthelar40x_kidney_5class_slideind_foldB_lora_adaptformer_r8_a8_red16_heads_e10_seed42/logs.log,Validation curve is descriptive only and is never used as canonical TEST evidence
training_curve,Kidney,B,Tissue-specific Selected PEFT,42,train,6,,,,,train_Dice,0.7676,3912,537,6723,6723,run/sthelar40x_kidney_5class_slideind_foldB_lora_adaptformer_r8_a8_red16_heads_e10_seed42/log/2026-08-29T060654_sthelar40x_kidney_5class_slideind_foldB_lora_adaptformer_r8_a8_red16_heads_e10_seed42/logs.log,Validation curve is descriptive only and is never used as canonical TEST evidence
training_curve,Kidney,B,Tissue-specific Selected PEFT,42,train,6,,,,,train_Jaccard,0.6444,3912,537,6723,6723,run/sthelar40x_kidney_5class_slideind_foldB_lora_adaptformer_r8_a8_red16_heads_e10_seed42/log/2026-08-29T060654_sthelar40x_kidney_5class_slideind_foldB_lora_adaptformer_r8_a8_red16_heads_e10_seed42/logs.log,Validation curve is descriptive only and is never used as canonical TEST evidence
training_curve,Kidney,B,Tissue-specific Selected PEFT,42,validation,6,,,,,val_loss,5.4634,3912,537,6723,6723,run/sthelar40x_kidney_5class_slideind_foldB_lora_adaptformer_r8_a8_red16_heads_e10_seed42/log/2026-08-29T060654_sthelar40x_kidney_5class_slideind_foldB_lora_adaptformer_r8_a8_red16_heads_e10_seed42/logs.log,Validation curve is descriptive only and is never used as canonical TEST evidence
training_curve,Kidney,B,Tissue-specific Selected PEFT,42,validation,6,,,,,val_Dice,0.7863,3912,537,6723,6723,run/sthelar40x_kidney_5class_slideind_foldB_lora_adaptformer_r8_a8_red16_heads_e10_seed42/log/2026-08-29T060654_sthelar40x_kidney_5class_slideind_foldB_lora_adaptformer_r8_a8_red16_heads_e10_seed42/logs.log,Validation curve is descriptive only and is never used as canonical TEST evidence
training_curve,Kidney,B,Tissue-specific Selected PEFT,42,validation,6,,,,,val_Jaccard,0.6717,3912,537,6723,6723,run/sthelar40x_kidney_5class_slideind_foldB_lora_adaptformer_r8_a8_red16_heads_e10_seed42/log/2026-08-29T060654_sthelar40x_kidney_5class_slideind_foldB_lora_adaptformer_r8_a8_red16_heads_e10_seed42/logs.log,Validation curve is descriptive only and is never used as canonical TEST evidence
training_curve,Kidney,B,Tissue-specific Selected PEFT,42,validation,6,,,,,val_bPQ,0.5356,3912,537,6723,6723,run/sthelar40x_kidney_5class_slideind_foldB_lora_adaptformer_r8_a8_red16_heads_e10_seed42/log/2026-08-29T060654_sthelar40x_kidney_5class_slideind_foldB_lora_adaptformer_r8_a8_red16_heads_e10_seed42/logs.log,Validation curve is descriptive only and is never used as canonical TEST evidence
training_curve,Kidney,B,Tissue-specific Selected PEFT,42,validation,6,,,,,val_mPQ,0.2396,3912,537,6723,6723,run/sthelar40x_kidney_5class_slideind_foldB_lora_adaptformer_r8_a8_red16_heads_e10_seed42/log/2026-08-29T060654_sthelar40x_kidney_5class_slideind_foldB_lora_adaptformer_r8_a8_red16_heads_e10_seed42/logs.log,Validation curve is descriptive only and is never used as canonical TEST evidence
training_curve,Kidney,B,Tissue-specific Selected PEFT,42,train,7,,,,,train_loss,5.5091,3912,537,6723,6723,run/sthelar40x_kidney_5class_slideind_foldB_lora_adaptformer_r8_a8_red16_heads_e10_seed42/log/2026-08-29T060654_sthelar40x_kidney_5class_slideind_foldB_lora_adaptformer_r8_a8_red16_heads_e10_seed42/logs.log,Validation curve is descriptive only and is never used as canonical TEST evidence
training_curve,Kidney,B,Tissue-specific Selected PEFT,42,train,7,,,,,train_Dice,0.7685,3912,537,6723,6723,run/sthelar40x_kidney_5class_slideind_foldB_lora_adaptformer_r8_a8_red16_heads_e10_seed42/log/2026-08-29T060654_sthelar40x_kidney_5class_slideind_foldB_lora_adaptformer_r8_a8_red16_heads_e10_seed42/logs.log,Validation curve is descriptive only and is never used as canonical TEST evidence
training_curve,Kidney,B,Tissue-specific Selected PEFT,42,train,7,,,,,train_Jaccard,0.6499,3912,537,6723,6723,run/sthelar40x_kidney_5class_slideind_foldB_lora_adaptformer_r8_a8_red16_heads_e10_seed42/log/2026-08-29T060654_sthelar40x_kidney_5class_slideind_foldB_lora_adaptformer_r8_a8_red16_heads_e10_seed42/logs.log,Validation curve is descriptive only and is never used as canonical TEST evidence
training_curve,Kidney,B,Tissue-specific Selected PEFT,42,validation,7,,,,,val_loss,5.4318,3912,537,6723,6723,run/sthelar40x_kidney_5class_slideind_foldB_lora_adaptformer_r8_a8_red16_heads_e10_seed42/log/2026-08-29T060654_sthelar40x_kidney_5class_slideind_foldB_lora_adaptformer_r8_a8_red16_heads_e10_seed42/logs.log,Validation curve is descriptive only and is never used as canonical TEST evidence
training_curve,Kidney,B,Tissue-specific Selected PEFT,42,validation,7,,,,,val_Dice,0.7763,3912,537,6723,6723,run/sthelar40x_kidney_5class_slideind_foldB_lora_adaptformer_r8_a8_red16_heads_e10_seed42/log/2026-08-29T060654_sthelar40x_kidney_5class_slideind_foldB_lora_adaptformer_r8_a8_red16_heads_e10_seed42/logs.log,Validation curve is descriptive only and is never used as canonical TEST evidence
training_curve,Kidney,B,Tissue-specific Selected PEFT,42,validation,7,,,,,val_Jaccard,0.6571,3912,537,6723,6723,run/sthelar40x_kidney_5class_slideind_foldB_lora_adaptformer_r8_a8_red16_heads_e10_seed42/log/2026-08-29T060654_sthelar40x_kidney_5class_slideind_foldB_lora_adaptformer_r8_a8_red16_heads_e10_seed42/logs.log,Validation curve is descriptive only and is never used as canonical TEST evidence
training_curve,Kidney,B,Tissue-specific Selected PEFT,42,validation,7,,,,,val_bPQ,0.5212,3912,537,6723,6723,run/sthelar40x_kidney_5class_slideind_foldB_lora_adaptformer_r8_a8_red16_heads_e10_seed42/log/2026-08-29T060654_sthelar40x_kidney_5class_slideind_foldB_lora_adaptformer_r8_a8_red16_heads_e10_seed42/logs.log,Validation curve is descriptive only and is never used as canonical TEST evidence
training_curve,Kidney,B,Tissue-specific Selected PEFT,42,validation,7,,,,,val_mPQ,0.2356,3912,537,6723,6723,run/sthelar40x_kidney_5class_slideind_foldB_lora_adaptformer_r8_a8_red16_heads_e10_seed42/log/2026-08-29T060654_sthelar40x_kidney_5class_slideind_foldB_lora_adaptformer_r8_a8_red16_heads_e10_seed42/logs.log,Validation curve is descriptive only and is never used as canonical TEST evidence
training_curve,Kidney,B,Tissue-specific Selected PEFT,42,train,8,,,,,train_loss,5.4302,3912,537,6723,6723,run/sthelar40x_kidney_5class_slideind_foldB_lora_adaptformer_r8_a8_red16_heads_e10_seed42/log/2026-08-29T060654_sthelar40x_kidney_5class_slideind_foldB_lora_adaptformer_r8_a8_red16_heads_e10_seed42/logs.log,Validation curve is descriptive only and is never used as canonical TEST evidence
training_curve,Kidney,B,Tissue-specific Selected PEFT,42,train,8,,,,,train_Dice,0.7741,3912,537,6723,6723,run/sthelar40x_kidney_5class_slideind_foldB_lora_adaptformer_r8_a8_red16_heads_e10_seed42/log/2026-08-29T060654_sthelar40x_kidney_5class_slideind_foldB_lora_adaptformer_r8_a8_red16_heads_e10_seed42/logs.log,Validation curve is descriptive only and is never used as canonical TEST evidence
training_curve,Kidney,B,Tissue-specific Selected PEFT,42,train,8,,,,,train_Jaccard,0.656,3912,537,6723,6723,run/sthelar40x_kidney_5class_slideind_foldB_lora_adaptformer_r8_a8_red16_heads_e10_seed42/log/2026-08-29T060654_sthelar40x_kidney_5class_slideind_foldB_lora_adaptformer_r8_a8_red16_heads_e10_seed42/logs.log,Validation curve is descriptive only and is never used as canonical TEST evidence
training_curve,Kidney,B,Tissue-specific Selected PEFT,42,validation,8,,,,,val_loss,5.3576,3912,537,6723,6723,run/sthelar40x_kidney_5class_slideind_foldB_lora_adaptformer_r8_a8_red16_heads_e10_seed42/log/2026-08-29T060654_sthelar40x_kidney_5class_slideind_foldB_lora_adaptformer_r8_a8_red16_heads_e10_seed42/logs.log,Validation curve is descriptive only and is never used as canonical TEST evidence
training_curve,Kidney,B,Tissue-specific Selected PEFT,42,validation,8,,,,,val_Dice,0.7866,3912,537,6723,6723,run/sthelar40x_kidney_5class_slideind_foldB_lora_adaptformer_r8_a8_red16_heads_e10_seed42/log/2026-08-29T060654_sthelar40x_kidney_5class_slideind_foldB_lora_adaptformer_r8_a8_red16_heads_e10_seed42/logs.log,Validation curve is descriptive only and is never used as canonical TEST evidence
training_curve,Kidney,B,Tissue-specific Selected PEFT,42,validation,8,,,,,val_Jaccard,0.6709,3912,537,6723,6723,run/sthelar40x_kidney_5class_slideind_foldB_lora_adaptformer_r8_a8_red16_heads_e10_seed42/log/2026-08-29T060654_sthelar40x_kidney_5class_slideind_foldB_lora_adaptformer_r8_a8_red16_heads_e10_seed42/logs.log,Validation curve is descriptive only and is never used as canonical TEST evidence
training_curve,Kidney,B,Tissue-specific Selected PEFT,42,validation,8,,,,,val_bPQ,0.5377,3912,537,6723,6723,run/sthelar40x_kidney_5class_slideind_foldB_lora_adaptformer_r8_a8_red16_heads_e10_seed42/log/2026-08-29T060654_sthelar40x_kidney_5class_slideind_foldB_lora_adaptformer_r8_a8_red16_heads_e10_seed42/logs.log,Validation curve is descriptive only and is never used as canonical TEST evidence
training_curve,Kidney,B,Tissue-specific Selected PEFT,42,validation,8,,,,,val_mPQ,0.2443,3912,537,6723,6723,run/sthelar40x_kidney_5class_slideind_foldB_lora_adaptformer_r8_a8_red16_heads_e10_seed42/log/2026-08-29T060654_sthelar40x_kidney_5class_slideind_foldB_lora_adaptformer_r8_a8_red16_heads_e10_seed42/logs.log,Validation curve is descriptive only and is never used as canonical TEST evidence
training_curve,Kidney,B,Tissue-specific Selected PEFT,42,train,9,,,,,train_loss,5.3578,3912,537,6723,6723,run/sthelar40x_kidney_5class_slideind_foldB_lora_adaptformer_r8_a8_red16_heads_e10_seed42/log/2026-08-29T060654_sthelar40x_kidney_5class_slideind_foldB_lora_adaptformer_r8_a8_red16_heads_e10_seed42/logs.log,Validation curve is descriptive only and is never used as canonical TEST evidence
training_curve,Kidney,B,Tissue-specific Selected PEFT,42,train,9,,,,,train_Dice,0.7754,3912,537,6723,6723,run/sthelar40x_kidney_5class_slideind_foldB_lora_adaptformer_r8_a8_red16_heads_e10_seed42/log/2026-08-29T060654_sthelar40x_kidney_5class_slideind_foldB_lora_adaptformer_r8_a8_red16_heads_e10_seed42/logs.log,Validation curve is descriptive only and is never used as canonical TEST evidence
training_curve,Kidney,B,Tissue-specific Selected PEFT,42,train,9,,,,,train_Jaccard,0.6579,3912,537,6723,6723,run/sthelar40x_kidney_5class_slideind_foldB_lora_adaptformer_r8_a8_red16_heads_e10_seed42/log/2026-08-29T060654_sthelar40x_kidney_5class_slideind_foldB_lora_adaptformer_r8_a8_red16_heads_e10_seed42/logs.log,Validation curve is descriptive only and is never used as canonical TEST evidence
training_curve,Kidney,B,Tissue-specific Selected PEFT,42,validation,9,,,,,val_loss,5.2826,3912,537,6723,6723,run/sthelar40x_kidney_5class_slideind_foldB_lora_adaptformer_r8_a8_red16_heads_e10_seed42/log/2026-08-29T060654_sthelar40x_kidney_5class_slideind_foldB_lora_adaptformer_r8_a8_red16_heads_e10_seed42/logs.log,Validation curve is descriptive only and is never used as canonical TEST evidence
training_curve,Kidney,B,Tissue-specific Selected PEFT,42,validation,9,,,,,val_Dice,0.7944,3912,537,6723,6723,run/sthelar40x_kidney_5class_slideind_foldB_lora_adaptformer_r8_a8_red16_heads_e10_seed42/log/2026-08-29T060654_sthelar40x_kidney_5class_slideind_foldB_lora_adaptformer_r8_a8_red16_heads_e10_seed42/logs.log,Validation curve is descriptive only and is never used as canonical TEST evidence
training_curve,Kidney,B,Tissue-specific Selected PEFT,42,validation,9,,,,,val_Jaccard,0.6828,3912,537,6723,6723,run/sthelar40x_kidney_5class_slideind_foldB_lora_adaptformer_r8_a8_red16_heads_e10_seed42/log/2026-08-29T060654_sthelar40x_kidney_5class_slideind_foldB_lora_adaptformer_r8_a8_red16_heads_e10_seed42/logs.log,Validation curve is descriptive only and is never used as canonical TEST evidence
training_curve,Kidney,B,Tissue-specific Selected PEFT,42,validation,9,,,,,val_bPQ,0.552,3912,537,6723,6723,run/sthelar40x_kidney_5class_slideind_foldB_lora_adaptformer_r8_a8_red16_heads_e10_seed42/log/2026-08-29T060654_sthelar40x_kidney_5class_slideind_foldB_lora_adaptformer_r8_a8_red16_heads_e10_seed42/logs.log,Validation curve is descriptive only and is never used as canonical TEST evidence
training_curve,Kidney,B,Tissue-specific Selected PEFT,42,validation,9,,,,,val_mPQ,0.2494,3912,537,6723,6723,run/sthelar40x_kidney_5class_slideind_foldB_lora_adaptformer_r8_a8_red16_heads_e10_seed42/log/2026-08-29T060654_sthelar40x_kidney_5class_slideind_foldB_lora_adaptformer_r8_a8_red16_heads_e10_seed42/logs.log,Validation curve is descriptive only and is never used as canonical TEST evidence
training_curve,Kidney,B,Tissue-specific Selected PEFT,42,train,10,,,,,train_loss,5.3012,3912,537,6723,6723,run/sthelar40x_kidney_5class_slideind_foldB_lora_adaptformer_r8_a8_red16_heads_e10_seed42/log/2026-08-29T060654_sthelar40x_kidney_5class_slideind_foldB_lora_adaptformer_r8_a8_red16_heads_e10_seed42/logs.log,Validation curve is descriptive only and is never used as canonical TEST evidence
training_curve,Kidney,B,Tissue-specific Selected PEFT,42,train,10,,,,,train_Dice,0.7807,3912,537,6723,6723,run/sthelar40x_kidney_5class_slideind_foldB_lora_adaptformer_r8_a8_red16_heads_e10_seed42/log/2026-08-29T060654_sthelar40x_kidney_5class_slideind_foldB_lora_adaptformer_r8_a8_red16_heads_e10_seed42/logs.log,Validation curve is descriptive only and is never used as canonical TEST evidence
training_curve,Kidney,B,Tissue-specific Selected PEFT,42,train,10,,,,,train_Jaccard,0.6645,3912,537,6723,6723,run/sthelar40x_kidney_5class_slideind_foldB_lora_adaptformer_r8_a8_red16_heads_e10_seed42/log/2026-08-29T060654_sthelar40x_kidney_5class_slideind_foldB_lora_adaptformer_r8_a8_red16_heads_e10_seed42/logs.log,Validation curve is descriptive only and is never used as canonical TEST evidence
training_curve,Kidney,B,Tissue-specific Selected PEFT,42,validation,10,,,,,val_loss,5.2244,3912,537,6723,6723,run/sthelar40x_kidney_5class_slideind_foldB_lora_adaptformer_r8_a8_red16_heads_e10_seed42/log/2026-08-29T060654_sthelar40x_kidney_5class_slideind_foldB_lora_adaptformer_r8_a8_red16_heads_e10_seed42/logs.log,Validation curve is descriptive only and is never used as canonical TEST evidence
training_curve,Kidney,B,Tissue-specific Selected PEFT,42,validation,10,,,,,val_Dice,0.7953,3912,537,6723,6723,run/sthelar40x_kidney_5class_slideind_foldB_lora_adaptformer_r8_a8_red16_heads_e10_seed42/log/2026-08-29T060654_sthelar40x_kidney_5class_slideind_foldB_lora_adaptformer_r8_a8_red16_heads_e10_seed42/logs.log,Validation curve is descriptive only and is never used as canonical TEST evidence
training_curve,Kidney,B,Tissue-specific Selected PEFT,42,validation,10,,,,,val_Jaccard,0.684,3912,537,6723,6723,run/sthelar40x_kidney_5class_slideind_foldB_lora_adaptformer_r8_a8_red16_heads_e10_seed42/log/2026-08-29T060654_sthelar40x_kidney_5class_slideind_foldB_lora_adaptformer_r8_a8_red16_heads_e10_seed42/logs.log,Validation curve is descriptive only and is never used as canonical TEST evidence
training_curve,Kidney,B,Tissue-specific Selected PEFT,42,validation,10,,,,,val_bPQ,0.5543,3912,537,6723,6723,run/sthelar40x_kidney_5class_slideind_foldB_lora_adaptformer_r8_a8_red16_heads_e10_seed42/log/2026-08-29T060654_sthelar40x_kidney_5class_slideind_foldB_lora_adaptformer_r8_a8_red16_heads_e10_seed42/logs.log,Validation curve is descriptive only and is never used as canonical TEST evidence
training_curve,Kidney,B,Tissue-specific Selected PEFT,42,validation,10,,,,,val_mPQ,0.2661,3912,537,6723,6723,run/sthelar40x_kidney_5class_slideind_foldB_lora_adaptformer_r8_a8_red16_heads_e10_seed42/log/2026-08-29T060654_sthelar40x_kidney_5class_slideind_foldB_lora_adaptformer_r8_a8_red16_heads_e10_seed42/logs.log,Validation curve is descriptive only and is never used as canonical TEST evidence
dataset_summary,Liver,A,Generalist Selected PEFT,42,,,,,,,,,24283,2052,23494,9166,run/sthelar40x_klt_5class_slideind_foldA_lora_adaptformer_r8_a8_red16_heads_e10_seed42/log/2026-08-19T105648_sthelar40x_klt_5class_slideind_foldA_lora_adaptformer_r8_a8_red16_heads_e10_seed42/inference_results.json,Test metrics and test class counts use exact generalist/specialist patch-ID intersection
class_distribution,Liver,A,Generalist Selected PEFT,42,train,,Immune,,798175,0.551180531434,,,24283,2052,23494,9166,run/sthelar40x_klt_5class_slideind_foldA_lora_adaptformer_r8_a8_red16_heads_e10_seed42/log/2026-08-19T105648_sthelar40x_klt_5class_slideind_foldA_lora_adaptformer_r8_a8_red16_heads_e10_seed42/inference_results.json,Patch-level nucleus annotation occurrences; overlapping patches may repeat a biological cell
class_distribution,Liver,A,Generalist Selected PEFT,42,train,,Stromal,,270672,0.186912815867,,,24283,2052,23494,9166,run/sthelar40x_klt_5class_slideind_foldA_lora_adaptformer_r8_a8_red16_heads_e10_seed42/log/2026-08-19T105648_sthelar40x_klt_5class_slideind_foldA_lora_adaptformer_r8_a8_red16_heads_e10_seed42/inference_results.json,Patch-level nucleus annotation occurrences; overlapping patches may repeat a biological cell
class_distribution,Liver,A,Generalist Selected PEFT,42,train,,Epithelial,,356338,0.246069556438,,,24283,2052,23494,9166,run/sthelar40x_klt_5class_slideind_foldA_lora_adaptformer_r8_a8_red16_heads_e10_seed42/log/2026-08-19T105648_sthelar40x_klt_5class_slideind_foldA_lora_adaptformer_r8_a8_red16_heads_e10_seed42/inference_results.json,Patch-level nucleus annotation occurrences; overlapping patches may repeat a biological cell
class_distribution,Liver,A,Generalist Selected PEFT,42,train,,Melanocyte,,0,0,,,24283,2052,23494,9166,run/sthelar40x_klt_5class_slideind_foldA_lora_adaptformer_r8_a8_red16_heads_e10_seed42/log/2026-08-19T105648_sthelar40x_klt_5class_slideind_foldA_lora_adaptformer_r8_a8_red16_heads_e10_seed42/inference_results.json,Patch-level nucleus annotation occurrences; overlapping patches may repeat a biological cell
class_distribution,Liver,A,Generalist Selected PEFT,42,train,,Other,,22934,0.0158370962607,,,24283,2052,23494,9166,run/sthelar40x_klt_5class_slideind_foldA_lora_adaptformer_r8_a8_red16_heads_e10_seed42/log/2026-08-19T105648_sthelar40x_klt_5class_slideind_foldA_lora_adaptformer_r8_a8_red16_heads_e10_seed42/inference_results.json,Patch-level nucleus annotation occurrences; overlapping patches may repeat a biological cell
class_distribution,Liver,A,Generalist Selected PEFT,42,validation,,Immune,,80971,0.599474346635,,,24283,2052,23494,9166,run/sthelar40x_klt_5class_slideind_foldA_lora_adaptformer_r8_a8_red16_heads_e10_seed42/log/2026-08-19T105648_sthelar40x_klt_5class_slideind_foldA_lora_adaptformer_r8_a8_red16_heads_e10_seed42/inference_results.json,Patch-level nucleus annotation occurrences; overlapping patches may repeat a biological cell
class_distribution,Liver,A,Generalist Selected PEFT,42,validation,,Stromal,,26407,0.195506033908,,,24283,2052,23494,9166,run/sthelar40x_klt_5class_slideind_foldA_lora_adaptformer_r8_a8_red16_heads_e10_seed42/log/2026-08-19T105648_sthelar40x_klt_5class_slideind_foldA_lora_adaptformer_r8_a8_red16_heads_e10_seed42/inference_results.json,Patch-level nucleus annotation occurrences; overlapping patches may repeat a biological cell
class_distribution,Liver,A,Generalist Selected PEFT,42,validation,,Epithelial,,26653,0.197327311764,,,24283,2052,23494,9166,run/sthelar40x_klt_5class_slideind_foldA_lora_adaptformer_r8_a8_red16_heads_e10_seed42/log/2026-08-19T105648_sthelar40x_klt_5class_slideind_foldA_lora_adaptformer_r8_a8_red16_heads_e10_seed42/inference_results.json,Patch-level nucleus annotation occurrences; overlapping patches may repeat a biological cell
class_distribution,Liver,A,Generalist Selected PEFT,42,validation,,Melanocyte,,0,0,,,24283,2052,23494,9166,run/sthelar40x_klt_5class_slideind_foldA_lora_adaptformer_r8_a8_red16_heads_e10_seed42/log/2026-08-19T105648_sthelar40x_klt_5class_slideind_foldA_lora_adaptformer_r8_a8_red16_heads_e10_seed42/inference_results.json,Patch-level nucleus annotation occurrences; overlapping patches may repeat a biological cell
class_distribution,Liver,A,Generalist Selected PEFT,42,validation,,Other,,1039,0.00769230769231,,,24283,2052,23494,9166,run/sthelar40x_klt_5class_slideind_foldA_lora_adaptformer_r8_a8_red16_heads_e10_seed42/log/2026-08-19T105648_sthelar40x_klt_5class_slideind_foldA_lora_adaptformer_r8_a8_red16_heads_e10_seed42/inference_results.json,Patch-level nucleus annotation occurrences; overlapping patches may repeat a biological cell
class_distribution,Liver,A,Generalist Selected PEFT,42,matched_test,,Immune,,67212,0.20941905934,,,24283,2052,23494,9166,run/sthelar40x_klt_5class_slideind_foldA_lora_adaptformer_r8_a8_red16_heads_e10_seed42/log/2026-08-19T105648_sthelar40x_klt_5class_slideind_foldA_lora_adaptformer_r8_a8_red16_heads_e10_seed42/inference_results.json,Patch-level nucleus annotation occurrences; overlapping patches may repeat a biological cell
class_distribution,Liver,A,Generalist Selected PEFT,42,matched_test,,Stromal,,73797,0.229936593497,,,24283,2052,23494,9166,run/sthelar40x_klt_5class_slideind_foldA_lora_adaptformer_r8_a8_red16_heads_e10_seed42/log/2026-08-19T105648_sthelar40x_klt_5class_slideind_foldA_lora_adaptformer_r8_a8_red16_heads_e10_seed42/inference_results.json,Patch-level nucleus annotation occurrences; overlapping patches may repeat a biological cell
class_distribution,Liver,A,Generalist Selected PEFT,42,matched_test,,Epithelial,,178802,0.557111031485,,,24283,2052,23494,9166,run/sthelar40x_klt_5class_slideind_foldA_lora_adaptformer_r8_a8_red16_heads_e10_seed42/log/2026-08-19T105648_sthelar40x_klt_5class_slideind_foldA_lora_adaptformer_r8_a8_red16_heads_e10_seed42/inference_results.json,Patch-level nucleus annotation occurrences; overlapping patches may repeat a biological cell
class_distribution,Liver,A,Generalist Selected PEFT,42,matched_test,,Melanocyte,,0,0,,,24283,2052,23494,9166,run/sthelar40x_klt_5class_slideind_foldA_lora_adaptformer_r8_a8_red16_heads_e10_seed42/log/2026-08-19T105648_sthelar40x_klt_5class_slideind_foldA_lora_adaptformer_r8_a8_red16_heads_e10_seed42/inference_results.json,Patch-level nucleus annotation occurrences; overlapping patches may repeat a biological cell
class_distribution,Liver,A,Generalist Selected PEFT,42,matched_test,,Other,,1134,0.00353331567714,,,24283,2052,23494,9166,run/sthelar40x_klt_5class_slideind_foldA_lora_adaptformer_r8_a8_red16_heads_e10_seed42/log/2026-08-19T105648_sthelar40x_klt_5class_slideind_foldA_lora_adaptformer_r8_a8_red16_heads_e10_seed42/inference_results.json,Patch-level nucleus annotation occurrences; overlapping patches may repeat a biological cell
matched_test_metric,Liver,A,Generalist Selected PEFT,42,matched_test,,,,,,Dice,0.840550359348,24283,2052,23494,9166,run/sthelar40x_klt_5class_slideind_foldA_lora_adaptformer_r8_a8_red16_heads_e10_seed42/log/2026-08-19T105648_sthelar40x_klt_5class_slideind_foldA_lora_adaptformer_r8_a8_red16_heads_e10_seed42/inference_results.json,
matched_test_metric,Liver,A,Generalist Selected PEFT,42,matched_test,,,,,,Jaccard,0.731885210386,24283,2052,23494,9166,run/sthelar40x_klt_5class_slideind_foldA_lora_adaptformer_r8_a8_red16_heads_e10_seed42/log/2026-08-19T105648_sthelar40x_klt_5class_slideind_foldA_lora_adaptformer_r8_a8_red16_heads_e10_seed42/inference_results.json,
matched_test_metric,Liver,A,Generalist Selected PEFT,42,matched_test,,,,,,bPQ,0.577369104312,24283,2052,23494,9166,run/sthelar40x_klt_5class_slideind_foldA_lora_adaptformer_r8_a8_red16_heads_e10_seed42/log/2026-08-19T105648_sthelar40x_klt_5class_slideind_foldA_lora_adaptformer_r8_a8_red16_heads_e10_seed42/inference_results.json,
matched_test_metric,Liver,A,Generalist Selected PEFT,42,matched_test,,,,,,mPQ,0.231636582412,24283,2052,23494,9166,run/sthelar40x_klt_5class_slideind_foldA_lora_adaptformer_r8_a8_red16_heads_e10_seed42/log/2026-08-19T105648_sthelar40x_klt_5class_slideind_foldA_lora_adaptformer_r8_a8_red16_heads_e10_seed42/inference_results.json,
matched_test_metric,Liver,A,Generalist Selected PEFT,42,matched_test,,,,,,F1det,0.872199086701,24283,2052,23494,9166,run/sthelar40x_klt_5class_slideind_foldA_lora_adaptformer_r8_a8_red16_heads_e10_seed42/log/2026-08-19T105648_sthelar40x_klt_5class_slideind_foldA_lora_adaptformer_r8_a8_red16_heads_e10_seed42/inference_results.json,
matched_test_metric,Liver,A,Generalist Selected PEFT,42,matched_test,,,,,,F1type,0.35951587323,24283,2052,23494,9166,run/sthelar40x_klt_5class_slideind_foldA_lora_adaptformer_r8_a8_red16_heads_e10_seed42/log/2026-08-19T105648_sthelar40x_klt_5class_slideind_foldA_lora_adaptformer_r8_a8_red16_heads_e10_seed42/inference_results.json,
matched_class_metric,Liver,A,Generalist Selected PEFT,42,matched_test,,Immune,,,,matched_true_support,56187,24283,2052,23494,9166,run/sthelar40x_klt_5class_slideind_foldA_lora_adaptformer_r8_a8_red16_heads_e10_seed42/log/2026-08-19T105648_sthelar40x_klt_5class_slideind_foldA_lora_adaptformer_r8_a8_red16_heads_e10_seed42/inference_results.json,Type F1 is calculated from paired foreground confusion only
matched_class_metric,Liver,A,Generalist Selected PEFT,42,matched_test,,Immune,,,,total_true_support,66225,24283,2052,23494,9166,run/sthelar40x_klt_5class_slideind_foldA_lora_adaptformer_r8_a8_red16_heads_e10_seed42/log/2026-08-19T105648_sthelar40x_klt_5class_slideind_foldA_lora_adaptformer_r8_a8_red16_heads_e10_seed42/inference_results.json,Type F1 is calculated from paired foreground confusion only
matched_class_metric,Liver,A,Generalist Selected PEFT,42,matched_test,,Immune,,,,paired_type_F1,0.197335253871,24283,2052,23494,9166,run/sthelar40x_klt_5class_slideind_foldA_lora_adaptformer_r8_a8_red16_heads_e10_seed42/log/2026-08-19T105648_sthelar40x_klt_5class_slideind_foldA_lora_adaptformer_r8_a8_red16_heads_e10_seed42/inference_results.json,Type F1 is calculated from paired foreground confusion only
predicted_class_frequency,Liver,A,Generalist Selected PEFT,42,matched_test,,,Immune,58472,0.201343622271,,,24283,2052,23494,9166,run/sthelar40x_klt_5class_slideind_foldA_lora_adaptformer_r8_a8_red16_heads_e10_seed42/log/2026-08-19T105648_sthelar40x_klt_5class_slideind_foldA_lora_adaptformer_r8_a8_red16_heads_e10_seed42/inference_results.json,Foreground predicted instances; unmatched predictions included
matched_class_metric,Liver,A,Generalist Selected PEFT,42,matched_test,,Stromal,,,,matched_true_support,60899,24283,2052,23494,9166,run/sthelar40x_klt_5class_slideind_foldA_lora_adaptformer_r8_a8_red16_heads_e10_seed42/log/2026-08-19T105648_sthelar40x_klt_5class_slideind_foldA_lora_adaptformer_r8_a8_red16_heads_e10_seed42/inference_results.json,Type F1 is calculated from paired foreground confusion only
matched_class_metric,Liver,A,Generalist Selected PEFT,42,matched_test,,Stromal,,,,total_true_support,72718,24283,2052,23494,9166,run/sthelar40x_klt_5class_slideind_foldA_lora_adaptformer_r8_a8_red16_heads_e10_seed42/log/2026-08-19T105648_sthelar40x_klt_5class_slideind_foldA_lora_adaptformer_r8_a8_red16_heads_e10_seed42/inference_results.json,Type F1 is calculated from paired foreground confusion only
matched_class_metric,Liver,A,Generalist Selected PEFT,42,matched_test,,Stromal,,,,paired_type_F1,0.575259478924,24283,2052,23494,9166,run/sthelar40x_klt_5class_slideind_foldA_lora_adaptformer_r8_a8_red16_heads_e10_seed42/log/2026-08-19T105648_sthelar40x_klt_5class_slideind_foldA_lora_adaptformer_r8_a8_red16_heads_e10_seed42/inference_results.json,Type F1 is calculated from paired foreground confusion only
predicted_class_frequency,Liver,A,Generalist Selected PEFT,42,matched_test,,,Stromal,139453,0.480195173015,,,24283,2052,23494,9166,run/sthelar40x_klt_5class_slideind_foldA_lora_adaptformer_r8_a8_red16_heads_e10_seed42/log/2026-08-19T105648_sthelar40x_klt_5class_slideind_foldA_lora_adaptformer_r8_a8_red16_heads_e10_seed42/inference_results.json,Foreground predicted instances; unmatched predictions included
matched_class_metric,Liver,A,Generalist Selected PEFT,42,matched_test,,Epithelial,,,,matched_true_support,146973,24283,2052,23494,9166,run/sthelar40x_klt_5class_slideind_foldA_lora_adaptformer_r8_a8_red16_heads_e10_seed42/log/2026-08-19T105648_sthelar40x_klt_5class_slideind_foldA_lora_adaptformer_r8_a8_red16_heads_e10_seed42/inference_results.json,Type F1 is calculated from paired foreground confusion only
matched_class_metric,Liver,A,Generalist Selected PEFT,42,matched_test,,Epithelial,,,,total_true_support,176168,24283,2052,23494,9166,run/sthelar40x_klt_5class_slideind_foldA_lora_adaptformer_r8_a8_red16_heads_e10_seed42/log/2026-08-19T105648_sthelar40x_klt_5class_slideind_foldA_lora_adaptformer_r8_a8_red16_heads_e10_seed42/inference_results.json,Type F1 is calculated from paired foreground confusion only
matched_class_metric,Liver,A,Generalist Selected PEFT,42,matched_test,,Epithelial,,,,paired_type_F1,0.665468760124,24283,2052,23494,9166,run/sthelar40x_klt_5class_slideind_foldA_lora_adaptformer_r8_a8_red16_heads_e10_seed42/log/2026-08-19T105648_sthelar40x_klt_5class_slideind_foldA_lora_adaptformer_r8_a8_red16_heads_e10_seed42/inference_results.json,Type F1 is calculated from paired foreground confusion only
predicted_class_frequency,Liver,A,Generalist Selected PEFT,42,matched_test,,,Epithelial,92475,0.31843021394,,,24283,2052,23494,9166,run/sthelar40x_klt_5class_slideind_foldA_lora_adaptformer_r8_a8_red16_heads_e10_seed42/log/2026-08-19T105648_sthelar40x_klt_5class_slideind_foldA_lora_adaptformer_r8_a8_red16_heads_e10_seed42/inference_results.json,Foreground predicted instances; unmatched predictions included
matched_class_metric,Liver,A,Generalist Selected PEFT,42,matched_test,,Melanocyte,,,,matched_true_support,0,24283,2052,23494,9166,run/sthelar40x_klt_5class_slideind_foldA_lora_adaptformer_r8_a8_red16_heads_e10_seed42/log/2026-08-19T105648_sthelar40x_klt_5class_slideind_foldA_lora_adaptformer_r8_a8_red16_heads_e10_seed42/inference_results.json,Type F1 is calculated from paired foreground confusion only
matched_class_metric,Liver,A,Generalist Selected PEFT,42,matched_test,,Melanocyte,,,,total_true_support,0,24283,2052,23494,9166,run/sthelar40x_klt_5class_slideind_foldA_lora_adaptformer_r8_a8_red16_heads_e10_seed42/log/2026-08-19T105648_sthelar40x_klt_5class_slideind_foldA_lora_adaptformer_r8_a8_red16_heads_e10_seed42/inference_results.json,Type F1 is calculated from paired foreground confusion only
matched_class_metric,Liver,A,Generalist Selected PEFT,42,matched_test,,Melanocyte,,,,paired_type_F1,nan,24283,2052,23494,9166,run/sthelar40x_klt_5class_slideind_foldA_lora_adaptformer_r8_a8_red16_heads_e10_seed42/log/2026-08-19T105648_sthelar40x_klt_5class_slideind_foldA_lora_adaptformer_r8_a8_red16_heads_e10_seed42/inference_results.json,Type F1 is calculated from paired foreground confusion only
predicted_class_frequency,Liver,A,Generalist Selected PEFT,42,matched_test,,,Melanocyte,0,0,,,24283,2052,23494,9166,run/sthelar40x_klt_5class_slideind_foldA_lora_adaptformer_r8_a8_red16_heads_e10_seed42/log/2026-08-19T105648_sthelar40x_klt_5class_slideind_foldA_lora_adaptformer_r8_a8_red16_heads_e10_seed42/inference_results.json,Foreground predicted instances; unmatched predictions included
matched_class_metric,Liver,A,Generalist Selected PEFT,42,matched_test,,Other,,,,matched_true_support,545,24283,2052,23494,9166,run/sthelar40x_klt_5class_slideind_foldA_lora_adaptformer_r8_a8_red16_heads_e10_seed42/log/2026-08-19T105648_sthelar40x_klt_5class_slideind_foldA_lora_adaptformer_r8_a8_red16_heads_e10_seed42/inference_results.json,Type F1 is calculated from paired foreground confusion only
matched_class_metric,Liver,A,Generalist Selected PEFT,42,matched_test,,Other,,,,total_true_support,1125,24283,2052,23494,9166,run/sthelar40x_klt_5class_slideind_foldA_lora_adaptformer_r8_a8_red16_heads_e10_seed42/log/2026-08-19T105648_sthelar40x_klt_5class_slideind_foldA_lora_adaptformer_r8_a8_red16_heads_e10_seed42/inference_results.json,Type F1 is calculated from paired foreground confusion only
matched_class_metric,Liver,A,Generalist Selected PEFT,42,matched_test,,Other,,,,paired_type_F1,0,24283,2052,23494,9166,run/sthelar40x_klt_5class_slideind_foldA_lora_adaptformer_r8_a8_red16_heads_e10_seed42/log/2026-08-19T105648_sthelar40x_klt_5class_slideind_foldA_lora_adaptformer_r8_a8_red16_heads_e10_seed42/inference_results.json,Type F1 is calculated from paired foreground confusion only
predicted_class_frequency,Liver,A,Generalist Selected PEFT,42,matched_test,,,Other,9,3.09907750793e-05,,,24283,2052,23494,9166,run/sthelar40x_klt_5class_slideind_foldA_lora_adaptformer_r8_a8_red16_heads_e10_seed42/log/2026-08-19T105648_sthelar40x_klt_5class_slideind_foldA_lora_adaptformer_r8_a8_red16_heads_e10_seed42/inference_results.json,Foreground predicted instances; unmatched predictions included
paired_confusion,Liver,A,Generalist Selected PEFT,42,matched_test,,Background,Background,2,,,,24283,2052,23494,9166,run/sthelar40x_klt_5class_slideind_foldA_lora_adaptformer_r8_a8_red16_heads_e10_seed42/log/2026-08-19T105648_sthelar40x_klt_5class_slideind_foldA_lora_adaptformer_r8_a8_red16_heads_e10_seed42/inference_results.json,"Rows=true, columns=predicted; exact matched patch intersection"
paired_confusion,Liver,A,Generalist Selected PEFT,42,matched_test,,Background,Immune,0,,,,24283,2052,23494,9166,run/sthelar40x_klt_5class_slideind_foldA_lora_adaptformer_r8_a8_red16_heads_e10_seed42/log/2026-08-19T105648_sthelar40x_klt_5class_slideind_foldA_lora_adaptformer_r8_a8_red16_heads_e10_seed42/inference_results.json,"Rows=true, columns=predicted; exact matched patch intersection"
paired_confusion,Liver,A,Generalist Selected PEFT,42,matched_test,,Background,Stromal,0,,,,24283,2052,23494,9166,run/sthelar40x_klt_5class_slideind_foldA_lora_adaptformer_r8_a8_red16_heads_e10_seed42/log/2026-08-19T105648_sthelar40x_klt_5class_slideind_foldA_lora_adaptformer_r8_a8_red16_heads_e10_seed42/inference_results.json,"Rows=true, columns=predicted; exact matched patch intersection"
paired_confusion,Liver,A,Generalist Selected PEFT,42,matched_test,,Background,Epithelial,0,,,,24283,2052,23494,9166,run/sthelar40x_klt_5class_slideind_foldA_lora_adaptformer_r8_a8_red16_heads_e10_seed42/log/2026-08-19T105648_sthelar40x_klt_5class_slideind_foldA_lora_adaptformer_r8_a8_red16_heads_e10_seed42/inference_results.json,"Rows=true, columns=predicted; exact matched patch intersection"
paired_confusion,Liver,A,Generalist Selected PEFT,42,matched_test,,Background,Melanocyte,0,,,,24283,2052,23494,9166,run/sthelar40x_klt_5class_slideind_foldA_lora_adaptformer_r8_a8_red16_heads_e10_seed42/log/2026-08-19T105648_sthelar40x_klt_5class_slideind_foldA_lora_adaptformer_r8_a8_red16_heads_e10_seed42/inference_results.json,"Rows=true, columns=predicted; exact matched patch intersection"
paired_confusion,Liver,A,Generalist Selected PEFT,42,matched_test,,Background,Other,0,,,,24283,2052,23494,9166,run/sthelar40x_klt_5class_slideind_foldA_lora_adaptformer_r8_a8_red16_heads_e10_seed42/log/2026-08-19T105648_sthelar40x_klt_5class_slideind_foldA_lora_adaptformer_r8_a8_red16_heads_e10_seed42/inference_results.json,"Rows=true, columns=predicted; exact matched patch intersection"
paired_confusion,Liver,A,Generalist Selected PEFT,42,matched_test,,Immune,Background,4,,,,24283,2052,23494,9166,run/sthelar40x_klt_5class_slideind_foldA_lora_adaptformer_r8_a8_red16_heads_e10_seed42/log/2026-08-19T105648_sthelar40x_klt_5class_slideind_foldA_lora_adaptformer_r8_a8_red16_heads_e10_seed42/inference_results.json,"Rows=true, columns=predicted; exact matched patch intersection"
paired_confusion,Liver,A,Generalist Selected PEFT,42,matched_test,,Immune,Immune,10686,,,,24283,2052,23494,9166,run/sthelar40x_klt_5class_slideind_foldA_lora_adaptformer_r8_a8_red16_heads_e10_seed42/log/2026-08-19T105648_sthelar40x_klt_5class_slideind_foldA_lora_adaptformer_r8_a8_red16_heads_e10_seed42/inference_results.json,"Rows=true, columns=predicted; exact matched patch intersection"
paired_confusion,Liver,A,Generalist Selected PEFT,42,matched_test,,Immune,Stromal,42358,,,,24283,2052,23494,9166,run/sthelar40x_klt_5class_slideind_foldA_lora_adaptformer_r8_a8_red16_heads_e10_seed42/log/2026-08-19T105648_sthelar40x_klt_5class_slideind_foldA_lora_adaptformer_r8_a8_red16_heads_e10_seed42/inference_results.json,"Rows=true, columns=predicted; exact matched patch intersection"
paired_confusion,Liver,A,Generalist Selected PEFT,42,matched_test,,Immune,Epithelial,3143,,,,24283,2052,23494,9166,run/sthelar40x_klt_5class_slideind_foldA_lora_adaptformer_r8_a8_red16_heads_e10_seed42/log/2026-08-19T105648_sthelar40x_klt_5class_slideind_foldA_lora_adaptformer_r8_a8_red16_heads_e10_seed42/inference_results.json,"Rows=true, columns=predicted; exact matched patch intersection"
paired_confusion,Liver,A,Generalist Selected PEFT,42,matched_test,,Immune,Melanocyte,0,,,,24283,2052,23494,9166,run/sthelar40x_klt_5class_slideind_foldA_lora_adaptformer_r8_a8_red16_heads_e10_seed42/log/2026-08-19T105648_sthelar40x_klt_5class_slideind_foldA_lora_adaptformer_r8_a8_red16_heads_e10_seed42/inference_results.json,"Rows=true, columns=predicted; exact matched patch intersection"
paired_confusion,Liver,A,Generalist Selected PEFT,42,matched_test,,Immune,Other,0,,,,24283,2052,23494,9166,run/sthelar40x_klt_5class_slideind_foldA_lora_adaptformer_r8_a8_red16_heads_e10_seed42/log/2026-08-19T105648_sthelar40x_klt_5class_slideind_foldA_lora_adaptformer_r8_a8_red16_heads_e10_seed42/inference_results.json,"Rows=true, columns=predicted; exact matched patch intersection"
paired_confusion,Liver,A,Generalist Selected PEFT,42,matched_test,,Stromal,Background,10,,,,24283,2052,23494,9166,run/sthelar40x_klt_5class_slideind_foldA_lora_adaptformer_r8_a8_red16_heads_e10_seed42/log/2026-08-19T105648_sthelar40x_klt_5class_slideind_foldA_lora_adaptformer_r8_a8_red16_heads_e10_seed42/inference_results.json,"Rows=true, columns=predicted; exact matched patch intersection"
paired_confusion,Liver,A,Generalist Selected PEFT,42,matched_test,,Stromal,Immune,2252,,,,24283,2052,23494,9166,run/sthelar40x_klt_5class_slideind_foldA_lora_adaptformer_r8_a8_red16_heads_e10_seed42/log/2026-08-19T105648_sthelar40x_klt_5class_slideind_foldA_lora_adaptformer_r8_a8_red16_heads_e10_seed42/inference_results.json,"Rows=true, columns=predicted; exact matched patch intersection"
paired_confusion,Liver,A,Generalist Selected PEFT,42,matched_test,,Stromal,Stromal,54316,,,,24283,2052,23494,9166,run/sthelar40x_klt_5class_slideind_foldA_lora_adaptformer_r8_a8_red16_heads_e10_seed42/log/2026-08-19T105648_sthelar40x_klt_5class_slideind_foldA_lora_adaptformer_r8_a8_red16_heads_e10_seed42/inference_results.json,"Rows=true, columns=predicted; exact matched patch intersection"
paired_confusion,Liver,A,Generalist Selected PEFT,42,matched_test,,Stromal,Epithelial,4330,,,,24283,2052,23494,9166,run/sthelar40x_klt_5class_slideind_foldA_lora_adaptformer_r8_a8_red16_heads_e10_seed42/log/2026-08-19T105648_sthelar40x_klt_5class_slideind_foldA_lora_adaptformer_r8_a8_red16_heads_e10_seed42/inference_results.json,"Rows=true, columns=predicted; exact matched patch intersection"
paired_confusion,Liver,A,Generalist Selected PEFT,42,matched_test,,Stromal,Melanocyte,0,,,,24283,2052,23494,9166,run/sthelar40x_klt_5class_slideind_foldA_lora_adaptformer_r8_a8_red16_heads_e10_seed42/log/2026-08-19T105648_sthelar40x_klt_5class_slideind_foldA_lora_adaptformer_r8_a8_red16_heads_e10_seed42/inference_results.json,"Rows=true, columns=predicted; exact matched patch intersection"
paired_confusion,Liver,A,Generalist Selected PEFT,42,matched_test,,Stromal,Other,1,,,,24283,2052,23494,9166,run/sthelar40x_klt_5class_slideind_foldA_lora_adaptformer_r8_a8_red16_heads_e10_seed42/log/2026-08-19T105648_sthelar40x_klt_5class_slideind_foldA_lora_adaptformer_r8_a8_red16_heads_e10_seed42/inference_results.json,"Rows=true, columns=predicted; exact matched patch intersection"
paired_confusion,Liver,A,Generalist Selected PEFT,42,matched_test,,Epithelial,Background,10,,,,24283,2052,23494,9166,run/sthelar40x_klt_5class_slideind_foldA_lora_adaptformer_r8_a8_red16_heads_e10_seed42/log/2026-08-19T105648_sthelar40x_klt_5class_slideind_foldA_lora_adaptformer_r8_a8_red16_heads_e10_seed42/inference_results.json,"Rows=true, columns=predicted; exact matched patch intersection"
paired_confusion,Liver,A,Generalist Selected PEFT,42,matched_test,,Epithelial,Immune,39102,,,,24283,2052,23494,9166,run/sthelar40x_klt_5class_slideind_foldA_lora_adaptformer_r8_a8_red16_heads_e10_seed42/log/2026-08-19T105648_sthelar40x_klt_5class_slideind_foldA_lora_adaptformer_r8_a8_red16_heads_e10_seed42/inference_results.json,"Rows=true, columns=predicted; exact matched patch intersection"
paired_confusion,Liver,A,Generalist Selected PEFT,42,matched_test,,Epithelial,Stromal,30834,,,,24283,2052,23494,9166,run/sthelar40x_klt_5class_slideind_foldA_lora_adaptformer_r8_a8_red16_heads_e10_seed42/log/2026-08-19T105648_sthelar40x_klt_5class_slideind_foldA_lora_adaptformer_r8_a8_red16_heads_e10_seed42/inference_results.json,"Rows=true, columns=predicted; exact matched patch intersection"
paired_confusion,Liver,A,Generalist Selected PEFT,42,matched_test,,Epithelial,Epithelial,77033,,,,24283,2052,23494,9166,run/sthelar40x_klt_5class_slideind_foldA_lora_adaptformer_r8_a8_red16_heads_e10_seed42/log/2026-08-19T105648_sthelar40x_klt_5class_slideind_foldA_lora_adaptformer_r8_a8_red16_heads_e10_seed42/inference_results.json,"Rows=true, columns=predicted; exact matched patch intersection"
paired_confusion,Liver,A,Generalist Selected PEFT,42,matched_test,,Epithelial,Melanocyte,0,,,,24283,2052,23494,9166,run/sthelar40x_klt_5class_slideind_foldA_lora_adaptformer_r8_a8_red16_heads_e10_seed42/log/2026-08-19T105648_sthelar40x_klt_5class_slideind_foldA_lora_adaptformer_r8_a8_red16_heads_e10_seed42/inference_results.json,"Rows=true, columns=predicted; exact matched patch intersection"
paired_confusion,Liver,A,Generalist Selected PEFT,42,matched_test,,Epithelial,Other,4,,,,24283,2052,23494,9166,run/sthelar40x_klt_5class_slideind_foldA_lora_adaptformer_r8_a8_red16_heads_e10_seed42/log/2026-08-19T105648_sthelar40x_klt_5class_slideind_foldA_lora_adaptformer_r8_a8_red16_heads_e10_seed42/inference_results.json,"Rows=true, columns=predicted; exact matched patch intersection"
paired_confusion,Liver,A,Generalist Selected PEFT,42,matched_test,,Melanocyte,Background,0,,,,24283,2052,23494,9166,run/sthelar40x_klt_5class_slideind_foldA_lora_adaptformer_r8_a8_red16_heads_e10_seed42/log/2026-08-19T105648_sthelar40x_klt_5class_slideind_foldA_lora_adaptformer_r8_a8_red16_heads_e10_seed42/inference_results.json,"Rows=true, columns=predicted; exact matched patch intersection"
paired_confusion,Liver,A,Generalist Selected PEFT,42,matched_test,,Melanocyte,Immune,0,,,,24283,2052,23494,9166,run/sthelar40x_klt_5class_slideind_foldA_lora_adaptformer_r8_a8_red16_heads_e10_seed42/log/2026-08-19T105648_sthelar40x_klt_5class_slideind_foldA_lora_adaptformer_r8_a8_red16_heads_e10_seed42/inference_results.json,"Rows=true, columns=predicted; exact matched patch intersection"
paired_confusion,Liver,A,Generalist Selected PEFT,42,matched_test,,Melanocyte,Stromal,0,,,,24283,2052,23494,9166,run/sthelar40x_klt_5class_slideind_foldA_lora_adaptformer_r8_a8_red16_heads_e10_seed42/log/2026-08-19T105648_sthelar40x_klt_5class_slideind_foldA_lora_adaptformer_r8_a8_red16_heads_e10_seed42/inference_results.json,"Rows=true, columns=predicted; exact matched patch intersection"
paired_confusion,Liver,A,Generalist Selected PEFT,42,matched_test,,Melanocyte,Epithelial,0,,,,24283,2052,23494,9166,run/sthelar40x_klt_5class_slideind_foldA_lora_adaptformer_r8_a8_red16_heads_e10_seed42/log/2026-08-19T105648_sthelar40x_klt_5class_slideind_foldA_lora_adaptformer_r8_a8_red16_heads_e10_seed42/inference_results.json,"Rows=true, columns=predicted; exact matched patch intersection"
paired_confusion,Liver,A,Generalist Selected PEFT,42,matched_test,,Melanocyte,Melanocyte,0,,,,24283,2052,23494,9166,run/sthelar40x_klt_5class_slideind_foldA_lora_adaptformer_r8_a8_red16_heads_e10_seed42/log/2026-08-19T105648_sthelar40x_klt_5class_slideind_foldA_lora_adaptformer_r8_a8_red16_heads_e10_seed42/inference_results.json,"Rows=true, columns=predicted; exact matched patch intersection"
paired_confusion,Liver,A,Generalist Selected PEFT,42,matched_test,,Melanocyte,Other,0,,,,24283,2052,23494,9166,run/sthelar40x_klt_5class_slideind_foldA_lora_adaptformer_r8_a8_red16_heads_e10_seed42/log/2026-08-19T105648_sthelar40x_klt_5class_slideind_foldA_lora_adaptformer_r8_a8_red16_heads_e10_seed42/inference_results.json,"Rows=true, columns=predicted; exact matched patch intersection"
paired_confusion,Liver,A,Generalist Selected PEFT,42,matched_test,,Other,Background,0,,,,24283,2052,23494,9166,run/sthelar40x_klt_5class_slideind_foldA_lora_adaptformer_r8_a8_red16_heads_e10_seed42/log/2026-08-19T105648_sthelar40x_klt_5class_slideind_foldA_lora_adaptformer_r8_a8_red16_heads_e10_seed42/inference_results.json,"Rows=true, columns=predicted; exact matched patch intersection"
paired_confusion,Liver,A,Generalist Selected PEFT,42,matched_test,,Other,Immune,76,,,,24283,2052,23494,9166,run/sthelar40x_klt_5class_slideind_foldA_lora_adaptformer_r8_a8_red16_heads_e10_seed42/log/2026-08-19T105648_sthelar40x_klt_5class_slideind_foldA_lora_adaptformer_r8_a8_red16_heads_e10_seed42/inference_results.json,"Rows=true, columns=predicted; exact matched patch intersection"
paired_confusion,Liver,A,Generalist Selected PEFT,42,matched_test,,Other,Stromal,433,,,,24283,2052,23494,9166,run/sthelar40x_klt_5class_slideind_foldA_lora_adaptformer_r8_a8_red16_heads_e10_seed42/log/2026-08-19T105648_sthelar40x_klt_5class_slideind_foldA_lora_adaptformer_r8_a8_red16_heads_e10_seed42/inference_results.json,"Rows=true, columns=predicted; exact matched patch intersection"
paired_confusion,Liver,A,Generalist Selected PEFT,42,matched_test,,Other,Epithelial,36,,,,24283,2052,23494,9166,run/sthelar40x_klt_5class_slideind_foldA_lora_adaptformer_r8_a8_red16_heads_e10_seed42/log/2026-08-19T105648_sthelar40x_klt_5class_slideind_foldA_lora_adaptformer_r8_a8_red16_heads_e10_seed42/inference_results.json,"Rows=true, columns=predicted; exact matched patch intersection"
paired_confusion,Liver,A,Generalist Selected PEFT,42,matched_test,,Other,Melanocyte,0,,,,24283,2052,23494,9166,run/sthelar40x_klt_5class_slideind_foldA_lora_adaptformer_r8_a8_red16_heads_e10_seed42/log/2026-08-19T105648_sthelar40x_klt_5class_slideind_foldA_lora_adaptformer_r8_a8_red16_heads_e10_seed42/inference_results.json,"Rows=true, columns=predicted; exact matched patch intersection"
paired_confusion,Liver,A,Generalist Selected PEFT,42,matched_test,,Other,Other,0,,,,24283,2052,23494,9166,run/sthelar40x_klt_5class_slideind_foldA_lora_adaptformer_r8_a8_red16_heads_e10_seed42/log/2026-08-19T105648_sthelar40x_klt_5class_slideind_foldA_lora_adaptformer_r8_a8_red16_heads_e10_seed42/inference_results.json,"Rows=true, columns=predicted; exact matched patch intersection"
distribution_shift_summary,Liver,A,Generalist Selected PEFT,42,train_to_matched_test,,,,,,total_variation,0.354065252677,24283,2052,23494,9166,run/sthelar40x_klt_5class_slideind_foldA_lora_adaptformer_r8_a8_red16_heads_e10_seed42/log/2026-08-19T105648_sthelar40x_klt_5class_slideind_foldA_lora_adaptformer_r8_a8_red16_heads_e10_seed42/inference_results.json,
distribution_shift_summary,Liver,A,Generalist Selected PEFT,42,train_to_matched_test,,,,,,jensen_shannon_bits,0.106673393764,24283,2052,23494,9166,run/sthelar40x_klt_5class_slideind_foldA_lora_adaptformer_r8_a8_red16_heads_e10_seed42/log/2026-08-19T105648_sthelar40x_klt_5class_slideind_foldA_lora_adaptformer_r8_a8_red16_heads_e10_seed42/inference_results.json,
distribution_shift_class,Liver,A,Generalist Selected PEFT,42,train_to_matched_test,,Immune,,,,frequency_delta_test_minus_train,-0.341761472094,24283,2052,23494,9166,run/sthelar40x_klt_5class_slideind_foldA_lora_adaptformer_r8_a8_red16_heads_e10_seed42/log/2026-08-19T105648_sthelar40x_klt_5class_slideind_foldA_lora_adaptformer_r8_a8_red16_heads_e10_seed42/inference_results.json,
distribution_shift_class,Liver,A,Generalist Selected PEFT,42,train_to_matched_test,,Immune,,,,train_to_test_frequency_ratio,2.63195018243,24283,2052,23494,9166,run/sthelar40x_klt_5class_slideind_foldA_lora_adaptformer_r8_a8_red16_heads_e10_seed42/log/2026-08-19T105648_sthelar40x_klt_5class_slideind_foldA_lora_adaptformer_r8_a8_red16_heads_e10_seed42/inference_results.json,
distribution_shift_class,Liver,A,Generalist Selected PEFT,42,train_to_matched_test,,Stromal,,,,frequency_delta_test_minus_train,0.0430237776307,24283,2052,23494,9166,run/sthelar40x_klt_5class_slideind_foldA_lora_adaptformer_r8_a8_red16_heads_e10_seed42/log/2026-08-19T105648_sthelar40x_klt_5class_slideind_foldA_lora_adaptformer_r8_a8_red16_heads_e10_seed42/inference_results.json,
distribution_shift_class,Liver,A,Generalist Selected PEFT,42,train_to_matched_test,,Stromal,,,,train_to_test_frequency_ratio,0.81288851428,24283,2052,23494,9166,run/sthelar40x_klt_5class_slideind_foldA_lora_adaptformer_r8_a8_red16_heads_e10_seed42/log/2026-08-19T105648_sthelar40x_klt_5class_slideind_foldA_lora_adaptformer_r8_a8_red16_heads_e10_seed42/inference_results.json,
distribution_shift_class,Liver,A,Generalist Selected PEFT,42,train_to_matched_test,,Epithelial,,,,frequency_delta_test_minus_train,0.311041475047,24283,2052,23494,9166,run/sthelar40x_klt_5class_slideind_foldA_lora_adaptformer_r8_a8_red16_heads_e10_seed42/log/2026-08-19T105648_sthelar40x_klt_5class_slideind_foldA_lora_adaptformer_r8_a8_red16_heads_e10_seed42/inference_results.json,
distribution_shift_class,Liver,A,Generalist Selected PEFT,42,train_to_matched_test,,Epithelial,,,,train_to_test_frequency_ratio,0.441688536991,24283,2052,23494,9166,run/sthelar40x_klt_5class_slideind_foldA_lora_adaptformer_r8_a8_red16_heads_e10_seed42/log/2026-08-19T105648_sthelar40x_klt_5class_slideind_foldA_lora_adaptformer_r8_a8_red16_heads_e10_seed42/inference_results.json,
distribution_shift_class,Liver,A,Generalist Selected PEFT,42,train_to_matched_test,,Melanocyte,,,,frequency_delta_test_minus_train,0,24283,2052,23494,9166,run/sthelar40x_klt_5class_slideind_foldA_lora_adaptformer_r8_a8_red16_heads_e10_seed42/log/2026-08-19T105648_sthelar40x_klt_5class_slideind_foldA_lora_adaptformer_r8_a8_red16_heads_e10_seed42/inference_results.json,
distribution_shift_class,Liver,A,Generalist Selected PEFT,42,train_to_matched_test,,Melanocyte,,,,train_to_test_frequency_ratio,nan,24283,2052,23494,9166,run/sthelar40x_klt_5class_slideind_foldA_lora_adaptformer_r8_a8_red16_heads_e10_seed42/log/2026-08-19T105648_sthelar40x_klt_5class_slideind_foldA_lora_adaptformer_r8_a8_red16_heads_e10_seed42/inference_results.json,
distribution_shift_class,Liver,A,Generalist Selected PEFT,42,train_to_matched_test,,Other,,,,frequency_delta_test_minus_train,-0.0123037805836,24283,2052,23494,9166,run/sthelar40x_klt_5class_slideind_foldA_lora_adaptformer_r8_a8_red16_heads_e10_seed42/log/2026-08-19T105648_sthelar40x_klt_5class_slideind_foldA_lora_adaptformer_r8_a8_red16_heads_e10_seed42/inference_results.json,
distribution_shift_class,Liver,A,Generalist Selected PEFT,42,train_to_matched_test,,Other,,,,train_to_test_frequency_ratio,4.48221945274,24283,2052,23494,9166,run/sthelar40x_klt_5class_slideind_foldA_lora_adaptformer_r8_a8_red16_heads_e10_seed42/log/2026-08-19T105648_sthelar40x_klt_5class_slideind_foldA_lora_adaptformer_r8_a8_red16_heads_e10_seed42/inference_results.json,
training_curve,Liver,A,Generalist Selected PEFT,42,train,1,,,,,train_loss,7.2801,24283,2052,23494,9166,run/sthelar40x_klt_5class_slideind_foldA_lora_adaptformer_r8_a8_red16_heads_e10_seed42/log/2026-08-19T105648_sthelar40x_klt_5class_slideind_foldA_lora_adaptformer_r8_a8_red16_heads_e10_seed42/logs.log,Validation curve is descriptive only and is never used as canonical TEST evidence
training_curve,Liver,A,Generalist Selected PEFT,42,train,1,,,,,train_Dice,0.7889,24283,2052,23494,9166,run/sthelar40x_klt_5class_slideind_foldA_lora_adaptformer_r8_a8_red16_heads_e10_seed42/log/2026-08-19T105648_sthelar40x_klt_5class_slideind_foldA_lora_adaptformer_r8_a8_red16_heads_e10_seed42/logs.log,Validation curve is descriptive only and is never used as canonical TEST evidence
training_curve,Liver,A,Generalist Selected PEFT,42,train,1,,,,,train_Jaccard,0.6636,24283,2052,23494,9166,run/sthelar40x_klt_5class_slideind_foldA_lora_adaptformer_r8_a8_red16_heads_e10_seed42/log/2026-08-19T105648_sthelar40x_klt_5class_slideind_foldA_lora_adaptformer_r8_a8_red16_heads_e10_seed42/logs.log,Validation curve is descriptive only and is never used as canonical TEST evidence
training_curve,Liver,A,Generalist Selected PEFT,42,validation,1,,,,,val_loss,6.0342,24283,2052,23494,9166,run/sthelar40x_klt_5class_slideind_foldA_lora_adaptformer_r8_a8_red16_heads_e10_seed42/log/2026-08-19T105648_sthelar40x_klt_5class_slideind_foldA_lora_adaptformer_r8_a8_red16_heads_e10_seed42/logs.log,Validation curve is descriptive only and is never used as canonical TEST evidence
training_curve,Liver,A,Generalist Selected PEFT,42,validation,1,,,,,val_Dice,0.7776,24283,2052,23494,9166,run/sthelar40x_klt_5class_slideind_foldA_lora_adaptformer_r8_a8_red16_heads_e10_seed42/log/2026-08-19T105648_sthelar40x_klt_5class_slideind_foldA_lora_adaptformer_r8_a8_red16_heads_e10_seed42/logs.log,Validation curve is descriptive only and is never used as canonical TEST evidence
training_curve,Liver,A,Generalist Selected PEFT,42,validation,1,,,,,val_Jaccard,0.6646,24283,2052,23494,9166,run/sthelar40x_klt_5class_slideind_foldA_lora_adaptformer_r8_a8_red16_heads_e10_seed42/log/2026-08-19T105648_sthelar40x_klt_5class_slideind_foldA_lora_adaptformer_r8_a8_red16_heads_e10_seed42/logs.log,Validation curve is descriptive only and is never used as canonical TEST evidence
training_curve,Liver,A,Generalist Selected PEFT,42,validation,1,,,,,val_bPQ,0.521,24283,2052,23494,9166,run/sthelar40x_klt_5class_slideind_foldA_lora_adaptformer_r8_a8_red16_heads_e10_seed42/log/2026-08-19T105648_sthelar40x_klt_5class_slideind_foldA_lora_adaptformer_r8_a8_red16_heads_e10_seed42/logs.log,Validation curve is descriptive only and is never used as canonical TEST evidence
training_curve,Liver,A,Generalist Selected PEFT,42,validation,1,,,,,val_mPQ,0.2431,24283,2052,23494,9166,run/sthelar40x_klt_5class_slideind_foldA_lora_adaptformer_r8_a8_red16_heads_e10_seed42/log/2026-08-19T105648_sthelar40x_klt_5class_slideind_foldA_lora_adaptformer_r8_a8_red16_heads_e10_seed42/logs.log,Validation curve is descriptive only and is never used as canonical TEST evidence
training_curve,Liver,A,Generalist Selected PEFT,42,train,2,,,,,train_loss,5.6988,24283,2052,23494,9166,run/sthelar40x_klt_5class_slideind_foldA_lora_adaptformer_r8_a8_red16_heads_e10_seed42/log/2026-08-19T105648_sthelar40x_klt_5class_slideind_foldA_lora_adaptformer_r8_a8_red16_heads_e10_seed42/logs.log,Validation curve is descriptive only and is never used as canonical TEST evidence
training_curve,Liver,A,Generalist Selected PEFT,42,train,2,,,,,train_Dice,0.8159,24283,2052,23494,9166,run/sthelar40x_klt_5class_slideind_foldA_lora_adaptformer_r8_a8_red16_heads_e10_seed42/log/2026-08-19T105648_sthelar40x_klt_5class_slideind_foldA_lora_adaptformer_r8_a8_red16_heads_e10_seed42/logs.log,Validation curve is descriptive only and is never used as canonical TEST evidence
training_curve,Liver,A,Generalist Selected PEFT,42,train,2,,,,,train_Jaccard,0.7021,24283,2052,23494,9166,run/sthelar40x_klt_5class_slideind_foldA_lora_adaptformer_r8_a8_red16_heads_e10_seed42/log/2026-08-19T105648_sthelar40x_klt_5class_slideind_foldA_lora_adaptformer_r8_a8_red16_heads_e10_seed42/logs.log,Validation curve is descriptive only and is never used as canonical TEST evidence
training_curve,Liver,A,Generalist Selected PEFT,42,validation,2,,,,,val_loss,5.6242,24283,2052,23494,9166,run/sthelar40x_klt_5class_slideind_foldA_lora_adaptformer_r8_a8_red16_heads_e10_seed42/log/2026-08-19T105648_sthelar40x_klt_5class_slideind_foldA_lora_adaptformer_r8_a8_red16_heads_e10_seed42/logs.log,Validation curve is descriptive only and is never used as canonical TEST evidence
training_curve,Liver,A,Generalist Selected PEFT,42,validation,2,,,,,val_Dice,0.7818,24283,2052,23494,9166,run/sthelar40x_klt_5class_slideind_foldA_lora_adaptformer_r8_a8_red16_heads_e10_seed42/log/2026-08-19T105648_sthelar40x_klt_5class_slideind_foldA_lora_adaptformer_r8_a8_red16_heads_e10_seed42/logs.log,Validation curve is descriptive only and is never used as canonical TEST evidence
training_curve,Liver,A,Generalist Selected PEFT,42,validation,2,,,,,val_Jaccard,0.6716,24283,2052,23494,9166,run/sthelar40x_klt_5class_slideind_foldA_lora_adaptformer_r8_a8_red16_heads_e10_seed42/log/2026-08-19T105648_sthelar40x_klt_5class_slideind_foldA_lora_adaptformer_r8_a8_red16_heads_e10_seed42/logs.log,Validation curve is descriptive only and is never used as canonical TEST evidence
training_curve,Liver,A,Generalist Selected PEFT,42,validation,2,,,,,val_bPQ,0.5353,24283,2052,23494,9166,run/sthelar40x_klt_5class_slideind_foldA_lora_adaptformer_r8_a8_red16_heads_e10_seed42/log/2026-08-19T105648_sthelar40x_klt_5class_slideind_foldA_lora_adaptformer_r8_a8_red16_heads_e10_seed42/logs.log,Validation curve is descriptive only and is never used as canonical TEST evidence
training_curve,Liver,A,Generalist Selected PEFT,42,validation,2,,,,,val_mPQ,0.2764,24283,2052,23494,9166,run/sthelar40x_klt_5class_slideind_foldA_lora_adaptformer_r8_a8_red16_heads_e10_seed42/log/2026-08-19T105648_sthelar40x_klt_5class_slideind_foldA_lora_adaptformer_r8_a8_red16_heads_e10_seed42/logs.log,Validation curve is descriptive only and is never used as canonical TEST evidence
training_curve,Liver,A,Generalist Selected PEFT,42,train,3,,,,,train_loss,5.3626,24283,2052,23494,9166,run/sthelar40x_klt_5class_slideind_foldA_lora_adaptformer_r8_a8_red16_heads_e10_seed42/log/2026-08-19T105648_sthelar40x_klt_5class_slideind_foldA_lora_adaptformer_r8_a8_red16_heads_e10_seed42/logs.log,Validation curve is descriptive only and is never used as canonical TEST evidence
training_curve,Liver,A,Generalist Selected PEFT,42,train,3,,,,,train_Dice,0.8245,24283,2052,23494,9166,run/sthelar40x_klt_5class_slideind_foldA_lora_adaptformer_r8_a8_red16_heads_e10_seed42/log/2026-08-19T105648_sthelar40x_klt_5class_slideind_foldA_lora_adaptformer_r8_a8_red16_heads_e10_seed42/logs.log,Validation curve is descriptive only and is never used as canonical TEST evidence
training_curve,Liver,A,Generalist Selected PEFT,42,train,3,,,,,train_Jaccard,0.7146,24283,2052,23494,9166,run/sthelar40x_klt_5class_slideind_foldA_lora_adaptformer_r8_a8_red16_heads_e10_seed42/log/2026-08-19T105648_sthelar40x_klt_5class_slideind_foldA_lora_adaptformer_r8_a8_red16_heads_e10_seed42/logs.log,Validation curve is descriptive only and is never used as canonical TEST evidence
training_curve,Liver,A,Generalist Selected PEFT,42,validation,3,,,,,val_loss,5.4645,24283,2052,23494,9166,run/sthelar40x_klt_5class_slideind_foldA_lora_adaptformer_r8_a8_red16_heads_e10_seed42/log/2026-08-19T105648_sthelar40x_klt_5class_slideind_foldA_lora_adaptformer_r8_a8_red16_heads_e10_seed42/logs.log,Validation curve is descriptive only and is never used as canonical TEST evidence
training_curve,Liver,A,Generalist Selected PEFT,42,validation,3,,,,,val_Dice,0.7862,24283,2052,23494,9166,run/sthelar40x_klt_5class_slideind_foldA_lora_adaptformer_r8_a8_red16_heads_e10_seed42/log/2026-08-19T105648_sthelar40x_klt_5class_slideind_foldA_lora_adaptformer_r8_a8_red16_heads_e10_seed42/logs.log,Validation curve is descriptive only and is never used as canonical TEST evidence
training_curve,Liver,A,Generalist Selected PEFT,42,validation,3,,,,,val_Jaccard,0.6769,24283,2052,23494,9166,run/sthelar40x_klt_5class_slideind_foldA_lora_adaptformer_r8_a8_red16_heads_e10_seed42/log/2026-08-19T105648_sthelar40x_klt_5class_slideind_foldA_lora_adaptformer_r8_a8_red16_heads_e10_seed42/logs.log,Validation curve is descriptive only and is never used as canonical TEST evidence
training_curve,Liver,A,Generalist Selected PEFT,42,validation,3,,,,,val_bPQ,0.5446,24283,2052,23494,9166,run/sthelar40x_klt_5class_slideind_foldA_lora_adaptformer_r8_a8_red16_heads_e10_seed42/log/2026-08-19T105648_sthelar40x_klt_5class_slideind_foldA_lora_adaptformer_r8_a8_red16_heads_e10_seed42/logs.log,Validation curve is descriptive only and is never used as canonical TEST evidence
training_curve,Liver,A,Generalist Selected PEFT,42,validation,3,,,,,val_mPQ,0.2934,24283,2052,23494,9166,run/sthelar40x_klt_5class_slideind_foldA_lora_adaptformer_r8_a8_red16_heads_e10_seed42/log/2026-08-19T105648_sthelar40x_klt_5class_slideind_foldA_lora_adaptformer_r8_a8_red16_heads_e10_seed42/logs.log,Validation curve is descriptive only and is never used as canonical TEST evidence
training_curve,Liver,A,Generalist Selected PEFT,42,train,4,,,,,train_loss,4.6986,24283,2052,23494,9166,run/sthelar40x_klt_5class_slideind_foldA_lora_adaptformer_r8_a8_red16_heads_e10_seed42/log/2026-08-19T105648_sthelar40x_klt_5class_slideind_foldA_lora_adaptformer_r8_a8_red16_heads_e10_seed42/logs.log,Validation curve is descriptive only and is never used as canonical TEST evidence
training_curve,Liver,A,Generalist Selected PEFT,42,train,4,,,,,train_Dice,0.8246,24283,2052,23494,9166,run/sthelar40x_klt_5class_slideind_foldA_lora_adaptformer_r8_a8_red16_heads_e10_seed42/log/2026-08-19T105648_sthelar40x_klt_5class_slideind_foldA_lora_adaptformer_r8_a8_red16_heads_e10_seed42/logs.log,Validation curve is descriptive only and is never used as canonical TEST evidence
training_curve,Liver,A,Generalist Selected PEFT,42,train,4,,,,,train_Jaccard,0.7154,24283,2052,23494,9166,run/sthelar40x_klt_5class_slideind_foldA_lora_adaptformer_r8_a8_red16_heads_e10_seed42/log/2026-08-19T105648_sthelar40x_klt_5class_slideind_foldA_lora_adaptformer_r8_a8_red16_heads_e10_seed42/logs.log,Validation curve is descriptive only and is never used as canonical TEST evidence
training_curve,Liver,A,Generalist Selected PEFT,42,validation,4,,,,,val_loss,4.5709,24283,2052,23494,9166,run/sthelar40x_klt_5class_slideind_foldA_lora_adaptformer_r8_a8_red16_heads_e10_seed42/log/2026-08-19T105648_sthelar40x_klt_5class_slideind_foldA_lora_adaptformer_r8_a8_red16_heads_e10_seed42/logs.log,Validation curve is descriptive only and is never used as canonical TEST evidence
training_curve,Liver,A,Generalist Selected PEFT,42,validation,4,,,,,val_Dice,0.7832,24283,2052,23494,9166,run/sthelar40x_klt_5class_slideind_foldA_lora_adaptformer_r8_a8_red16_heads_e10_seed42/log/2026-08-19T105648_sthelar40x_klt_5class_slideind_foldA_lora_adaptformer_r8_a8_red16_heads_e10_seed42/logs.log,Validation curve is descriptive only and is never used as canonical TEST evidence
training_curve,Liver,A,Generalist Selected PEFT,42,validation,4,,,,,val_Jaccard,0.6738,24283,2052,23494,9166,run/sthelar40x_klt_5class_slideind_foldA_lora_adaptformer_r8_a8_red16_heads_e10_seed42/log/2026-08-19T105648_sthelar40x_klt_5class_slideind_foldA_lora_adaptformer_r8_a8_red16_heads_e10_seed42/logs.log,Validation curve is descriptive only and is never used as canonical TEST evidence
training_curve,Liver,A,Generalist Selected PEFT,42,validation,4,,,,,val_bPQ,0.5383,24283,2052,23494,9166,run/sthelar40x_klt_5class_slideind_foldA_lora_adaptformer_r8_a8_red16_heads_e10_seed42/log/2026-08-19T105648_sthelar40x_klt_5class_slideind_foldA_lora_adaptformer_r8_a8_red16_heads_e10_seed42/logs.log,Validation curve is descriptive only and is never used as canonical TEST evidence
training_curve,Liver,A,Generalist Selected PEFT,42,validation,4,,,,,val_mPQ,0.2965,24283,2052,23494,9166,run/sthelar40x_klt_5class_slideind_foldA_lora_adaptformer_r8_a8_red16_heads_e10_seed42/log/2026-08-19T105648_sthelar40x_klt_5class_slideind_foldA_lora_adaptformer_r8_a8_red16_heads_e10_seed42/logs.log,Validation curve is descriptive only and is never used as canonical TEST evidence
training_curve,Liver,A,Generalist Selected PEFT,42,train,5,,,,,train_loss,4.1858,24283,2052,23494,9166,run/sthelar40x_klt_5class_slideind_foldA_lora_adaptformer_r8_a8_red16_heads_e10_seed42/log/2026-08-19T105648_sthelar40x_klt_5class_slideind_foldA_lora_adaptformer_r8_a8_red16_heads_e10_seed42/logs.log,Validation curve is descriptive only and is never used as canonical TEST evidence
training_curve,Liver,A,Generalist Selected PEFT,42,train,5,,,,,train_Dice,0.8288,24283,2052,23494,9166,run/sthelar40x_klt_5class_slideind_foldA_lora_adaptformer_r8_a8_red16_heads_e10_seed42/log/2026-08-19T105648_sthelar40x_klt_5class_slideind_foldA_lora_adaptformer_r8_a8_red16_heads_e10_seed42/logs.log,Validation curve is descriptive only and is never used as canonical TEST evidence
training_curve,Liver,A,Generalist Selected PEFT,42,train,5,,,,,train_Jaccard,0.721,24283,2052,23494,9166,run/sthelar40x_klt_5class_slideind_foldA_lora_adaptformer_r8_a8_red16_heads_e10_seed42/log/2026-08-19T105648_sthelar40x_klt_5class_slideind_foldA_lora_adaptformer_r8_a8_red16_heads_e10_seed42/logs.log,Validation curve is descriptive only and is never used as canonical TEST evidence
training_curve,Liver,A,Generalist Selected PEFT,42,validation,5,,,,,val_loss,4.3902,24283,2052,23494,9166,run/sthelar40x_klt_5class_slideind_foldA_lora_adaptformer_r8_a8_red16_heads_e10_seed42/log/2026-08-19T105648_sthelar40x_klt_5class_slideind_foldA_lora_adaptformer_r8_a8_red16_heads_e10_seed42/logs.log,Validation curve is descriptive only and is never used as canonical TEST evidence
training_curve,Liver,A,Generalist Selected PEFT,42,validation,5,,,,,val_Dice,0.7848,24283,2052,23494,9166,run/sthelar40x_klt_5class_slideind_foldA_lora_adaptformer_r8_a8_red16_heads_e10_seed42/log/2026-08-19T105648_sthelar40x_klt_5class_slideind_foldA_lora_adaptformer_r8_a8_red16_heads_e10_seed42/logs.log,Validation curve is descriptive only and is never used as canonical TEST evidence
training_curve,Liver,A,Generalist Selected PEFT,42,validation,5,,,,,val_Jaccard,0.6747,24283,2052,23494,9166,run/sthelar40x_klt_5class_slideind_foldA_lora_adaptformer_r8_a8_red16_heads_e10_seed42/log/2026-08-19T105648_sthelar40x_klt_5class_slideind_foldA_lora_adaptformer_r8_a8_red16_heads_e10_seed42/logs.log,Validation curve is descriptive only and is never used as canonical TEST evidence
training_curve,Liver,A,Generalist Selected PEFT,42,validation,5,,,,,val_bPQ,0.5416,24283,2052,23494,9166,run/sthelar40x_klt_5class_slideind_foldA_lora_adaptformer_r8_a8_red16_heads_e10_seed42/log/2026-08-19T105648_sthelar40x_klt_5class_slideind_foldA_lora_adaptformer_r8_a8_red16_heads_e10_seed42/logs.log,Validation curve is descriptive only and is never used as canonical TEST evidence
training_curve,Liver,A,Generalist Selected PEFT,42,validation,5,,,,,val_mPQ,0.3005,24283,2052,23494,9166,run/sthelar40x_klt_5class_slideind_foldA_lora_adaptformer_r8_a8_red16_heads_e10_seed42/log/2026-08-19T105648_sthelar40x_klt_5class_slideind_foldA_lora_adaptformer_r8_a8_red16_heads_e10_seed42/logs.log,Validation curve is descriptive only and is never used as canonical TEST evidence
training_curve,Liver,A,Generalist Selected PEFT,42,train,6,,,,,train_loss,4.0741,24283,2052,23494,9166,run/sthelar40x_klt_5class_slideind_foldA_lora_adaptformer_r8_a8_red16_heads_e10_seed42/log/2026-08-19T105648_sthelar40x_klt_5class_slideind_foldA_lora_adaptformer_r8_a8_red16_heads_e10_seed42/logs.log,Validation curve is descriptive only and is never used as canonical TEST evidence
training_curve,Liver,A,Generalist Selected PEFT,42,train,6,,,,,train_Dice,0.8296,24283,2052,23494,9166,run/sthelar40x_klt_5class_slideind_foldA_lora_adaptformer_r8_a8_red16_heads_e10_seed42/log/2026-08-19T105648_sthelar40x_klt_5class_slideind_foldA_lora_adaptformer_r8_a8_red16_heads_e10_seed42/logs.log,Validation curve is descriptive only and is never used as canonical TEST evidence
training_curve,Liver,A,Generalist Selected PEFT,42,train,6,,,,,train_Jaccard,0.7223,24283,2052,23494,9166,run/sthelar40x_klt_5class_slideind_foldA_lora_adaptformer_r8_a8_red16_heads_e10_seed42/log/2026-08-19T105648_sthelar40x_klt_5class_slideind_foldA_lora_adaptformer_r8_a8_red16_heads_e10_seed42/logs.log,Validation curve is descriptive only and is never used as canonical TEST evidence
training_curve,Liver,A,Generalist Selected PEFT,42,validation,6,,,,,val_loss,4.3223,24283,2052,23494,9166,run/sthelar40x_klt_5class_slideind_foldA_lora_adaptformer_r8_a8_red16_heads_e10_seed42/log/2026-08-19T105648_sthelar40x_klt_5class_slideind_foldA_lora_adaptformer_r8_a8_red16_heads_e10_seed42/logs.log,Validation curve is descriptive only and is never used as canonical TEST evidence
training_curve,Liver,A,Generalist Selected PEFT,42,validation,6,,,,,val_Dice,0.7811,24283,2052,23494,9166,run/sthelar40x_klt_5class_slideind_foldA_lora_adaptformer_r8_a8_red16_heads_e10_seed42/log/2026-08-19T105648_sthelar40x_klt_5class_slideind_foldA_lora_adaptformer_r8_a8_red16_heads_e10_seed42/logs.log,Validation curve is descriptive only and is never used as canonical TEST evidence
training_curve,Liver,A,Generalist Selected PEFT,42,validation,6,,,,,val_Jaccard,0.6713,24283,2052,23494,9166,run/sthelar40x_klt_5class_slideind_foldA_lora_adaptformer_r8_a8_red16_heads_e10_seed42/log/2026-08-19T105648_sthelar40x_klt_5class_slideind_foldA_lora_adaptformer_r8_a8_red16_heads_e10_seed42/logs.log,Validation curve is descriptive only and is never used as canonical TEST evidence
training_curve,Liver,A,Generalist Selected PEFT,42,validation,6,,,,,val_bPQ,0.5365,24283,2052,23494,9166,run/sthelar40x_klt_5class_slideind_foldA_lora_adaptformer_r8_a8_red16_heads_e10_seed42/log/2026-08-19T105648_sthelar40x_klt_5class_slideind_foldA_lora_adaptformer_r8_a8_red16_heads_e10_seed42/logs.log,Validation curve is descriptive only and is never used as canonical TEST evidence
training_curve,Liver,A,Generalist Selected PEFT,42,validation,6,,,,,val_mPQ,0.2965,24283,2052,23494,9166,run/sthelar40x_klt_5class_slideind_foldA_lora_adaptformer_r8_a8_red16_heads_e10_seed42/log/2026-08-19T105648_sthelar40x_klt_5class_slideind_foldA_lora_adaptformer_r8_a8_red16_heads_e10_seed42/logs.log,Validation curve is descriptive only and is never used as canonical TEST evidence
training_curve,Liver,A,Generalist Selected PEFT,42,train,7,,,,,train_loss,4.0084,24283,2052,23494,9166,run/sthelar40x_klt_5class_slideind_foldA_lora_adaptformer_r8_a8_red16_heads_e10_seed42/log/2026-08-19T105648_sthelar40x_klt_5class_slideind_foldA_lora_adaptformer_r8_a8_red16_heads_e10_seed42/logs.log,Validation curve is descriptive only and is never used as canonical TEST evidence
training_curve,Liver,A,Generalist Selected PEFT,42,train,7,,,,,train_Dice,0.8315,24283,2052,23494,9166,run/sthelar40x_klt_5class_slideind_foldA_lora_adaptformer_r8_a8_red16_heads_e10_seed42/log/2026-08-19T105648_sthelar40x_klt_5class_slideind_foldA_lora_adaptformer_r8_a8_red16_heads_e10_seed42/logs.log,Validation curve is descriptive only and is never used as canonical TEST evidence
training_curve,Liver,A,Generalist Selected PEFT,42,train,7,,,,,train_Jaccard,0.7243,24283,2052,23494,9166,run/sthelar40x_klt_5class_slideind_foldA_lora_adaptformer_r8_a8_red16_heads_e10_seed42/log/2026-08-19T105648_sthelar40x_klt_5class_slideind_foldA_lora_adaptformer_r8_a8_red16_heads_e10_seed42/logs.log,Validation curve is descriptive only and is never used as canonical TEST evidence
training_curve,Liver,A,Generalist Selected PEFT,42,validation,7,,,,,val_loss,4.1869,24283,2052,23494,9166,run/sthelar40x_klt_5class_slideind_foldA_lora_adaptformer_r8_a8_red16_heads_e10_seed42/log/2026-08-19T105648_sthelar40x_klt_5class_slideind_foldA_lora_adaptformer_r8_a8_red16_heads_e10_seed42/logs.log,Validation curve is descriptive only and is never used as canonical TEST evidence
training_curve,Liver,A,Generalist Selected PEFT,42,validation,7,,,,,val_Dice,0.7881,24283,2052,23494,9166,run/sthelar40x_klt_5class_slideind_foldA_lora_adaptformer_r8_a8_red16_heads_e10_seed42/log/2026-08-19T105648_sthelar40x_klt_5class_slideind_foldA_lora_adaptformer_r8_a8_red16_heads_e10_seed42/logs.log,Validation curve is descriptive only and is never used as canonical TEST evidence
training_curve,Liver,A,Generalist Selected PEFT,42,validation,7,,,,,val_Jaccard,0.6803,24283,2052,23494,9166,run/sthelar40x_klt_5class_slideind_foldA_lora_adaptformer_r8_a8_red16_heads_e10_seed42/log/2026-08-19T105648_sthelar40x_klt_5class_slideind_foldA_lora_adaptformer_r8_a8_red16_heads_e10_seed42/logs.log,Validation curve is descriptive only and is never used as canonical TEST evidence
training_curve,Liver,A,Generalist Selected PEFT,42,validation,7,,,,,val_bPQ,0.5456,24283,2052,23494,9166,run/sthelar40x_klt_5class_slideind_foldA_lora_adaptformer_r8_a8_red16_heads_e10_seed42/log/2026-08-19T105648_sthelar40x_klt_5class_slideind_foldA_lora_adaptformer_r8_a8_red16_heads_e10_seed42/logs.log,Validation curve is descriptive only and is never used as canonical TEST evidence
training_curve,Liver,A,Generalist Selected PEFT,42,validation,7,,,,,val_mPQ,0.3101,24283,2052,23494,9166,run/sthelar40x_klt_5class_slideind_foldA_lora_adaptformer_r8_a8_red16_heads_e10_seed42/log/2026-08-19T105648_sthelar40x_klt_5class_slideind_foldA_lora_adaptformer_r8_a8_red16_heads_e10_seed42/logs.log,Validation curve is descriptive only and is never used as canonical TEST evidence
training_curve,Liver,A,Generalist Selected PEFT,42,train,8,,,,,train_loss,3.9542,24283,2052,23494,9166,run/sthelar40x_klt_5class_slideind_foldA_lora_adaptformer_r8_a8_red16_heads_e10_seed42/log/2026-08-19T105648_sthelar40x_klt_5class_slideind_foldA_lora_adaptformer_r8_a8_red16_heads_e10_seed42/logs.log,Validation curve is descriptive only and is never used as canonical TEST evidence
training_curve,Liver,A,Generalist Selected PEFT,42,train,8,,,,,train_Dice,0.8325,24283,2052,23494,9166,run/sthelar40x_klt_5class_slideind_foldA_lora_adaptformer_r8_a8_red16_heads_e10_seed42/log/2026-08-19T105648_sthelar40x_klt_5class_slideind_foldA_lora_adaptformer_r8_a8_red16_heads_e10_seed42/logs.log,Validation curve is descriptive only and is never used as canonical TEST evidence
training_curve,Liver,A,Generalist Selected PEFT,42,train,8,,,,,train_Jaccard,0.7262,24283,2052,23494,9166,run/sthelar40x_klt_5class_slideind_foldA_lora_adaptformer_r8_a8_red16_heads_e10_seed42/log/2026-08-19T105648_sthelar40x_klt_5class_slideind_foldA_lora_adaptformer_r8_a8_red16_heads_e10_seed42/logs.log,Validation curve is descriptive only and is never used as canonical TEST evidence
training_curve,Liver,A,Generalist Selected PEFT,42,validation,8,,,,,val_loss,4.239,24283,2052,23494,9166,run/sthelar40x_klt_5class_slideind_foldA_lora_adaptformer_r8_a8_red16_heads_e10_seed42/log/2026-08-19T105648_sthelar40x_klt_5class_slideind_foldA_lora_adaptformer_r8_a8_red16_heads_e10_seed42/logs.log,Validation curve is descriptive only and is never used as canonical TEST evidence
training_curve,Liver,A,Generalist Selected PEFT,42,validation,8,,,,,val_Dice,0.7868,24283,2052,23494,9166,run/sthelar40x_klt_5class_slideind_foldA_lora_adaptformer_r8_a8_red16_heads_e10_seed42/log/2026-08-19T105648_sthelar40x_klt_5class_slideind_foldA_lora_adaptformer_r8_a8_red16_heads_e10_seed42/logs.log,Validation curve is descriptive only and is never used as canonical TEST evidence
training_curve,Liver,A,Generalist Selected PEFT,42,validation,8,,,,,val_Jaccard,0.6757,24283,2052,23494,9166,run/sthelar40x_klt_5class_slideind_foldA_lora_adaptformer_r8_a8_red16_heads_e10_seed42/log/2026-08-19T105648_sthelar40x_klt_5class_slideind_foldA_lora_adaptformer_r8_a8_red16_heads_e10_seed42/logs.log,Validation curve is descriptive only and is never used as canonical TEST evidence
training_curve,Liver,A,Generalist Selected PEFT,42,validation,8,,,,,val_bPQ,0.5393,24283,2052,23494,9166,run/sthelar40x_klt_5class_slideind_foldA_lora_adaptformer_r8_a8_red16_heads_e10_seed42/log/2026-08-19T105648_sthelar40x_klt_5class_slideind_foldA_lora_adaptformer_r8_a8_red16_heads_e10_seed42/logs.log,Validation curve is descriptive only and is never used as canonical TEST evidence
training_curve,Liver,A,Generalist Selected PEFT,42,validation,8,,,,,val_mPQ,0.3084,24283,2052,23494,9166,run/sthelar40x_klt_5class_slideind_foldA_lora_adaptformer_r8_a8_red16_heads_e10_seed42/log/2026-08-19T105648_sthelar40x_klt_5class_slideind_foldA_lora_adaptformer_r8_a8_red16_heads_e10_seed42/logs.log,Validation curve is descriptive only and is never used as canonical TEST evidence
training_curve,Liver,A,Generalist Selected PEFT,42,train,9,,,,,train_loss,3.9242,24283,2052,23494,9166,run/sthelar40x_klt_5class_slideind_foldA_lora_adaptformer_r8_a8_red16_heads_e10_seed42/log/2026-08-19T105648_sthelar40x_klt_5class_slideind_foldA_lora_adaptformer_r8_a8_red16_heads_e10_seed42/logs.log,Validation curve is descriptive only and is never used as canonical TEST evidence
training_curve,Liver,A,Generalist Selected PEFT,42,train,9,,,,,train_Dice,0.8327,24283,2052,23494,9166,run/sthelar40x_klt_5class_slideind_foldA_lora_adaptformer_r8_a8_red16_heads_e10_seed42/log/2026-08-19T105648_sthelar40x_klt_5class_slideind_foldA_lora_adaptformer_r8_a8_red16_heads_e10_seed42/logs.log,Validation curve is descriptive only and is never used as canonical TEST evidence
training_curve,Liver,A,Generalist Selected PEFT,42,train,9,,,,,train_Jaccard,0.7273,24283,2052,23494,9166,run/sthelar40x_klt_5class_slideind_foldA_lora_adaptformer_r8_a8_red16_heads_e10_seed42/log/2026-08-19T105648_sthelar40x_klt_5class_slideind_foldA_lora_adaptformer_r8_a8_red16_heads_e10_seed42/logs.log,Validation curve is descriptive only and is never used as canonical TEST evidence
training_curve,Liver,A,Generalist Selected PEFT,42,validation,9,,,,,val_loss,4.1735,24283,2052,23494,9166,run/sthelar40x_klt_5class_slideind_foldA_lora_adaptformer_r8_a8_red16_heads_e10_seed42/log/2026-08-19T105648_sthelar40x_klt_5class_slideind_foldA_lora_adaptformer_r8_a8_red16_heads_e10_seed42/logs.log,Validation curve is descriptive only and is never used as canonical TEST evidence
training_curve,Liver,A,Generalist Selected PEFT,42,validation,9,,,,,val_Dice,0.7811,24283,2052,23494,9166,run/sthelar40x_klt_5class_slideind_foldA_lora_adaptformer_r8_a8_red16_heads_e10_seed42/log/2026-08-19T105648_sthelar40x_klt_5class_slideind_foldA_lora_adaptformer_r8_a8_red16_heads_e10_seed42/logs.log,Validation curve is descriptive only and is never used as canonical TEST evidence
training_curve,Liver,A,Generalist Selected PEFT,42,validation,9,,,,,val_Jaccard,0.6728,24283,2052,23494,9166,run/sthelar40x_klt_5class_slideind_foldA_lora_adaptformer_r8_a8_red16_heads_e10_seed42/log/2026-08-19T105648_sthelar40x_klt_5class_slideind_foldA_lora_adaptformer_r8_a8_red16_heads_e10_seed42/logs.log,Validation curve is descriptive only and is never used as canonical TEST evidence
training_curve,Liver,A,Generalist Selected PEFT,42,validation,9,,,,,val_bPQ,0.5394,24283,2052,23494,9166,run/sthelar40x_klt_5class_slideind_foldA_lora_adaptformer_r8_a8_red16_heads_e10_seed42/log/2026-08-19T105648_sthelar40x_klt_5class_slideind_foldA_lora_adaptformer_r8_a8_red16_heads_e10_seed42/logs.log,Validation curve is descriptive only and is never used as canonical TEST evidence
training_curve,Liver,A,Generalist Selected PEFT,42,validation,9,,,,,val_mPQ,0.3088,24283,2052,23494,9166,run/sthelar40x_klt_5class_slideind_foldA_lora_adaptformer_r8_a8_red16_heads_e10_seed42/log/2026-08-19T105648_sthelar40x_klt_5class_slideind_foldA_lora_adaptformer_r8_a8_red16_heads_e10_seed42/logs.log,Validation curve is descriptive only and is never used as canonical TEST evidence
training_curve,Liver,A,Generalist Selected PEFT,42,train,10,,,,,train_loss,3.8766,24283,2052,23494,9166,run/sthelar40x_klt_5class_slideind_foldA_lora_adaptformer_r8_a8_red16_heads_e10_seed42/log/2026-08-19T105648_sthelar40x_klt_5class_slideind_foldA_lora_adaptformer_r8_a8_red16_heads_e10_seed42/logs.log,Validation curve is descriptive only and is never used as canonical TEST evidence
training_curve,Liver,A,Generalist Selected PEFT,42,train,10,,,,,train_Dice,0.8339,24283,2052,23494,9166,run/sthelar40x_klt_5class_slideind_foldA_lora_adaptformer_r8_a8_red16_heads_e10_seed42/log/2026-08-19T105648_sthelar40x_klt_5class_slideind_foldA_lora_adaptformer_r8_a8_red16_heads_e10_seed42/logs.log,Validation curve is descriptive only and is never used as canonical TEST evidence
training_curve,Liver,A,Generalist Selected PEFT,42,train,10,,,,,train_Jaccard,0.7295,24283,2052,23494,9166,run/sthelar40x_klt_5class_slideind_foldA_lora_adaptformer_r8_a8_red16_heads_e10_seed42/log/2026-08-19T105648_sthelar40x_klt_5class_slideind_foldA_lora_adaptformer_r8_a8_red16_heads_e10_seed42/logs.log,Validation curve is descriptive only and is never used as canonical TEST evidence
training_curve,Liver,A,Generalist Selected PEFT,42,validation,10,,,,,val_loss,4.2205,24283,2052,23494,9166,run/sthelar40x_klt_5class_slideind_foldA_lora_adaptformer_r8_a8_red16_heads_e10_seed42/log/2026-08-19T105648_sthelar40x_klt_5class_slideind_foldA_lora_adaptformer_r8_a8_red16_heads_e10_seed42/logs.log,Validation curve is descriptive only and is never used as canonical TEST evidence
training_curve,Liver,A,Generalist Selected PEFT,42,validation,10,,,,,val_Dice,0.7895,24283,2052,23494,9166,run/sthelar40x_klt_5class_slideind_foldA_lora_adaptformer_r8_a8_red16_heads_e10_seed42/log/2026-08-19T105648_sthelar40x_klt_5class_slideind_foldA_lora_adaptformer_r8_a8_red16_heads_e10_seed42/logs.log,Validation curve is descriptive only and is never used as canonical TEST evidence
training_curve,Liver,A,Generalist Selected PEFT,42,validation,10,,,,,val_Jaccard,0.679,24283,2052,23494,9166,run/sthelar40x_klt_5class_slideind_foldA_lora_adaptformer_r8_a8_red16_heads_e10_seed42/log/2026-08-19T105648_sthelar40x_klt_5class_slideind_foldA_lora_adaptformer_r8_a8_red16_heads_e10_seed42/logs.log,Validation curve is descriptive only and is never used as canonical TEST evidence
training_curve,Liver,A,Generalist Selected PEFT,42,validation,10,,,,,val_bPQ,0.5463,24283,2052,23494,9166,run/sthelar40x_klt_5class_slideind_foldA_lora_adaptformer_r8_a8_red16_heads_e10_seed42/log/2026-08-19T105648_sthelar40x_klt_5class_slideind_foldA_lora_adaptformer_r8_a8_red16_heads_e10_seed42/logs.log,Validation curve is descriptive only and is never used as canonical TEST evidence
training_curve,Liver,A,Generalist Selected PEFT,42,validation,10,,,,,val_mPQ,0.3133,24283,2052,23494,9166,run/sthelar40x_klt_5class_slideind_foldA_lora_adaptformer_r8_a8_red16_heads_e10_seed42/log/2026-08-19T105648_sthelar40x_klt_5class_slideind_foldA_lora_adaptformer_r8_a8_red16_heads_e10_seed42/logs.log,Validation curve is descriptive only and is never used as canonical TEST evidence
dataset_summary,Liver,A,Tissue-specific Selected PEFT,42,,,,,,,,,18780,1647,9166,9166,run/sthelar40x_liver_5class_slideind_foldA_lora_adaptformer_r8_a8_red16_heads_e10_seed42/log/2026-08-25T220941_sthelar40x_liver_5class_slideind_foldA_lora_adaptformer_r8_a8_red16_heads_e10_seed42/inference_results.json,Test metrics and test class counts use exact generalist/specialist patch-ID intersection
class_distribution,Liver,A,Tissue-specific Selected PEFT,42,train,,Immune,,99797,0.221909187939,,,18780,1647,9166,9166,run/sthelar40x_liver_5class_slideind_foldA_lora_adaptformer_r8_a8_red16_heads_e10_seed42/log/2026-08-25T220941_sthelar40x_liver_5class_slideind_foldA_lora_adaptformer_r8_a8_red16_heads_e10_seed42/inference_results.json,Patch-level nucleus annotation occurrences; overlapping patches may repeat a biological cell
class_distribution,Liver,A,Tissue-specific Selected PEFT,42,train,,Stromal,,90574,0.201400871653,,,18780,1647,9166,9166,run/sthelar40x_liver_5class_slideind_foldA_lora_adaptformer_r8_a8_red16_heads_e10_seed42/log/2026-08-25T220941_sthelar40x_liver_5class_slideind_foldA_lora_adaptformer_r8_a8_red16_heads_e10_seed42/inference_results.json,Patch-level nucleus annotation occurrences; overlapping patches may repeat a biological cell
class_distribution,Liver,A,Tissue-specific Selected PEFT,42,train,,Epithelial,,254218,0.565280619052,,,18780,1647,9166,9166,run/sthelar40x_liver_5class_slideind_foldA_lora_adaptformer_r8_a8_red16_heads_e10_seed42/log/2026-08-25T220941_sthelar40x_liver_5class_slideind_foldA_lora_adaptformer_r8_a8_red16_heads_e10_seed42/inference_results.json,Patch-level nucleus annotation occurrences; overlapping patches may repeat a biological cell
class_distribution,Liver,A,Tissue-specific Selected PEFT,42,train,,Melanocyte,,0,0,,,18780,1647,9166,9166,run/sthelar40x_liver_5class_slideind_foldA_lora_adaptformer_r8_a8_red16_heads_e10_seed42/log/2026-08-25T220941_sthelar40x_liver_5class_slideind_foldA_lora_adaptformer_r8_a8_red16_heads_e10_seed42/inference_results.json,Patch-level nucleus annotation occurrences; overlapping patches may repeat a biological cell
class_distribution,Liver,A,Tissue-specific Selected PEFT,42,train,,Other,,5131,0.0114093213555,,,18780,1647,9166,9166,run/sthelar40x_liver_5class_slideind_foldA_lora_adaptformer_r8_a8_red16_heads_e10_seed42/log/2026-08-25T220941_sthelar40x_liver_5class_slideind_foldA_lora_adaptformer_r8_a8_red16_heads_e10_seed42/inference_results.json,Patch-level nucleus annotation occurrences; overlapping patches may repeat a biological cell
class_distribution,Liver,A,Tissue-specific Selected PEFT,42,validation,,Immune,,8172,0.219896133251,,,18780,1647,9166,9166,run/sthelar40x_liver_5class_slideind_foldA_lora_adaptformer_r8_a8_red16_heads_e10_seed42/log/2026-08-25T220941_sthelar40x_liver_5class_slideind_foldA_lora_adaptformer_r8_a8_red16_heads_e10_seed42/inference_results.json,Patch-level nucleus annotation occurrences; overlapping patches may repeat a biological cell
class_distribution,Liver,A,Tissue-specific Selected PEFT,42,validation,,Stromal,,7995,0.215133331539,,,18780,1647,9166,9166,run/sthelar40x_liver_5class_slideind_foldA_lora_adaptformer_r8_a8_red16_heads_e10_seed42/log/2026-08-25T220941_sthelar40x_liver_5class_slideind_foldA_lora_adaptformer_r8_a8_red16_heads_e10_seed42/inference_results.json,Patch-level nucleus annotation occurrences; overlapping patches may repeat a biological cell
class_distribution,Liver,A,Tissue-specific Selected PEFT,42,validation,,Epithelial,,20681,0.556494362673,,,18780,1647,9166,9166,run/sthelar40x_liver_5class_slideind_foldA_lora_adaptformer_r8_a8_red16_heads_e10_seed42/log/2026-08-25T220941_sthelar40x_liver_5class_slideind_foldA_lora_adaptformer_r8_a8_red16_heads_e10_seed42/inference_results.json,Patch-level nucleus annotation occurrences; overlapping patches may repeat a biological cell
class_distribution,Liver,A,Tissue-specific Selected PEFT,42,validation,,Melanocyte,,0,0,,,18780,1647,9166,9166,run/sthelar40x_liver_5class_slideind_foldA_lora_adaptformer_r8_a8_red16_heads_e10_seed42/log/2026-08-25T220941_sthelar40x_liver_5class_slideind_foldA_lora_adaptformer_r8_a8_red16_heads_e10_seed42/inference_results.json,Patch-level nucleus annotation occurrences; overlapping patches may repeat a biological cell
class_distribution,Liver,A,Tissue-specific Selected PEFT,42,validation,,Other,,315,0.0084761725372,,,18780,1647,9166,9166,run/sthelar40x_liver_5class_slideind_foldA_lora_adaptformer_r8_a8_red16_heads_e10_seed42/log/2026-08-25T220941_sthelar40x_liver_5class_slideind_foldA_lora_adaptformer_r8_a8_red16_heads_e10_seed42/inference_results.json,Patch-level nucleus annotation occurrences; overlapping patches may repeat a biological cell
class_distribution,Liver,A,Tissue-specific Selected PEFT,42,matched_test,,Immune,,67212,0.20941905934,,,18780,1647,9166,9166,run/sthelar40x_liver_5class_slideind_foldA_lora_adaptformer_r8_a8_red16_heads_e10_seed42/log/2026-08-25T220941_sthelar40x_liver_5class_slideind_foldA_lora_adaptformer_r8_a8_red16_heads_e10_seed42/inference_results.json,Patch-level nucleus annotation occurrences; overlapping patches may repeat a biological cell
class_distribution,Liver,A,Tissue-specific Selected PEFT,42,matched_test,,Stromal,,73797,0.229936593497,,,18780,1647,9166,9166,run/sthelar40x_liver_5class_slideind_foldA_lora_adaptformer_r8_a8_red16_heads_e10_seed42/log/2026-08-25T220941_sthelar40x_liver_5class_slideind_foldA_lora_adaptformer_r8_a8_red16_heads_e10_seed42/inference_results.json,Patch-level nucleus annotation occurrences; overlapping patches may repeat a biological cell
class_distribution,Liver,A,Tissue-specific Selected PEFT,42,matched_test,,Epithelial,,178802,0.557111031485,,,18780,1647,9166,9166,run/sthelar40x_liver_5class_slideind_foldA_lora_adaptformer_r8_a8_red16_heads_e10_seed42/log/2026-08-25T220941_sthelar40x_liver_5class_slideind_foldA_lora_adaptformer_r8_a8_red16_heads_e10_seed42/inference_results.json,Patch-level nucleus annotation occurrences; overlapping patches may repeat a biological cell
class_distribution,Liver,A,Tissue-specific Selected PEFT,42,matched_test,,Melanocyte,,0,0,,,18780,1647,9166,9166,run/sthelar40x_liver_5class_slideind_foldA_lora_adaptformer_r8_a8_red16_heads_e10_seed42/log/2026-08-25T220941_sthelar40x_liver_5class_slideind_foldA_lora_adaptformer_r8_a8_red16_heads_e10_seed42/inference_results.json,Patch-level nucleus annotation occurrences; overlapping patches may repeat a biological cell
class_distribution,Liver,A,Tissue-specific Selected PEFT,42,matched_test,,Other,,1134,0.00353331567714,,,18780,1647,9166,9166,run/sthelar40x_liver_5class_slideind_foldA_lora_adaptformer_r8_a8_red16_heads_e10_seed42/log/2026-08-25T220941_sthelar40x_liver_5class_slideind_foldA_lora_adaptformer_r8_a8_red16_heads_e10_seed42/inference_results.json,Patch-level nucleus annotation occurrences; overlapping patches may repeat a biological cell
matched_test_metric,Liver,A,Tissue-specific Selected PEFT,42,matched_test,,,,,,Dice,0.795615362457,18780,1647,9166,9166,run/sthelar40x_liver_5class_slideind_foldA_lora_adaptformer_r8_a8_red16_heads_e10_seed42/log/2026-08-25T220941_sthelar40x_liver_5class_slideind_foldA_lora_adaptformer_r8_a8_red16_heads_e10_seed42/inference_results.json,
matched_test_metric,Liver,A,Tissue-specific Selected PEFT,42,matched_test,,,,,,Jaccard,0.668982003139,18780,1647,9166,9166,run/sthelar40x_liver_5class_slideind_foldA_lora_adaptformer_r8_a8_red16_heads_e10_seed42/log/2026-08-25T220941_sthelar40x_liver_5class_slideind_foldA_lora_adaptformer_r8_a8_red16_heads_e10_seed42/inference_results.json,
matched_test_metric,Liver,A,Tissue-specific Selected PEFT,42,matched_test,,,,,,bPQ,0.480070240955,18780,1647,9166,9166,run/sthelar40x_liver_5class_slideind_foldA_lora_adaptformer_r8_a8_red16_heads_e10_seed42/log/2026-08-25T220941_sthelar40x_liver_5class_slideind_foldA_lora_adaptformer_r8_a8_red16_heads_e10_seed42/inference_results.json,
matched_test_metric,Liver,A,Tissue-specific Selected PEFT,42,matched_test,,,,,,mPQ,0.17150571329,18780,1647,9166,9166,run/sthelar40x_liver_5class_slideind_foldA_lora_adaptformer_r8_a8_red16_heads_e10_seed42/log/2026-08-25T220941_sthelar40x_liver_5class_slideind_foldA_lora_adaptformer_r8_a8_red16_heads_e10_seed42/inference_results.json,
matched_test_metric,Liver,A,Tissue-specific Selected PEFT,42,matched_test,,,,,,F1det,0.843155925184,18780,1647,9166,9166,run/sthelar40x_liver_5class_slideind_foldA_lora_adaptformer_r8_a8_red16_heads_e10_seed42/log/2026-08-25T220941_sthelar40x_liver_5class_slideind_foldA_lora_adaptformer_r8_a8_red16_heads_e10_seed42/inference_results.json,
matched_test_metric,Liver,A,Tissue-specific Selected PEFT,42,matched_test,,,,,,F1type,0.264901675423,18780,1647,9166,9166,run/sthelar40x_liver_5class_slideind_foldA_lora_adaptformer_r8_a8_red16_heads_e10_seed42/log/2026-08-25T220941_sthelar40x_liver_5class_slideind_foldA_lora_adaptformer_r8_a8_red16_heads_e10_seed42/inference_results.json,
matched_class_metric,Liver,A,Tissue-specific Selected PEFT,42,matched_test,,Immune,,,,matched_true_support,53118,18780,1647,9166,9166,run/sthelar40x_liver_5class_slideind_foldA_lora_adaptformer_r8_a8_red16_heads_e10_seed42/log/2026-08-25T220941_sthelar40x_liver_5class_slideind_foldA_lora_adaptformer_r8_a8_red16_heads_e10_seed42/inference_results.json,Type F1 is calculated from paired foreground confusion only
matched_class_metric,Liver,A,Tissue-specific Selected PEFT,42,matched_test,,Immune,,,,total_true_support,66191,18780,1647,9166,9166,run/sthelar40x_liver_5class_slideind_foldA_lora_adaptformer_r8_a8_red16_heads_e10_seed42/log/2026-08-25T220941_sthelar40x_liver_5class_slideind_foldA_lora_adaptformer_r8_a8_red16_heads_e10_seed42/inference_results.json,Type F1 is calculated from paired foreground confusion only
matched_class_metric,Liver,A,Tissue-specific Selected PEFT,42,matched_test,,Immune,,,,paired_type_F1,0.0172994999074,18780,1647,9166,9166,run/sthelar40x_liver_5class_slideind_foldA_lora_adaptformer_r8_a8_red16_heads_e10_seed42/log/2026-08-25T220941_sthelar40x_liver_5class_slideind_foldA_lora_adaptformer_r8_a8_red16_heads_e10_seed42/inference_results.json,Type F1 is calculated from paired foreground confusion only
predicted_class_frequency,Liver,A,Tissue-specific Selected PEFT,42,matched_test,,,Immune,1030,0.00363076207228,,,18780,1647,9166,9166,run/sthelar40x_liver_5class_slideind_foldA_lora_adaptformer_r8_a8_red16_heads_e10_seed42/log/2026-08-25T220941_sthelar40x_liver_5class_slideind_foldA_lora_adaptformer_r8_a8_red16_heads_e10_seed42/inference_results.json,Foreground predicted instances; unmatched predictions included
matched_class_metric,Liver,A,Tissue-specific Selected PEFT,42,matched_test,,Stromal,,,,matched_true_support,56751,18780,1647,9166,9166,run/sthelar40x_liver_5class_slideind_foldA_lora_adaptformer_r8_a8_red16_heads_e10_seed42/log/2026-08-25T220941_sthelar40x_liver_5class_slideind_foldA_lora_adaptformer_r8_a8_red16_heads_e10_seed42/inference_results.json,Type F1 is calculated from paired foreground confusion only
matched_class_metric,Liver,A,Tissue-specific Selected PEFT,42,matched_test,,Stromal,,,,total_true_support,72684,18780,1647,9166,9166,run/sthelar40x_liver_5class_slideind_foldA_lora_adaptformer_r8_a8_red16_heads_e10_seed42/log/2026-08-25T220941_sthelar40x_liver_5class_slideind_foldA_lora_adaptformer_r8_a8_red16_heads_e10_seed42/inference_results.json,Type F1 is calculated from paired foreground confusion only
matched_class_metric,Liver,A,Tissue-specific Selected PEFT,42,matched_test,,Stromal,,,,paired_type_F1,0.446133493086,18780,1647,9166,9166,run/sthelar40x_liver_5class_slideind_foldA_lora_adaptformer_r8_a8_red16_heads_e10_seed42/log/2026-08-25T220941_sthelar40x_liver_5class_slideind_foldA_lora_adaptformer_r8_a8_red16_heads_e10_seed42/inference_results.json,Type F1 is calculated from paired foreground confusion only
predicted_class_frequency,Liver,A,Tissue-specific Selected PEFT,42,matched_test,,,Stromal,202778,0.714794826693,,,18780,1647,9166,9166,run/sthelar40x_liver_5class_slideind_foldA_lora_adaptformer_r8_a8_red16_heads_e10_seed42/log/2026-08-25T220941_sthelar40x_liver_5class_slideind_foldA_lora_adaptformer_r8_a8_red16_heads_e10_seed42/inference_results.json,Foreground predicted instances; unmatched predictions included
matched_class_metric,Liver,A,Tissue-specific Selected PEFT,42,matched_test,,Epithelial,,,,matched_true_support,142638,18780,1647,9166,9166,run/sthelar40x_liver_5class_slideind_foldA_lora_adaptformer_r8_a8_red16_heads_e10_seed42/log/2026-08-25T220941_sthelar40x_liver_5class_slideind_foldA_lora_adaptformer_r8_a8_red16_heads_e10_seed42/inference_results.json,Type F1 is calculated from paired foreground confusion only
matched_class_metric,Liver,A,Tissue-specific Selected PEFT,42,matched_test,,Epithelial,,,,total_true_support,175936,18780,1647,9166,9166,run/sthelar40x_liver_5class_slideind_foldA_lora_adaptformer_r8_a8_red16_heads_e10_seed42/log/2026-08-25T220941_sthelar40x_liver_5class_slideind_foldA_lora_adaptformer_r8_a8_red16_heads_e10_seed42/inference_results.json,Type F1 is calculated from paired foreground confusion only
matched_class_metric,Liver,A,Tissue-specific Selected PEFT,42,matched_test,,Epithelial,,,,paired_type_F1,0.596173708698,18780,1647,9166,9166,run/sthelar40x_liver_5class_slideind_foldA_lora_adaptformer_r8_a8_red16_heads_e10_seed42/log/2026-08-25T220941_sthelar40x_liver_5class_slideind_foldA_lora_adaptformer_r8_a8_red16_heads_e10_seed42/inference_results.json,Type F1 is calculated from paired foreground confusion only
predicted_class_frequency,Liver,A,Tissue-specific Selected PEFT,42,matched_test,,,Epithelial,79874,0.281556786176,,,18780,1647,9166,9166,run/sthelar40x_liver_5class_slideind_foldA_lora_adaptformer_r8_a8_red16_heads_e10_seed42/log/2026-08-25T220941_sthelar40x_liver_5class_slideind_foldA_lora_adaptformer_r8_a8_red16_heads_e10_seed42/inference_results.json,Foreground predicted instances; unmatched predictions included
matched_class_metric,Liver,A,Tissue-specific Selected PEFT,42,matched_test,,Melanocyte,,,,matched_true_support,0,18780,1647,9166,9166,run/sthelar40x_liver_5class_slideind_foldA_lora_adaptformer_r8_a8_red16_heads_e10_seed42/log/2026-08-25T220941_sthelar40x_liver_5class_slideind_foldA_lora_adaptformer_r8_a8_red16_heads_e10_seed42/inference_results.json,Type F1 is calculated from paired foreground confusion only
matched_class_metric,Liver,A,Tissue-specific Selected PEFT,42,matched_test,,Melanocyte,,,,total_true_support,0,18780,1647,9166,9166,run/sthelar40x_liver_5class_slideind_foldA_lora_adaptformer_r8_a8_red16_heads_e10_seed42/log/2026-08-25T220941_sthelar40x_liver_5class_slideind_foldA_lora_adaptformer_r8_a8_red16_heads_e10_seed42/inference_results.json,Type F1 is calculated from paired foreground confusion only
matched_class_metric,Liver,A,Tissue-specific Selected PEFT,42,matched_test,,Melanocyte,,,,paired_type_F1,nan,18780,1647,9166,9166,run/sthelar40x_liver_5class_slideind_foldA_lora_adaptformer_r8_a8_red16_heads_e10_seed42/log/2026-08-25T220941_sthelar40x_liver_5class_slideind_foldA_lora_adaptformer_r8_a8_red16_heads_e10_seed42/inference_results.json,Type F1 is calculated from paired foreground confusion only
predicted_class_frequency,Liver,A,Tissue-specific Selected PEFT,42,matched_test,,,Melanocyte,0,0,,,18780,1647,9166,9166,run/sthelar40x_liver_5class_slideind_foldA_lora_adaptformer_r8_a8_red16_heads_e10_seed42/log/2026-08-25T220941_sthelar40x_liver_5class_slideind_foldA_lora_adaptformer_r8_a8_red16_heads_e10_seed42/inference_results.json,Foreground predicted instances; unmatched predictions included
matched_class_metric,Liver,A,Tissue-specific Selected PEFT,42,matched_test,,Other,,,,matched_true_support,419,18780,1647,9166,9166,run/sthelar40x_liver_5class_slideind_foldA_lora_adaptformer_r8_a8_red16_heads_e10_seed42/log/2026-08-25T220941_sthelar40x_liver_5class_slideind_foldA_lora_adaptformer_r8_a8_red16_heads_e10_seed42/inference_results.json,Type F1 is calculated from paired foreground confusion only
matched_class_metric,Liver,A,Tissue-specific Selected PEFT,42,matched_test,,Other,,,,total_true_support,1124,18780,1647,9166,9166,run/sthelar40x_liver_5class_slideind_foldA_lora_adaptformer_r8_a8_red16_heads_e10_seed42/log/2026-08-25T220941_sthelar40x_liver_5class_slideind_foldA_lora_adaptformer_r8_a8_red16_heads_e10_seed42/inference_results.json,Type F1 is calculated from paired foreground confusion only
matched_class_metric,Liver,A,Tissue-specific Selected PEFT,42,matched_test,,Other,,,,paired_type_F1,0,18780,1647,9166,9166,run/sthelar40x_liver_5class_slideind_foldA_lora_adaptformer_r8_a8_red16_heads_e10_seed42/log/2026-08-25T220941_sthelar40x_liver_5class_slideind_foldA_lora_adaptformer_r8_a8_red16_heads_e10_seed42/inference_results.json,Type F1 is calculated from paired foreground confusion only
predicted_class_frequency,Liver,A,Tissue-specific Selected PEFT,42,matched_test,,,Other,5,1.76250586033e-05,,,18780,1647,9166,9166,run/sthelar40x_liver_5class_slideind_foldA_lora_adaptformer_r8_a8_red16_heads_e10_seed42/log/2026-08-25T220941_sthelar40x_liver_5class_slideind_foldA_lora_adaptformer_r8_a8_red16_heads_e10_seed42/inference_results.json,Foreground predicted instances; unmatched predictions included
paired_confusion,Liver,A,Tissue-specific Selected PEFT,42,matched_test,,Background,Background,1,,,,18780,1647,9166,9166,run/sthelar40x_liver_5class_slideind_foldA_lora_adaptformer_r8_a8_red16_heads_e10_seed42/log/2026-08-25T220941_sthelar40x_liver_5class_slideind_foldA_lora_adaptformer_r8_a8_red16_heads_e10_seed42/inference_results.json,"Rows=true, columns=predicted; exact matched patch intersection"
paired_confusion,Liver,A,Tissue-specific Selected PEFT,42,matched_test,,Background,Immune,0,,,,18780,1647,9166,9166,run/sthelar40x_liver_5class_slideind_foldA_lora_adaptformer_r8_a8_red16_heads_e10_seed42/log/2026-08-25T220941_sthelar40x_liver_5class_slideind_foldA_lora_adaptformer_r8_a8_red16_heads_e10_seed42/inference_results.json,"Rows=true, columns=predicted; exact matched patch intersection"
paired_confusion,Liver,A,Tissue-specific Selected PEFT,42,matched_test,,Background,Stromal,0,,,,18780,1647,9166,9166,run/sthelar40x_liver_5class_slideind_foldA_lora_adaptformer_r8_a8_red16_heads_e10_seed42/log/2026-08-25T220941_sthelar40x_liver_5class_slideind_foldA_lora_adaptformer_r8_a8_red16_heads_e10_seed42/inference_results.json,"Rows=true, columns=predicted; exact matched patch intersection"
paired_confusion,Liver,A,Tissue-specific Selected PEFT,42,matched_test,,Background,Epithelial,0,,,,18780,1647,9166,9166,run/sthelar40x_liver_5class_slideind_foldA_lora_adaptformer_r8_a8_red16_heads_e10_seed42/log/2026-08-25T220941_sthelar40x_liver_5class_slideind_foldA_lora_adaptformer_r8_a8_red16_heads_e10_seed42/inference_results.json,"Rows=true, columns=predicted; exact matched patch intersection"
paired_confusion,Liver,A,Tissue-specific Selected PEFT,42,matched_test,,Background,Melanocyte,0,,,,18780,1647,9166,9166,run/sthelar40x_liver_5class_slideind_foldA_lora_adaptformer_r8_a8_red16_heads_e10_seed42/log/2026-08-25T220941_sthelar40x_liver_5class_slideind_foldA_lora_adaptformer_r8_a8_red16_heads_e10_seed42/inference_results.json,"Rows=true, columns=predicted; exact matched patch intersection"
paired_confusion,Liver,A,Tissue-specific Selected PEFT,42,matched_test,,Background,Other,0,,,,18780,1647,9166,9166,run/sthelar40x_liver_5class_slideind_foldA_lora_adaptformer_r8_a8_red16_heads_e10_seed42/log/2026-08-25T220941_sthelar40x_liver_5class_slideind_foldA_lora_adaptformer_r8_a8_red16_heads_e10_seed42/inference_results.json,"Rows=true, columns=predicted; exact matched patch intersection"
paired_confusion,Liver,A,Tissue-specific Selected PEFT,42,matched_test,,Immune,Background,38,,,,18780,1647,9166,9166,run/sthelar40x_liver_5class_slideind_foldA_lora_adaptformer_r8_a8_red16_heads_e10_seed42/log/2026-08-25T220941_sthelar40x_liver_5class_slideind_foldA_lora_adaptformer_r8_a8_red16_heads_e10_seed42/inference_results.json,"Rows=true, columns=predicted; exact matched patch intersection"
paired_confusion,Liver,A,Tissue-specific Selected PEFT,42,matched_test,,Immune,Immune,467,,,,18780,1647,9166,9166,run/sthelar40x_liver_5class_slideind_foldA_lora_adaptformer_r8_a8_red16_heads_e10_seed42/log/2026-08-25T220941_sthelar40x_liver_5class_slideind_foldA_lora_adaptformer_r8_a8_red16_heads_e10_seed42/inference_results.json,"Rows=true, columns=predicted; exact matched patch intersection"
paired_confusion,Liver,A,Tissue-specific Selected PEFT,42,matched_test,,Immune,Stromal,50198,,,,18780,1647,9166,9166,run/sthelar40x_liver_5class_slideind_foldA_lora_adaptformer_r8_a8_red16_heads_e10_seed42/log/2026-08-25T220941_sthelar40x_liver_5class_slideind_foldA_lora_adaptformer_r8_a8_red16_heads_e10_seed42/inference_results.json,"Rows=true, columns=predicted; exact matched patch intersection"
paired_confusion,Liver,A,Tissue-specific Selected PEFT,42,matched_test,,Immune,Epithelial,2452,,,,18780,1647,9166,9166,run/sthelar40x_liver_5class_slideind_foldA_lora_adaptformer_r8_a8_red16_heads_e10_seed42/log/2026-08-25T220941_sthelar40x_liver_5class_slideind_foldA_lora_adaptformer_r8_a8_red16_heads_e10_seed42/inference_results.json,"Rows=true, columns=predicted; exact matched patch intersection"
paired_confusion,Liver,A,Tissue-specific Selected PEFT,42,matched_test,,Immune,Melanocyte,0,,,,18780,1647,9166,9166,run/sthelar40x_liver_5class_slideind_foldA_lora_adaptformer_r8_a8_red16_heads_e10_seed42/log/2026-08-25T220941_sthelar40x_liver_5class_slideind_foldA_lora_adaptformer_r8_a8_red16_heads_e10_seed42/inference_results.json,"Rows=true, columns=predicted; exact matched patch intersection"
paired_confusion,Liver,A,Tissue-specific Selected PEFT,42,matched_test,,Immune,Other,1,,,,18780,1647,9166,9166,run/sthelar40x_liver_5class_slideind_foldA_lora_adaptformer_r8_a8_red16_heads_e10_seed42/log/2026-08-25T220941_sthelar40x_liver_5class_slideind_foldA_lora_adaptformer_r8_a8_red16_heads_e10_seed42/inference_results.json,"Rows=true, columns=predicted; exact matched patch intersection"
paired_confusion,Liver,A,Tissue-specific Selected PEFT,42,matched_test,,Stromal,Background,44,,,,18780,1647,9166,9166,run/sthelar40x_liver_5class_slideind_foldA_lora_adaptformer_r8_a8_red16_heads_e10_seed42/log/2026-08-25T220941_sthelar40x_liver_5class_slideind_foldA_lora_adaptformer_r8_a8_red16_heads_e10_seed42/inference_results.json,"Rows=true, columns=predicted; exact matched patch intersection"
paired_confusion,Liver,A,Tissue-specific Selected PEFT,42,matched_test,,Stromal,Immune,96,,,,18780,1647,9166,9166,run/sthelar40x_liver_5class_slideind_foldA_lora_adaptformer_r8_a8_red16_heads_e10_seed42/log/2026-08-25T220941_sthelar40x_liver_5class_slideind_foldA_lora_adaptformer_r8_a8_red16_heads_e10_seed42/inference_results.json,"Rows=true, columns=predicted; exact matched patch intersection"
paired_confusion,Liver,A,Tissue-specific Selected PEFT,42,matched_test,,Stromal,Stromal,53619,,,,18780,1647,9166,9166,run/sthelar40x_liver_5class_slideind_foldA_lora_adaptformer_r8_a8_red16_heads_e10_seed42/log/2026-08-25T220941_sthelar40x_liver_5class_slideind_foldA_lora_adaptformer_r8_a8_red16_heads_e10_seed42/inference_results.json,"Rows=true, columns=predicted; exact matched patch intersection"
paired_confusion,Liver,A,Tissue-specific Selected PEFT,42,matched_test,,Stromal,Epithelial,3035,,,,18780,1647,9166,9166,run/sthelar40x_liver_5class_slideind_foldA_lora_adaptformer_r8_a8_red16_heads_e10_seed42/log/2026-08-25T220941_sthelar40x_liver_5class_slideind_foldA_lora_adaptformer_r8_a8_red16_heads_e10_seed42/inference_results.json,"Rows=true, columns=predicted; exact matched patch intersection"
paired_confusion,Liver,A,Tissue-specific Selected PEFT,42,matched_test,,Stromal,Melanocyte,0,,,,18780,1647,9166,9166,run/sthelar40x_liver_5class_slideind_foldA_lora_adaptformer_r8_a8_red16_heads_e10_seed42/log/2026-08-25T220941_sthelar40x_liver_5class_slideind_foldA_lora_adaptformer_r8_a8_red16_heads_e10_seed42/inference_results.json,"Rows=true, columns=predicted; exact matched patch intersection"
paired_confusion,Liver,A,Tissue-specific Selected PEFT,42,matched_test,,Stromal,Other,1,,,,18780,1647,9166,9166,run/sthelar40x_liver_5class_slideind_foldA_lora_adaptformer_r8_a8_red16_heads_e10_seed42/log/2026-08-25T220941_sthelar40x_liver_5class_slideind_foldA_lora_adaptformer_r8_a8_red16_heads_e10_seed42/inference_results.json,"Rows=true, columns=predicted; exact matched patch intersection"
paired_confusion,Liver,A,Tissue-specific Selected PEFT,42,matched_test,,Epithelial,Background,242,,,,18780,1647,9166,9166,run/sthelar40x_liver_5class_slideind_foldA_lora_adaptformer_r8_a8_red16_heads_e10_seed42/log/2026-08-25T220941_sthelar40x_liver_5class_slideind_foldA_lora_adaptformer_r8_a8_red16_heads_e10_seed42/inference_results.json,"Rows=true, columns=predicted; exact matched patch intersection"
paired_confusion,Liver,A,Tissue-specific Selected PEFT,42,matched_test,,Epithelial,Immune,309,,,,18780,1647,9166,9166,run/sthelar40x_liver_5class_slideind_foldA_lora_adaptformer_r8_a8_red16_heads_e10_seed42/log/2026-08-25T220941_sthelar40x_liver_5class_slideind_foldA_lora_adaptformer_r8_a8_red16_heads_e10_seed42/inference_results.json,"Rows=true, columns=predicted; exact matched patch intersection"
paired_confusion,Liver,A,Tissue-specific Selected PEFT,42,matched_test,,Epithelial,Stromal,79410,,,,18780,1647,9166,9166,run/sthelar40x_liver_5class_slideind_foldA_lora_adaptformer_r8_a8_red16_heads_e10_seed42/log/2026-08-25T220941_sthelar40x_liver_5class_slideind_foldA_lora_adaptformer_r8_a8_red16_heads_e10_seed42/inference_results.json,"Rows=true, columns=predicted; exact matched patch intersection"
paired_confusion,Liver,A,Tissue-specific Selected PEFT,42,matched_test,,Epithelial,Epithelial,62916,,,,18780,1647,9166,9166,run/sthelar40x_liver_5class_slideind_foldA_lora_adaptformer_r8_a8_red16_heads_e10_seed42/log/2026-08-25T220941_sthelar40x_liver_5class_slideind_foldA_lora_adaptformer_r8_a8_red16_heads_e10_seed42/inference_results.json,"Rows=true, columns=predicted; exact matched patch intersection"
paired_confusion,Liver,A,Tissue-specific Selected PEFT,42,matched_test,,Epithelial,Melanocyte,0,,,,18780,1647,9166,9166,run/sthelar40x_liver_5class_slideind_foldA_lora_adaptformer_r8_a8_red16_heads_e10_seed42/log/2026-08-25T220941_sthelar40x_liver_5class_slideind_foldA_lora_adaptformer_r8_a8_red16_heads_e10_seed42/inference_results.json,"Rows=true, columns=predicted; exact matched patch intersection"
paired_confusion,Liver,A,Tissue-specific Selected PEFT,42,matched_test,,Epithelial,Other,3,,,,18780,1647,9166,9166,run/sthelar40x_liver_5class_slideind_foldA_lora_adaptformer_r8_a8_red16_heads_e10_seed42/log/2026-08-25T220941_sthelar40x_liver_5class_slideind_foldA_lora_adaptformer_r8_a8_red16_heads_e10_seed42/inference_results.json,"Rows=true, columns=predicted; exact matched patch intersection"
paired_confusion,Liver,A,Tissue-specific Selected PEFT,42,matched_test,,Melanocyte,Background,0,,,,18780,1647,9166,9166,run/sthelar40x_liver_5class_slideind_foldA_lora_adaptformer_r8_a8_red16_heads_e10_seed42/log/2026-08-25T220941_sthelar40x_liver_5class_slideind_foldA_lora_adaptformer_r8_a8_red16_heads_e10_seed42/inference_results.json,"Rows=true, columns=predicted; exact matched patch intersection"
paired_confusion,Liver,A,Tissue-specific Selected PEFT,42,matched_test,,Melanocyte,Immune,0,,,,18780,1647,9166,9166,run/sthelar40x_liver_5class_slideind_foldA_lora_adaptformer_r8_a8_red16_heads_e10_seed42/log/2026-08-25T220941_sthelar40x_liver_5class_slideind_foldA_lora_adaptformer_r8_a8_red16_heads_e10_seed42/inference_results.json,"Rows=true, columns=predicted; exact matched patch intersection"
paired_confusion,Liver,A,Tissue-specific Selected PEFT,42,matched_test,,Melanocyte,Stromal,0,,,,18780,1647,9166,9166,run/sthelar40x_liver_5class_slideind_foldA_lora_adaptformer_r8_a8_red16_heads_e10_seed42/log/2026-08-25T220941_sthelar40x_liver_5class_slideind_foldA_lora_adaptformer_r8_a8_red16_heads_e10_seed42/inference_results.json,"Rows=true, columns=predicted; exact matched patch intersection"
paired_confusion,Liver,A,Tissue-specific Selected PEFT,42,matched_test,,Melanocyte,Epithelial,0,,,,18780,1647,9166,9166,run/sthelar40x_liver_5class_slideind_foldA_lora_adaptformer_r8_a8_red16_heads_e10_seed42/log/2026-08-25T220941_sthelar40x_liver_5class_slideind_foldA_lora_adaptformer_r8_a8_red16_heads_e10_seed42/inference_results.json,"Rows=true, columns=predicted; exact matched patch intersection"
paired_confusion,Liver,A,Tissue-specific Selected PEFT,42,matched_test,,Melanocyte,Melanocyte,0,,,,18780,1647,9166,9166,run/sthelar40x_liver_5class_slideind_foldA_lora_adaptformer_r8_a8_red16_heads_e10_seed42/log/2026-08-25T220941_sthelar40x_liver_5class_slideind_foldA_lora_adaptformer_r8_a8_red16_heads_e10_seed42/inference_results.json,"Rows=true, columns=predicted; exact matched patch intersection"
paired_confusion,Liver,A,Tissue-specific Selected PEFT,42,matched_test,,Melanocyte,Other,0,,,,18780,1647,9166,9166,run/sthelar40x_liver_5class_slideind_foldA_lora_adaptformer_r8_a8_red16_heads_e10_seed42/log/2026-08-25T220941_sthelar40x_liver_5class_slideind_foldA_lora_adaptformer_r8_a8_red16_heads_e10_seed42/inference_results.json,"Rows=true, columns=predicted; exact matched patch intersection"
paired_confusion,Liver,A,Tissue-specific Selected PEFT,42,matched_test,,Other,Background,1,,,,18780,1647,9166,9166,run/sthelar40x_liver_5class_slideind_foldA_lora_adaptformer_r8_a8_red16_heads_e10_seed42/log/2026-08-25T220941_sthelar40x_liver_5class_slideind_foldA_lora_adaptformer_r8_a8_red16_heads_e10_seed42/inference_results.json,"Rows=true, columns=predicted; exact matched patch intersection"
paired_confusion,Liver,A,Tissue-specific Selected PEFT,42,matched_test,,Other,Immune,0,,,,18780,1647,9166,9166,run/sthelar40x_liver_5class_slideind_foldA_lora_adaptformer_r8_a8_red16_heads_e10_seed42/log/2026-08-25T220941_sthelar40x_liver_5class_slideind_foldA_lora_adaptformer_r8_a8_red16_heads_e10_seed42/inference_results.json,"Rows=true, columns=predicted; exact matched patch intersection"
paired_confusion,Liver,A,Tissue-specific Selected PEFT,42,matched_test,,Other,Stromal,394,,,,18780,1647,9166,9166,run/sthelar40x_liver_5class_slideind_foldA_lora_adaptformer_r8_a8_red16_heads_e10_seed42/log/2026-08-25T220941_sthelar40x_liver_5class_slideind_foldA_lora_adaptformer_r8_a8_red16_heads_e10_seed42/inference_results.json,"Rows=true, columns=predicted; exact matched patch intersection"
paired_confusion,Liver,A,Tissue-specific Selected PEFT,42,matched_test,,Other,Epithelial,25,,,,18780,1647,9166,9166,run/sthelar40x_liver_5class_slideind_foldA_lora_adaptformer_r8_a8_red16_heads_e10_seed42/log/2026-08-25T220941_sthelar40x_liver_5class_slideind_foldA_lora_adaptformer_r8_a8_red16_heads_e10_seed42/inference_results.json,"Rows=true, columns=predicted; exact matched patch intersection"
paired_confusion,Liver,A,Tissue-specific Selected PEFT,42,matched_test,,Other,Melanocyte,0,,,,18780,1647,9166,9166,run/sthelar40x_liver_5class_slideind_foldA_lora_adaptformer_r8_a8_red16_heads_e10_seed42/log/2026-08-25T220941_sthelar40x_liver_5class_slideind_foldA_lora_adaptformer_r8_a8_red16_heads_e10_seed42/inference_results.json,"Rows=true, columns=predicted; exact matched patch intersection"
paired_confusion,Liver,A,Tissue-specific Selected PEFT,42,matched_test,,Other,Other,0,,,,18780,1647,9166,9166,run/sthelar40x_liver_5class_slideind_foldA_lora_adaptformer_r8_a8_red16_heads_e10_seed42/log/2026-08-25T220941_sthelar40x_liver_5class_slideind_foldA_lora_adaptformer_r8_a8_red16_heads_e10_seed42/inference_results.json,"Rows=true, columns=predicted; exact matched patch intersection"
distribution_shift_summary,Liver,A,Tissue-specific Selected PEFT,42,train_to_matched_test,,,,,,total_variation,0.0285357218439,18780,1647,9166,9166,run/sthelar40x_liver_5class_slideind_foldA_lora_adaptformer_r8_a8_red16_heads_e10_seed42/log/2026-08-25T220941_sthelar40x_liver_5class_slideind_foldA_lora_adaptformer_r8_a8_red16_heads_e10_seed42/inference_results.json,
distribution_shift_summary,Liver,A,Tissue-specific Selected PEFT,42,train_to_matched_test,,,,,,jensen_shannon_bits,0.00240899005413,18780,1647,9166,9166,run/sthelar40x_liver_5class_slideind_foldA_lora_adaptformer_r8_a8_red16_heads_e10_seed42/log/2026-08-25T220941_sthelar40x_liver_5class_slideind_foldA_lora_adaptformer_r8_a8_red16_heads_e10_seed42/inference_results.json,
distribution_shift_class,Liver,A,Tissue-specific Selected PEFT,42,train_to_matched_test,,Immune,,,,frequency_delta_test_minus_train,-0.0124901285988,18780,1647,9166,9166,run/sthelar40x_liver_5class_slideind_foldA_lora_adaptformer_r8_a8_red16_heads_e10_seed42/log/2026-08-25T220941_sthelar40x_liver_5class_slideind_foldA_lora_adaptformer_r8_a8_red16_heads_e10_seed42/inference_results.json,
distribution_shift_class,Liver,A,Tissue-specific Selected PEFT,42,train_to_matched_test,,Immune,,,,train_to_test_frequency_ratio,1.05964179496,18780,1647,9166,9166,run/sthelar40x_liver_5class_slideind_foldA_lora_adaptformer_r8_a8_red16_heads_e10_seed42/log/2026-08-25T220941_sthelar40x_liver_5class_slideind_foldA_lora_adaptformer_r8_a8_red16_heads_e10_seed42/inference_results.json,
distribution_shift_class,Liver,A,Tissue-specific Selected PEFT,42,train_to_matched_test,,Stromal,,,,frequency_delta_test_minus_train,0.0285357218439,18780,1647,9166,9166,run/sthelar40x_liver_5class_slideind_foldA_lora_adaptformer_r8_a8_red16_heads_e10_seed42/log/2026-08-25T220941_sthelar40x_liver_5class_slideind_foldA_lora_adaptformer_r8_a8_red16_heads_e10_seed42/inference_results.json,
distribution_shift_class,Liver,A,Tissue-specific Selected PEFT,42,train_to_matched_test,,Stromal,,,,train_to_test_frequency_ratio,0.875897431506,18780,1647,9166,9166,run/sthelar40x_liver_5class_slideind_foldA_lora_adaptformer_r8_a8_red16_heads_e10_seed42/log/2026-08-25T220941_sthelar40x_liver_5class_slideind_foldA_lora_adaptformer_r8_a8_red16_heads_e10_seed42/inference_results.json,
distribution_shift_class,Liver,A,Tissue-specific Selected PEFT,42,train_to_matched_test,,Epithelial,,,,frequency_delta_test_minus_train,-0.00816958756671,18780,1647,9166,9166,run/sthelar40x_liver_5class_slideind_foldA_lora_adaptformer_r8_a8_red16_heads_e10_seed42/log/2026-08-25T220941_sthelar40x_liver_5class_slideind_foldA_lora_adaptformer_r8_a8_red16_heads_e10_seed42/inference_results.json,
distribution_shift_class,Liver,A,Tissue-specific Selected PEFT,42,train_to_matched_test,,Epithelial,,,,train_to_test_frequency_ratio,1.01466419996,18780,1647,9166,9166,run/sthelar40x_liver_5class_slideind_foldA_lora_adaptformer_r8_a8_red16_heads_e10_seed42/log/2026-08-25T220941_sthelar40x_liver_5class_slideind_foldA_lora_adaptformer_r8_a8_red16_heads_e10_seed42/inference_results.json,
distribution_shift_class,Liver,A,Tissue-specific Selected PEFT,42,train_to_matched_test,,Melanocyte,,,,frequency_delta_test_minus_train,0,18780,1647,9166,9166,run/sthelar40x_liver_5class_slideind_foldA_lora_adaptformer_r8_a8_red16_heads_e10_seed42/log/2026-08-25T220941_sthelar40x_liver_5class_slideind_foldA_lora_adaptformer_r8_a8_red16_heads_e10_seed42/inference_results.json,
distribution_shift_class,Liver,A,Tissue-specific Selected PEFT,42,train_to_matched_test,,Melanocyte,,,,train_to_test_frequency_ratio,nan,18780,1647,9166,9166,run/sthelar40x_liver_5class_slideind_foldA_lora_adaptformer_r8_a8_red16_heads_e10_seed42/log/2026-08-25T220941_sthelar40x_liver_5class_slideind_foldA_lora_adaptformer_r8_a8_red16_heads_e10_seed42/inference_results.json,
distribution_shift_class,Liver,A,Tissue-specific Selected PEFT,42,train_to_matched_test,,Other,,,,frequency_delta_test_minus_train,-0.00787600567837,18780,1647,9166,9166,run/sthelar40x_liver_5class_slideind_foldA_lora_adaptformer_r8_a8_red16_heads_e10_seed42/log/2026-08-25T220941_sthelar40x_liver_5class_slideind_foldA_lora_adaptformer_r8_a8_red16_heads_e10_seed42/inference_results.json,
distribution_shift_class,Liver,A,Tissue-specific Selected PEFT,42,train_to_matched_test,,Other,,,,train_to_test_frequency_ratio,3.2290693496,18780,1647,9166,9166,run/sthelar40x_liver_5class_slideind_foldA_lora_adaptformer_r8_a8_red16_heads_e10_seed42/log/2026-08-25T220941_sthelar40x_liver_5class_slideind_foldA_lora_adaptformer_r8_a8_red16_heads_e10_seed42/inference_results.json,
training_curve,Liver,A,Tissue-specific Selected PEFT,42,train,1,,,,,train_loss,6.7392,18780,1647,9166,9166,run/sthelar40x_liver_5class_slideind_foldA_lora_adaptformer_r8_a8_red16_heads_e10_seed42/log/2026-08-25T220941_sthelar40x_liver_5class_slideind_foldA_lora_adaptformer_r8_a8_red16_heads_e10_seed42/logs.log,Validation curve is descriptive only and is never used as canonical TEST evidence
training_curve,Liver,A,Tissue-specific Selected PEFT,42,train,1,,,,,train_Dice,0.7991,18780,1647,9166,9166,run/sthelar40x_liver_5class_slideind_foldA_lora_adaptformer_r8_a8_red16_heads_e10_seed42/log/2026-08-25T220941_sthelar40x_liver_5class_slideind_foldA_lora_adaptformer_r8_a8_red16_heads_e10_seed42/logs.log,Validation curve is descriptive only and is never used as canonical TEST evidence
training_curve,Liver,A,Tissue-specific Selected PEFT,42,train,1,,,,,train_Jaccard,0.6831,18780,1647,9166,9166,run/sthelar40x_liver_5class_slideind_foldA_lora_adaptformer_r8_a8_red16_heads_e10_seed42/log/2026-08-25T220941_sthelar40x_liver_5class_slideind_foldA_lora_adaptformer_r8_a8_red16_heads_e10_seed42/logs.log,Validation curve is descriptive only and is never used as canonical TEST evidence
training_curve,Liver,A,Tissue-specific Selected PEFT,42,validation,1,,,,,val_loss,5.3936,18780,1647,9166,9166,run/sthelar40x_liver_5class_slideind_foldA_lora_adaptformer_r8_a8_red16_heads_e10_seed42/log/2026-08-25T220941_sthelar40x_liver_5class_slideind_foldA_lora_adaptformer_r8_a8_red16_heads_e10_seed42/logs.log,Validation curve is descriptive only and is never used as canonical TEST evidence
training_curve,Liver,A,Tissue-specific Selected PEFT,42,validation,1,,,,,val_Dice,0.8,18780,1647,9166,9166,run/sthelar40x_liver_5class_slideind_foldA_lora_adaptformer_r8_a8_red16_heads_e10_seed42/log/2026-08-25T220941_sthelar40x_liver_5class_slideind_foldA_lora_adaptformer_r8_a8_red16_heads_e10_seed42/logs.log,Validation curve is descriptive only and is never used as canonical TEST evidence
training_curve,Liver,A,Tissue-specific Selected PEFT,42,validation,1,,,,,val_Jaccard,0.6942,18780,1647,9166,9166,run/sthelar40x_liver_5class_slideind_foldA_lora_adaptformer_r8_a8_red16_heads_e10_seed42/log/2026-08-25T220941_sthelar40x_liver_5class_slideind_foldA_lora_adaptformer_r8_a8_red16_heads_e10_seed42/logs.log,Validation curve is descriptive only and is never used as canonical TEST evidence
training_curve,Liver,A,Tissue-specific Selected PEFT,42,validation,1,,,,,val_bPQ,0.5843,18780,1647,9166,9166,run/sthelar40x_liver_5class_slideind_foldA_lora_adaptformer_r8_a8_red16_heads_e10_seed42/log/2026-08-25T220941_sthelar40x_liver_5class_slideind_foldA_lora_adaptformer_r8_a8_red16_heads_e10_seed42/logs.log,Validation curve is descriptive only and is never used as canonical TEST evidence
training_curve,Liver,A,Tissue-specific Selected PEFT,42,validation,1,,,,,val_mPQ,0.2944,18780,1647,9166,9166,run/sthelar40x_liver_5class_slideind_foldA_lora_adaptformer_r8_a8_red16_heads_e10_seed42/log/2026-08-25T220941_sthelar40x_liver_5class_slideind_foldA_lora_adaptformer_r8_a8_red16_heads_e10_seed42/logs.log,Validation curve is descriptive only and is never used as canonical TEST evidence
training_curve,Liver,A,Tissue-specific Selected PEFT,42,train,2,,,,,train_loss,5.001,18780,1647,9166,9166,run/sthelar40x_liver_5class_slideind_foldA_lora_adaptformer_r8_a8_red16_heads_e10_seed42/log/2026-08-25T220941_sthelar40x_liver_5class_slideind_foldA_lora_adaptformer_r8_a8_red16_heads_e10_seed42/logs.log,Validation curve is descriptive only and is never used as canonical TEST evidence
training_curve,Liver,A,Tissue-specific Selected PEFT,42,train,2,,,,,train_Dice,0.8229,18780,1647,9166,9166,run/sthelar40x_liver_5class_slideind_foldA_lora_adaptformer_r8_a8_red16_heads_e10_seed42/log/2026-08-25T220941_sthelar40x_liver_5class_slideind_foldA_lora_adaptformer_r8_a8_red16_heads_e10_seed42/logs.log,Validation curve is descriptive only and is never used as canonical TEST evidence
training_curve,Liver,A,Tissue-specific Selected PEFT,42,train,2,,,,,train_Jaccard,0.7178,18780,1647,9166,9166,run/sthelar40x_liver_5class_slideind_foldA_lora_adaptformer_r8_a8_red16_heads_e10_seed42/log/2026-08-25T220941_sthelar40x_liver_5class_slideind_foldA_lora_adaptformer_r8_a8_red16_heads_e10_seed42/logs.log,Validation curve is descriptive only and is never used as canonical TEST evidence
training_curve,Liver,A,Tissue-specific Selected PEFT,42,validation,2,,,,,val_loss,4.8004,18780,1647,9166,9166,run/sthelar40x_liver_5class_slideind_foldA_lora_adaptformer_r8_a8_red16_heads_e10_seed42/log/2026-08-25T220941_sthelar40x_liver_5class_slideind_foldA_lora_adaptformer_r8_a8_red16_heads_e10_seed42/logs.log,Validation curve is descriptive only and is never used as canonical TEST evidence
training_curve,Liver,A,Tissue-specific Selected PEFT,42,validation,2,,,,,val_Dice,0.8167,18780,1647,9166,9166,run/sthelar40x_liver_5class_slideind_foldA_lora_adaptformer_r8_a8_red16_heads_e10_seed42/log/2026-08-25T220941_sthelar40x_liver_5class_slideind_foldA_lora_adaptformer_r8_a8_red16_heads_e10_seed42/logs.log,Validation curve is descriptive only and is never used as canonical TEST evidence
training_curve,Liver,A,Tissue-specific Selected PEFT,42,validation,2,,,,,val_Jaccard,0.7169,18780,1647,9166,9166,run/sthelar40x_liver_5class_slideind_foldA_lora_adaptformer_r8_a8_red16_heads_e10_seed42/log/2026-08-25T220941_sthelar40x_liver_5class_slideind_foldA_lora_adaptformer_r8_a8_red16_heads_e10_seed42/logs.log,Validation curve is descriptive only and is never used as canonical TEST evidence
training_curve,Liver,A,Tissue-specific Selected PEFT,42,validation,2,,,,,val_bPQ,0.6094,18780,1647,9166,9166,run/sthelar40x_liver_5class_slideind_foldA_lora_adaptformer_r8_a8_red16_heads_e10_seed42/log/2026-08-25T220941_sthelar40x_liver_5class_slideind_foldA_lora_adaptformer_r8_a8_red16_heads_e10_seed42/logs.log,Validation curve is descriptive only and is never used as canonical TEST evidence
training_curve,Liver,A,Tissue-specific Selected PEFT,42,validation,2,,,,,val_mPQ,0.375,18780,1647,9166,9166,run/sthelar40x_liver_5class_slideind_foldA_lora_adaptformer_r8_a8_red16_heads_e10_seed42/log/2026-08-25T220941_sthelar40x_liver_5class_slideind_foldA_lora_adaptformer_r8_a8_red16_heads_e10_seed42/logs.log,Validation curve is descriptive only and is never used as canonical TEST evidence
training_curve,Liver,A,Tissue-specific Selected PEFT,42,train,3,,,,,train_loss,4.6921,18780,1647,9166,9166,run/sthelar40x_liver_5class_slideind_foldA_lora_adaptformer_r8_a8_red16_heads_e10_seed42/log/2026-08-25T220941_sthelar40x_liver_5class_slideind_foldA_lora_adaptformer_r8_a8_red16_heads_e10_seed42/logs.log,Validation curve is descriptive only and is never used as canonical TEST evidence
training_curve,Liver,A,Tissue-specific Selected PEFT,42,train,3,,,,,train_Dice,0.8285,18780,1647,9166,9166,run/sthelar40x_liver_5class_slideind_foldA_lora_adaptformer_r8_a8_red16_heads_e10_seed42/log/2026-08-25T220941_sthelar40x_liver_5class_slideind_foldA_lora_adaptformer_r8_a8_red16_heads_e10_seed42/logs.log,Validation curve is descriptive only and is never used as canonical TEST evidence
training_curve,Liver,A,Tissue-specific Selected PEFT,42,train,3,,,,,train_Jaccard,0.7266,18780,1647,9166,9166,run/sthelar40x_liver_5class_slideind_foldA_lora_adaptformer_r8_a8_red16_heads_e10_seed42/log/2026-08-25T220941_sthelar40x_liver_5class_slideind_foldA_lora_adaptformer_r8_a8_red16_heads_e10_seed42/logs.log,Validation curve is descriptive only and is never used as canonical TEST evidence
training_curve,Liver,A,Tissue-specific Selected PEFT,42,validation,3,,,,,val_loss,4.7606,18780,1647,9166,9166,run/sthelar40x_liver_5class_slideind_foldA_lora_adaptformer_r8_a8_red16_heads_e10_seed42/log/2026-08-25T220941_sthelar40x_liver_5class_slideind_foldA_lora_adaptformer_r8_a8_red16_heads_e10_seed42/logs.log,Validation curve is descriptive only and is never used as canonical TEST evidence
training_curve,Liver,A,Tissue-specific Selected PEFT,42,validation,3,,,,,val_Dice,0.8055,18780,1647,9166,9166,run/sthelar40x_liver_5class_slideind_foldA_lora_adaptformer_r8_a8_red16_heads_e10_seed42/log/2026-08-25T220941_sthelar40x_liver_5class_slideind_foldA_lora_adaptformer_r8_a8_red16_heads_e10_seed42/logs.log,Validation curve is descriptive only and is never used as canonical TEST evidence
training_curve,Liver,A,Tissue-specific Selected PEFT,42,validation,3,,,,,val_Jaccard,0.7026,18780,1647,9166,9166,run/sthelar40x_liver_5class_slideind_foldA_lora_adaptformer_r8_a8_red16_heads_e10_seed42/log/2026-08-25T220941_sthelar40x_liver_5class_slideind_foldA_lora_adaptformer_r8_a8_red16_heads_e10_seed42/logs.log,Validation curve is descriptive only and is never used as canonical TEST evidence
training_curve,Liver,A,Tissue-specific Selected PEFT,42,validation,3,,,,,val_bPQ,0.5948,18780,1647,9166,9166,run/sthelar40x_liver_5class_slideind_foldA_lora_adaptformer_r8_a8_red16_heads_e10_seed42/log/2026-08-25T220941_sthelar40x_liver_5class_slideind_foldA_lora_adaptformer_r8_a8_red16_heads_e10_seed42/logs.log,Validation curve is descriptive only and is never used as canonical TEST evidence
training_curve,Liver,A,Tissue-specific Selected PEFT,42,validation,3,,,,,val_mPQ,0.3824,18780,1647,9166,9166,run/sthelar40x_liver_5class_slideind_foldA_lora_adaptformer_r8_a8_red16_heads_e10_seed42/log/2026-08-25T220941_sthelar40x_liver_5class_slideind_foldA_lora_adaptformer_r8_a8_red16_heads_e10_seed42/logs.log,Validation curve is descriptive only and is never used as canonical TEST evidence
training_curve,Liver,A,Tissue-specific Selected PEFT,42,train,4,,,,,train_loss,4.4613,18780,1647,9166,9166,run/sthelar40x_liver_5class_slideind_foldA_lora_adaptformer_r8_a8_red16_heads_e10_seed42/log/2026-08-25T220941_sthelar40x_liver_5class_slideind_foldA_lora_adaptformer_r8_a8_red16_heads_e10_seed42/logs.log,Validation curve is descriptive only and is never used as canonical TEST evidence
training_curve,Liver,A,Tissue-specific Selected PEFT,42,train,4,,,,,train_Dice,0.8305,18780,1647,9166,9166,run/sthelar40x_liver_5class_slideind_foldA_lora_adaptformer_r8_a8_red16_heads_e10_seed42/log/2026-08-25T220941_sthelar40x_liver_5class_slideind_foldA_lora_adaptformer_r8_a8_red16_heads_e10_seed42/logs.log,Validation curve is descriptive only and is never used as canonical TEST evidence
training_curve,Liver,A,Tissue-specific Selected PEFT,42,train,4,,,,,train_Jaccard,0.7299,18780,1647,9166,9166,run/sthelar40x_liver_5class_slideind_foldA_lora_adaptformer_r8_a8_red16_heads_e10_seed42/log/2026-08-25T220941_sthelar40x_liver_5class_slideind_foldA_lora_adaptformer_r8_a8_red16_heads_e10_seed42/logs.log,Validation curve is descriptive only and is never used as canonical TEST evidence
training_curve,Liver,A,Tissue-specific Selected PEFT,42,validation,4,,,,,val_loss,4.2816,18780,1647,9166,9166,run/sthelar40x_liver_5class_slideind_foldA_lora_adaptformer_r8_a8_red16_heads_e10_seed42/log/2026-08-25T220941_sthelar40x_liver_5class_slideind_foldA_lora_adaptformer_r8_a8_red16_heads_e10_seed42/logs.log,Validation curve is descriptive only and is never used as canonical TEST evidence
training_curve,Liver,A,Tissue-specific Selected PEFT,42,validation,4,,,,,val_Dice,0.8144,18780,1647,9166,9166,run/sthelar40x_liver_5class_slideind_foldA_lora_adaptformer_r8_a8_red16_heads_e10_seed42/log/2026-08-25T220941_sthelar40x_liver_5class_slideind_foldA_lora_adaptformer_r8_a8_red16_heads_e10_seed42/logs.log,Validation curve is descriptive only and is never used as canonical TEST evidence
training_curve,Liver,A,Tissue-specific Selected PEFT,42,validation,4,,,,,val_Jaccard,0.7125,18780,1647,9166,9166,run/sthelar40x_liver_5class_slideind_foldA_lora_adaptformer_r8_a8_red16_heads_e10_seed42/log/2026-08-25T220941_sthelar40x_liver_5class_slideind_foldA_lora_adaptformer_r8_a8_red16_heads_e10_seed42/logs.log,Validation curve is descriptive only and is never used as canonical TEST evidence
training_curve,Liver,A,Tissue-specific Selected PEFT,42,validation,4,,,,,val_bPQ,0.6061,18780,1647,9166,9166,run/sthelar40x_liver_5class_slideind_foldA_lora_adaptformer_r8_a8_red16_heads_e10_seed42/log/2026-08-25T220941_sthelar40x_liver_5class_slideind_foldA_lora_adaptformer_r8_a8_red16_heads_e10_seed42/logs.log,Validation curve is descriptive only and is never used as canonical TEST evidence
training_curve,Liver,A,Tissue-specific Selected PEFT,42,validation,4,,,,,val_mPQ,0.3935,18780,1647,9166,9166,run/sthelar40x_liver_5class_slideind_foldA_lora_adaptformer_r8_a8_red16_heads_e10_seed42/log/2026-08-25T220941_sthelar40x_liver_5class_slideind_foldA_lora_adaptformer_r8_a8_red16_heads_e10_seed42/logs.log,Validation curve is descriptive only and is never used as canonical TEST evidence
training_curve,Liver,A,Tissue-specific Selected PEFT,42,train,5,,,,,train_loss,3.6826,18780,1647,9166,9166,run/sthelar40x_liver_5class_slideind_foldA_lora_adaptformer_r8_a8_red16_heads_e10_seed42/log/2026-08-25T220941_sthelar40x_liver_5class_slideind_foldA_lora_adaptformer_r8_a8_red16_heads_e10_seed42/logs.log,Validation curve is descriptive only and is never used as canonical TEST evidence
training_curve,Liver,A,Tissue-specific Selected PEFT,42,train,5,,,,,train_Dice,0.8325,18780,1647,9166,9166,run/sthelar40x_liver_5class_slideind_foldA_lora_adaptformer_r8_a8_red16_heads_e10_seed42/log/2026-08-25T220941_sthelar40x_liver_5class_slideind_foldA_lora_adaptformer_r8_a8_red16_heads_e10_seed42/logs.log,Validation curve is descriptive only and is never used as canonical TEST evidence
training_curve,Liver,A,Tissue-specific Selected PEFT,42,train,5,,,,,train_Jaccard,0.7327,18780,1647,9166,9166,run/sthelar40x_liver_5class_slideind_foldA_lora_adaptformer_r8_a8_red16_heads_e10_seed42/log/2026-08-25T220941_sthelar40x_liver_5class_slideind_foldA_lora_adaptformer_r8_a8_red16_heads_e10_seed42/logs.log,Validation curve is descriptive only and is never used as canonical TEST evidence
training_curve,Liver,A,Tissue-specific Selected PEFT,42,validation,5,,,,,val_loss,3.6134,18780,1647,9166,9166,run/sthelar40x_liver_5class_slideind_foldA_lora_adaptformer_r8_a8_red16_heads_e10_seed42/log/2026-08-25T220941_sthelar40x_liver_5class_slideind_foldA_lora_adaptformer_r8_a8_red16_heads_e10_seed42/logs.log,Validation curve is descriptive only and is never used as canonical TEST evidence
training_curve,Liver,A,Tissue-specific Selected PEFT,42,validation,5,,,,,val_Dice,0.8165,18780,1647,9166,9166,run/sthelar40x_liver_5class_slideind_foldA_lora_adaptformer_r8_a8_red16_heads_e10_seed42/log/2026-08-25T220941_sthelar40x_liver_5class_slideind_foldA_lora_adaptformer_r8_a8_red16_heads_e10_seed42/logs.log,Validation curve is descriptive only and is never used as canonical TEST evidence
training_curve,Liver,A,Tissue-specific Selected PEFT,42,validation,5,,,,,val_Jaccard,0.7156,18780,1647,9166,9166,run/sthelar40x_liver_5class_slideind_foldA_lora_adaptformer_r8_a8_red16_heads_e10_seed42/log/2026-08-25T220941_sthelar40x_liver_5class_slideind_foldA_lora_adaptformer_r8_a8_red16_heads_e10_seed42/logs.log,Validation curve is descriptive only and is never used as canonical TEST evidence
training_curve,Liver,A,Tissue-specific Selected PEFT,42,validation,5,,,,,val_bPQ,0.6099,18780,1647,9166,9166,run/sthelar40x_liver_5class_slideind_foldA_lora_adaptformer_r8_a8_red16_heads_e10_seed42/log/2026-08-25T220941_sthelar40x_liver_5class_slideind_foldA_lora_adaptformer_r8_a8_red16_heads_e10_seed42/logs.log,Validation curve is descriptive only and is never used as canonical TEST evidence
training_curve,Liver,A,Tissue-specific Selected PEFT,42,validation,5,,,,,val_mPQ,0.3931,18780,1647,9166,9166,run/sthelar40x_liver_5class_slideind_foldA_lora_adaptformer_r8_a8_red16_heads_e10_seed42/log/2026-08-25T220941_sthelar40x_liver_5class_slideind_foldA_lora_adaptformer_r8_a8_red16_heads_e10_seed42/logs.log,Validation curve is descriptive only and is never used as canonical TEST evidence
training_curve,Liver,A,Tissue-specific Selected PEFT,42,train,6,,,,,train_loss,3.4662,18780,1647,9166,9166,run/sthelar40x_liver_5class_slideind_foldA_lora_adaptformer_r8_a8_red16_heads_e10_seed42/log/2026-08-25T220941_sthelar40x_liver_5class_slideind_foldA_lora_adaptformer_r8_a8_red16_heads_e10_seed42/logs.log,Validation curve is descriptive only and is never used as canonical TEST evidence
training_curve,Liver,A,Tissue-specific Selected PEFT,42,train,6,,,,,train_Dice,0.8365,18780,1647,9166,9166,run/sthelar40x_liver_5class_slideind_foldA_lora_adaptformer_r8_a8_red16_heads_e10_seed42/log/2026-08-25T220941_sthelar40x_liver_5class_slideind_foldA_lora_adaptformer_r8_a8_red16_heads_e10_seed42/logs.log,Validation curve is descriptive only and is never used as canonical TEST evidence
training_curve,Liver,A,Tissue-specific Selected PEFT,42,train,6,,,,,train_Jaccard,0.7375,18780,1647,9166,9166,run/sthelar40x_liver_5class_slideind_foldA_lora_adaptformer_r8_a8_red16_heads_e10_seed42/log/2026-08-25T220941_sthelar40x_liver_5class_slideind_foldA_lora_adaptformer_r8_a8_red16_heads_e10_seed42/logs.log,Validation curve is descriptive only and is never used as canonical TEST evidence
training_curve,Liver,A,Tissue-specific Selected PEFT,42,validation,6,,,,,val_loss,3.5192,18780,1647,9166,9166,run/sthelar40x_liver_5class_slideind_foldA_lora_adaptformer_r8_a8_red16_heads_e10_seed42/log/2026-08-25T220941_sthelar40x_liver_5class_slideind_foldA_lora_adaptformer_r8_a8_red16_heads_e10_seed42/logs.log,Validation curve is descriptive only and is never used as canonical TEST evidence
training_curve,Liver,A,Tissue-specific Selected PEFT,42,validation,6,,,,,val_Dice,0.8113,18780,1647,9166,9166,run/sthelar40x_liver_5class_slideind_foldA_lora_adaptformer_r8_a8_red16_heads_e10_seed42/log/2026-08-25T220941_sthelar40x_liver_5class_slideind_foldA_lora_adaptformer_r8_a8_red16_heads_e10_seed42/logs.log,Validation curve is descriptive only and is never used as canonical TEST evidence
training_curve,Liver,A,Tissue-specific Selected PEFT,42,validation,6,,,,,val_Jaccard,0.7075,18780,1647,9166,9166,run/sthelar40x_liver_5class_slideind_foldA_lora_adaptformer_r8_a8_red16_heads_e10_seed42/log/2026-08-25T220941_sthelar40x_liver_5class_slideind_foldA_lora_adaptformer_r8_a8_red16_heads_e10_seed42/logs.log,Validation curve is descriptive only and is never used as canonical TEST evidence
training_curve,Liver,A,Tissue-specific Selected PEFT,42,validation,6,,,,,val_bPQ,0.5974,18780,1647,9166,9166,run/sthelar40x_liver_5class_slideind_foldA_lora_adaptformer_r8_a8_red16_heads_e10_seed42/log/2026-08-25T220941_sthelar40x_liver_5class_slideind_foldA_lora_adaptformer_r8_a8_red16_heads_e10_seed42/logs.log,Validation curve is descriptive only and is never used as canonical TEST evidence
training_curve,Liver,A,Tissue-specific Selected PEFT,42,validation,6,,,,,val_mPQ,0.3949,18780,1647,9166,9166,run/sthelar40x_liver_5class_slideind_foldA_lora_adaptformer_r8_a8_red16_heads_e10_seed42/log/2026-08-25T220941_sthelar40x_liver_5class_slideind_foldA_lora_adaptformer_r8_a8_red16_heads_e10_seed42/logs.log,Validation curve is descriptive only and is never used as canonical TEST evidence
training_curve,Liver,A,Tissue-specific Selected PEFT,42,train,7,,,,,train_loss,3.3947,18780,1647,9166,9166,run/sthelar40x_liver_5class_slideind_foldA_lora_adaptformer_r8_a8_red16_heads_e10_seed42/log/2026-08-25T220941_sthelar40x_liver_5class_slideind_foldA_lora_adaptformer_r8_a8_red16_heads_e10_seed42/logs.log,Validation curve is descriptive only and is never used as canonical TEST evidence
training_curve,Liver,A,Tissue-specific Selected PEFT,42,train,7,,,,,train_Dice,0.837,18780,1647,9166,9166,run/sthelar40x_liver_5class_slideind_foldA_lora_adaptformer_r8_a8_red16_heads_e10_seed42/log/2026-08-25T220941_sthelar40x_liver_5class_slideind_foldA_lora_adaptformer_r8_a8_red16_heads_e10_seed42/logs.log,Validation curve is descriptive only and is never used as canonical TEST evidence
training_curve,Liver,A,Tissue-specific Selected PEFT,42,train,7,,,,,train_Jaccard,0.739,18780,1647,9166,9166,run/sthelar40x_liver_5class_slideind_foldA_lora_adaptformer_r8_a8_red16_heads_e10_seed42/log/2026-08-25T220941_sthelar40x_liver_5class_slideind_foldA_lora_adaptformer_r8_a8_red16_heads_e10_seed42/logs.log,Validation curve is descriptive only and is never used as canonical TEST evidence
training_curve,Liver,A,Tissue-specific Selected PEFT,42,validation,7,,,,,val_loss,3.4305,18780,1647,9166,9166,run/sthelar40x_liver_5class_slideind_foldA_lora_adaptformer_r8_a8_red16_heads_e10_seed42/log/2026-08-25T220941_sthelar40x_liver_5class_slideind_foldA_lora_adaptformer_r8_a8_red16_heads_e10_seed42/logs.log,Validation curve is descriptive only and is never used as canonical TEST evidence
training_curve,Liver,A,Tissue-specific Selected PEFT,42,validation,7,,,,,val_Dice,0.8091,18780,1647,9166,9166,run/sthelar40x_liver_5class_slideind_foldA_lora_adaptformer_r8_a8_red16_heads_e10_seed42/log/2026-08-25T220941_sthelar40x_liver_5class_slideind_foldA_lora_adaptformer_r8_a8_red16_heads_e10_seed42/logs.log,Validation curve is descriptive only and is never used as canonical TEST evidence
training_curve,Liver,A,Tissue-specific Selected PEFT,42,validation,7,,,,,val_Jaccard,0.7044,18780,1647,9166,9166,run/sthelar40x_liver_5class_slideind_foldA_lora_adaptformer_r8_a8_red16_heads_e10_seed42/log/2026-08-25T220941_sthelar40x_liver_5class_slideind_foldA_lora_adaptformer_r8_a8_red16_heads_e10_seed42/logs.log,Validation curve is descriptive only and is never used as canonical TEST evidence
training_curve,Liver,A,Tissue-specific Selected PEFT,42,validation,7,,,,,val_bPQ,0.5942,18780,1647,9166,9166,run/sthelar40x_liver_5class_slideind_foldA_lora_adaptformer_r8_a8_red16_heads_e10_seed42/log/2026-08-25T220941_sthelar40x_liver_5class_slideind_foldA_lora_adaptformer_r8_a8_red16_heads_e10_seed42/logs.log,Validation curve is descriptive only and is never used as canonical TEST evidence
training_curve,Liver,A,Tissue-specific Selected PEFT,42,validation,7,,,,,val_mPQ,0.393,18780,1647,9166,9166,run/sthelar40x_liver_5class_slideind_foldA_lora_adaptformer_r8_a8_red16_heads_e10_seed42/log/2026-08-25T220941_sthelar40x_liver_5class_slideind_foldA_lora_adaptformer_r8_a8_red16_heads_e10_seed42/logs.log,Validation curve is descriptive only and is never used as canonical TEST evidence
training_curve,Liver,A,Tissue-specific Selected PEFT,42,train,8,,,,,train_loss,3.3554,18780,1647,9166,9166,run/sthelar40x_liver_5class_slideind_foldA_lora_adaptformer_r8_a8_red16_heads_e10_seed42/log/2026-08-25T220941_sthelar40x_liver_5class_slideind_foldA_lora_adaptformer_r8_a8_red16_heads_e10_seed42/logs.log,Validation curve is descriptive only and is never used as canonical TEST evidence
training_curve,Liver,A,Tissue-specific Selected PEFT,42,train,8,,,,,train_Dice,0.8381,18780,1647,9166,9166,run/sthelar40x_liver_5class_slideind_foldA_lora_adaptformer_r8_a8_red16_heads_e10_seed42/log/2026-08-25T220941_sthelar40x_liver_5class_slideind_foldA_lora_adaptformer_r8_a8_red16_heads_e10_seed42/logs.log,Validation curve is descriptive only and is never used as canonical TEST evidence
training_curve,Liver,A,Tissue-specific Selected PEFT,42,train,8,,,,,train_Jaccard,0.7406,18780,1647,9166,9166,run/sthelar40x_liver_5class_slideind_foldA_lora_adaptformer_r8_a8_red16_heads_e10_seed42/log/2026-08-25T220941_sthelar40x_liver_5class_slideind_foldA_lora_adaptformer_r8_a8_red16_heads_e10_seed42/logs.log,Validation curve is descriptive only and is never used as canonical TEST evidence
training_curve,Liver,A,Tissue-specific Selected PEFT,42,validation,8,,,,,val_loss,3.3316,18780,1647,9166,9166,run/sthelar40x_liver_5class_slideind_foldA_lora_adaptformer_r8_a8_red16_heads_e10_seed42/log/2026-08-25T220941_sthelar40x_liver_5class_slideind_foldA_lora_adaptformer_r8_a8_red16_heads_e10_seed42/logs.log,Validation curve is descriptive only and is never used as canonical TEST evidence
training_curve,Liver,A,Tissue-specific Selected PEFT,42,validation,8,,,,,val_Dice,0.8127,18780,1647,9166,9166,run/sthelar40x_liver_5class_slideind_foldA_lora_adaptformer_r8_a8_red16_heads_e10_seed42/log/2026-08-25T220941_sthelar40x_liver_5class_slideind_foldA_lora_adaptformer_r8_a8_red16_heads_e10_seed42/logs.log,Validation curve is descriptive only and is never used as canonical TEST evidence
training_curve,Liver,A,Tissue-specific Selected PEFT,42,validation,8,,,,,val_Jaccard,0.7101,18780,1647,9166,9166,run/sthelar40x_liver_5class_slideind_foldA_lora_adaptformer_r8_a8_red16_heads_e10_seed42/log/2026-08-25T220941_sthelar40x_liver_5class_slideind_foldA_lora_adaptformer_r8_a8_red16_heads_e10_seed42/logs.log,Validation curve is descriptive only and is never used as canonical TEST evidence
training_curve,Liver,A,Tissue-specific Selected PEFT,42,validation,8,,,,,val_bPQ,0.6034,18780,1647,9166,9166,run/sthelar40x_liver_5class_slideind_foldA_lora_adaptformer_r8_a8_red16_heads_e10_seed42/log/2026-08-25T220941_sthelar40x_liver_5class_slideind_foldA_lora_adaptformer_r8_a8_red16_heads_e10_seed42/logs.log,Validation curve is descriptive only and is never used as canonical TEST evidence
training_curve,Liver,A,Tissue-specific Selected PEFT,42,validation,8,,,,,val_mPQ,0.4041,18780,1647,9166,9166,run/sthelar40x_liver_5class_slideind_foldA_lora_adaptformer_r8_a8_red16_heads_e10_seed42/log/2026-08-25T220941_sthelar40x_liver_5class_slideind_foldA_lora_adaptformer_r8_a8_red16_heads_e10_seed42/logs.log,Validation curve is descriptive only and is never used as canonical TEST evidence
training_curve,Liver,A,Tissue-specific Selected PEFT,42,train,9,,,,,train_loss,3.3096,18780,1647,9166,9166,run/sthelar40x_liver_5class_slideind_foldA_lora_adaptformer_r8_a8_red16_heads_e10_seed42/log/2026-08-25T220941_sthelar40x_liver_5class_slideind_foldA_lora_adaptformer_r8_a8_red16_heads_e10_seed42/logs.log,Validation curve is descriptive only and is never used as canonical TEST evidence
training_curve,Liver,A,Tissue-specific Selected PEFT,42,train,9,,,,,train_Dice,0.841,18780,1647,9166,9166,run/sthelar40x_liver_5class_slideind_foldA_lora_adaptformer_r8_a8_red16_heads_e10_seed42/log/2026-08-25T220941_sthelar40x_liver_5class_slideind_foldA_lora_adaptformer_r8_a8_red16_heads_e10_seed42/logs.log,Validation curve is descriptive only and is never used as canonical TEST evidence
training_curve,Liver,A,Tissue-specific Selected PEFT,42,train,9,,,,,train_Jaccard,0.7442,18780,1647,9166,9166,run/sthelar40x_liver_5class_slideind_foldA_lora_adaptformer_r8_a8_red16_heads_e10_seed42/log/2026-08-25T220941_sthelar40x_liver_5class_slideind_foldA_lora_adaptformer_r8_a8_red16_heads_e10_seed42/logs.log,Validation curve is descriptive only and is never used as canonical TEST evidence
training_curve,Liver,A,Tissue-specific Selected PEFT,42,validation,9,,,,,val_loss,3.2976,18780,1647,9166,9166,run/sthelar40x_liver_5class_slideind_foldA_lora_adaptformer_r8_a8_red16_heads_e10_seed42/log/2026-08-25T220941_sthelar40x_liver_5class_slideind_foldA_lora_adaptformer_r8_a8_red16_heads_e10_seed42/logs.log,Validation curve is descriptive only and is never used as canonical TEST evidence
training_curve,Liver,A,Tissue-specific Selected PEFT,42,validation,9,,,,,val_Dice,0.8264,18780,1647,9166,9166,run/sthelar40x_liver_5class_slideind_foldA_lora_adaptformer_r8_a8_red16_heads_e10_seed42/log/2026-08-25T220941_sthelar40x_liver_5class_slideind_foldA_lora_adaptformer_r8_a8_red16_heads_e10_seed42/logs.log,Validation curve is descriptive only and is never used as canonical TEST evidence
training_curve,Liver,A,Tissue-specific Selected PEFT,42,validation,9,,,,,val_Jaccard,0.7293,18780,1647,9166,9166,run/sthelar40x_liver_5class_slideind_foldA_lora_adaptformer_r8_a8_red16_heads_e10_seed42/log/2026-08-25T220941_sthelar40x_liver_5class_slideind_foldA_lora_adaptformer_r8_a8_red16_heads_e10_seed42/logs.log,Validation curve is descriptive only and is never used as canonical TEST evidence
training_curve,Liver,A,Tissue-specific Selected PEFT,42,validation,9,,,,,val_bPQ,0.6235,18780,1647,9166,9166,run/sthelar40x_liver_5class_slideind_foldA_lora_adaptformer_r8_a8_red16_heads_e10_seed42/log/2026-08-25T220941_sthelar40x_liver_5class_slideind_foldA_lora_adaptformer_r8_a8_red16_heads_e10_seed42/logs.log,Validation curve is descriptive only and is never used as canonical TEST evidence
training_curve,Liver,A,Tissue-specific Selected PEFT,42,validation,9,,,,,val_mPQ,0.4208,18780,1647,9166,9166,run/sthelar40x_liver_5class_slideind_foldA_lora_adaptformer_r8_a8_red16_heads_e10_seed42/log/2026-08-25T220941_sthelar40x_liver_5class_slideind_foldA_lora_adaptformer_r8_a8_red16_heads_e10_seed42/logs.log,Validation curve is descriptive only and is never used as canonical TEST evidence
training_curve,Liver,A,Tissue-specific Selected PEFT,42,train,10,,,,,train_loss,3.2723,18780,1647,9166,9166,run/sthelar40x_liver_5class_slideind_foldA_lora_adaptformer_r8_a8_red16_heads_e10_seed42/log/2026-08-25T220941_sthelar40x_liver_5class_slideind_foldA_lora_adaptformer_r8_a8_red16_heads_e10_seed42/logs.log,Validation curve is descriptive only and is never used as canonical TEST evidence
training_curve,Liver,A,Tissue-specific Selected PEFT,42,train,10,,,,,train_Dice,0.8417,18780,1647,9166,9166,run/sthelar40x_liver_5class_slideind_foldA_lora_adaptformer_r8_a8_red16_heads_e10_seed42/log/2026-08-25T220941_sthelar40x_liver_5class_slideind_foldA_lora_adaptformer_r8_a8_red16_heads_e10_seed42/logs.log,Validation curve is descriptive only and is never used as canonical TEST evidence
training_curve,Liver,A,Tissue-specific Selected PEFT,42,train,10,,,,,train_Jaccard,0.745,18780,1647,9166,9166,run/sthelar40x_liver_5class_slideind_foldA_lora_adaptformer_r8_a8_red16_heads_e10_seed42/log/2026-08-25T220941_sthelar40x_liver_5class_slideind_foldA_lora_adaptformer_r8_a8_red16_heads_e10_seed42/logs.log,Validation curve is descriptive only and is never used as canonical TEST evidence
training_curve,Liver,A,Tissue-specific Selected PEFT,42,validation,10,,,,,val_loss,3.2405,18780,1647,9166,9166,run/sthelar40x_liver_5class_slideind_foldA_lora_adaptformer_r8_a8_red16_heads_e10_seed42/log/2026-08-25T220941_sthelar40x_liver_5class_slideind_foldA_lora_adaptformer_r8_a8_red16_heads_e10_seed42/logs.log,Validation curve is descriptive only and is never used as canonical TEST evidence
training_curve,Liver,A,Tissue-specific Selected PEFT,42,validation,10,,,,,val_Dice,0.8211,18780,1647,9166,9166,run/sthelar40x_liver_5class_slideind_foldA_lora_adaptformer_r8_a8_red16_heads_e10_seed42/log/2026-08-25T220941_sthelar40x_liver_5class_slideind_foldA_lora_adaptformer_r8_a8_red16_heads_e10_seed42/logs.log,Validation curve is descriptive only and is never used as canonical TEST evidence
training_curve,Liver,A,Tissue-specific Selected PEFT,42,validation,10,,,,,val_Jaccard,0.72,18780,1647,9166,9166,run/sthelar40x_liver_5class_slideind_foldA_lora_adaptformer_r8_a8_red16_heads_e10_seed42/log/2026-08-25T220941_sthelar40x_liver_5class_slideind_foldA_lora_adaptformer_r8_a8_red16_heads_e10_seed42/logs.log,Validation curve is descriptive only and is never used as canonical TEST evidence
training_curve,Liver,A,Tissue-specific Selected PEFT,42,validation,10,,,,,val_bPQ,0.6127,18780,1647,9166,9166,run/sthelar40x_liver_5class_slideind_foldA_lora_adaptformer_r8_a8_red16_heads_e10_seed42/log/2026-08-25T220941_sthelar40x_liver_5class_slideind_foldA_lora_adaptformer_r8_a8_red16_heads_e10_seed42/logs.log,Validation curve is descriptive only and is never used as canonical TEST evidence
training_curve,Liver,A,Tissue-specific Selected PEFT,42,validation,10,,,,,val_mPQ,0.4176,18780,1647,9166,9166,run/sthelar40x_liver_5class_slideind_foldA_lora_adaptformer_r8_a8_red16_heads_e10_seed42/log/2026-08-25T220941_sthelar40x_liver_5class_slideind_foldA_lora_adaptformer_r8_a8_red16_heads_e10_seed42/logs.log,Validation curve is descriptive only and is never used as canonical TEST evidence
dataset_summary,Liver,B,Generalist Selected PEFT,42,,,,,,,,,20893,2601,26335,9756,run/sthelar40x_klt_5class_slideind_foldB_lora_adaptformer_r8_a8_red16_heads_e10_seed42/log/2026-08-20T112527_sthelar40x_klt_5class_slideind_foldB_lora_adaptformer_r8_a8_red16_heads_e10_seed42/inference_results.json,Test metrics and test class counts use exact generalist/specialist patch-ID intersection
class_distribution,Liver,B,Generalist Selected PEFT,42,train,,Immune,,593561,0.533174699845,,,20893,2601,26335,9756,run/sthelar40x_klt_5class_slideind_foldB_lora_adaptformer_r8_a8_red16_heads_e10_seed42/log/2026-08-20T112527_sthelar40x_klt_5class_slideind_foldB_lora_adaptformer_r8_a8_red16_heads_e10_seed42/inference_results.json,Patch-level nucleus annotation occurrences; overlapping patches may repeat a biological cell
class_distribution,Liver,B,Generalist Selected PEFT,42,train,,Stromal,,236384,0.212335325684,,,20893,2601,26335,9756,run/sthelar40x_klt_5class_slideind_foldB_lora_adaptformer_r8_a8_red16_heads_e10_seed42/log/2026-08-20T112527_sthelar40x_klt_5class_slideind_foldB_lora_adaptformer_r8_a8_red16_heads_e10_seed42/inference_results.json,Patch-level nucleus annotation occurrences; overlapping patches may repeat a biological cell
class_distribution,Liver,B,Generalist Selected PEFT,42,train,,Epithelial,,249467,0.224087318483,,,20893,2601,26335,9756,run/sthelar40x_klt_5class_slideind_foldB_lora_adaptformer_r8_a8_red16_heads_e10_seed42/log/2026-08-20T112527_sthelar40x_klt_5class_slideind_foldB_lora_adaptformer_r8_a8_red16_heads_e10_seed42/inference_results.json,Patch-level nucleus annotation occurrences; overlapping patches may repeat a biological cell
class_distribution,Liver,B,Generalist Selected PEFT,42,train,,Melanocyte,,0,0,,,20893,2601,26335,9756,run/sthelar40x_klt_5class_slideind_foldB_lora_adaptformer_r8_a8_red16_heads_e10_seed42/log/2026-08-20T112527_sthelar40x_klt_5class_slideind_foldB_lora_adaptformer_r8_a8_red16_heads_e10_seed42/inference_results.json,Patch-level nucleus annotation occurrences; overlapping patches may repeat a biological cell
class_distribution,Liver,B,Generalist Selected PEFT,42,train,,Other,,33846,0.0304026559881,,,20893,2601,26335,9756,run/sthelar40x_klt_5class_slideind_foldB_lora_adaptformer_r8_a8_red16_heads_e10_seed42/log/2026-08-20T112527_sthelar40x_klt_5class_slideind_foldB_lora_adaptformer_r8_a8_red16_heads_e10_seed42/inference_results.json,Patch-level nucleus annotation occurrences; overlapping patches may repeat a biological cell
class_distribution,Liver,B,Generalist Selected PEFT,42,validation,,Immune,,60652,0.472180053094,,,20893,2601,26335,9756,run/sthelar40x_klt_5class_slideind_foldB_lora_adaptformer_r8_a8_red16_heads_e10_seed42/log/2026-08-20T112527_sthelar40x_klt_5class_slideind_foldB_lora_adaptformer_r8_a8_red16_heads_e10_seed42/inference_results.json,Patch-level nucleus annotation occurrences; overlapping patches may repeat a biological cell
class_distribution,Liver,B,Generalist Selected PEFT,42,validation,,Stromal,,27793,0.216370444761,,,20893,2601,26335,9756,run/sthelar40x_klt_5class_slideind_foldB_lora_adaptformer_r8_a8_red16_heads_e10_seed42/log/2026-08-20T112527_sthelar40x_klt_5class_slideind_foldB_lora_adaptformer_r8_a8_red16_heads_e10_seed42/inference_results.json,Patch-level nucleus annotation occurrences; overlapping patches may repeat a biological cell
class_distribution,Liver,B,Generalist Selected PEFT,42,validation,,Epithelial,,31487,0.245128492577,,,20893,2601,26335,9756,run/sthelar40x_klt_5class_slideind_foldB_lora_adaptformer_r8_a8_red16_heads_e10_seed42/log/2026-08-20T112527_sthelar40x_klt_5class_slideind_foldB_lora_adaptformer_r8_a8_red16_heads_e10_seed42/inference_results.json,Patch-level nucleus annotation occurrences; overlapping patches may repeat a biological cell
class_distribution,Liver,B,Generalist Selected PEFT,42,validation,,Melanocyte,,0,0,,,20893,2601,26335,9756,run/sthelar40x_klt_5class_slideind_foldB_lora_adaptformer_r8_a8_red16_heads_e10_seed42/log/2026-08-20T112527_sthelar40x_klt_5class_slideind_foldB_lora_adaptformer_r8_a8_red16_heads_e10_seed42/inference_results.json,Patch-level nucleus annotation occurrences; overlapping patches may repeat a biological cell
class_distribution,Liver,B,Generalist Selected PEFT,42,validation,,Other,,8519,0.0663210095679,,,20893,2601,26335,9756,run/sthelar40x_klt_5class_slideind_foldB_lora_adaptformer_r8_a8_red16_heads_e10_seed42/log/2026-08-20T112527_sthelar40x_klt_5class_slideind_foldB_lora_adaptformer_r8_a8_red16_heads_e10_seed42/inference_results.json,Patch-level nucleus annotation occurrences; overlapping patches may repeat a biological cell
class_distribution,Liver,B,Generalist Selected PEFT,42,matched_test,,Immune,,51384,0.2205605872,,,20893,2601,26335,9756,run/sthelar40x_klt_5class_slideind_foldB_lora_adaptformer_r8_a8_red16_heads_e10_seed42/log/2026-08-20T112527_sthelar40x_klt_5class_slideind_foldB_lora_adaptformer_r8_a8_red16_heads_e10_seed42/inference_results.json,Patch-level nucleus annotation occurrences; overlapping patches may repeat a biological cell
class_distribution,Liver,B,Generalist Selected PEFT,42,matched_test,,Stromal,,47080,0.202086105507,,,20893,2601,26335,9756,run/sthelar40x_klt_5class_slideind_foldB_lora_adaptformer_r8_a8_red16_heads_e10_seed42/log/2026-08-20T112527_sthelar40x_klt_5class_slideind_foldB_lora_adaptformer_r8_a8_red16_heads_e10_seed42/inference_results.json,Patch-level nucleus annotation occurrences; overlapping patches may repeat a biological cell
class_distribution,Liver,B,Generalist Selected PEFT,42,matched_test,,Epithelial,,131891,0.566128686097,,,20893,2601,26335,9756,run/sthelar40x_klt_5class_slideind_foldB_lora_adaptformer_r8_a8_red16_heads_e10_seed42/log/2026-08-20T112527_sthelar40x_klt_5class_slideind_foldB_lora_adaptformer_r8_a8_red16_heads_e10_seed42/inference_results.json,Patch-level nucleus annotation occurrences; overlapping patches may repeat a biological cell
class_distribution,Liver,B,Generalist Selected PEFT,42,matched_test,,Melanocyte,,0,0,,,20893,2601,26335,9756,run/sthelar40x_klt_5class_slideind_foldB_lora_adaptformer_r8_a8_red16_heads_e10_seed42/log/2026-08-20T112527_sthelar40x_klt_5class_slideind_foldB_lora_adaptformer_r8_a8_red16_heads_e10_seed42/inference_results.json,Patch-level nucleus annotation occurrences; overlapping patches may repeat a biological cell
class_distribution,Liver,B,Generalist Selected PEFT,42,matched_test,,Other,,2615,0.0112246211959,,,20893,2601,26335,9756,run/sthelar40x_klt_5class_slideind_foldB_lora_adaptformer_r8_a8_red16_heads_e10_seed42/log/2026-08-20T112527_sthelar40x_klt_5class_slideind_foldB_lora_adaptformer_r8_a8_red16_heads_e10_seed42/inference_results.json,Patch-level nucleus annotation occurrences; overlapping patches may repeat a biological cell
matched_test_metric,Liver,B,Generalist Selected PEFT,42,matched_test,,,,,,Dice,0.832030526126,20893,2601,26335,9756,run/sthelar40x_klt_5class_slideind_foldB_lora_adaptformer_r8_a8_red16_heads_e10_seed42/log/2026-08-20T112527_sthelar40x_klt_5class_slideind_foldB_lora_adaptformer_r8_a8_red16_heads_e10_seed42/inference_results.json,
matched_test_metric,Liver,B,Generalist Selected PEFT,42,matched_test,,,,,,Jaccard,0.731645304764,20893,2601,26335,9756,run/sthelar40x_klt_5class_slideind_foldB_lora_adaptformer_r8_a8_red16_heads_e10_seed42/log/2026-08-20T112527_sthelar40x_klt_5class_slideind_foldB_lora_adaptformer_r8_a8_red16_heads_e10_seed42/inference_results.json,
matched_test_metric,Liver,B,Generalist Selected PEFT,42,matched_test,,,,,,bPQ,0.625670300678,20893,2601,26335,9756,run/sthelar40x_klt_5class_slideind_foldB_lora_adaptformer_r8_a8_red16_heads_e10_seed42/log/2026-08-20T112527_sthelar40x_klt_5class_slideind_foldB_lora_adaptformer_r8_a8_red16_heads_e10_seed42/inference_results.json,
matched_test_metric,Liver,B,Generalist Selected PEFT,42,matched_test,,,,,,mPQ,0.211969123979,20893,2601,26335,9756,run/sthelar40x_klt_5class_slideind_foldB_lora_adaptformer_r8_a8_red16_heads_e10_seed42/log/2026-08-20T112527_sthelar40x_klt_5class_slideind_foldB_lora_adaptformer_r8_a8_red16_heads_e10_seed42/inference_results.json,
matched_test_metric,Liver,B,Generalist Selected PEFT,42,matched_test,,,,,,F1det,0.897740992963,20893,2601,26335,9756,run/sthelar40x_klt_5class_slideind_foldB_lora_adaptformer_r8_a8_red16_heads_e10_seed42/log/2026-08-20T112527_sthelar40x_klt_5class_slideind_foldB_lora_adaptformer_r8_a8_red16_heads_e10_seed42/inference_results.json,
matched_test_metric,Liver,B,Generalist Selected PEFT,42,matched_test,,,,,,F1type,0.312148067525,20893,2601,26335,9756,run/sthelar40x_klt_5class_slideind_foldB_lora_adaptformer_r8_a8_red16_heads_e10_seed42/log/2026-08-20T112527_sthelar40x_klt_5class_slideind_foldB_lora_adaptformer_r8_a8_red16_heads_e10_seed42/inference_results.json,
matched_class_metric,Liver,B,Generalist Selected PEFT,42,matched_test,,Immune,,,,matched_true_support,43250,20893,2601,26335,9756,run/sthelar40x_klt_5class_slideind_foldB_lora_adaptformer_r8_a8_red16_heads_e10_seed42/log/2026-08-20T112527_sthelar40x_klt_5class_slideind_foldB_lora_adaptformer_r8_a8_red16_heads_e10_seed42/inference_results.json,Type F1 is calculated from paired foreground confusion only
matched_class_metric,Liver,B,Generalist Selected PEFT,42,matched_test,,Immune,,,,total_true_support,50651,20893,2601,26335,9756,run/sthelar40x_klt_5class_slideind_foldB_lora_adaptformer_r8_a8_red16_heads_e10_seed42/log/2026-08-20T112527_sthelar40x_klt_5class_slideind_foldB_lora_adaptformer_r8_a8_red16_heads_e10_seed42/inference_results.json,Type F1 is calculated from paired foreground confusion only
matched_class_metric,Liver,B,Generalist Selected PEFT,42,matched_test,,Immune,,,,paired_type_F1,0.0777254802188,20893,2601,26335,9756,run/sthelar40x_klt_5class_slideind_foldB_lora_adaptformer_r8_a8_red16_heads_e10_seed42/log/2026-08-20T112527_sthelar40x_klt_5class_slideind_foldB_lora_adaptformer_r8_a8_red16_heads_e10_seed42/inference_results.json,Type F1 is calculated from paired foreground confusion only
predicted_class_frequency,Liver,B,Generalist Selected PEFT,42,matched_test,,,Immune,4360,0.020791012179,,,20893,2601,26335,9756,run/sthelar40x_klt_5class_slideind_foldB_lora_adaptformer_r8_a8_red16_heads_e10_seed42/log/2026-08-20T112527_sthelar40x_klt_5class_slideind_foldB_lora_adaptformer_r8_a8_red16_heads_e10_seed42/inference_results.json,Foreground predicted instances; unmatched predictions included
matched_class_metric,Liver,B,Generalist Selected PEFT,42,matched_test,,Stromal,,,,matched_true_support,37102,20893,2601,26335,9756,run/sthelar40x_klt_5class_slideind_foldB_lora_adaptformer_r8_a8_red16_heads_e10_seed42/log/2026-08-20T112527_sthelar40x_klt_5class_slideind_foldB_lora_adaptformer_r8_a8_red16_heads_e10_seed42/inference_results.json,Type F1 is calculated from paired foreground confusion only
matched_class_metric,Liver,B,Generalist Selected PEFT,42,matched_test,,Stromal,,,,total_true_support,46356,20893,2601,26335,9756,run/sthelar40x_klt_5class_slideind_foldB_lora_adaptformer_r8_a8_red16_heads_e10_seed42/log/2026-08-20T112527_sthelar40x_klt_5class_slideind_foldB_lora_adaptformer_r8_a8_red16_heads_e10_seed42/inference_results.json,Type F1 is calculated from paired foreground confusion only
matched_class_metric,Liver,B,Generalist Selected PEFT,42,matched_test,,Stromal,,,,paired_type_F1,0.398327645051,20893,2601,26335,9756,run/sthelar40x_klt_5class_slideind_foldB_lora_adaptformer_r8_a8_red16_heads_e10_seed42/log/2026-08-20T112527_sthelar40x_klt_5class_slideind_foldB_lora_adaptformer_r8_a8_red16_heads_e10_seed42/inference_results.json,Type F1 is calculated from paired foreground confusion only
predicted_class_frequency,Liver,B,Generalist Selected PEFT,42,matched_test,,,Stromal,24640,0.117497830296,,,20893,2601,26335,9756,run/sthelar40x_klt_5class_slideind_foldB_lora_adaptformer_r8_a8_red16_heads_e10_seed42/log/2026-08-20T112527_sthelar40x_klt_5class_slideind_foldB_lora_adaptformer_r8_a8_red16_heads_e10_seed42/inference_results.json,Foreground predicted instances; unmatched predictions included
matched_class_metric,Liver,B,Generalist Selected PEFT,42,matched_test,,Epithelial,,,,matched_true_support,115644,20893,2601,26335,9756,run/sthelar40x_klt_5class_slideind_foldB_lora_adaptformer_r8_a8_red16_heads_e10_seed42/log/2026-08-20T112527_sthelar40x_klt_5class_slideind_foldB_lora_adaptformer_r8_a8_red16_heads_e10_seed42/inference_results.json,Type F1 is calculated from paired foreground confusion only
matched_class_metric,Liver,B,Generalist Selected PEFT,42,matched_test,,Epithelial,,,,total_true_support,130042,20893,2601,26335,9756,run/sthelar40x_klt_5class_slideind_foldB_lora_adaptformer_r8_a8_red16_heads_e10_seed42/log/2026-08-20T112527_sthelar40x_klt_5class_slideind_foldB_lora_adaptformer_r8_a8_red16_heads_e10_seed42/inference_results.json,Type F1 is calculated from paired foreground confusion only
matched_class_metric,Liver,B,Generalist Selected PEFT,42,matched_test,,Epithelial,,,,paired_type_F1,0.772539144831,20893,2601,26335,9756,run/sthelar40x_klt_5class_slideind_foldB_lora_adaptformer_r8_a8_red16_heads_e10_seed42/log/2026-08-20T112527_sthelar40x_klt_5class_slideind_foldB_lora_adaptformer_r8_a8_red16_heads_e10_seed42/inference_results.json,Type F1 is calculated from paired foreground confusion only
predicted_class_frequency,Liver,B,Generalist Selected PEFT,42,matched_test,,,Epithelial,180698,0.861673008879,,,20893,2601,26335,9756,run/sthelar40x_klt_5class_slideind_foldB_lora_adaptformer_r8_a8_red16_heads_e10_seed42/log/2026-08-20T112527_sthelar40x_klt_5class_slideind_foldB_lora_adaptformer_r8_a8_red16_heads_e10_seed42/inference_results.json,Foreground predicted instances; unmatched predictions included
matched_class_metric,Liver,B,Generalist Selected PEFT,42,matched_test,,Melanocyte,,,,matched_true_support,0,20893,2601,26335,9756,run/sthelar40x_klt_5class_slideind_foldB_lora_adaptformer_r8_a8_red16_heads_e10_seed42/log/2026-08-20T112527_sthelar40x_klt_5class_slideind_foldB_lora_adaptformer_r8_a8_red16_heads_e10_seed42/inference_results.json,Type F1 is calculated from paired foreground confusion only
matched_class_metric,Liver,B,Generalist Selected PEFT,42,matched_test,,Melanocyte,,,,total_true_support,0,20893,2601,26335,9756,run/sthelar40x_klt_5class_slideind_foldB_lora_adaptformer_r8_a8_red16_heads_e10_seed42/log/2026-08-20T112527_sthelar40x_klt_5class_slideind_foldB_lora_adaptformer_r8_a8_red16_heads_e10_seed42/inference_results.json,Type F1 is calculated from paired foreground confusion only
matched_class_metric,Liver,B,Generalist Selected PEFT,42,matched_test,,Melanocyte,,,,paired_type_F1,nan,20893,2601,26335,9756,run/sthelar40x_klt_5class_slideind_foldB_lora_adaptformer_r8_a8_red16_heads_e10_seed42/log/2026-08-20T112527_sthelar40x_klt_5class_slideind_foldB_lora_adaptformer_r8_a8_red16_heads_e10_seed42/inference_results.json,Type F1 is calculated from paired foreground confusion only
predicted_class_frequency,Liver,B,Generalist Selected PEFT,42,matched_test,,,Melanocyte,0,0,,,20893,2601,26335,9756,run/sthelar40x_klt_5class_slideind_foldB_lora_adaptformer_r8_a8_red16_heads_e10_seed42/log/2026-08-20T112527_sthelar40x_klt_5class_slideind_foldB_lora_adaptformer_r8_a8_red16_heads_e10_seed42/inference_results.json,Foreground predicted instances; unmatched predictions included
matched_class_metric,Liver,B,Generalist Selected PEFT,42,matched_test,,Other,,,,matched_true_support,1299,20893,2601,26335,9756,run/sthelar40x_klt_5class_slideind_foldB_lora_adaptformer_r8_a8_red16_heads_e10_seed42/log/2026-08-20T112527_sthelar40x_klt_5class_slideind_foldB_lora_adaptformer_r8_a8_red16_heads_e10_seed42/inference_results.json,Type F1 is calculated from paired foreground confusion only
matched_class_metric,Liver,B,Generalist Selected PEFT,42,matched_test,,Other,,,,total_true_support,2569,20893,2601,26335,9756,run/sthelar40x_klt_5class_slideind_foldB_lora_adaptformer_r8_a8_red16_heads_e10_seed42/log/2026-08-20T112527_sthelar40x_klt_5class_slideind_foldB_lora_adaptformer_r8_a8_red16_heads_e10_seed42/inference_results.json,Type F1 is calculated from paired foreground confusion only
matched_class_metric,Liver,B,Generalist Selected PEFT,42,matched_test,,Other,,,,paired_type_F1,0,20893,2601,26335,9756,run/sthelar40x_klt_5class_slideind_foldB_lora_adaptformer_r8_a8_red16_heads_e10_seed42/log/2026-08-20T112527_sthelar40x_klt_5class_slideind_foldB_lora_adaptformer_r8_a8_red16_heads_e10_seed42/inference_results.json,Type F1 is calculated from paired foreground confusion only
predicted_class_frequency,Liver,B,Generalist Selected PEFT,42,matched_test,,,Other,8,3.81486461999e-05,,,20893,2601,26335,9756,run/sthelar40x_klt_5class_slideind_foldB_lora_adaptformer_r8_a8_red16_heads_e10_seed42/log/2026-08-20T112527_sthelar40x_klt_5class_slideind_foldB_lora_adaptformer_r8_a8_red16_heads_e10_seed42/inference_results.json,Foreground predicted instances; unmatched predictions included
paired_confusion,Liver,B,Generalist Selected PEFT,42,matched_test,,Background,Background,2,,,,20893,2601,26335,9756,run/sthelar40x_klt_5class_slideind_foldB_lora_adaptformer_r8_a8_red16_heads_e10_seed42/log/2026-08-20T112527_sthelar40x_klt_5class_slideind_foldB_lora_adaptformer_r8_a8_red16_heads_e10_seed42/inference_results.json,"Rows=true, columns=predicted; exact matched patch intersection"
paired_confusion,Liver,B,Generalist Selected PEFT,42,matched_test,,Background,Immune,0,,,,20893,2601,26335,9756,run/sthelar40x_klt_5class_slideind_foldB_lora_adaptformer_r8_a8_red16_heads_e10_seed42/log/2026-08-20T112527_sthelar40x_klt_5class_slideind_foldB_lora_adaptformer_r8_a8_red16_heads_e10_seed42/inference_results.json,"Rows=true, columns=predicted; exact matched patch intersection"
paired_confusion,Liver,B,Generalist Selected PEFT,42,matched_test,,Background,Stromal,0,,,,20893,2601,26335,9756,run/sthelar40x_klt_5class_slideind_foldB_lora_adaptformer_r8_a8_red16_heads_e10_seed42/log/2026-08-20T112527_sthelar40x_klt_5class_slideind_foldB_lora_adaptformer_r8_a8_red16_heads_e10_seed42/inference_results.json,"Rows=true, columns=predicted; exact matched patch intersection"
paired_confusion,Liver,B,Generalist Selected PEFT,42,matched_test,,Background,Epithelial,0,,,,20893,2601,26335,9756,run/sthelar40x_klt_5class_slideind_foldB_lora_adaptformer_r8_a8_red16_heads_e10_seed42/log/2026-08-20T112527_sthelar40x_klt_5class_slideind_foldB_lora_adaptformer_r8_a8_red16_heads_e10_seed42/inference_results.json,"Rows=true, columns=predicted; exact matched patch intersection"
paired_confusion,Liver,B,Generalist Selected PEFT,42,matched_test,,Background,Melanocyte,0,,,,20893,2601,26335,9756,run/sthelar40x_klt_5class_slideind_foldB_lora_adaptformer_r8_a8_red16_heads_e10_seed42/log/2026-08-20T112527_sthelar40x_klt_5class_slideind_foldB_lora_adaptformer_r8_a8_red16_heads_e10_seed42/inference_results.json,"Rows=true, columns=predicted; exact matched patch intersection"
paired_confusion,Liver,B,Generalist Selected PEFT,42,matched_test,,Background,Other,0,,,,20893,2601,26335,9756,run/sthelar40x_klt_5class_slideind_foldB_lora_adaptformer_r8_a8_red16_heads_e10_seed42/log/2026-08-20T112527_sthelar40x_klt_5class_slideind_foldB_lora_adaptformer_r8_a8_red16_heads_e10_seed42/inference_results.json,"Rows=true, columns=predicted; exact matched patch intersection"
paired_confusion,Liver,B,Generalist Selected PEFT,42,matched_test,,Immune,Background,30,,,,20893,2601,26335,9756,run/sthelar40x_klt_5class_slideind_foldB_lora_adaptformer_r8_a8_red16_heads_e10_seed42/log/2026-08-20T112527_sthelar40x_klt_5class_slideind_foldB_lora_adaptformer_r8_a8_red16_heads_e10_seed42/inference_results.json,"Rows=true, columns=predicted; exact matched patch intersection"
paired_confusion,Liver,B,Generalist Selected PEFT,42,matched_test,,Immune,Immune,1833,,,,20893,2601,26335,9756,run/sthelar40x_klt_5class_slideind_foldB_lora_adaptformer_r8_a8_red16_heads_e10_seed42/log/2026-08-20T112527_sthelar40x_klt_5class_slideind_foldB_lora_adaptformer_r8_a8_red16_heads_e10_seed42/inference_results.json,"Rows=true, columns=predicted; exact matched patch intersection"
paired_confusion,Liver,B,Generalist Selected PEFT,42,matched_test,,Immune,Stromal,5657,,,,20893,2601,26335,9756,run/sthelar40x_klt_5class_slideind_foldB_lora_adaptformer_r8_a8_red16_heads_e10_seed42/log/2026-08-20T112527_sthelar40x_klt_5class_slideind_foldB_lora_adaptformer_r8_a8_red16_heads_e10_seed42/inference_results.json,"Rows=true, columns=predicted; exact matched patch intersection"
paired_confusion,Liver,B,Generalist Selected PEFT,42,matched_test,,Immune,Epithelial,35760,,,,20893,2601,26335,9756,run/sthelar40x_klt_5class_slideind_foldB_lora_adaptformer_r8_a8_red16_heads_e10_seed42/log/2026-08-20T112527_sthelar40x_klt_5class_slideind_foldB_lora_adaptformer_r8_a8_red16_heads_e10_seed42/inference_results.json,"Rows=true, columns=predicted; exact matched patch intersection"
paired_confusion,Liver,B,Generalist Selected PEFT,42,matched_test,,Immune,Melanocyte,0,,,,20893,2601,26335,9756,run/sthelar40x_klt_5class_slideind_foldB_lora_adaptformer_r8_a8_red16_heads_e10_seed42/log/2026-08-20T112527_sthelar40x_klt_5class_slideind_foldB_lora_adaptformer_r8_a8_red16_heads_e10_seed42/inference_results.json,"Rows=true, columns=predicted; exact matched patch intersection"
paired_confusion,Liver,B,Generalist Selected PEFT,42,matched_test,,Immune,Other,0,,,,20893,2601,26335,9756,run/sthelar40x_klt_5class_slideind_foldB_lora_adaptformer_r8_a8_red16_heads_e10_seed42/log/2026-08-20T112527_sthelar40x_klt_5class_slideind_foldB_lora_adaptformer_r8_a8_red16_heads_e10_seed42/inference_results.json,"Rows=true, columns=predicted; exact matched patch intersection"
paired_confusion,Liver,B,Generalist Selected PEFT,42,matched_test,,Stromal,Background,25,,,,20893,2601,26335,9756,run/sthelar40x_klt_5class_slideind_foldB_lora_adaptformer_r8_a8_red16_heads_e10_seed42/log/2026-08-20T112527_sthelar40x_klt_5class_slideind_foldB_lora_adaptformer_r8_a8_red16_heads_e10_seed42/inference_results.json,"Rows=true, columns=predicted; exact matched patch intersection"
paired_confusion,Liver,B,Generalist Selected PEFT,42,matched_test,,Stromal,Immune,1050,,,,20893,2601,26335,9756,run/sthelar40x_klt_5class_slideind_foldB_lora_adaptformer_r8_a8_red16_heads_e10_seed42/log/2026-08-20T112527_sthelar40x_klt_5class_slideind_foldB_lora_adaptformer_r8_a8_red16_heads_e10_seed42/inference_results.json,"Rows=true, columns=predicted; exact matched patch intersection"
paired_confusion,Liver,B,Generalist Selected PEFT,42,matched_test,,Stromal,Stromal,11671,,,,20893,2601,26335,9756,run/sthelar40x_klt_5class_slideind_foldB_lora_adaptformer_r8_a8_red16_heads_e10_seed42/log/2026-08-20T112527_sthelar40x_klt_5class_slideind_foldB_lora_adaptformer_r8_a8_red16_heads_e10_seed42/inference_results.json,"Rows=true, columns=predicted; exact matched patch intersection"
paired_confusion,Liver,B,Generalist Selected PEFT,42,matched_test,,Stromal,Epithelial,24381,,,,20893,2601,26335,9756,run/sthelar40x_klt_5class_slideind_foldB_lora_adaptformer_r8_a8_red16_heads_e10_seed42/log/2026-08-20T112527_sthelar40x_klt_5class_slideind_foldB_lora_adaptformer_r8_a8_red16_heads_e10_seed42/inference_results.json,"Rows=true, columns=predicted; exact matched patch intersection"
paired_confusion,Liver,B,Generalist Selected PEFT,42,matched_test,,Stromal,Melanocyte,0,,,,20893,2601,26335,9756,run/sthelar40x_klt_5class_slideind_foldB_lora_adaptformer_r8_a8_red16_heads_e10_seed42/log/2026-08-20T112527_sthelar40x_klt_5class_slideind_foldB_lora_adaptformer_r8_a8_red16_heads_e10_seed42/inference_results.json,"Rows=true, columns=predicted; exact matched patch intersection"
paired_confusion,Liver,B,Generalist Selected PEFT,42,matched_test,,Stromal,Other,0,,,,20893,2601,26335,9756,run/sthelar40x_klt_5class_slideind_foldB_lora_adaptformer_r8_a8_red16_heads_e10_seed42/log/2026-08-20T112527_sthelar40x_klt_5class_slideind_foldB_lora_adaptformer_r8_a8_red16_heads_e10_seed42/inference_results.json,"Rows=true, columns=predicted; exact matched patch intersection"
paired_confusion,Liver,B,Generalist Selected PEFT,42,matched_test,,Epithelial,Background,59,,,,20893,2601,26335,9756,run/sthelar40x_klt_5class_slideind_foldB_lora_adaptformer_r8_a8_red16_heads_e10_seed42/log/2026-08-20T112527_sthelar40x_klt_5class_slideind_foldB_lora_adaptformer_r8_a8_red16_heads_e10_seed42/inference_results.json,"Rows=true, columns=predicted; exact matched patch intersection"
paired_confusion,Liver,B,Generalist Selected PEFT,42,matched_test,,Epithelial,Immune,778,,,,20893,2601,26335,9756,run/sthelar40x_klt_5class_slideind_foldB_lora_adaptformer_r8_a8_red16_heads_e10_seed42/log/2026-08-20T112527_sthelar40x_klt_5class_slideind_foldB_lora_adaptformer_r8_a8_red16_heads_e10_seed42/inference_results.json,"Rows=true, columns=predicted; exact matched patch intersection"
paired_confusion,Liver,B,Generalist Selected PEFT,42,matched_test,,Epithelial,Stromal,3802,,,,20893,2601,26335,9756,run/sthelar40x_klt_5class_slideind_foldB_lora_adaptformer_r8_a8_red16_heads_e10_seed42/log/2026-08-20T112527_sthelar40x_klt_5class_slideind_foldB_lora_adaptformer_r8_a8_red16_heads_e10_seed42/inference_results.json,"Rows=true, columns=predicted; exact matched patch intersection"
paired_confusion,Liver,B,Generalist Selected PEFT,42,matched_test,,Epithelial,Epithelial,111061,,,,20893,2601,26335,9756,run/sthelar40x_klt_5class_slideind_foldB_lora_adaptformer_r8_a8_red16_heads_e10_seed42/log/2026-08-20T112527_sthelar40x_klt_5class_slideind_foldB_lora_adaptformer_r8_a8_red16_heads_e10_seed42/inference_results.json,"Rows=true, columns=predicted; exact matched patch intersection"
paired_confusion,Liver,B,Generalist Selected PEFT,42,matched_test,,Epithelial,Melanocyte,0,,,,20893,2601,26335,9756,run/sthelar40x_klt_5class_slideind_foldB_lora_adaptformer_r8_a8_red16_heads_e10_seed42/log/2026-08-20T112527_sthelar40x_klt_5class_slideind_foldB_lora_adaptformer_r8_a8_red16_heads_e10_seed42/inference_results.json,"Rows=true, columns=predicted; exact matched patch intersection"
paired_confusion,Liver,B,Generalist Selected PEFT,42,matched_test,,Epithelial,Other,3,,,,20893,2601,26335,9756,run/sthelar40x_klt_5class_slideind_foldB_lora_adaptformer_r8_a8_red16_heads_e10_seed42/log/2026-08-20T112527_sthelar40x_klt_5class_slideind_foldB_lora_adaptformer_r8_a8_red16_heads_e10_seed42/inference_results.json,"Rows=true, columns=predicted; exact matched patch intersection"
paired_confusion,Liver,B,Generalist Selected PEFT,42,matched_test,,Melanocyte,Background,0,,,,20893,2601,26335,9756,run/sthelar40x_klt_5class_slideind_foldB_lora_adaptformer_r8_a8_red16_heads_e10_seed42/log/2026-08-20T112527_sthelar40x_klt_5class_slideind_foldB_lora_adaptformer_r8_a8_red16_heads_e10_seed42/inference_results.json,"Rows=true, columns=predicted; exact matched patch intersection"
paired_confusion,Liver,B,Generalist Selected PEFT,42,matched_test,,Melanocyte,Immune,0,,,,20893,2601,26335,9756,run/sthelar40x_klt_5class_slideind_foldB_lora_adaptformer_r8_a8_red16_heads_e10_seed42/log/2026-08-20T112527_sthelar40x_klt_5class_slideind_foldB_lora_adaptformer_r8_a8_red16_heads_e10_seed42/inference_results.json,"Rows=true, columns=predicted; exact matched patch intersection"
paired_confusion,Liver,B,Generalist Selected PEFT,42,matched_test,,Melanocyte,Stromal,0,,,,20893,2601,26335,9756,run/sthelar40x_klt_5class_slideind_foldB_lora_adaptformer_r8_a8_red16_heads_e10_seed42/log/2026-08-20T112527_sthelar40x_klt_5class_slideind_foldB_lora_adaptformer_r8_a8_red16_heads_e10_seed42/inference_results.json,"Rows=true, columns=predicted; exact matched patch intersection"
paired_confusion,Liver,B,Generalist Selected PEFT,42,matched_test,,Melanocyte,Epithelial,0,,,,20893,2601,26335,9756,run/sthelar40x_klt_5class_slideind_foldB_lora_adaptformer_r8_a8_red16_heads_e10_seed42/log/2026-08-20T112527_sthelar40x_klt_5class_slideind_foldB_lora_adaptformer_r8_a8_red16_heads_e10_seed42/inference_results.json,"Rows=true, columns=predicted; exact matched patch intersection"
paired_confusion,Liver,B,Generalist Selected PEFT,42,matched_test,,Melanocyte,Melanocyte,0,,,,20893,2601,26335,9756,run/sthelar40x_klt_5class_slideind_foldB_lora_adaptformer_r8_a8_red16_heads_e10_seed42/log/2026-08-20T112527_sthelar40x_klt_5class_slideind_foldB_lora_adaptformer_r8_a8_red16_heads_e10_seed42/inference_results.json,"Rows=true, columns=predicted; exact matched patch intersection"
paired_confusion,Liver,B,Generalist Selected PEFT,42,matched_test,,Melanocyte,Other,0,,,,20893,2601,26335,9756,run/sthelar40x_klt_5class_slideind_foldB_lora_adaptformer_r8_a8_red16_heads_e10_seed42/log/2026-08-20T112527_sthelar40x_klt_5class_slideind_foldB_lora_adaptformer_r8_a8_red16_heads_e10_seed42/inference_results.json,"Rows=true, columns=predicted; exact matched patch intersection"
paired_confusion,Liver,B,Generalist Selected PEFT,42,matched_test,,Other,Background,0,,,,20893,2601,26335,9756,run/sthelar40x_klt_5class_slideind_foldB_lora_adaptformer_r8_a8_red16_heads_e10_seed42/log/2026-08-20T112527_sthelar40x_klt_5class_slideind_foldB_lora_adaptformer_r8_a8_red16_heads_e10_seed42/inference_results.json,"Rows=true, columns=predicted; exact matched patch intersection"
paired_confusion,Liver,B,Generalist Selected PEFT,42,matched_test,,Other,Immune,255,,,,20893,2601,26335,9756,run/sthelar40x_klt_5class_slideind_foldB_lora_adaptformer_r8_a8_red16_heads_e10_seed42/log/2026-08-20T112527_sthelar40x_klt_5class_slideind_foldB_lora_adaptformer_r8_a8_red16_heads_e10_seed42/inference_results.json,"Rows=true, columns=predicted; exact matched patch intersection"
paired_confusion,Liver,B,Generalist Selected PEFT,42,matched_test,,Other,Stromal,368,,,,20893,2601,26335,9756,run/sthelar40x_klt_5class_slideind_foldB_lora_adaptformer_r8_a8_red16_heads_e10_seed42/log/2026-08-20T112527_sthelar40x_klt_5class_slideind_foldB_lora_adaptformer_r8_a8_red16_heads_e10_seed42/inference_results.json,"Rows=true, columns=predicted; exact matched patch intersection"
paired_confusion,Liver,B,Generalist Selected PEFT,42,matched_test,,Other,Epithelial,676,,,,20893,2601,26335,9756,run/sthelar40x_klt_5class_slideind_foldB_lora_adaptformer_r8_a8_red16_heads_e10_seed42/log/2026-08-20T112527_sthelar40x_klt_5class_slideind_foldB_lora_adaptformer_r8_a8_red16_heads_e10_seed42/inference_results.json,"Rows=true, columns=predicted; exact matched patch intersection"
paired_confusion,Liver,B,Generalist Selected PEFT,42,matched_test,,Other,Melanocyte,0,,,,20893,2601,26335,9756,run/sthelar40x_klt_5class_slideind_foldB_lora_adaptformer_r8_a8_red16_heads_e10_seed42/log/2026-08-20T112527_sthelar40x_klt_5class_slideind_foldB_lora_adaptformer_r8_a8_red16_heads_e10_seed42/inference_results.json,"Rows=true, columns=predicted; exact matched patch intersection"
paired_confusion,Liver,B,Generalist Selected PEFT,42,matched_test,,Other,Other,0,,,,20893,2601,26335,9756,run/sthelar40x_klt_5class_slideind_foldB_lora_adaptformer_r8_a8_red16_heads_e10_seed42/log/2026-08-20T112527_sthelar40x_klt_5class_slideind_foldB_lora_adaptformer_r8_a8_red16_heads_e10_seed42/inference_results.json,"Rows=true, columns=predicted; exact matched patch intersection"
distribution_shift_summary,Liver,B,Generalist Selected PEFT,42,train_to_matched_test,,,,,,total_variation,0.342041367614,20893,2601,26335,9756,run/sthelar40x_klt_5class_slideind_foldB_lora_adaptformer_r8_a8_red16_heads_e10_seed42/log/2026-08-20T112527_sthelar40x_klt_5class_slideind_foldB_lora_adaptformer_r8_a8_red16_heads_e10_seed42/inference_results.json,
distribution_shift_summary,Liver,B,Generalist Selected PEFT,42,train_to_matched_test,,,,,,jensen_shannon_bits,0.106813067753,20893,2601,26335,9756,run/sthelar40x_klt_5class_slideind_foldB_lora_adaptformer_r8_a8_red16_heads_e10_seed42/log/2026-08-20T112527_sthelar40x_klt_5class_slideind_foldB_lora_adaptformer_r8_a8_red16_heads_e10_seed42/inference_results.json,
distribution_shift_class,Liver,B,Generalist Selected PEFT,42,train_to_matched_test,,Immune,,,,frequency_delta_test_minus_train,-0.312614112645,20893,2601,26335,9756,run/sthelar40x_klt_5class_slideind_foldB_lora_adaptformer_r8_a8_red16_heads_e10_seed42/log/2026-08-20T112527_sthelar40x_klt_5class_slideind_foldB_lora_adaptformer_r8_a8_red16_heads_e10_seed42/inference_results.json,
distribution_shift_class,Liver,B,Generalist Selected PEFT,42,train_to_matched_test,,Immune,,,,train_to_test_frequency_ratio,2.41736162663,20893,2601,26335,9756,run/sthelar40x_klt_5class_slideind_foldB_lora_adaptformer_r8_a8_red16_heads_e10_seed42/log/2026-08-20T112527_sthelar40x_klt_5class_slideind_foldB_lora_adaptformer_r8_a8_red16_heads_e10_seed42/inference_results.json,
distribution_shift_class,Liver,B,Generalist Selected PEFT,42,train_to_matched_test,,Stromal,,,,frequency_delta_test_minus_train,-0.0102492201766,20893,2601,26335,9756,run/sthelar40x_klt_5class_slideind_foldB_lora_adaptformer_r8_a8_red16_heads_e10_seed42/log/2026-08-20T112527_sthelar40x_klt_5class_slideind_foldB_lora_adaptformer_r8_a8_red16_heads_e10_seed42/inference_results.json,
distribution_shift_class,Liver,B,Generalist Selected PEFT,42,train_to_matched_test,,Stromal,,,,train_to_test_frequency_ratio,1.05071709483,20893,2601,26335,9756,run/sthelar40x_klt_5class_slideind_foldB_lora_adaptformer_r8_a8_red16_heads_e10_seed42/log/2026-08-20T112527_sthelar40x_klt_5class_slideind_foldB_lora_adaptformer_r8_a8_red16_heads_e10_seed42/inference_results.json,
distribution_shift_class,Liver,B,Generalist Selected PEFT,42,train_to_matched_test,,Epithelial,,,,frequency_delta_test_minus_train,0.342041367614,20893,2601,26335,9756,run/sthelar40x_klt_5class_slideind_foldB_lora_adaptformer_r8_a8_red16_heads_e10_seed42/log/2026-08-20T112527_sthelar40x_klt_5class_slideind_foldB_lora_adaptformer_r8_a8_red16_heads_e10_seed42/inference_results.json,
distribution_shift_class,Liver,B,Generalist Selected PEFT,42,train_to_matched_test,,Epithelial,,,,train_to_test_frequency_ratio,0.395823995474,20893,2601,26335,9756,run/sthelar40x_klt_5class_slideind_foldB_lora_adaptformer_r8_a8_red16_heads_e10_seed42/log/2026-08-20T112527_sthelar40x_klt_5class_slideind_foldB_lora_adaptformer_r8_a8_red16_heads_e10_seed42/inference_results.json,
distribution_shift_class,Liver,B,Generalist Selected PEFT,42,train_to_matched_test,,Melanocyte,,,,frequency_delta_test_minus_train,0,20893,2601,26335,9756,run/sthelar40x_klt_5class_slideind_foldB_lora_adaptformer_r8_a8_red16_heads_e10_seed42/log/2026-08-20T112527_sthelar40x_klt_5class_slideind_foldB_lora_adaptformer_r8_a8_red16_heads_e10_seed42/inference_results.json,
distribution_shift_class,Liver,B,Generalist Selected PEFT,42,train_to_matched_test,,Melanocyte,,,,train_to_test_frequency_ratio,nan,20893,2601,26335,9756,run/sthelar40x_klt_5class_slideind_foldB_lora_adaptformer_r8_a8_red16_heads_e10_seed42/log/2026-08-20T112527_sthelar40x_klt_5class_slideind_foldB_lora_adaptformer_r8_a8_red16_heads_e10_seed42/inference_results.json,
distribution_shift_class,Liver,B,Generalist Selected PEFT,42,train_to_matched_test,,Other,,,,frequency_delta_test_minus_train,-0.0191780347922,20893,2601,26335,9756,run/sthelar40x_klt_5class_slideind_foldB_lora_adaptformer_r8_a8_red16_heads_e10_seed42/log/2026-08-20T112527_sthelar40x_klt_5class_slideind_foldB_lora_adaptformer_r8_a8_red16_heads_e10_seed42/inference_results.json,
distribution_shift_class,Liver,B,Generalist Selected PEFT,42,train_to_matched_test,,Other,,,,train_to_test_frequency_ratio,2.70856855279,20893,2601,26335,9756,run/sthelar40x_klt_5class_slideind_foldB_lora_adaptformer_r8_a8_red16_heads_e10_seed42/log/2026-08-20T112527_sthelar40x_klt_5class_slideind_foldB_lora_adaptformer_r8_a8_red16_heads_e10_seed42/inference_results.json,
training_curve,Liver,B,Generalist Selected PEFT,42,train,1,,,,,train_loss,7.6933,20893,2601,26335,9756,run/sthelar40x_klt_5class_slideind_foldB_lora_adaptformer_r8_a8_red16_heads_e10_seed42/log/2026-08-20T112527_sthelar40x_klt_5class_slideind_foldB_lora_adaptformer_r8_a8_red16_heads_e10_seed42/logs.log,Validation curve is descriptive only and is never used as canonical TEST evidence
training_curve,Liver,B,Generalist Selected PEFT,42,train,1,,,,,train_Dice,0.7237,20893,2601,26335,9756,run/sthelar40x_klt_5class_slideind_foldB_lora_adaptformer_r8_a8_red16_heads_e10_seed42/log/2026-08-20T112527_sthelar40x_klt_5class_slideind_foldB_lora_adaptformer_r8_a8_red16_heads_e10_seed42/logs.log,Validation curve is descriptive only and is never used as canonical TEST evidence
training_curve,Liver,B,Generalist Selected PEFT,42,train,1,,,,,train_Jaccard,0.59,20893,2601,26335,9756,run/sthelar40x_klt_5class_slideind_foldB_lora_adaptformer_r8_a8_red16_heads_e10_seed42/log/2026-08-20T112527_sthelar40x_klt_5class_slideind_foldB_lora_adaptformer_r8_a8_red16_heads_e10_seed42/logs.log,Validation curve is descriptive only and is never used as canonical TEST evidence
training_curve,Liver,B,Generalist Selected PEFT,42,validation,1,,,,,val_loss,6.2509,20893,2601,26335,9756,run/sthelar40x_klt_5class_slideind_foldB_lora_adaptformer_r8_a8_red16_heads_e10_seed42/log/2026-08-20T112527_sthelar40x_klt_5class_slideind_foldB_lora_adaptformer_r8_a8_red16_heads_e10_seed42/logs.log,Validation curve is descriptive only and is never used as canonical TEST evidence
training_curve,Liver,B,Generalist Selected PEFT,42,validation,1,,,,,val_Dice,0.7325,20893,2601,26335,9756,run/sthelar40x_klt_5class_slideind_foldB_lora_adaptformer_r8_a8_red16_heads_e10_seed42/log/2026-08-20T112527_sthelar40x_klt_5class_slideind_foldB_lora_adaptformer_r8_a8_red16_heads_e10_seed42/logs.log,Validation curve is descriptive only and is never used as canonical TEST evidence
training_curve,Liver,B,Generalist Selected PEFT,42,validation,1,,,,,val_Jaccard,0.6071,20893,2601,26335,9756,run/sthelar40x_klt_5class_slideind_foldB_lora_adaptformer_r8_a8_red16_heads_e10_seed42/log/2026-08-20T112527_sthelar40x_klt_5class_slideind_foldB_lora_adaptformer_r8_a8_red16_heads_e10_seed42/logs.log,Validation curve is descriptive only and is never used as canonical TEST evidence
training_curve,Liver,B,Generalist Selected PEFT,42,validation,1,,,,,val_bPQ,0.4271,20893,2601,26335,9756,run/sthelar40x_klt_5class_slideind_foldB_lora_adaptformer_r8_a8_red16_heads_e10_seed42/log/2026-08-20T112527_sthelar40x_klt_5class_slideind_foldB_lora_adaptformer_r8_a8_red16_heads_e10_seed42/logs.log,Validation curve is descriptive only and is never used as canonical TEST evidence
training_curve,Liver,B,Generalist Selected PEFT,42,validation,1,,,,,val_mPQ,0.2228,20893,2601,26335,9756,run/sthelar40x_klt_5class_slideind_foldB_lora_adaptformer_r8_a8_red16_heads_e10_seed42/log/2026-08-20T112527_sthelar40x_klt_5class_slideind_foldB_lora_adaptformer_r8_a8_red16_heads_e10_seed42/logs.log,Validation curve is descriptive only and is never used as canonical TEST evidence
training_curve,Liver,B,Generalist Selected PEFT,42,train,2,,,,,train_loss,5.9817,20893,2601,26335,9756,run/sthelar40x_klt_5class_slideind_foldB_lora_adaptformer_r8_a8_red16_heads_e10_seed42/log/2026-08-20T112527_sthelar40x_klt_5class_slideind_foldB_lora_adaptformer_r8_a8_red16_heads_e10_seed42/logs.log,Validation curve is descriptive only and is never used as canonical TEST evidence
training_curve,Liver,B,Generalist Selected PEFT,42,train,2,,,,,train_Dice,0.7538,20893,2601,26335,9756,run/sthelar40x_klt_5class_slideind_foldB_lora_adaptformer_r8_a8_red16_heads_e10_seed42/log/2026-08-20T112527_sthelar40x_klt_5class_slideind_foldB_lora_adaptformer_r8_a8_red16_heads_e10_seed42/logs.log,Validation curve is descriptive only and is never used as canonical TEST evidence
training_curve,Liver,B,Generalist Selected PEFT,42,train,2,,,,,train_Jaccard,0.6281,20893,2601,26335,9756,run/sthelar40x_klt_5class_slideind_foldB_lora_adaptformer_r8_a8_red16_heads_e10_seed42/log/2026-08-20T112527_sthelar40x_klt_5class_slideind_foldB_lora_adaptformer_r8_a8_red16_heads_e10_seed42/logs.log,Validation curve is descriptive only and is never used as canonical TEST evidence
training_curve,Liver,B,Generalist Selected PEFT,42,validation,2,,,,,val_loss,5.7965,20893,2601,26335,9756,run/sthelar40x_klt_5class_slideind_foldB_lora_adaptformer_r8_a8_red16_heads_e10_seed42/log/2026-08-20T112527_sthelar40x_klt_5class_slideind_foldB_lora_adaptformer_r8_a8_red16_heads_e10_seed42/logs.log,Validation curve is descriptive only and is never used as canonical TEST evidence
training_curve,Liver,B,Generalist Selected PEFT,42,validation,2,,,,,val_Dice,0.7526,20893,2601,26335,9756,run/sthelar40x_klt_5class_slideind_foldB_lora_adaptformer_r8_a8_red16_heads_e10_seed42/log/2026-08-20T112527_sthelar40x_klt_5class_slideind_foldB_lora_adaptformer_r8_a8_red16_heads_e10_seed42/logs.log,Validation curve is descriptive only and is never used as canonical TEST evidence
training_curve,Liver,B,Generalist Selected PEFT,42,validation,2,,,,,val_Jaccard,0.6328,20893,2601,26335,9756,run/sthelar40x_klt_5class_slideind_foldB_lora_adaptformer_r8_a8_red16_heads_e10_seed42/log/2026-08-20T112527_sthelar40x_klt_5class_slideind_foldB_lora_adaptformer_r8_a8_red16_heads_e10_seed42/logs.log,Validation curve is descriptive only and is never used as canonical TEST evidence
training_curve,Liver,B,Generalist Selected PEFT,42,validation,2,,,,,val_bPQ,0.4598,20893,2601,26335,9756,run/sthelar40x_klt_5class_slideind_foldB_lora_adaptformer_r8_a8_red16_heads_e10_seed42/log/2026-08-20T112527_sthelar40x_klt_5class_slideind_foldB_lora_adaptformer_r8_a8_red16_heads_e10_seed42/logs.log,Validation curve is descriptive only and is never used as canonical TEST evidence
training_curve,Liver,B,Generalist Selected PEFT,42,validation,2,,,,,val_mPQ,0.2598,20893,2601,26335,9756,run/sthelar40x_klt_5class_slideind_foldB_lora_adaptformer_r8_a8_red16_heads_e10_seed42/log/2026-08-20T112527_sthelar40x_klt_5class_slideind_foldB_lora_adaptformer_r8_a8_red16_heads_e10_seed42/logs.log,Validation curve is descriptive only and is never used as canonical TEST evidence
training_curve,Liver,B,Generalist Selected PEFT,42,train,3,,,,,train_loss,5.6374,20893,2601,26335,9756,run/sthelar40x_klt_5class_slideind_foldB_lora_adaptformer_r8_a8_red16_heads_e10_seed42/log/2026-08-20T112527_sthelar40x_klt_5class_slideind_foldB_lora_adaptformer_r8_a8_red16_heads_e10_seed42/logs.log,Validation curve is descriptive only and is never used as canonical TEST evidence
training_curve,Liver,B,Generalist Selected PEFT,42,train,3,,,,,train_Dice,0.7627,20893,2601,26335,9756,run/sthelar40x_klt_5class_slideind_foldB_lora_adaptformer_r8_a8_red16_heads_e10_seed42/log/2026-08-20T112527_sthelar40x_klt_5class_slideind_foldB_lora_adaptformer_r8_a8_red16_heads_e10_seed42/logs.log,Validation curve is descriptive only and is never used as canonical TEST evidence
training_curve,Liver,B,Generalist Selected PEFT,42,train,3,,,,,train_Jaccard,0.6432,20893,2601,26335,9756,run/sthelar40x_klt_5class_slideind_foldB_lora_adaptformer_r8_a8_red16_heads_e10_seed42/log/2026-08-20T112527_sthelar40x_klt_5class_slideind_foldB_lora_adaptformer_r8_a8_red16_heads_e10_seed42/logs.log,Validation curve is descriptive only and is never used as canonical TEST evidence
training_curve,Liver,B,Generalist Selected PEFT,42,validation,3,,,,,val_loss,5.7757,20893,2601,26335,9756,run/sthelar40x_klt_5class_slideind_foldB_lora_adaptformer_r8_a8_red16_heads_e10_seed42/log/2026-08-20T112527_sthelar40x_klt_5class_slideind_foldB_lora_adaptformer_r8_a8_red16_heads_e10_seed42/logs.log,Validation curve is descriptive only and is never used as canonical TEST evidence
training_curve,Liver,B,Generalist Selected PEFT,42,validation,3,,,,,val_Dice,0.7546,20893,2601,26335,9756,run/sthelar40x_klt_5class_slideind_foldB_lora_adaptformer_r8_a8_red16_heads_e10_seed42/log/2026-08-20T112527_sthelar40x_klt_5class_slideind_foldB_lora_adaptformer_r8_a8_red16_heads_e10_seed42/logs.log,Validation curve is descriptive only and is never used as canonical TEST evidence
training_curve,Liver,B,Generalist Selected PEFT,42,validation,3,,,,,val_Jaccard,0.637,20893,2601,26335,9756,run/sthelar40x_klt_5class_slideind_foldB_lora_adaptformer_r8_a8_red16_heads_e10_seed42/log/2026-08-20T112527_sthelar40x_klt_5class_slideind_foldB_lora_adaptformer_r8_a8_red16_heads_e10_seed42/logs.log,Validation curve is descriptive only and is never used as canonical TEST evidence
training_curve,Liver,B,Generalist Selected PEFT,42,validation,3,,,,,val_bPQ,0.4705,20893,2601,26335,9756,run/sthelar40x_klt_5class_slideind_foldB_lora_adaptformer_r8_a8_red16_heads_e10_seed42/log/2026-08-20T112527_sthelar40x_klt_5class_slideind_foldB_lora_adaptformer_r8_a8_red16_heads_e10_seed42/logs.log,Validation curve is descriptive only and is never used as canonical TEST evidence
training_curve,Liver,B,Generalist Selected PEFT,42,validation,3,,,,,val_mPQ,0.2686,20893,2601,26335,9756,run/sthelar40x_klt_5class_slideind_foldB_lora_adaptformer_r8_a8_red16_heads_e10_seed42/log/2026-08-20T112527_sthelar40x_klt_5class_slideind_foldB_lora_adaptformer_r8_a8_red16_heads_e10_seed42/logs.log,Validation curve is descriptive only and is never used as canonical TEST evidence
training_curve,Liver,B,Generalist Selected PEFT,42,train,4,,,,,train_loss,5.3565,20893,2601,26335,9756,run/sthelar40x_klt_5class_slideind_foldB_lora_adaptformer_r8_a8_red16_heads_e10_seed42/log/2026-08-20T112527_sthelar40x_klt_5class_slideind_foldB_lora_adaptformer_r8_a8_red16_heads_e10_seed42/logs.log,Validation curve is descriptive only and is never used as canonical TEST evidence
training_curve,Liver,B,Generalist Selected PEFT,42,train,4,,,,,train_Dice,0.7685,20893,2601,26335,9756,run/sthelar40x_klt_5class_slideind_foldB_lora_adaptformer_r8_a8_red16_heads_e10_seed42/log/2026-08-20T112527_sthelar40x_klt_5class_slideind_foldB_lora_adaptformer_r8_a8_red16_heads_e10_seed42/logs.log,Validation curve is descriptive only and is never used as canonical TEST evidence
training_curve,Liver,B,Generalist Selected PEFT,42,train,4,,,,,train_Jaccard,0.6496,20893,2601,26335,9756,run/sthelar40x_klt_5class_slideind_foldB_lora_adaptformer_r8_a8_red16_heads_e10_seed42/log/2026-08-20T112527_sthelar40x_klt_5class_slideind_foldB_lora_adaptformer_r8_a8_red16_heads_e10_seed42/logs.log,Validation curve is descriptive only and is never used as canonical TEST evidence
training_curve,Liver,B,Generalist Selected PEFT,42,validation,4,,,,,val_loss,5.1835,20893,2601,26335,9756,run/sthelar40x_klt_5class_slideind_foldB_lora_adaptformer_r8_a8_red16_heads_e10_seed42/log/2026-08-20T112527_sthelar40x_klt_5class_slideind_foldB_lora_adaptformer_r8_a8_red16_heads_e10_seed42/logs.log,Validation curve is descriptive only and is never used as canonical TEST evidence
training_curve,Liver,B,Generalist Selected PEFT,42,validation,4,,,,,val_Dice,0.755,20893,2601,26335,9756,run/sthelar40x_klt_5class_slideind_foldB_lora_adaptformer_r8_a8_red16_heads_e10_seed42/log/2026-08-20T112527_sthelar40x_klt_5class_slideind_foldB_lora_adaptformer_r8_a8_red16_heads_e10_seed42/logs.log,Validation curve is descriptive only and is never used as canonical TEST evidence
training_curve,Liver,B,Generalist Selected PEFT,42,validation,4,,,,,val_Jaccard,0.6361,20893,2601,26335,9756,run/sthelar40x_klt_5class_slideind_foldB_lora_adaptformer_r8_a8_red16_heads_e10_seed42/log/2026-08-20T112527_sthelar40x_klt_5class_slideind_foldB_lora_adaptformer_r8_a8_red16_heads_e10_seed42/logs.log,Validation curve is descriptive only and is never used as canonical TEST evidence
training_curve,Liver,B,Generalist Selected PEFT,42,validation,4,,,,,val_bPQ,0.4646,20893,2601,26335,9756,run/sthelar40x_klt_5class_slideind_foldB_lora_adaptformer_r8_a8_red16_heads_e10_seed42/log/2026-08-20T112527_sthelar40x_klt_5class_slideind_foldB_lora_adaptformer_r8_a8_red16_heads_e10_seed42/logs.log,Validation curve is descriptive only and is never used as canonical TEST evidence
training_curve,Liver,B,Generalist Selected PEFT,42,validation,4,,,,,val_mPQ,0.265,20893,2601,26335,9756,run/sthelar40x_klt_5class_slideind_foldB_lora_adaptformer_r8_a8_red16_heads_e10_seed42/log/2026-08-20T112527_sthelar40x_klt_5class_slideind_foldB_lora_adaptformer_r8_a8_red16_heads_e10_seed42/logs.log,Validation curve is descriptive only and is never used as canonical TEST evidence
training_curve,Liver,B,Generalist Selected PEFT,42,train,5,,,,,train_loss,4.5897,20893,2601,26335,9756,run/sthelar40x_klt_5class_slideind_foldB_lora_adaptformer_r8_a8_red16_heads_e10_seed42/log/2026-08-20T112527_sthelar40x_klt_5class_slideind_foldB_lora_adaptformer_r8_a8_red16_heads_e10_seed42/logs.log,Validation curve is descriptive only and is never used as canonical TEST evidence
training_curve,Liver,B,Generalist Selected PEFT,42,train,5,,,,,train_Dice,0.7696,20893,2601,26335,9756,run/sthelar40x_klt_5class_slideind_foldB_lora_adaptformer_r8_a8_red16_heads_e10_seed42/log/2026-08-20T112527_sthelar40x_klt_5class_slideind_foldB_lora_adaptformer_r8_a8_red16_heads_e10_seed42/logs.log,Validation curve is descriptive only and is never used as canonical TEST evidence
training_curve,Liver,B,Generalist Selected PEFT,42,train,5,,,,,train_Jaccard,0.6518,20893,2601,26335,9756,run/sthelar40x_klt_5class_slideind_foldB_lora_adaptformer_r8_a8_red16_heads_e10_seed42/log/2026-08-20T112527_sthelar40x_klt_5class_slideind_foldB_lora_adaptformer_r8_a8_red16_heads_e10_seed42/logs.log,Validation curve is descriptive only and is never used as canonical TEST evidence
training_curve,Liver,B,Generalist Selected PEFT,42,validation,5,,,,,val_loss,4.5181,20893,2601,26335,9756,run/sthelar40x_klt_5class_slideind_foldB_lora_adaptformer_r8_a8_red16_heads_e10_seed42/log/2026-08-20T112527_sthelar40x_klt_5class_slideind_foldB_lora_adaptformer_r8_a8_red16_heads_e10_seed42/logs.log,Validation curve is descriptive only and is never used as canonical TEST evidence
training_curve,Liver,B,Generalist Selected PEFT,42,validation,5,,,,,val_Dice,0.7596,20893,2601,26335,9756,run/sthelar40x_klt_5class_slideind_foldB_lora_adaptformer_r8_a8_red16_heads_e10_seed42/log/2026-08-20T112527_sthelar40x_klt_5class_slideind_foldB_lora_adaptformer_r8_a8_red16_heads_e10_seed42/logs.log,Validation curve is descriptive only and is never used as canonical TEST evidence
training_curve,Liver,B,Generalist Selected PEFT,42,validation,5,,,,,val_Jaccard,0.6428,20893,2601,26335,9756,run/sthelar40x_klt_5class_slideind_foldB_lora_adaptformer_r8_a8_red16_heads_e10_seed42/log/2026-08-20T112527_sthelar40x_klt_5class_slideind_foldB_lora_adaptformer_r8_a8_red16_heads_e10_seed42/logs.log,Validation curve is descriptive only and is never used as canonical TEST evidence
training_curve,Liver,B,Generalist Selected PEFT,42,validation,5,,,,,val_bPQ,0.4755,20893,2601,26335,9756,run/sthelar40x_klt_5class_slideind_foldB_lora_adaptformer_r8_a8_red16_heads_e10_seed42/log/2026-08-20T112527_sthelar40x_klt_5class_slideind_foldB_lora_adaptformer_r8_a8_red16_heads_e10_seed42/logs.log,Validation curve is descriptive only and is never used as canonical TEST evidence
training_curve,Liver,B,Generalist Selected PEFT,42,validation,5,,,,,val_mPQ,0.2776,20893,2601,26335,9756,run/sthelar40x_klt_5class_slideind_foldB_lora_adaptformer_r8_a8_red16_heads_e10_seed42/log/2026-08-20T112527_sthelar40x_klt_5class_slideind_foldB_lora_adaptformer_r8_a8_red16_heads_e10_seed42/logs.log,Validation curve is descriptive only and is never used as canonical TEST evidence
training_curve,Liver,B,Generalist Selected PEFT,42,train,6,,,,,train_loss,4.36,20893,2601,26335,9756,run/sthelar40x_klt_5class_slideind_foldB_lora_adaptformer_r8_a8_red16_heads_e10_seed42/log/2026-08-20T112527_sthelar40x_klt_5class_slideind_foldB_lora_adaptformer_r8_a8_red16_heads_e10_seed42/logs.log,Validation curve is descriptive only and is never used as canonical TEST evidence
training_curve,Liver,B,Generalist Selected PEFT,42,train,6,,,,,train_Dice,0.7723,20893,2601,26335,9756,run/sthelar40x_klt_5class_slideind_foldB_lora_adaptformer_r8_a8_red16_heads_e10_seed42/log/2026-08-20T112527_sthelar40x_klt_5class_slideind_foldB_lora_adaptformer_r8_a8_red16_heads_e10_seed42/logs.log,Validation curve is descriptive only and is never used as canonical TEST evidence
training_curve,Liver,B,Generalist Selected PEFT,42,train,6,,,,,train_Jaccard,0.6558,20893,2601,26335,9756,run/sthelar40x_klt_5class_slideind_foldB_lora_adaptformer_r8_a8_red16_heads_e10_seed42/log/2026-08-20T112527_sthelar40x_klt_5class_slideind_foldB_lora_adaptformer_r8_a8_red16_heads_e10_seed42/logs.log,Validation curve is descriptive only and is never used as canonical TEST evidence
training_curve,Liver,B,Generalist Selected PEFT,42,validation,6,,,,,val_loss,4.486,20893,2601,26335,9756,run/sthelar40x_klt_5class_slideind_foldB_lora_adaptformer_r8_a8_red16_heads_e10_seed42/log/2026-08-20T112527_sthelar40x_klt_5class_slideind_foldB_lora_adaptformer_r8_a8_red16_heads_e10_seed42/logs.log,Validation curve is descriptive only and is never used as canonical TEST evidence
training_curve,Liver,B,Generalist Selected PEFT,42,validation,6,,,,,val_Dice,0.7568,20893,2601,26335,9756,run/sthelar40x_klt_5class_slideind_foldB_lora_adaptformer_r8_a8_red16_heads_e10_seed42/log/2026-08-20T112527_sthelar40x_klt_5class_slideind_foldB_lora_adaptformer_r8_a8_red16_heads_e10_seed42/logs.log,Validation curve is descriptive only and is never used as canonical TEST evidence
training_curve,Liver,B,Generalist Selected PEFT,42,validation,6,,,,,val_Jaccard,0.6398,20893,2601,26335,9756,run/sthelar40x_klt_5class_slideind_foldB_lora_adaptformer_r8_a8_red16_heads_e10_seed42/log/2026-08-20T112527_sthelar40x_klt_5class_slideind_foldB_lora_adaptformer_r8_a8_red16_heads_e10_seed42/logs.log,Validation curve is descriptive only and is never used as canonical TEST evidence
training_curve,Liver,B,Generalist Selected PEFT,42,validation,6,,,,,val_bPQ,0.4707,20893,2601,26335,9756,run/sthelar40x_klt_5class_slideind_foldB_lora_adaptformer_r8_a8_red16_heads_e10_seed42/log/2026-08-20T112527_sthelar40x_klt_5class_slideind_foldB_lora_adaptformer_r8_a8_red16_heads_e10_seed42/logs.log,Validation curve is descriptive only and is never used as canonical TEST evidence
training_curve,Liver,B,Generalist Selected PEFT,42,validation,6,,,,,val_mPQ,0.2734,20893,2601,26335,9756,run/sthelar40x_klt_5class_slideind_foldB_lora_adaptformer_r8_a8_red16_heads_e10_seed42/log/2026-08-20T112527_sthelar40x_klt_5class_slideind_foldB_lora_adaptformer_r8_a8_red16_heads_e10_seed42/logs.log,Validation curve is descriptive only and is never used as canonical TEST evidence
training_curve,Liver,B,Generalist Selected PEFT,42,train,7,,,,,train_loss,4.2619,20893,2601,26335,9756,run/sthelar40x_klt_5class_slideind_foldB_lora_adaptformer_r8_a8_red16_heads_e10_seed42/log/2026-08-20T112527_sthelar40x_klt_5class_slideind_foldB_lora_adaptformer_r8_a8_red16_heads_e10_seed42/logs.log,Validation curve is descriptive only and is never used as canonical TEST evidence
training_curve,Liver,B,Generalist Selected PEFT,42,train,7,,,,,train_Dice,0.7731,20893,2601,26335,9756,run/sthelar40x_klt_5class_slideind_foldB_lora_adaptformer_r8_a8_red16_heads_e10_seed42/log/2026-08-20T112527_sthelar40x_klt_5class_slideind_foldB_lora_adaptformer_r8_a8_red16_heads_e10_seed42/logs.log,Validation curve is descriptive only and is never used as canonical TEST evidence
training_curve,Liver,B,Generalist Selected PEFT,42,train,7,,,,,train_Jaccard,0.6573,20893,2601,26335,9756,run/sthelar40x_klt_5class_slideind_foldB_lora_adaptformer_r8_a8_red16_heads_e10_seed42/log/2026-08-20T112527_sthelar40x_klt_5class_slideind_foldB_lora_adaptformer_r8_a8_red16_heads_e10_seed42/logs.log,Validation curve is descriptive only and is never used as canonical TEST evidence
training_curve,Liver,B,Generalist Selected PEFT,42,validation,7,,,,,val_loss,4.423,20893,2601,26335,9756,run/sthelar40x_klt_5class_slideind_foldB_lora_adaptformer_r8_a8_red16_heads_e10_seed42/log/2026-08-20T112527_sthelar40x_klt_5class_slideind_foldB_lora_adaptformer_r8_a8_red16_heads_e10_seed42/logs.log,Validation curve is descriptive only and is never used as canonical TEST evidence
training_curve,Liver,B,Generalist Selected PEFT,42,validation,7,,,,,val_Dice,0.743,20893,2601,26335,9756,run/sthelar40x_klt_5class_slideind_foldB_lora_adaptformer_r8_a8_red16_heads_e10_seed42/log/2026-08-20T112527_sthelar40x_klt_5class_slideind_foldB_lora_adaptformer_r8_a8_red16_heads_e10_seed42/logs.log,Validation curve is descriptive only and is never used as canonical TEST evidence
training_curve,Liver,B,Generalist Selected PEFT,42,validation,7,,,,,val_Jaccard,0.6225,20893,2601,26335,9756,run/sthelar40x_klt_5class_slideind_foldB_lora_adaptformer_r8_a8_red16_heads_e10_seed42/log/2026-08-20T112527_sthelar40x_klt_5class_slideind_foldB_lora_adaptformer_r8_a8_red16_heads_e10_seed42/logs.log,Validation curve is descriptive only and is never used as canonical TEST evidence
training_curve,Liver,B,Generalist Selected PEFT,42,validation,7,,,,,val_bPQ,0.4522,20893,2601,26335,9756,run/sthelar40x_klt_5class_slideind_foldB_lora_adaptformer_r8_a8_red16_heads_e10_seed42/log/2026-08-20T112527_sthelar40x_klt_5class_slideind_foldB_lora_adaptformer_r8_a8_red16_heads_e10_seed42/logs.log,Validation curve is descriptive only and is never used as canonical TEST evidence
training_curve,Liver,B,Generalist Selected PEFT,42,validation,7,,,,,val_mPQ,0.2712,20893,2601,26335,9756,run/sthelar40x_klt_5class_slideind_foldB_lora_adaptformer_r8_a8_red16_heads_e10_seed42/log/2026-08-20T112527_sthelar40x_klt_5class_slideind_foldB_lora_adaptformer_r8_a8_red16_heads_e10_seed42/logs.log,Validation curve is descriptive only and is never used as canonical TEST evidence
training_curve,Liver,B,Generalist Selected PEFT,42,train,8,,,,,train_loss,4.2049,20893,2601,26335,9756,run/sthelar40x_klt_5class_slideind_foldB_lora_adaptformer_r8_a8_red16_heads_e10_seed42/log/2026-08-20T112527_sthelar40x_klt_5class_slideind_foldB_lora_adaptformer_r8_a8_red16_heads_e10_seed42/logs.log,Validation curve is descriptive only and is never used as canonical TEST evidence
training_curve,Liver,B,Generalist Selected PEFT,42,train,8,,,,,train_Dice,0.7767,20893,2601,26335,9756,run/sthelar40x_klt_5class_slideind_foldB_lora_adaptformer_r8_a8_red16_heads_e10_seed42/log/2026-08-20T112527_sthelar40x_klt_5class_slideind_foldB_lora_adaptformer_r8_a8_red16_heads_e10_seed42/logs.log,Validation curve is descriptive only and is never used as canonical TEST evidence
training_curve,Liver,B,Generalist Selected PEFT,42,train,8,,,,,train_Jaccard,0.6616,20893,2601,26335,9756,run/sthelar40x_klt_5class_slideind_foldB_lora_adaptformer_r8_a8_red16_heads_e10_seed42/log/2026-08-20T112527_sthelar40x_klt_5class_slideind_foldB_lora_adaptformer_r8_a8_red16_heads_e10_seed42/logs.log,Validation curve is descriptive only and is never used as canonical TEST evidence
training_curve,Liver,B,Generalist Selected PEFT,42,validation,8,,,,,val_loss,4.3043,20893,2601,26335,9756,run/sthelar40x_klt_5class_slideind_foldB_lora_adaptformer_r8_a8_red16_heads_e10_seed42/log/2026-08-20T112527_sthelar40x_klt_5class_slideind_foldB_lora_adaptformer_r8_a8_red16_heads_e10_seed42/logs.log,Validation curve is descriptive only and is never used as canonical TEST evidence
training_curve,Liver,B,Generalist Selected PEFT,42,validation,8,,,,,val_Dice,0.7545,20893,2601,26335,9756,run/sthelar40x_klt_5class_slideind_foldB_lora_adaptformer_r8_a8_red16_heads_e10_seed42/log/2026-08-20T112527_sthelar40x_klt_5class_slideind_foldB_lora_adaptformer_r8_a8_red16_heads_e10_seed42/logs.log,Validation curve is descriptive only and is never used as canonical TEST evidence
training_curve,Liver,B,Generalist Selected PEFT,42,validation,8,,,,,val_Jaccard,0.639,20893,2601,26335,9756,run/sthelar40x_klt_5class_slideind_foldB_lora_adaptformer_r8_a8_red16_heads_e10_seed42/log/2026-08-20T112527_sthelar40x_klt_5class_slideind_foldB_lora_adaptformer_r8_a8_red16_heads_e10_seed42/logs.log,Validation curve is descriptive only and is never used as canonical TEST evidence
training_curve,Liver,B,Generalist Selected PEFT,42,validation,8,,,,,val_bPQ,0.4751,20893,2601,26335,9756,run/sthelar40x_klt_5class_slideind_foldB_lora_adaptformer_r8_a8_red16_heads_e10_seed42/log/2026-08-20T112527_sthelar40x_klt_5class_slideind_foldB_lora_adaptformer_r8_a8_red16_heads_e10_seed42/logs.log,Validation curve is descriptive only and is never used as canonical TEST evidence
training_curve,Liver,B,Generalist Selected PEFT,42,validation,8,,,,,val_mPQ,0.2807,20893,2601,26335,9756,run/sthelar40x_klt_5class_slideind_foldB_lora_adaptformer_r8_a8_red16_heads_e10_seed42/log/2026-08-20T112527_sthelar40x_klt_5class_slideind_foldB_lora_adaptformer_r8_a8_red16_heads_e10_seed42/logs.log,Validation curve is descriptive only and is never used as canonical TEST evidence
training_curve,Liver,B,Generalist Selected PEFT,42,train,9,,,,,train_loss,4.1466,20893,2601,26335,9756,run/sthelar40x_klt_5class_slideind_foldB_lora_adaptformer_r8_a8_red16_heads_e10_seed42/log/2026-08-20T112527_sthelar40x_klt_5class_slideind_foldB_lora_adaptformer_r8_a8_red16_heads_e10_seed42/logs.log,Validation curve is descriptive only and is never used as canonical TEST evidence
training_curve,Liver,B,Generalist Selected PEFT,42,train,9,,,,,train_Dice,0.7778,20893,2601,26335,9756,run/sthelar40x_klt_5class_slideind_foldB_lora_adaptformer_r8_a8_red16_heads_e10_seed42/log/2026-08-20T112527_sthelar40x_klt_5class_slideind_foldB_lora_adaptformer_r8_a8_red16_heads_e10_seed42/logs.log,Validation curve is descriptive only and is never used as canonical TEST evidence
training_curve,Liver,B,Generalist Selected PEFT,42,train,9,,,,,train_Jaccard,0.6638,20893,2601,26335,9756,run/sthelar40x_klt_5class_slideind_foldB_lora_adaptformer_r8_a8_red16_heads_e10_seed42/log/2026-08-20T112527_sthelar40x_klt_5class_slideind_foldB_lora_adaptformer_r8_a8_red16_heads_e10_seed42/logs.log,Validation curve is descriptive only and is never used as canonical TEST evidence
training_curve,Liver,B,Generalist Selected PEFT,42,validation,9,,,,,val_loss,4.2702,20893,2601,26335,9756,run/sthelar40x_klt_5class_slideind_foldB_lora_adaptformer_r8_a8_red16_heads_e10_seed42/log/2026-08-20T112527_sthelar40x_klt_5class_slideind_foldB_lora_adaptformer_r8_a8_red16_heads_e10_seed42/logs.log,Validation curve is descriptive only and is never used as canonical TEST evidence
training_curve,Liver,B,Generalist Selected PEFT,42,validation,9,,,,,val_Dice,0.761,20893,2601,26335,9756,run/sthelar40x_klt_5class_slideind_foldB_lora_adaptformer_r8_a8_red16_heads_e10_seed42/log/2026-08-20T112527_sthelar40x_klt_5class_slideind_foldB_lora_adaptformer_r8_a8_red16_heads_e10_seed42/logs.log,Validation curve is descriptive only and is never used as canonical TEST evidence
training_curve,Liver,B,Generalist Selected PEFT,42,validation,9,,,,,val_Jaccard,0.6453,20893,2601,26335,9756,run/sthelar40x_klt_5class_slideind_foldB_lora_adaptformer_r8_a8_red16_heads_e10_seed42/log/2026-08-20T112527_sthelar40x_klt_5class_slideind_foldB_lora_adaptformer_r8_a8_red16_heads_e10_seed42/logs.log,Validation curve is descriptive only and is never used as canonical TEST evidence
training_curve,Liver,B,Generalist Selected PEFT,42,validation,9,,,,,val_bPQ,0.4784,20893,2601,26335,9756,run/sthelar40x_klt_5class_slideind_foldB_lora_adaptformer_r8_a8_red16_heads_e10_seed42/log/2026-08-20T112527_sthelar40x_klt_5class_slideind_foldB_lora_adaptformer_r8_a8_red16_heads_e10_seed42/logs.log,Validation curve is descriptive only and is never used as canonical TEST evidence
training_curve,Liver,B,Generalist Selected PEFT,42,validation,9,,,,,val_mPQ,0.2839,20893,2601,26335,9756,run/sthelar40x_klt_5class_slideind_foldB_lora_adaptformer_r8_a8_red16_heads_e10_seed42/log/2026-08-20T112527_sthelar40x_klt_5class_slideind_foldB_lora_adaptformer_r8_a8_red16_heads_e10_seed42/logs.log,Validation curve is descriptive only and is never used as canonical TEST evidence
training_curve,Liver,B,Generalist Selected PEFT,42,train,10,,,,,train_loss,4.1199,20893,2601,26335,9756,run/sthelar40x_klt_5class_slideind_foldB_lora_adaptformer_r8_a8_red16_heads_e10_seed42/log/2026-08-20T112527_sthelar40x_klt_5class_slideind_foldB_lora_adaptformer_r8_a8_red16_heads_e10_seed42/logs.log,Validation curve is descriptive only and is never used as canonical TEST evidence
training_curve,Liver,B,Generalist Selected PEFT,42,train,10,,,,,train_Dice,0.7796,20893,2601,26335,9756,run/sthelar40x_klt_5class_slideind_foldB_lora_adaptformer_r8_a8_red16_heads_e10_seed42/log/2026-08-20T112527_sthelar40x_klt_5class_slideind_foldB_lora_adaptformer_r8_a8_red16_heads_e10_seed42/logs.log,Validation curve is descriptive only and is never used as canonical TEST evidence
training_curve,Liver,B,Generalist Selected PEFT,42,train,10,,,,,train_Jaccard,0.6651,20893,2601,26335,9756,run/sthelar40x_klt_5class_slideind_foldB_lora_adaptformer_r8_a8_red16_heads_e10_seed42/log/2026-08-20T112527_sthelar40x_klt_5class_slideind_foldB_lora_adaptformer_r8_a8_red16_heads_e10_seed42/logs.log,Validation curve is descriptive only and is never used as canonical TEST evidence
training_curve,Liver,B,Generalist Selected PEFT,42,validation,10,,,,,val_loss,4.2741,20893,2601,26335,9756,run/sthelar40x_klt_5class_slideind_foldB_lora_adaptformer_r8_a8_red16_heads_e10_seed42/log/2026-08-20T112527_sthelar40x_klt_5class_slideind_foldB_lora_adaptformer_r8_a8_red16_heads_e10_seed42/logs.log,Validation curve is descriptive only and is never used as canonical TEST evidence
training_curve,Liver,B,Generalist Selected PEFT,42,validation,10,,,,,val_Dice,0.7579,20893,2601,26335,9756,run/sthelar40x_klt_5class_slideind_foldB_lora_adaptformer_r8_a8_red16_heads_e10_seed42/log/2026-08-20T112527_sthelar40x_klt_5class_slideind_foldB_lora_adaptformer_r8_a8_red16_heads_e10_seed42/logs.log,Validation curve is descriptive only and is never used as canonical TEST evidence
training_curve,Liver,B,Generalist Selected PEFT,42,validation,10,,,,,val_Jaccard,0.6409,20893,2601,26335,9756,run/sthelar40x_klt_5class_slideind_foldB_lora_adaptformer_r8_a8_red16_heads_e10_seed42/log/2026-08-20T112527_sthelar40x_klt_5class_slideind_foldB_lora_adaptformer_r8_a8_red16_heads_e10_seed42/logs.log,Validation curve is descriptive only and is never used as canonical TEST evidence
training_curve,Liver,B,Generalist Selected PEFT,42,validation,10,,,,,val_bPQ,0.4751,20893,2601,26335,9756,run/sthelar40x_klt_5class_slideind_foldB_lora_adaptformer_r8_a8_red16_heads_e10_seed42/log/2026-08-20T112527_sthelar40x_klt_5class_slideind_foldB_lora_adaptformer_r8_a8_red16_heads_e10_seed42/logs.log,Validation curve is descriptive only and is never used as canonical TEST evidence
training_curve,Liver,B,Generalist Selected PEFT,42,validation,10,,,,,val_mPQ,0.2813,20893,2601,26335,9756,run/sthelar40x_klt_5class_slideind_foldB_lora_adaptformer_r8_a8_red16_heads_e10_seed42/log/2026-08-20T112527_sthelar40x_klt_5class_slideind_foldB_lora_adaptformer_r8_a8_red16_heads_e10_seed42/logs.log,Validation curve is descriptive only and is never used as canonical TEST evidence
dataset_summary,Liver,B,Tissue-specific Selected PEFT,42,,,,,,,,,8174,992,20427,9756,run/sthelar40x_liver_5class_slideind_foldB_lora_adaptformer_r8_a8_red16_heads_e10_seed42/log/2026-08-29T060941_sthelar40x_liver_5class_slideind_foldB_lora_adaptformer_r8_a8_red16_heads_e10_seed42/inference_results.json,Test metrics and test class counts use exact generalist/specialist patch-ID intersection
class_distribution,Liver,B,Tissue-specific Selected PEFT,42,train,,Immune,,63296,0.215887308571,,,8174,992,20427,9756,run/sthelar40x_liver_5class_slideind_foldB_lora_adaptformer_r8_a8_red16_heads_e10_seed42/log/2026-08-29T060941_sthelar40x_liver_5class_slideind_foldB_lora_adaptformer_r8_a8_red16_heads_e10_seed42/inference_results.json,Patch-level nucleus annotation occurrences; overlapping patches may repeat a biological cell
class_distribution,Liver,B,Tissue-specific Selected PEFT,42,train,,Stromal,,68778,0.234585081347,,,8174,992,20427,9756,run/sthelar40x_liver_5class_slideind_foldB_lora_adaptformer_r8_a8_red16_heads_e10_seed42/log/2026-08-29T060941_sthelar40x_liver_5class_slideind_foldB_lora_adaptformer_r8_a8_red16_heads_e10_seed42/inference_results.json,Patch-level nucleus annotation occurrences; overlapping patches may repeat a biological cell
class_distribution,Liver,B,Tissue-specific Selected PEFT,42,train,,Epithelial,,160100,0.546062280432,,,8174,992,20427,9756,run/sthelar40x_liver_5class_slideind_foldB_lora_adaptformer_r8_a8_red16_heads_e10_seed42/log/2026-08-29T060941_sthelar40x_liver_5class_slideind_foldB_lora_adaptformer_r8_a8_red16_heads_e10_seed42/inference_results.json,Patch-level nucleus annotation occurrences; overlapping patches may repeat a biological cell
class_distribution,Liver,B,Tissue-specific Selected PEFT,42,train,,Melanocyte,,0,0,,,8174,992,20427,9756,run/sthelar40x_liver_5class_slideind_foldB_lora_adaptformer_r8_a8_red16_heads_e10_seed42/log/2026-08-29T060941_sthelar40x_liver_5class_slideind_foldB_lora_adaptformer_r8_a8_red16_heads_e10_seed42/inference_results.json,Patch-level nucleus annotation occurrences; overlapping patches may repeat a biological cell
class_distribution,Liver,B,Tissue-specific Selected PEFT,42,train,,Other,,1016,0.00346532964972,,,8174,992,20427,9756,run/sthelar40x_liver_5class_slideind_foldB_lora_adaptformer_r8_a8_red16_heads_e10_seed42/log/2026-08-29T060941_sthelar40x_liver_5class_slideind_foldB_lora_adaptformer_r8_a8_red16_heads_e10_seed42/inference_results.json,Patch-level nucleus annotation occurrences; overlapping patches may repeat a biological cell
class_distribution,Liver,B,Tissue-specific Selected PEFT,42,validation,,Immune,,3916,0.14109169519,,,8174,992,20427,9756,run/sthelar40x_liver_5class_slideind_foldB_lora_adaptformer_r8_a8_red16_heads_e10_seed42/log/2026-08-29T060941_sthelar40x_liver_5class_slideind_foldB_lora_adaptformer_r8_a8_red16_heads_e10_seed42/inference_results.json,Patch-level nucleus annotation occurrences; overlapping patches may repeat a biological cell
class_distribution,Liver,B,Tissue-specific Selected PEFT,42,validation,,Stromal,,5019,0.180832282472,,,8174,992,20427,9756,run/sthelar40x_liver_5class_slideind_foldB_lora_adaptformer_r8_a8_red16_heads_e10_seed42/log/2026-08-29T060941_sthelar40x_liver_5class_slideind_foldB_lora_adaptformer_r8_a8_red16_heads_e10_seed42/inference_results.json,Patch-level nucleus annotation occurrences; overlapping patches may repeat a biological cell
class_distribution,Liver,B,Tissue-specific Selected PEFT,42,validation,,Epithelial,,18702,0.67382453612,,,8174,992,20427,9756,run/sthelar40x_liver_5class_slideind_foldB_lora_adaptformer_r8_a8_red16_heads_e10_seed42/log/2026-08-29T060941_sthelar40x_liver_5class_slideind_foldB_lora_adaptformer_r8_a8_red16_heads_e10_seed42/inference_results.json,Patch-level nucleus annotation occurrences; overlapping patches may repeat a biological cell
class_distribution,Liver,B,Tissue-specific Selected PEFT,42,validation,,Melanocyte,,0,0,,,8174,992,20427,9756,run/sthelar40x_liver_5class_slideind_foldB_lora_adaptformer_r8_a8_red16_heads_e10_seed42/log/2026-08-29T060941_sthelar40x_liver_5class_slideind_foldB_lora_adaptformer_r8_a8_red16_heads_e10_seed42/inference_results.json,Patch-level nucleus annotation occurrences; overlapping patches may repeat a biological cell
class_distribution,Liver,B,Tissue-specific Selected PEFT,42,validation,,Other,,118,0.0042514862187,,,8174,992,20427,9756,run/sthelar40x_liver_5class_slideind_foldB_lora_adaptformer_r8_a8_red16_heads_e10_seed42/log/2026-08-29T060941_sthelar40x_liver_5class_slideind_foldB_lora_adaptformer_r8_a8_red16_heads_e10_seed42/inference_results.json,Patch-level nucleus annotation occurrences; overlapping patches may repeat a biological cell
class_distribution,Liver,B,Tissue-specific Selected PEFT,42,matched_test,,Immune,,51384,0.2205605872,,,8174,992,20427,9756,run/sthelar40x_liver_5class_slideind_foldB_lora_adaptformer_r8_a8_red16_heads_e10_seed42/log/2026-08-29T060941_sthelar40x_liver_5class_slideind_foldB_lora_adaptformer_r8_a8_red16_heads_e10_seed42/inference_results.json,Patch-level nucleus annotation occurrences; overlapping patches may repeat a biological cell
class_distribution,Liver,B,Tissue-specific Selected PEFT,42,matched_test,,Stromal,,47080,0.202086105507,,,8174,992,20427,9756,run/sthelar40x_liver_5class_slideind_foldB_lora_adaptformer_r8_a8_red16_heads_e10_seed42/log/2026-08-29T060941_sthelar40x_liver_5class_slideind_foldB_lora_adaptformer_r8_a8_red16_heads_e10_seed42/inference_results.json,Patch-level nucleus annotation occurrences; overlapping patches may repeat a biological cell
class_distribution,Liver,B,Tissue-specific Selected PEFT,42,matched_test,,Epithelial,,131891,0.566128686097,,,8174,992,20427,9756,run/sthelar40x_liver_5class_slideind_foldB_lora_adaptformer_r8_a8_red16_heads_e10_seed42/log/2026-08-29T060941_sthelar40x_liver_5class_slideind_foldB_lora_adaptformer_r8_a8_red16_heads_e10_seed42/inference_results.json,Patch-level nucleus annotation occurrences; overlapping patches may repeat a biological cell
class_distribution,Liver,B,Tissue-specific Selected PEFT,42,matched_test,,Melanocyte,,0,0,,,8174,992,20427,9756,run/sthelar40x_liver_5class_slideind_foldB_lora_adaptformer_r8_a8_red16_heads_e10_seed42/log/2026-08-29T060941_sthelar40x_liver_5class_slideind_foldB_lora_adaptformer_r8_a8_red16_heads_e10_seed42/inference_results.json,Patch-level nucleus annotation occurrences; overlapping patches may repeat a biological cell
class_distribution,Liver,B,Tissue-specific Selected PEFT,42,matched_test,,Other,,2615,0.0112246211959,,,8174,992,20427,9756,run/sthelar40x_liver_5class_slideind_foldB_lora_adaptformer_r8_a8_red16_heads_e10_seed42/log/2026-08-29T060941_sthelar40x_liver_5class_slideind_foldB_lora_adaptformer_r8_a8_red16_heads_e10_seed42/inference_results.json,Patch-level nucleus annotation occurrences; overlapping patches may repeat a biological cell
matched_test_metric,Liver,B,Tissue-specific Selected PEFT,42,matched_test,,,,,,Dice,0.777125748182,8174,992,20427,9756,run/sthelar40x_liver_5class_slideind_foldB_lora_adaptformer_r8_a8_red16_heads_e10_seed42/log/2026-08-29T060941_sthelar40x_liver_5class_slideind_foldB_lora_adaptformer_r8_a8_red16_heads_e10_seed42/inference_results.json,
matched_test_metric,Liver,B,Tissue-specific Selected PEFT,42,matched_test,,,,,,Jaccard,0.65151175939,8174,992,20427,9756,run/sthelar40x_liver_5class_slideind_foldB_lora_adaptformer_r8_a8_red16_heads_e10_seed42/log/2026-08-29T060941_sthelar40x_liver_5class_slideind_foldB_lora_adaptformer_r8_a8_red16_heads_e10_seed42/inference_results.json,
matched_test_metric,Liver,B,Tissue-specific Selected PEFT,42,matched_test,,,,,,bPQ,0.522544052539,8174,992,20427,9756,run/sthelar40x_liver_5class_slideind_foldB_lora_adaptformer_r8_a8_red16_heads_e10_seed42/log/2026-08-29T060941_sthelar40x_liver_5class_slideind_foldB_lora_adaptformer_r8_a8_red16_heads_e10_seed42/inference_results.json,
matched_test_metric,Liver,B,Tissue-specific Selected PEFT,42,matched_test,,,,,,mPQ,0.245518684311,8174,992,20427,9756,run/sthelar40x_liver_5class_slideind_foldB_lora_adaptformer_r8_a8_red16_heads_e10_seed42/log/2026-08-29T060941_sthelar40x_liver_5class_slideind_foldB_lora_adaptformer_r8_a8_red16_heads_e10_seed42/inference_results.json,
matched_test_metric,Liver,B,Tissue-specific Selected PEFT,42,matched_test,,,,,,F1det,0.883610839417,8174,992,20427,9756,run/sthelar40x_liver_5class_slideind_foldB_lora_adaptformer_r8_a8_red16_heads_e10_seed42/log/2026-08-29T060941_sthelar40x_liver_5class_slideind_foldB_lora_adaptformer_r8_a8_red16_heads_e10_seed42/inference_results.json,
matched_test_metric,Liver,B,Tissue-specific Selected PEFT,42,matched_test,,,,,,F1type,0.404709095488,8174,992,20427,9756,run/sthelar40x_liver_5class_slideind_foldB_lora_adaptformer_r8_a8_red16_heads_e10_seed42/log/2026-08-29T060941_sthelar40x_liver_5class_slideind_foldB_lora_adaptformer_r8_a8_red16_heads_e10_seed42/inference_results.json,
matched_class_metric,Liver,B,Tissue-specific Selected PEFT,42,matched_test,,Immune,,,,matched_true_support,42576,8174,992,20427,9756,run/sthelar40x_liver_5class_slideind_foldB_lora_adaptformer_r8_a8_red16_heads_e10_seed42/log/2026-08-29T060941_sthelar40x_liver_5class_slideind_foldB_lora_adaptformer_r8_a8_red16_heads_e10_seed42/inference_results.json,Type F1 is calculated from paired foreground confusion only
matched_class_metric,Liver,B,Tissue-specific Selected PEFT,42,matched_test,,Immune,,,,total_true_support,50671,8174,992,20427,9756,run/sthelar40x_liver_5class_slideind_foldB_lora_adaptformer_r8_a8_red16_heads_e10_seed42/log/2026-08-29T060941_sthelar40x_liver_5class_slideind_foldB_lora_adaptformer_r8_a8_red16_heads_e10_seed42/inference_results.json,Type F1 is calculated from paired foreground confusion only
matched_class_metric,Liver,B,Tissue-specific Selected PEFT,42,matched_test,,Immune,,,,paired_type_F1,0.331430016985,8174,992,20427,9756,run/sthelar40x_liver_5class_slideind_foldB_lora_adaptformer_r8_a8_red16_heads_e10_seed42/log/2026-08-29T060941_sthelar40x_liver_5class_slideind_foldB_lora_adaptformer_r8_a8_red16_heads_e10_seed42/inference_results.json,Type F1 is calculated from paired foreground confusion only
predicted_class_frequency,Liver,B,Tissue-specific Selected PEFT,42,matched_test,,,Immune,13852,0.0657318433103,,,8174,992,20427,9756,run/sthelar40x_liver_5class_slideind_foldB_lora_adaptformer_r8_a8_red16_heads_e10_seed42/log/2026-08-29T060941_sthelar40x_liver_5class_slideind_foldB_lora_adaptformer_r8_a8_red16_heads_e10_seed42/inference_results.json,Foreground predicted instances; unmatched predictions included
matched_class_metric,Liver,B,Tissue-specific Selected PEFT,42,matched_test,,Stromal,,,,matched_true_support,36438,8174,992,20427,9756,run/sthelar40x_liver_5class_slideind_foldB_lora_adaptformer_r8_a8_red16_heads_e10_seed42/log/2026-08-29T060941_sthelar40x_liver_5class_slideind_foldB_lora_adaptformer_r8_a8_red16_heads_e10_seed42/inference_results.json,Type F1 is calculated from paired foreground confusion only
matched_class_metric,Liver,B,Tissue-specific Selected PEFT,42,matched_test,,Stromal,,,,total_true_support,46367,8174,992,20427,9756,run/sthelar40x_liver_5class_slideind_foldB_lora_adaptformer_r8_a8_red16_heads_e10_seed42/log/2026-08-29T060941_sthelar40x_liver_5class_slideind_foldB_lora_adaptformer_r8_a8_red16_heads_e10_seed42/inference_results.json,Type F1 is calculated from paired foreground confusion only
matched_class_metric,Liver,B,Tissue-specific Selected PEFT,42,matched_test,,Stromal,,,,paired_type_F1,0.468220375585,8174,992,20427,9756,run/sthelar40x_liver_5class_slideind_foldB_lora_adaptformer_r8_a8_red16_heads_e10_seed42/log/2026-08-29T060941_sthelar40x_liver_5class_slideind_foldB_lora_adaptformer_r8_a8_red16_heads_e10_seed42/inference_results.json,Type F1 is calculated from paired foreground confusion only
predicted_class_frequency,Liver,B,Tissue-specific Selected PEFT,42,matched_test,,,Stromal,24011,0.113939307661,,,8174,992,20427,9756,run/sthelar40x_liver_5class_slideind_foldB_lora_adaptformer_r8_a8_red16_heads_e10_seed42/log/2026-08-29T060941_sthelar40x_liver_5class_slideind_foldB_lora_adaptformer_r8_a8_red16_heads_e10_seed42/inference_results.json,Foreground predicted instances; unmatched predictions included
matched_class_metric,Liver,B,Tissue-specific Selected PEFT,42,matched_test,,Epithelial,,,,matched_true_support,114334,8174,992,20427,9756,run/sthelar40x_liver_5class_slideind_foldB_lora_adaptformer_r8_a8_red16_heads_e10_seed42/log/2026-08-29T060941_sthelar40x_liver_5class_slideind_foldB_lora_adaptformer_r8_a8_red16_heads_e10_seed42/inference_results.json,Type F1 is calculated from paired foreground confusion only
matched_class_metric,Liver,B,Tissue-specific Selected PEFT,42,matched_test,,Epithelial,,,,total_true_support,130087,8174,992,20427,9756,run/sthelar40x_liver_5class_slideind_foldB_lora_adaptformer_r8_a8_red16_heads_e10_seed42/log/2026-08-29T060941_sthelar40x_liver_5class_slideind_foldB_lora_adaptformer_r8_a8_red16_heads_e10_seed42/inference_results.json,Type F1 is calculated from paired foreground confusion only
matched_class_metric,Liver,B,Tissue-specific Selected PEFT,42,matched_test,,Epithelial,,,,paired_type_F1,0.81918598938,8174,992,20427,9756,run/sthelar40x_liver_5class_slideind_foldB_lora_adaptformer_r8_a8_red16_heads_e10_seed42/log/2026-08-29T060941_sthelar40x_liver_5class_slideind_foldB_lora_adaptformer_r8_a8_red16_heads_e10_seed42/inference_results.json,Type F1 is calculated from paired foreground confusion only
predicted_class_frequency,Liver,B,Tissue-specific Selected PEFT,42,matched_test,,,Epithelial,172872,0.820328849028,,,8174,992,20427,9756,run/sthelar40x_liver_5class_slideind_foldB_lora_adaptformer_r8_a8_red16_heads_e10_seed42/log/2026-08-29T060941_sthelar40x_liver_5class_slideind_foldB_lora_adaptformer_r8_a8_red16_heads_e10_seed42/inference_results.json,Foreground predicted instances; unmatched predictions included
matched_class_metric,Liver,B,Tissue-specific Selected PEFT,42,matched_test,,Melanocyte,,,,matched_true_support,0,8174,992,20427,9756,run/sthelar40x_liver_5class_slideind_foldB_lora_adaptformer_r8_a8_red16_heads_e10_seed42/log/2026-08-29T060941_sthelar40x_liver_5class_slideind_foldB_lora_adaptformer_r8_a8_red16_heads_e10_seed42/inference_results.json,Type F1 is calculated from paired foreground confusion only
matched_class_metric,Liver,B,Tissue-specific Selected PEFT,42,matched_test,,Melanocyte,,,,total_true_support,0,8174,992,20427,9756,run/sthelar40x_liver_5class_slideind_foldB_lora_adaptformer_r8_a8_red16_heads_e10_seed42/log/2026-08-29T060941_sthelar40x_liver_5class_slideind_foldB_lora_adaptformer_r8_a8_red16_heads_e10_seed42/inference_results.json,Type F1 is calculated from paired foreground confusion only
matched_class_metric,Liver,B,Tissue-specific Selected PEFT,42,matched_test,,Melanocyte,,,,paired_type_F1,nan,8174,992,20427,9756,run/sthelar40x_liver_5class_slideind_foldB_lora_adaptformer_r8_a8_red16_heads_e10_seed42/log/2026-08-29T060941_sthelar40x_liver_5class_slideind_foldB_lora_adaptformer_r8_a8_red16_heads_e10_seed42/inference_results.json,Type F1 is calculated from paired foreground confusion only
predicted_class_frequency,Liver,B,Tissue-specific Selected PEFT,42,matched_test,,,Melanocyte,0,0,,,8174,992,20427,9756,run/sthelar40x_liver_5class_slideind_foldB_lora_adaptformer_r8_a8_red16_heads_e10_seed42/log/2026-08-29T060941_sthelar40x_liver_5class_slideind_foldB_lora_adaptformer_r8_a8_red16_heads_e10_seed42/inference_results.json,Foreground predicted instances; unmatched predictions included
matched_class_metric,Liver,B,Tissue-specific Selected PEFT,42,matched_test,,Other,,,,matched_true_support,1292,8174,992,20427,9756,run/sthelar40x_liver_5class_slideind_foldB_lora_adaptformer_r8_a8_red16_heads_e10_seed42/log/2026-08-29T060941_sthelar40x_liver_5class_slideind_foldB_lora_adaptformer_r8_a8_red16_heads_e10_seed42/inference_results.json,Type F1 is calculated from paired foreground confusion only
matched_class_metric,Liver,B,Tissue-specific Selected PEFT,42,matched_test,,Other,,,,total_true_support,2567,8174,992,20427,9756,run/sthelar40x_liver_5class_slideind_foldB_lora_adaptformer_r8_a8_red16_heads_e10_seed42/log/2026-08-29T060941_sthelar40x_liver_5class_slideind_foldB_lora_adaptformer_r8_a8_red16_heads_e10_seed42/inference_results.json,Type F1 is calculated from paired foreground confusion only
matched_class_metric,Liver,B,Tissue-specific Selected PEFT,42,matched_test,,Other,,,,paired_type_F1,0,8174,992,20427,9756,run/sthelar40x_liver_5class_slideind_foldB_lora_adaptformer_r8_a8_red16_heads_e10_seed42/log/2026-08-29T060941_sthelar40x_liver_5class_slideind_foldB_lora_adaptformer_r8_a8_red16_heads_e10_seed42/inference_results.json,Type F1 is calculated from paired foreground confusion only
predicted_class_frequency,Liver,B,Tissue-specific Selected PEFT,42,matched_test,,,Other,0,0,,,8174,992,20427,9756,run/sthelar40x_liver_5class_slideind_foldB_lora_adaptformer_r8_a8_red16_heads_e10_seed42/log/2026-08-29T060941_sthelar40x_liver_5class_slideind_foldB_lora_adaptformer_r8_a8_red16_heads_e10_seed42/inference_results.json,Foreground predicted instances; unmatched predictions included
paired_confusion,Liver,B,Tissue-specific Selected PEFT,42,matched_test,,Background,Background,2,,,,8174,992,20427,9756,run/sthelar40x_liver_5class_slideind_foldB_lora_adaptformer_r8_a8_red16_heads_e10_seed42/log/2026-08-29T060941_sthelar40x_liver_5class_slideind_foldB_lora_adaptformer_r8_a8_red16_heads_e10_seed42/inference_results.json,"Rows=true, columns=predicted; exact matched patch intersection"
paired_confusion,Liver,B,Tissue-specific Selected PEFT,42,matched_test,,Background,Immune,0,,,,8174,992,20427,9756,run/sthelar40x_liver_5class_slideind_foldB_lora_adaptformer_r8_a8_red16_heads_e10_seed42/log/2026-08-29T060941_sthelar40x_liver_5class_slideind_foldB_lora_adaptformer_r8_a8_red16_heads_e10_seed42/inference_results.json,"Rows=true, columns=predicted; exact matched patch intersection"
paired_confusion,Liver,B,Tissue-specific Selected PEFT,42,matched_test,,Background,Stromal,0,,,,8174,992,20427,9756,run/sthelar40x_liver_5class_slideind_foldB_lora_adaptformer_r8_a8_red16_heads_e10_seed42/log/2026-08-29T060941_sthelar40x_liver_5class_slideind_foldB_lora_adaptformer_r8_a8_red16_heads_e10_seed42/inference_results.json,"Rows=true, columns=predicted; exact matched patch intersection"
paired_confusion,Liver,B,Tissue-specific Selected PEFT,42,matched_test,,Background,Epithelial,0,,,,8174,992,20427,9756,run/sthelar40x_liver_5class_slideind_foldB_lora_adaptformer_r8_a8_red16_heads_e10_seed42/log/2026-08-29T060941_sthelar40x_liver_5class_slideind_foldB_lora_adaptformer_r8_a8_red16_heads_e10_seed42/inference_results.json,"Rows=true, columns=predicted; exact matched patch intersection"
paired_confusion,Liver,B,Tissue-specific Selected PEFT,42,matched_test,,Background,Melanocyte,0,,,,8174,992,20427,9756,run/sthelar40x_liver_5class_slideind_foldB_lora_adaptformer_r8_a8_red16_heads_e10_seed42/log/2026-08-29T060941_sthelar40x_liver_5class_slideind_foldB_lora_adaptformer_r8_a8_red16_heads_e10_seed42/inference_results.json,"Rows=true, columns=predicted; exact matched patch intersection"
paired_confusion,Liver,B,Tissue-specific Selected PEFT,42,matched_test,,Background,Other,0,,,,8174,992,20427,9756,run/sthelar40x_liver_5class_slideind_foldB_lora_adaptformer_r8_a8_red16_heads_e10_seed42/log/2026-08-29T060941_sthelar40x_liver_5class_slideind_foldB_lora_adaptformer_r8_a8_red16_heads_e10_seed42/inference_results.json,"Rows=true, columns=predicted; exact matched patch intersection"
paired_confusion,Liver,B,Tissue-specific Selected PEFT,42,matched_test,,Immune,Background,10,,,,8174,992,20427,9756,run/sthelar40x_liver_5class_slideind_foldB_lora_adaptformer_r8_a8_red16_heads_e10_seed42/log/2026-08-29T060941_sthelar40x_liver_5class_slideind_foldB_lora_adaptformer_r8_a8_red16_heads_e10_seed42/inference_results.json,"Rows=true, columns=predicted; exact matched patch intersection"
paired_confusion,Liver,B,Tissue-specific Selected PEFT,42,matched_test,,Immune,Immune,9171,,,,8174,992,20427,9756,run/sthelar40x_liver_5class_slideind_foldB_lora_adaptformer_r8_a8_red16_heads_e10_seed42/log/2026-08-29T060941_sthelar40x_liver_5class_slideind_foldB_lora_adaptformer_r8_a8_red16_heads_e10_seed42/inference_results.json,"Rows=true, columns=predicted; exact matched patch intersection"
paired_confusion,Liver,B,Tissue-specific Selected PEFT,42,matched_test,,Immune,Stromal,6538,,,,8174,992,20427,9756,run/sthelar40x_liver_5class_slideind_foldB_lora_adaptformer_r8_a8_red16_heads_e10_seed42/log/2026-08-29T060941_sthelar40x_liver_5class_slideind_foldB_lora_adaptformer_r8_a8_red16_heads_e10_seed42/inference_results.json,"Rows=true, columns=predicted; exact matched patch intersection"
paired_confusion,Liver,B,Tissue-specific Selected PEFT,42,matched_test,,Immune,Epithelial,26867,,,,8174,992,20427,9756,run/sthelar40x_liver_5class_slideind_foldB_lora_adaptformer_r8_a8_red16_heads_e10_seed42/log/2026-08-29T060941_sthelar40x_liver_5class_slideind_foldB_lora_adaptformer_r8_a8_red16_heads_e10_seed42/inference_results.json,"Rows=true, columns=predicted; exact matched patch intersection"
paired_confusion,Liver,B,Tissue-specific Selected PEFT,42,matched_test,,Immune,Melanocyte,0,,,,8174,992,20427,9756,run/sthelar40x_liver_5class_slideind_foldB_lora_adaptformer_r8_a8_red16_heads_e10_seed42/log/2026-08-29T060941_sthelar40x_liver_5class_slideind_foldB_lora_adaptformer_r8_a8_red16_heads_e10_seed42/inference_results.json,"Rows=true, columns=predicted; exact matched patch intersection"
paired_confusion,Liver,B,Tissue-specific Selected PEFT,42,matched_test,,Immune,Other,0,,,,8174,992,20427,9756,run/sthelar40x_liver_5class_slideind_foldB_lora_adaptformer_r8_a8_red16_heads_e10_seed42/log/2026-08-29T060941_sthelar40x_liver_5class_slideind_foldB_lora_adaptformer_r8_a8_red16_heads_e10_seed42/inference_results.json,"Rows=true, columns=predicted; exact matched patch intersection"
paired_confusion,Liver,B,Tissue-specific Selected PEFT,42,matched_test,,Stromal,Background,14,,,,8174,992,20427,9756,run/sthelar40x_liver_5class_slideind_foldB_lora_adaptformer_r8_a8_red16_heads_e10_seed42/log/2026-08-29T060941_sthelar40x_liver_5class_slideind_foldB_lora_adaptformer_r8_a8_red16_heads_e10_seed42/inference_results.json,"Rows=true, columns=predicted; exact matched patch intersection"
paired_confusion,Liver,B,Tissue-specific Selected PEFT,42,matched_test,,Stromal,Immune,2615,,,,8174,992,20427,9756,run/sthelar40x_liver_5class_slideind_foldB_lora_adaptformer_r8_a8_red16_heads_e10_seed42/log/2026-08-29T060941_sthelar40x_liver_5class_slideind_foldB_lora_adaptformer_r8_a8_red16_heads_e10_seed42/inference_results.json,"Rows=true, columns=predicted; exact matched patch intersection"
paired_confusion,Liver,B,Tissue-specific Selected PEFT,42,matched_test,,Stromal,Stromal,13551,,,,8174,992,20427,9756,run/sthelar40x_liver_5class_slideind_foldB_lora_adaptformer_r8_a8_red16_heads_e10_seed42/log/2026-08-29T060941_sthelar40x_liver_5class_slideind_foldB_lora_adaptformer_r8_a8_red16_heads_e10_seed42/inference_results.json,"Rows=true, columns=predicted; exact matched patch intersection"
paired_confusion,Liver,B,Tissue-specific Selected PEFT,42,matched_test,,Stromal,Epithelial,20272,,,,8174,992,20427,9756,run/sthelar40x_liver_5class_slideind_foldB_lora_adaptformer_r8_a8_red16_heads_e10_seed42/log/2026-08-29T060941_sthelar40x_liver_5class_slideind_foldB_lora_adaptformer_r8_a8_red16_heads_e10_seed42/inference_results.json,"Rows=true, columns=predicted; exact matched patch intersection"
paired_confusion,Liver,B,Tissue-specific Selected PEFT,42,matched_test,,Stromal,Melanocyte,0,,,,8174,992,20427,9756,run/sthelar40x_liver_5class_slideind_foldB_lora_adaptformer_r8_a8_red16_heads_e10_seed42/log/2026-08-29T060941_sthelar40x_liver_5class_slideind_foldB_lora_adaptformer_r8_a8_red16_heads_e10_seed42/inference_results.json,"Rows=true, columns=predicted; exact matched patch intersection"
paired_confusion,Liver,B,Tissue-specific Selected PEFT,42,matched_test,,Stromal,Other,0,,,,8174,992,20427,9756,run/sthelar40x_liver_5class_slideind_foldB_lora_adaptformer_r8_a8_red16_heads_e10_seed42/log/2026-08-29T060941_sthelar40x_liver_5class_slideind_foldB_lora_adaptformer_r8_a8_red16_heads_e10_seed42/inference_results.json,"Rows=true, columns=predicted; exact matched patch intersection"
paired_confusion,Liver,B,Tissue-specific Selected PEFT,42,matched_test,,Epithelial,Background,14,,,,8174,992,20427,9756,run/sthelar40x_liver_5class_slideind_foldB_lora_adaptformer_r8_a8_red16_heads_e10_seed42/log/2026-08-29T060941_sthelar40x_liver_5class_slideind_foldB_lora_adaptformer_r8_a8_red16_heads_e10_seed42/inference_results.json,"Rows=true, columns=predicted; exact matched patch intersection"
paired_confusion,Liver,B,Tissue-specific Selected PEFT,42,matched_test,,Epithelial,Immune,581,,,,8174,992,20427,9756,run/sthelar40x_liver_5class_slideind_foldB_lora_adaptformer_r8_a8_red16_heads_e10_seed42/log/2026-08-29T060941_sthelar40x_liver_5class_slideind_foldB_lora_adaptformer_r8_a8_red16_heads_e10_seed42/inference_results.json,"Rows=true, columns=predicted; exact matched patch intersection"
paired_confusion,Liver,B,Tissue-specific Selected PEFT,42,matched_test,,Epithelial,Stromal,1212,,,,8174,992,20427,9756,run/sthelar40x_liver_5class_slideind_foldB_lora_adaptformer_r8_a8_red16_heads_e10_seed42/log/2026-08-29T060941_sthelar40x_liver_5class_slideind_foldB_lora_adaptformer_r8_a8_red16_heads_e10_seed42/inference_results.json,"Rows=true, columns=predicted; exact matched patch intersection"
paired_confusion,Liver,B,Tissue-specific Selected PEFT,42,matched_test,,Epithelial,Epithelial,112541,,,,8174,992,20427,9756,run/sthelar40x_liver_5class_slideind_foldB_lora_adaptformer_r8_a8_red16_heads_e10_seed42/log/2026-08-29T060941_sthelar40x_liver_5class_slideind_foldB_lora_adaptformer_r8_a8_red16_heads_e10_seed42/inference_results.json,"Rows=true, columns=predicted; exact matched patch intersection"
paired_confusion,Liver,B,Tissue-specific Selected PEFT,42,matched_test,,Epithelial,Melanocyte,0,,,,8174,992,20427,9756,run/sthelar40x_liver_5class_slideind_foldB_lora_adaptformer_r8_a8_red16_heads_e10_seed42/log/2026-08-29T060941_sthelar40x_liver_5class_slideind_foldB_lora_adaptformer_r8_a8_red16_heads_e10_seed42/inference_results.json,"Rows=true, columns=predicted; exact matched patch intersection"
paired_confusion,Liver,B,Tissue-specific Selected PEFT,42,matched_test,,Epithelial,Other,0,,,,8174,992,20427,9756,run/sthelar40x_liver_5class_slideind_foldB_lora_adaptformer_r8_a8_red16_heads_e10_seed42/log/2026-08-29T060941_sthelar40x_liver_5class_slideind_foldB_lora_adaptformer_r8_a8_red16_heads_e10_seed42/inference_results.json,"Rows=true, columns=predicted; exact matched patch intersection"
paired_confusion,Liver,B,Tissue-specific Selected PEFT,42,matched_test,,Melanocyte,Background,0,,,,8174,992,20427,9756,run/sthelar40x_liver_5class_slideind_foldB_lora_adaptformer_r8_a8_red16_heads_e10_seed42/log/2026-08-29T060941_sthelar40x_liver_5class_slideind_foldB_lora_adaptformer_r8_a8_red16_heads_e10_seed42/inference_results.json,"Rows=true, columns=predicted; exact matched patch intersection"
paired_confusion,Liver,B,Tissue-specific Selected PEFT,42,matched_test,,Melanocyte,Immune,0,,,,8174,992,20427,9756,run/sthelar40x_liver_5class_slideind_foldB_lora_adaptformer_r8_a8_red16_heads_e10_seed42/log/2026-08-29T060941_sthelar40x_liver_5class_slideind_foldB_lora_adaptformer_r8_a8_red16_heads_e10_seed42/inference_results.json,"Rows=true, columns=predicted; exact matched patch intersection"
paired_confusion,Liver,B,Tissue-specific Selected PEFT,42,matched_test,,Melanocyte,Stromal,0,,,,8174,992,20427,9756,run/sthelar40x_liver_5class_slideind_foldB_lora_adaptformer_r8_a8_red16_heads_e10_seed42/log/2026-08-29T060941_sthelar40x_liver_5class_slideind_foldB_lora_adaptformer_r8_a8_red16_heads_e10_seed42/inference_results.json,"Rows=true, columns=predicted; exact matched patch intersection"
paired_confusion,Liver,B,Tissue-specific Selected PEFT,42,matched_test,,Melanocyte,Epithelial,0,,,,8174,992,20427,9756,run/sthelar40x_liver_5class_slideind_foldB_lora_adaptformer_r8_a8_red16_heads_e10_seed42/log/2026-08-29T060941_sthelar40x_liver_5class_slideind_foldB_lora_adaptformer_r8_a8_red16_heads_e10_seed42/inference_results.json,"Rows=true, columns=predicted; exact matched patch intersection"
paired_confusion,Liver,B,Tissue-specific Selected PEFT,42,matched_test,,Melanocyte,Melanocyte,0,,,,8174,992,20427,9756,run/sthelar40x_liver_5class_slideind_foldB_lora_adaptformer_r8_a8_red16_heads_e10_seed42/log/2026-08-29T060941_sthelar40x_liver_5class_slideind_foldB_lora_adaptformer_r8_a8_red16_heads_e10_seed42/inference_results.json,"Rows=true, columns=predicted; exact matched patch intersection"
paired_confusion,Liver,B,Tissue-specific Selected PEFT,42,matched_test,,Melanocyte,Other,0,,,,8174,992,20427,9756,run/sthelar40x_liver_5class_slideind_foldB_lora_adaptformer_r8_a8_red16_heads_e10_seed42/log/2026-08-29T060941_sthelar40x_liver_5class_slideind_foldB_lora_adaptformer_r8_a8_red16_heads_e10_seed42/inference_results.json,"Rows=true, columns=predicted; exact matched patch intersection"
paired_confusion,Liver,B,Tissue-specific Selected PEFT,42,matched_test,,Other,Background,2,,,,8174,992,20427,9756,run/sthelar40x_liver_5class_slideind_foldB_lora_adaptformer_r8_a8_red16_heads_e10_seed42/log/2026-08-29T060941_sthelar40x_liver_5class_slideind_foldB_lora_adaptformer_r8_a8_red16_heads_e10_seed42/inference_results.json,"Rows=true, columns=predicted; exact matched patch intersection"
paired_confusion,Liver,B,Tissue-specific Selected PEFT,42,matched_test,,Other,Immune,399,,,,8174,992,20427,9756,run/sthelar40x_liver_5class_slideind_foldB_lora_adaptformer_r8_a8_red16_heads_e10_seed42/log/2026-08-29T060941_sthelar40x_liver_5class_slideind_foldB_lora_adaptformer_r8_a8_red16_heads_e10_seed42/inference_results.json,"Rows=true, columns=predicted; exact matched patch intersection"
paired_confusion,Liver,B,Tissue-specific Selected PEFT,42,matched_test,,Other,Stromal,144,,,,8174,992,20427,9756,run/sthelar40x_liver_5class_slideind_foldB_lora_adaptformer_r8_a8_red16_heads_e10_seed42/log/2026-08-29T060941_sthelar40x_liver_5class_slideind_foldB_lora_adaptformer_r8_a8_red16_heads_e10_seed42/inference_results.json,"Rows=true, columns=predicted; exact matched patch intersection"
paired_confusion,Liver,B,Tissue-specific Selected PEFT,42,matched_test,,Other,Epithelial,749,,,,8174,992,20427,9756,run/sthelar40x_liver_5class_slideind_foldB_lora_adaptformer_r8_a8_red16_heads_e10_seed42/log/2026-08-29T060941_sthelar40x_liver_5class_slideind_foldB_lora_adaptformer_r8_a8_red16_heads_e10_seed42/inference_results.json,"Rows=true, columns=predicted; exact matched patch intersection"
paired_confusion,Liver,B,Tissue-specific Selected PEFT,42,matched_test,,Other,Melanocyte,0,,,,8174,992,20427,9756,run/sthelar40x_liver_5class_slideind_foldB_lora_adaptformer_r8_a8_red16_heads_e10_seed42/log/2026-08-29T060941_sthelar40x_liver_5class_slideind_foldB_lora_adaptformer_r8_a8_red16_heads_e10_seed42/inference_results.json,"Rows=true, columns=predicted; exact matched patch intersection"
paired_confusion,Liver,B,Tissue-specific Selected PEFT,42,matched_test,,Other,Other,0,,,,8174,992,20427,9756,run/sthelar40x_liver_5class_slideind_foldB_lora_adaptformer_r8_a8_red16_heads_e10_seed42/log/2026-08-29T060941_sthelar40x_liver_5class_slideind_foldB_lora_adaptformer_r8_a8_red16_heads_e10_seed42/inference_results.json,"Rows=true, columns=predicted; exact matched patch intersection"
distribution_shift_summary,Liver,B,Tissue-specific Selected PEFT,42,train_to_matched_test,,,,,,total_variation,0.0324989758394,8174,992,20427,9756,run/sthelar40x_liver_5class_slideind_foldB_lora_adaptformer_r8_a8_red16_heads_e10_seed42/log/2026-08-29T060941_sthelar40x_liver_5class_slideind_foldB_lora_adaptformer_r8_a8_red16_heads_e10_seed42/inference_results.json,
distribution_shift_summary,Liver,B,Tissue-specific Selected PEFT,42,train_to_matched_test,,,,,,jensen_shannon_bits,0.00257782772225,8174,992,20427,9756,run/sthelar40x_liver_5class_slideind_foldB_lora_adaptformer_r8_a8_red16_heads_e10_seed42/log/2026-08-29T060941_sthelar40x_liver_5class_slideind_foldB_lora_adaptformer_r8_a8_red16_heads_e10_seed42/inference_results.json,
distribution_shift_class,Liver,B,Tissue-specific Selected PEFT,42,train_to_matched_test,,Immune,,,,frequency_delta_test_minus_train,0.00467327862884,8174,992,20427,9756,run/sthelar40x_liver_5class_slideind_foldB_lora_adaptformer_r8_a8_red16_heads_e10_seed42/log/2026-08-29T060941_sthelar40x_liver_5class_slideind_foldB_lora_adaptformer_r8_a8_red16_heads_e10_seed42/inference_results.json,
distribution_shift_class,Liver,B,Tissue-specific Selected PEFT,42,train_to_matched_test,,Immune,,,,train_to_test_frequency_ratio,0.978811814531,8174,992,20427,9756,run/sthelar40x_liver_5class_slideind_foldB_lora_adaptformer_r8_a8_red16_heads_e10_seed42/log/2026-08-29T060941_sthelar40x_liver_5class_slideind_foldB_lora_adaptformer_r8_a8_red16_heads_e10_seed42/inference_results.json,
distribution_shift_class,Liver,B,Tissue-specific Selected PEFT,42,train_to_matched_test,,Stromal,,,,frequency_delta_test_minus_train,-0.0324989758394,8174,992,20427,9756,run/sthelar40x_liver_5class_slideind_foldB_lora_adaptformer_r8_a8_red16_heads_e10_seed42/log/2026-08-29T060941_sthelar40x_liver_5class_slideind_foldB_lora_adaptformer_r8_a8_red16_heads_e10_seed42/inference_results.json,
distribution_shift_class,Liver,B,Tissue-specific Selected PEFT,42,train_to_matched_test,,Stromal,,,,train_to_test_frequency_ratio,1.16081746817,8174,992,20427,9756,run/sthelar40x_liver_5class_slideind_foldB_lora_adaptformer_r8_a8_red16_heads_e10_seed42/log/2026-08-29T060941_sthelar40x_liver_5class_slideind_foldB_lora_adaptformer_r8_a8_red16_heads_e10_seed42/inference_results.json,
distribution_shift_class,Liver,B,Tissue-specific Selected PEFT,42,train_to_matched_test,,Epithelial,,,,frequency_delta_test_minus_train,0.0200664056644,8174,992,20427,9756,run/sthelar40x_liver_5class_slideind_foldB_lora_adaptformer_r8_a8_red16_heads_e10_seed42/log/2026-08-29T060941_sthelar40x_liver_5class_slideind_foldB_lora_adaptformer_r8_a8_red16_heads_e10_seed42/inference_results.json,
distribution_shift_class,Liver,B,Tissue-specific Selected PEFT,42,train_to_matched_test,,Epithelial,,,,train_to_test_frequency_ratio,0.964555045245,8174,992,20427,9756,run/sthelar40x_liver_5class_slideind_foldB_lora_adaptformer_r8_a8_red16_heads_e10_seed42/log/2026-08-29T060941_sthelar40x_liver_5class_slideind_foldB_lora_adaptformer_r8_a8_red16_heads_e10_seed42/inference_results.json,
distribution_shift_class,Liver,B,Tissue-specific Selected PEFT,42,train_to_matched_test,,Melanocyte,,,,frequency_delta_test_minus_train,0,8174,992,20427,9756,run/sthelar40x_liver_5class_slideind_foldB_lora_adaptformer_r8_a8_red16_heads_e10_seed42/log/2026-08-29T060941_sthelar40x_liver_5class_slideind_foldB_lora_adaptformer_r8_a8_red16_heads_e10_seed42/inference_results.json,
distribution_shift_class,Liver,B,Tissue-specific Selected PEFT,42,train_to_matched_test,,Melanocyte,,,,train_to_test_frequency_ratio,nan,8174,992,20427,9756,run/sthelar40x_liver_5class_slideind_foldB_lora_adaptformer_r8_a8_red16_heads_e10_seed42/log/2026-08-29T060941_sthelar40x_liver_5class_slideind_foldB_lora_adaptformer_r8_a8_red16_heads_e10_seed42/inference_results.json,
distribution_shift_class,Liver,B,Tissue-specific Selected PEFT,42,train_to_matched_test,,Other,,,,frequency_delta_test_minus_train,0.00775929154615,8174,992,20427,9756,run/sthelar40x_liver_5class_slideind_foldB_lora_adaptformer_r8_a8_red16_heads_e10_seed42/log/2026-08-29T060941_sthelar40x_liver_5class_slideind_foldB_lora_adaptformer_r8_a8_red16_heads_e10_seed42/inference_results.json,
distribution_shift_class,Liver,B,Tissue-specific Selected PEFT,42,train_to_matched_test,,Other,,,,train_to_test_frequency_ratio,0.308725754682,8174,992,20427,9756,run/sthelar40x_liver_5class_slideind_foldB_lora_adaptformer_r8_a8_red16_heads_e10_seed42/log/2026-08-29T060941_sthelar40x_liver_5class_slideind_foldB_lora_adaptformer_r8_a8_red16_heads_e10_seed42/inference_results.json,
training_curve,Liver,B,Tissue-specific Selected PEFT,42,train,1,,,,,train_loss,8.4789,8174,992,20427,9756,run/sthelar40x_liver_5class_slideind_foldB_lora_adaptformer_r8_a8_red16_heads_e10_seed42/log/2026-08-29T060941_sthelar40x_liver_5class_slideind_foldB_lora_adaptformer_r8_a8_red16_heads_e10_seed42/logs.log,Validation curve is descriptive only and is never used as canonical TEST evidence
training_curve,Liver,B,Tissue-specific Selected PEFT,42,train,1,,,,,train_Dice,0.7725,8174,992,20427,9756,run/sthelar40x_liver_5class_slideind_foldB_lora_adaptformer_r8_a8_red16_heads_e10_seed42/log/2026-08-29T060941_sthelar40x_liver_5class_slideind_foldB_lora_adaptformer_r8_a8_red16_heads_e10_seed42/logs.log,Validation curve is descriptive only and is never used as canonical TEST evidence
training_curve,Liver,B,Tissue-specific Selected PEFT,42,train,1,,,,,train_Jaccard,0.6424,8174,992,20427,9756,run/sthelar40x_liver_5class_slideind_foldB_lora_adaptformer_r8_a8_red16_heads_e10_seed42/log/2026-08-29T060941_sthelar40x_liver_5class_slideind_foldB_lora_adaptformer_r8_a8_red16_heads_e10_seed42/logs.log,Validation curve is descriptive only and is never used as canonical TEST evidence
training_curve,Liver,B,Tissue-specific Selected PEFT,42,validation,1,,,,,val_loss,6.2572,8174,992,20427,9756,run/sthelar40x_liver_5class_slideind_foldB_lora_adaptformer_r8_a8_red16_heads_e10_seed42/log/2026-08-29T060941_sthelar40x_liver_5class_slideind_foldB_lora_adaptformer_r8_a8_red16_heads_e10_seed42/logs.log,Validation curve is descriptive only and is never used as canonical TEST evidence
training_curve,Liver,B,Tissue-specific Selected PEFT,42,validation,1,,,,,val_Dice,0.8048,8174,992,20427,9756,run/sthelar40x_liver_5class_slideind_foldB_lora_adaptformer_r8_a8_red16_heads_e10_seed42/log/2026-08-29T060941_sthelar40x_liver_5class_slideind_foldB_lora_adaptformer_r8_a8_red16_heads_e10_seed42/logs.log,Validation curve is descriptive only and is never used as canonical TEST evidence
training_curve,Liver,B,Tissue-specific Selected PEFT,42,validation,1,,,,,val_Jaccard,0.6936,8174,992,20427,9756,run/sthelar40x_liver_5class_slideind_foldB_lora_adaptformer_r8_a8_red16_heads_e10_seed42/log/2026-08-29T060941_sthelar40x_liver_5class_slideind_foldB_lora_adaptformer_r8_a8_red16_heads_e10_seed42/logs.log,Validation curve is descriptive only and is never used as canonical TEST evidence
training_curve,Liver,B,Tissue-specific Selected PEFT,42,validation,1,,,,,val_bPQ,0.536,8174,992,20427,9756,run/sthelar40x_liver_5class_slideind_foldB_lora_adaptformer_r8_a8_red16_heads_e10_seed42/log/2026-08-29T060941_sthelar40x_liver_5class_slideind_foldB_lora_adaptformer_r8_a8_red16_heads_e10_seed42/logs.log,Validation curve is descriptive only and is never used as canonical TEST evidence
training_curve,Liver,B,Tissue-specific Selected PEFT,42,validation,1,,,,,val_mPQ,0.2974,8174,992,20427,9756,run/sthelar40x_liver_5class_slideind_foldB_lora_adaptformer_r8_a8_red16_heads_e10_seed42/log/2026-08-29T060941_sthelar40x_liver_5class_slideind_foldB_lora_adaptformer_r8_a8_red16_heads_e10_seed42/logs.log,Validation curve is descriptive only and is never used as canonical TEST evidence
training_curve,Liver,B,Tissue-specific Selected PEFT,42,train,2,,,,,train_loss,6.0902,8174,992,20427,9756,run/sthelar40x_liver_5class_slideind_foldB_lora_adaptformer_r8_a8_red16_heads_e10_seed42/log/2026-08-29T060941_sthelar40x_liver_5class_slideind_foldB_lora_adaptformer_r8_a8_red16_heads_e10_seed42/logs.log,Validation curve is descriptive only and is never used as canonical TEST evidence
training_curve,Liver,B,Tissue-specific Selected PEFT,42,train,2,,,,,train_Dice,0.7826,8174,992,20427,9756,run/sthelar40x_liver_5class_slideind_foldB_lora_adaptformer_r8_a8_red16_heads_e10_seed42/log/2026-08-29T060941_sthelar40x_liver_5class_slideind_foldB_lora_adaptformer_r8_a8_red16_heads_e10_seed42/logs.log,Validation curve is descriptive only and is never used as canonical TEST evidence
training_curve,Liver,B,Tissue-specific Selected PEFT,42,train,2,,,,,train_Jaccard,0.6548,8174,992,20427,9756,run/sthelar40x_liver_5class_slideind_foldB_lora_adaptformer_r8_a8_red16_heads_e10_seed42/log/2026-08-29T060941_sthelar40x_liver_5class_slideind_foldB_lora_adaptformer_r8_a8_red16_heads_e10_seed42/logs.log,Validation curve is descriptive only and is never used as canonical TEST evidence
training_curve,Liver,B,Tissue-specific Selected PEFT,42,validation,2,,,,,val_loss,5.5238,8174,992,20427,9756,run/sthelar40x_liver_5class_slideind_foldB_lora_adaptformer_r8_a8_red16_heads_e10_seed42/log/2026-08-29T060941_sthelar40x_liver_5class_slideind_foldB_lora_adaptformer_r8_a8_red16_heads_e10_seed42/logs.log,Validation curve is descriptive only and is never used as canonical TEST evidence
training_curve,Liver,B,Tissue-specific Selected PEFT,42,validation,2,,,,,val_Dice,0.8126,8174,992,20427,9756,run/sthelar40x_liver_5class_slideind_foldB_lora_adaptformer_r8_a8_red16_heads_e10_seed42/log/2026-08-29T060941_sthelar40x_liver_5class_slideind_foldB_lora_adaptformer_r8_a8_red16_heads_e10_seed42/logs.log,Validation curve is descriptive only and is never used as canonical TEST evidence
training_curve,Liver,B,Tissue-specific Selected PEFT,42,validation,2,,,,,val_Jaccard,0.7015,8174,992,20427,9756,run/sthelar40x_liver_5class_slideind_foldB_lora_adaptformer_r8_a8_red16_heads_e10_seed42/log/2026-08-29T060941_sthelar40x_liver_5class_slideind_foldB_lora_adaptformer_r8_a8_red16_heads_e10_seed42/logs.log,Validation curve is descriptive only and is never used as canonical TEST evidence
training_curve,Liver,B,Tissue-specific Selected PEFT,42,validation,2,,,,,val_bPQ,0.5411,8174,992,20427,9756,run/sthelar40x_liver_5class_slideind_foldB_lora_adaptformer_r8_a8_red16_heads_e10_seed42/log/2026-08-29T060941_sthelar40x_liver_5class_slideind_foldB_lora_adaptformer_r8_a8_red16_heads_e10_seed42/logs.log,Validation curve is descriptive only and is never used as canonical TEST evidence
training_curve,Liver,B,Tissue-specific Selected PEFT,42,validation,2,,,,,val_mPQ,0.327,8174,992,20427,9756,run/sthelar40x_liver_5class_slideind_foldB_lora_adaptformer_r8_a8_red16_heads_e10_seed42/log/2026-08-29T060941_sthelar40x_liver_5class_slideind_foldB_lora_adaptformer_r8_a8_red16_heads_e10_seed42/logs.log,Validation curve is descriptive only and is never used as canonical TEST evidence
training_curve,Liver,B,Tissue-specific Selected PEFT,42,train,3,,,,,train_loss,5.5401,8174,992,20427,9756,run/sthelar40x_liver_5class_slideind_foldB_lora_adaptformer_r8_a8_red16_heads_e10_seed42/log/2026-08-29T060941_sthelar40x_liver_5class_slideind_foldB_lora_adaptformer_r8_a8_red16_heads_e10_seed42/logs.log,Validation curve is descriptive only and is never used as canonical TEST evidence
training_curve,Liver,B,Tissue-specific Selected PEFT,42,train,3,,,,,train_Dice,0.7973,8174,992,20427,9756,run/sthelar40x_liver_5class_slideind_foldB_lora_adaptformer_r8_a8_red16_heads_e10_seed42/log/2026-08-29T060941_sthelar40x_liver_5class_slideind_foldB_lora_adaptformer_r8_a8_red16_heads_e10_seed42/logs.log,Validation curve is descriptive only and is never used as canonical TEST evidence
training_curve,Liver,B,Tissue-specific Selected PEFT,42,train,3,,,,,train_Jaccard,0.6741,8174,992,20427,9756,run/sthelar40x_liver_5class_slideind_foldB_lora_adaptformer_r8_a8_red16_heads_e10_seed42/log/2026-08-29T060941_sthelar40x_liver_5class_slideind_foldB_lora_adaptformer_r8_a8_red16_heads_e10_seed42/logs.log,Validation curve is descriptive only and is never used as canonical TEST evidence
training_curve,Liver,B,Tissue-specific Selected PEFT,42,validation,3,,,,,val_loss,5.14,8174,992,20427,9756,run/sthelar40x_liver_5class_slideind_foldB_lora_adaptformer_r8_a8_red16_heads_e10_seed42/log/2026-08-29T060941_sthelar40x_liver_5class_slideind_foldB_lora_adaptformer_r8_a8_red16_heads_e10_seed42/logs.log,Validation curve is descriptive only and is never used as canonical TEST evidence
training_curve,Liver,B,Tissue-specific Selected PEFT,42,validation,3,,,,,val_Dice,0.8232,8174,992,20427,9756,run/sthelar40x_liver_5class_slideind_foldB_lora_adaptformer_r8_a8_red16_heads_e10_seed42/log/2026-08-29T060941_sthelar40x_liver_5class_slideind_foldB_lora_adaptformer_r8_a8_red16_heads_e10_seed42/logs.log,Validation curve is descriptive only and is never used as canonical TEST evidence
training_curve,Liver,B,Tissue-specific Selected PEFT,42,validation,3,,,,,val_Jaccard,0.7168,8174,992,20427,9756,run/sthelar40x_liver_5class_slideind_foldB_lora_adaptformer_r8_a8_red16_heads_e10_seed42/log/2026-08-29T060941_sthelar40x_liver_5class_slideind_foldB_lora_adaptformer_r8_a8_red16_heads_e10_seed42/logs.log,Validation curve is descriptive only and is never used as canonical TEST evidence
training_curve,Liver,B,Tissue-specific Selected PEFT,42,validation,3,,,,,val_bPQ,0.559,8174,992,20427,9756,run/sthelar40x_liver_5class_slideind_foldB_lora_adaptformer_r8_a8_red16_heads_e10_seed42/log/2026-08-29T060941_sthelar40x_liver_5class_slideind_foldB_lora_adaptformer_r8_a8_red16_heads_e10_seed42/logs.log,Validation curve is descriptive only and is never used as canonical TEST evidence
training_curve,Liver,B,Tissue-specific Selected PEFT,42,validation,3,,,,,val_mPQ,0.3509,8174,992,20427,9756,run/sthelar40x_liver_5class_slideind_foldB_lora_adaptformer_r8_a8_red16_heads_e10_seed42/log/2026-08-29T060941_sthelar40x_liver_5class_slideind_foldB_lora_adaptformer_r8_a8_red16_heads_e10_seed42/logs.log,Validation curve is descriptive only and is never used as canonical TEST evidence
training_curve,Liver,B,Tissue-specific Selected PEFT,42,train,4,,,,,train_loss,5.2389,8174,992,20427,9756,run/sthelar40x_liver_5class_slideind_foldB_lora_adaptformer_r8_a8_red16_heads_e10_seed42/log/2026-08-29T060941_sthelar40x_liver_5class_slideind_foldB_lora_adaptformer_r8_a8_red16_heads_e10_seed42/logs.log,Validation curve is descriptive only and is never used as canonical TEST evidence
training_curve,Liver,B,Tissue-specific Selected PEFT,42,train,4,,,,,train_Dice,0.8071,8174,992,20427,9756,run/sthelar40x_liver_5class_slideind_foldB_lora_adaptformer_r8_a8_red16_heads_e10_seed42/log/2026-08-29T060941_sthelar40x_liver_5class_slideind_foldB_lora_adaptformer_r8_a8_red16_heads_e10_seed42/logs.log,Validation curve is descriptive only and is never used as canonical TEST evidence
training_curve,Liver,B,Tissue-specific Selected PEFT,42,train,4,,,,,train_Jaccard,0.687,8174,992,20427,9756,run/sthelar40x_liver_5class_slideind_foldB_lora_adaptformer_r8_a8_red16_heads_e10_seed42/log/2026-08-29T060941_sthelar40x_liver_5class_slideind_foldB_lora_adaptformer_r8_a8_red16_heads_e10_seed42/logs.log,Validation curve is descriptive only and is never used as canonical TEST evidence
training_curve,Liver,B,Tissue-specific Selected PEFT,42,validation,4,,,,,val_loss,4.9856,8174,992,20427,9756,run/sthelar40x_liver_5class_slideind_foldB_lora_adaptformer_r8_a8_red16_heads_e10_seed42/log/2026-08-29T060941_sthelar40x_liver_5class_slideind_foldB_lora_adaptformer_r8_a8_red16_heads_e10_seed42/logs.log,Validation curve is descriptive only and is never used as canonical TEST evidence
training_curve,Liver,B,Tissue-specific Selected PEFT,42,validation,4,,,,,val_Dice,0.8257,8174,992,20427,9756,run/sthelar40x_liver_5class_slideind_foldB_lora_adaptformer_r8_a8_red16_heads_e10_seed42/log/2026-08-29T060941_sthelar40x_liver_5class_slideind_foldB_lora_adaptformer_r8_a8_red16_heads_e10_seed42/logs.log,Validation curve is descriptive only and is never used as canonical TEST evidence
training_curve,Liver,B,Tissue-specific Selected PEFT,42,validation,4,,,,,val_Jaccard,0.7226,8174,992,20427,9756,run/sthelar40x_liver_5class_slideind_foldB_lora_adaptformer_r8_a8_red16_heads_e10_seed42/log/2026-08-29T060941_sthelar40x_liver_5class_slideind_foldB_lora_adaptformer_r8_a8_red16_heads_e10_seed42/logs.log,Validation curve is descriptive only and is never used as canonical TEST evidence
training_curve,Liver,B,Tissue-specific Selected PEFT,42,validation,4,,,,,val_bPQ,0.5681,8174,992,20427,9756,run/sthelar40x_liver_5class_slideind_foldB_lora_adaptformer_r8_a8_red16_heads_e10_seed42/log/2026-08-29T060941_sthelar40x_liver_5class_slideind_foldB_lora_adaptformer_r8_a8_red16_heads_e10_seed42/logs.log,Validation curve is descriptive only and is never used as canonical TEST evidence
training_curve,Liver,B,Tissue-specific Selected PEFT,42,validation,4,,,,,val_mPQ,0.3695,8174,992,20427,9756,run/sthelar40x_liver_5class_slideind_foldB_lora_adaptformer_r8_a8_red16_heads_e10_seed42/log/2026-08-29T060941_sthelar40x_liver_5class_slideind_foldB_lora_adaptformer_r8_a8_red16_heads_e10_seed42/logs.log,Validation curve is descriptive only and is never used as canonical TEST evidence
training_curve,Liver,B,Tissue-specific Selected PEFT,42,train,5,,,,,train_loss,5.085,8174,992,20427,9756,run/sthelar40x_liver_5class_slideind_foldB_lora_adaptformer_r8_a8_red16_heads_e10_seed42/log/2026-08-29T060941_sthelar40x_liver_5class_slideind_foldB_lora_adaptformer_r8_a8_red16_heads_e10_seed42/logs.log,Validation curve is descriptive only and is never used as canonical TEST evidence
training_curve,Liver,B,Tissue-specific Selected PEFT,42,train,5,,,,,train_Dice,0.812,8174,992,20427,9756,run/sthelar40x_liver_5class_slideind_foldB_lora_adaptformer_r8_a8_red16_heads_e10_seed42/log/2026-08-29T060941_sthelar40x_liver_5class_slideind_foldB_lora_adaptformer_r8_a8_red16_heads_e10_seed42/logs.log,Validation curve is descriptive only and is never used as canonical TEST evidence
training_curve,Liver,B,Tissue-specific Selected PEFT,42,train,5,,,,,train_Jaccard,0.6968,8174,992,20427,9756,run/sthelar40x_liver_5class_slideind_foldB_lora_adaptformer_r8_a8_red16_heads_e10_seed42/log/2026-08-29T060941_sthelar40x_liver_5class_slideind_foldB_lora_adaptformer_r8_a8_red16_heads_e10_seed42/logs.log,Validation curve is descriptive only and is never used as canonical TEST evidence
training_curve,Liver,B,Tissue-specific Selected PEFT,42,validation,5,,,,,val_loss,4.838,8174,992,20427,9756,run/sthelar40x_liver_5class_slideind_foldB_lora_adaptformer_r8_a8_red16_heads_e10_seed42/log/2026-08-29T060941_sthelar40x_liver_5class_slideind_foldB_lora_adaptformer_r8_a8_red16_heads_e10_seed42/logs.log,Validation curve is descriptive only and is never used as canonical TEST evidence
training_curve,Liver,B,Tissue-specific Selected PEFT,42,validation,5,,,,,val_Dice,0.8324,8174,992,20427,9756,run/sthelar40x_liver_5class_slideind_foldB_lora_adaptformer_r8_a8_red16_heads_e10_seed42/log/2026-08-29T060941_sthelar40x_liver_5class_slideind_foldB_lora_adaptformer_r8_a8_red16_heads_e10_seed42/logs.log,Validation curve is descriptive only and is never used as canonical TEST evidence
training_curve,Liver,B,Tissue-specific Selected PEFT,42,validation,5,,,,,val_Jaccard,0.7295,8174,992,20427,9756,run/sthelar40x_liver_5class_slideind_foldB_lora_adaptformer_r8_a8_red16_heads_e10_seed42/log/2026-08-29T060941_sthelar40x_liver_5class_slideind_foldB_lora_adaptformer_r8_a8_red16_heads_e10_seed42/logs.log,Validation curve is descriptive only and is never used as canonical TEST evidence
training_curve,Liver,B,Tissue-specific Selected PEFT,42,validation,5,,,,,val_bPQ,0.5753,8174,992,20427,9756,run/sthelar40x_liver_5class_slideind_foldB_lora_adaptformer_r8_a8_red16_heads_e10_seed42/log/2026-08-29T060941_sthelar40x_liver_5class_slideind_foldB_lora_adaptformer_r8_a8_red16_heads_e10_seed42/logs.log,Validation curve is descriptive only and is never used as canonical TEST evidence
training_curve,Liver,B,Tissue-specific Selected PEFT,42,validation,5,,,,,val_mPQ,0.3811,8174,992,20427,9756,run/sthelar40x_liver_5class_slideind_foldB_lora_adaptformer_r8_a8_red16_heads_e10_seed42/log/2026-08-29T060941_sthelar40x_liver_5class_slideind_foldB_lora_adaptformer_r8_a8_red16_heads_e10_seed42/logs.log,Validation curve is descriptive only and is never used as canonical TEST evidence
training_curve,Liver,B,Tissue-specific Selected PEFT,42,train,6,,,,,train_loss,4.949,8174,992,20427,9756,run/sthelar40x_liver_5class_slideind_foldB_lora_adaptformer_r8_a8_red16_heads_e10_seed42/log/2026-08-29T060941_sthelar40x_liver_5class_slideind_foldB_lora_adaptformer_r8_a8_red16_heads_e10_seed42/logs.log,Validation curve is descriptive only and is never used as canonical TEST evidence
training_curve,Liver,B,Tissue-specific Selected PEFT,42,train,6,,,,,train_Dice,0.8154,8174,992,20427,9756,run/sthelar40x_liver_5class_slideind_foldB_lora_adaptformer_r8_a8_red16_heads_e10_seed42/log/2026-08-29T060941_sthelar40x_liver_5class_slideind_foldB_lora_adaptformer_r8_a8_red16_heads_e10_seed42/logs.log,Validation curve is descriptive only and is never used as canonical TEST evidence
training_curve,Liver,B,Tissue-specific Selected PEFT,42,train,6,,,,,train_Jaccard,0.7019,8174,992,20427,9756,run/sthelar40x_liver_5class_slideind_foldB_lora_adaptformer_r8_a8_red16_heads_e10_seed42/log/2026-08-29T060941_sthelar40x_liver_5class_slideind_foldB_lora_adaptformer_r8_a8_red16_heads_e10_seed42/logs.log,Validation curve is descriptive only and is never used as canonical TEST evidence
training_curve,Liver,B,Tissue-specific Selected PEFT,42,validation,6,,,,,val_loss,4.7376,8174,992,20427,9756,run/sthelar40x_liver_5class_slideind_foldB_lora_adaptformer_r8_a8_red16_heads_e10_seed42/log/2026-08-29T060941_sthelar40x_liver_5class_slideind_foldB_lora_adaptformer_r8_a8_red16_heads_e10_seed42/logs.log,Validation curve is descriptive only and is never used as canonical TEST evidence
training_curve,Liver,B,Tissue-specific Selected PEFT,42,validation,6,,,,,val_Dice,0.8317,8174,992,20427,9756,run/sthelar40x_liver_5class_slideind_foldB_lora_adaptformer_r8_a8_red16_heads_e10_seed42/log/2026-08-29T060941_sthelar40x_liver_5class_slideind_foldB_lora_adaptformer_r8_a8_red16_heads_e10_seed42/logs.log,Validation curve is descriptive only and is never used as canonical TEST evidence
training_curve,Liver,B,Tissue-specific Selected PEFT,42,validation,6,,,,,val_Jaccard,0.7285,8174,992,20427,9756,run/sthelar40x_liver_5class_slideind_foldB_lora_adaptformer_r8_a8_red16_heads_e10_seed42/log/2026-08-29T060941_sthelar40x_liver_5class_slideind_foldB_lora_adaptformer_r8_a8_red16_heads_e10_seed42/logs.log,Validation curve is descriptive only and is never used as canonical TEST evidence
training_curve,Liver,B,Tissue-specific Selected PEFT,42,validation,6,,,,,val_bPQ,0.5731,8174,992,20427,9756,run/sthelar40x_liver_5class_slideind_foldB_lora_adaptformer_r8_a8_red16_heads_e10_seed42/log/2026-08-29T060941_sthelar40x_liver_5class_slideind_foldB_lora_adaptformer_r8_a8_red16_heads_e10_seed42/logs.log,Validation curve is descriptive only and is never used as canonical TEST evidence
training_curve,Liver,B,Tissue-specific Selected PEFT,42,validation,6,,,,,val_mPQ,0.367,8174,992,20427,9756,run/sthelar40x_liver_5class_slideind_foldB_lora_adaptformer_r8_a8_red16_heads_e10_seed42/log/2026-08-29T060941_sthelar40x_liver_5class_slideind_foldB_lora_adaptformer_r8_a8_red16_heads_e10_seed42/logs.log,Validation curve is descriptive only and is never used as canonical TEST evidence
training_curve,Liver,B,Tissue-specific Selected PEFT,42,train,7,,,,,train_loss,4.8852,8174,992,20427,9756,run/sthelar40x_liver_5class_slideind_foldB_lora_adaptformer_r8_a8_red16_heads_e10_seed42/log/2026-08-29T060941_sthelar40x_liver_5class_slideind_foldB_lora_adaptformer_r8_a8_red16_heads_e10_seed42/logs.log,Validation curve is descriptive only and is never used as canonical TEST evidence
training_curve,Liver,B,Tissue-specific Selected PEFT,42,train,7,,,,,train_Dice,0.8178,8174,992,20427,9756,run/sthelar40x_liver_5class_slideind_foldB_lora_adaptformer_r8_a8_red16_heads_e10_seed42/log/2026-08-29T060941_sthelar40x_liver_5class_slideind_foldB_lora_adaptformer_r8_a8_red16_heads_e10_seed42/logs.log,Validation curve is descriptive only and is never used as canonical TEST evidence
training_curve,Liver,B,Tissue-specific Selected PEFT,42,train,7,,,,,train_Jaccard,0.704,8174,992,20427,9756,run/sthelar40x_liver_5class_slideind_foldB_lora_adaptformer_r8_a8_red16_heads_e10_seed42/log/2026-08-29T060941_sthelar40x_liver_5class_slideind_foldB_lora_adaptformer_r8_a8_red16_heads_e10_seed42/logs.log,Validation curve is descriptive only and is never used as canonical TEST evidence
training_curve,Liver,B,Tissue-specific Selected PEFT,42,validation,7,,,,,val_loss,4.678,8174,992,20427,9756,run/sthelar40x_liver_5class_slideind_foldB_lora_adaptformer_r8_a8_red16_heads_e10_seed42/log/2026-08-29T060941_sthelar40x_liver_5class_slideind_foldB_lora_adaptformer_r8_a8_red16_heads_e10_seed42/logs.log,Validation curve is descriptive only and is never used as canonical TEST evidence
training_curve,Liver,B,Tissue-specific Selected PEFT,42,validation,7,,,,,val_Dice,0.835,8174,992,20427,9756,run/sthelar40x_liver_5class_slideind_foldB_lora_adaptformer_r8_a8_red16_heads_e10_seed42/log/2026-08-29T060941_sthelar40x_liver_5class_slideind_foldB_lora_adaptformer_r8_a8_red16_heads_e10_seed42/logs.log,Validation curve is descriptive only and is never used as canonical TEST evidence
training_curve,Liver,B,Tissue-specific Selected PEFT,42,validation,7,,,,,val_Jaccard,0.7338,8174,992,20427,9756,run/sthelar40x_liver_5class_slideind_foldB_lora_adaptformer_r8_a8_red16_heads_e10_seed42/log/2026-08-29T060941_sthelar40x_liver_5class_slideind_foldB_lora_adaptformer_r8_a8_red16_heads_e10_seed42/logs.log,Validation curve is descriptive only and is never used as canonical TEST evidence
training_curve,Liver,B,Tissue-specific Selected PEFT,42,validation,7,,,,,val_bPQ,0.5802,8174,992,20427,9756,run/sthelar40x_liver_5class_slideind_foldB_lora_adaptformer_r8_a8_red16_heads_e10_seed42/log/2026-08-29T060941_sthelar40x_liver_5class_slideind_foldB_lora_adaptformer_r8_a8_red16_heads_e10_seed42/logs.log,Validation curve is descriptive only and is never used as canonical TEST evidence
training_curve,Liver,B,Tissue-specific Selected PEFT,42,validation,7,,,,,val_mPQ,0.3768,8174,992,20427,9756,run/sthelar40x_liver_5class_slideind_foldB_lora_adaptformer_r8_a8_red16_heads_e10_seed42/log/2026-08-29T060941_sthelar40x_liver_5class_slideind_foldB_lora_adaptformer_r8_a8_red16_heads_e10_seed42/logs.log,Validation curve is descriptive only and is never used as canonical TEST evidence
training_curve,Liver,B,Tissue-specific Selected PEFT,42,train,8,,,,,train_loss,4.8106,8174,992,20427,9756,run/sthelar40x_liver_5class_slideind_foldB_lora_adaptformer_r8_a8_red16_heads_e10_seed42/log/2026-08-29T060941_sthelar40x_liver_5class_slideind_foldB_lora_adaptformer_r8_a8_red16_heads_e10_seed42/logs.log,Validation curve is descriptive only and is never used as canonical TEST evidence
training_curve,Liver,B,Tissue-specific Selected PEFT,42,train,8,,,,,train_Dice,0.8192,8174,992,20427,9756,run/sthelar40x_liver_5class_slideind_foldB_lora_adaptformer_r8_a8_red16_heads_e10_seed42/log/2026-08-29T060941_sthelar40x_liver_5class_slideind_foldB_lora_adaptformer_r8_a8_red16_heads_e10_seed42/logs.log,Validation curve is descriptive only and is never used as canonical TEST evidence
training_curve,Liver,B,Tissue-specific Selected PEFT,42,train,8,,,,,train_Jaccard,0.708,8174,992,20427,9756,run/sthelar40x_liver_5class_slideind_foldB_lora_adaptformer_r8_a8_red16_heads_e10_seed42/log/2026-08-29T060941_sthelar40x_liver_5class_slideind_foldB_lora_adaptformer_r8_a8_red16_heads_e10_seed42/logs.log,Validation curve is descriptive only and is never used as canonical TEST evidence
training_curve,Liver,B,Tissue-specific Selected PEFT,42,validation,8,,,,,val_loss,4.6455,8174,992,20427,9756,run/sthelar40x_liver_5class_slideind_foldB_lora_adaptformer_r8_a8_red16_heads_e10_seed42/log/2026-08-29T060941_sthelar40x_liver_5class_slideind_foldB_lora_adaptformer_r8_a8_red16_heads_e10_seed42/logs.log,Validation curve is descriptive only and is never used as canonical TEST evidence
training_curve,Liver,B,Tissue-specific Selected PEFT,42,validation,8,,,,,val_Dice,0.8358,8174,992,20427,9756,run/sthelar40x_liver_5class_slideind_foldB_lora_adaptformer_r8_a8_red16_heads_e10_seed42/log/2026-08-29T060941_sthelar40x_liver_5class_slideind_foldB_lora_adaptformer_r8_a8_red16_heads_e10_seed42/logs.log,Validation curve is descriptive only and is never used as canonical TEST evidence
training_curve,Liver,B,Tissue-specific Selected PEFT,42,validation,8,,,,,val_Jaccard,0.7342,8174,992,20427,9756,run/sthelar40x_liver_5class_slideind_foldB_lora_adaptformer_r8_a8_red16_heads_e10_seed42/log/2026-08-29T060941_sthelar40x_liver_5class_slideind_foldB_lora_adaptformer_r8_a8_red16_heads_e10_seed42/logs.log,Validation curve is descriptive only and is never used as canonical TEST evidence
training_curve,Liver,B,Tissue-specific Selected PEFT,42,validation,8,,,,,val_bPQ,0.5824,8174,992,20427,9756,run/sthelar40x_liver_5class_slideind_foldB_lora_adaptformer_r8_a8_red16_heads_e10_seed42/log/2026-08-29T060941_sthelar40x_liver_5class_slideind_foldB_lora_adaptformer_r8_a8_red16_heads_e10_seed42/logs.log,Validation curve is descriptive only and is never used as canonical TEST evidence
training_curve,Liver,B,Tissue-specific Selected PEFT,42,validation,8,,,,,val_mPQ,0.386,8174,992,20427,9756,run/sthelar40x_liver_5class_slideind_foldB_lora_adaptformer_r8_a8_red16_heads_e10_seed42/log/2026-08-29T060941_sthelar40x_liver_5class_slideind_foldB_lora_adaptformer_r8_a8_red16_heads_e10_seed42/logs.log,Validation curve is descriptive only and is never used as canonical TEST evidence
training_curve,Liver,B,Tissue-specific Selected PEFT,42,train,9,,,,,train_loss,4.7612,8174,992,20427,9756,run/sthelar40x_liver_5class_slideind_foldB_lora_adaptformer_r8_a8_red16_heads_e10_seed42/log/2026-08-29T060941_sthelar40x_liver_5class_slideind_foldB_lora_adaptformer_r8_a8_red16_heads_e10_seed42/logs.log,Validation curve is descriptive only and is never used as canonical TEST evidence
training_curve,Liver,B,Tissue-specific Selected PEFT,42,train,9,,,,,train_Dice,0.8218,8174,992,20427,9756,run/sthelar40x_liver_5class_slideind_foldB_lora_adaptformer_r8_a8_red16_heads_e10_seed42/log/2026-08-29T060941_sthelar40x_liver_5class_slideind_foldB_lora_adaptformer_r8_a8_red16_heads_e10_seed42/logs.log,Validation curve is descriptive only and is never used as canonical TEST evidence
training_curve,Liver,B,Tissue-specific Selected PEFT,42,train,9,,,,,train_Jaccard,0.7089,8174,992,20427,9756,run/sthelar40x_liver_5class_slideind_foldB_lora_adaptformer_r8_a8_red16_heads_e10_seed42/log/2026-08-29T060941_sthelar40x_liver_5class_slideind_foldB_lora_adaptformer_r8_a8_red16_heads_e10_seed42/logs.log,Validation curve is descriptive only and is never used as canonical TEST evidence
training_curve,Liver,B,Tissue-specific Selected PEFT,42,validation,9,,,,,val_loss,4.5991,8174,992,20427,9756,run/sthelar40x_liver_5class_slideind_foldB_lora_adaptformer_r8_a8_red16_heads_e10_seed42/log/2026-08-29T060941_sthelar40x_liver_5class_slideind_foldB_lora_adaptformer_r8_a8_red16_heads_e10_seed42/logs.log,Validation curve is descriptive only and is never used as canonical TEST evidence
training_curve,Liver,B,Tissue-specific Selected PEFT,42,validation,9,,,,,val_Dice,0.8373,8174,992,20427,9756,run/sthelar40x_liver_5class_slideind_foldB_lora_adaptformer_r8_a8_red16_heads_e10_seed42/log/2026-08-29T060941_sthelar40x_liver_5class_slideind_foldB_lora_adaptformer_r8_a8_red16_heads_e10_seed42/logs.log,Validation curve is descriptive only and is never used as canonical TEST evidence
training_curve,Liver,B,Tissue-specific Selected PEFT,42,validation,9,,,,,val_Jaccard,0.7369,8174,992,20427,9756,run/sthelar40x_liver_5class_slideind_foldB_lora_adaptformer_r8_a8_red16_heads_e10_seed42/log/2026-08-29T060941_sthelar40x_liver_5class_slideind_foldB_lora_adaptformer_r8_a8_red16_heads_e10_seed42/logs.log,Validation curve is descriptive only and is never used as canonical TEST evidence
training_curve,Liver,B,Tissue-specific Selected PEFT,42,validation,9,,,,,val_bPQ,0.5855,8174,992,20427,9756,run/sthelar40x_liver_5class_slideind_foldB_lora_adaptformer_r8_a8_red16_heads_e10_seed42/log/2026-08-29T060941_sthelar40x_liver_5class_slideind_foldB_lora_adaptformer_r8_a8_red16_heads_e10_seed42/logs.log,Validation curve is descriptive only and is never used as canonical TEST evidence
training_curve,Liver,B,Tissue-specific Selected PEFT,42,validation,9,,,,,val_mPQ,0.3887,8174,992,20427,9756,run/sthelar40x_liver_5class_slideind_foldB_lora_adaptformer_r8_a8_red16_heads_e10_seed42/log/2026-08-29T060941_sthelar40x_liver_5class_slideind_foldB_lora_adaptformer_r8_a8_red16_heads_e10_seed42/logs.log,Validation curve is descriptive only and is never used as canonical TEST evidence
training_curve,Liver,B,Tissue-specific Selected PEFT,42,train,10,,,,,train_loss,4.699,8174,992,20427,9756,run/sthelar40x_liver_5class_slideind_foldB_lora_adaptformer_r8_a8_red16_heads_e10_seed42/log/2026-08-29T060941_sthelar40x_liver_5class_slideind_foldB_lora_adaptformer_r8_a8_red16_heads_e10_seed42/logs.log,Validation curve is descriptive only and is never used as canonical TEST evidence
training_curve,Liver,B,Tissue-specific Selected PEFT,42,train,10,,,,,train_Dice,0.8231,8174,992,20427,9756,run/sthelar40x_liver_5class_slideind_foldB_lora_adaptformer_r8_a8_red16_heads_e10_seed42/log/2026-08-29T060941_sthelar40x_liver_5class_slideind_foldB_lora_adaptformer_r8_a8_red16_heads_e10_seed42/logs.log,Validation curve is descriptive only and is never used as canonical TEST evidence
training_curve,Liver,B,Tissue-specific Selected PEFT,42,train,10,,,,,train_Jaccard,0.7128,8174,992,20427,9756,run/sthelar40x_liver_5class_slideind_foldB_lora_adaptformer_r8_a8_red16_heads_e10_seed42/log/2026-08-29T060941_sthelar40x_liver_5class_slideind_foldB_lora_adaptformer_r8_a8_red16_heads_e10_seed42/logs.log,Validation curve is descriptive only and is never used as canonical TEST evidence
training_curve,Liver,B,Tissue-specific Selected PEFT,42,validation,10,,,,,val_loss,4.5296,8174,992,20427,9756,run/sthelar40x_liver_5class_slideind_foldB_lora_adaptformer_r8_a8_red16_heads_e10_seed42/log/2026-08-29T060941_sthelar40x_liver_5class_slideind_foldB_lora_adaptformer_r8_a8_red16_heads_e10_seed42/logs.log,Validation curve is descriptive only and is never used as canonical TEST evidence
training_curve,Liver,B,Tissue-specific Selected PEFT,42,validation,10,,,,,val_Dice,0.8377,8174,992,20427,9756,run/sthelar40x_liver_5class_slideind_foldB_lora_adaptformer_r8_a8_red16_heads_e10_seed42/log/2026-08-29T060941_sthelar40x_liver_5class_slideind_foldB_lora_adaptformer_r8_a8_red16_heads_e10_seed42/logs.log,Validation curve is descriptive only and is never used as canonical TEST evidence
training_curve,Liver,B,Tissue-specific Selected PEFT,42,validation,10,,,,,val_Jaccard,0.7375,8174,992,20427,9756,run/sthelar40x_liver_5class_slideind_foldB_lora_adaptformer_r8_a8_red16_heads_e10_seed42/log/2026-08-29T060941_sthelar40x_liver_5class_slideind_foldB_lora_adaptformer_r8_a8_red16_heads_e10_seed42/logs.log,Validation curve is descriptive only and is never used as canonical TEST evidence
training_curve,Liver,B,Tissue-specific Selected PEFT,42,validation,10,,,,,val_bPQ,0.5848,8174,992,20427,9756,run/sthelar40x_liver_5class_slideind_foldB_lora_adaptformer_r8_a8_red16_heads_e10_seed42/log/2026-08-29T060941_sthelar40x_liver_5class_slideind_foldB_lora_adaptformer_r8_a8_red16_heads_e10_seed42/logs.log,Validation curve is descriptive only and is never used as canonical TEST evidence
training_curve,Liver,B,Tissue-specific Selected PEFT,42,validation,10,,,,,val_mPQ,0.3902,8174,992,20427,9756,run/sthelar40x_liver_5class_slideind_foldB_lora_adaptformer_r8_a8_red16_heads_e10_seed42/log/2026-08-29T060941_sthelar40x_liver_5class_slideind_foldB_lora_adaptformer_r8_a8_red16_heads_e10_seed42/logs.log,Validation curve is descriptive only and is never used as canonical TEST evidence
dataset_summary,Tonsil,A,Generalist Selected PEFT,42,,,,,,,,,24283,2052,23494,9879,run/sthelar40x_klt_5class_slideind_foldA_lora_adaptformer_r8_a8_red16_heads_e10_seed42/log/2026-08-19T105648_sthelar40x_klt_5class_slideind_foldA_lora_adaptformer_r8_a8_red16_heads_e10_seed42/inference_results.json,Test metrics and test class counts use exact generalist/specialist patch-ID intersection
class_distribution,Tonsil,A,Generalist Selected PEFT,42,train,,Immune,,798175,0.551180531434,,,24283,2052,23494,9879,run/sthelar40x_klt_5class_slideind_foldA_lora_adaptformer_r8_a8_red16_heads_e10_seed42/log/2026-08-19T105648_sthelar40x_klt_5class_slideind_foldA_lora_adaptformer_r8_a8_red16_heads_e10_seed42/inference_results.json,Patch-level nucleus annotation occurrences; overlapping patches may repeat a biological cell
class_distribution,Tonsil,A,Generalist Selected PEFT,42,train,,Stromal,,270672,0.186912815867,,,24283,2052,23494,9879,run/sthelar40x_klt_5class_slideind_foldA_lora_adaptformer_r8_a8_red16_heads_e10_seed42/log/2026-08-19T105648_sthelar40x_klt_5class_slideind_foldA_lora_adaptformer_r8_a8_red16_heads_e10_seed42/inference_results.json,Patch-level nucleus annotation occurrences; overlapping patches may repeat a biological cell
class_distribution,Tonsil,A,Generalist Selected PEFT,42,train,,Epithelial,,356338,0.246069556438,,,24283,2052,23494,9879,run/sthelar40x_klt_5class_slideind_foldA_lora_adaptformer_r8_a8_red16_heads_e10_seed42/log/2026-08-19T105648_sthelar40x_klt_5class_slideind_foldA_lora_adaptformer_r8_a8_red16_heads_e10_seed42/inference_results.json,Patch-level nucleus annotation occurrences; overlapping patches may repeat a biological cell
class_distribution,Tonsil,A,Generalist Selected PEFT,42,train,,Melanocyte,,0,0,,,24283,2052,23494,9879,run/sthelar40x_klt_5class_slideind_foldA_lora_adaptformer_r8_a8_red16_heads_e10_seed42/log/2026-08-19T105648_sthelar40x_klt_5class_slideind_foldA_lora_adaptformer_r8_a8_red16_heads_e10_seed42/inference_results.json,Patch-level nucleus annotation occurrences; overlapping patches may repeat a biological cell
class_distribution,Tonsil,A,Generalist Selected PEFT,42,train,,Other,,22934,0.0158370962607,,,24283,2052,23494,9879,run/sthelar40x_klt_5class_slideind_foldA_lora_adaptformer_r8_a8_red16_heads_e10_seed42/log/2026-08-19T105648_sthelar40x_klt_5class_slideind_foldA_lora_adaptformer_r8_a8_red16_heads_e10_seed42/inference_results.json,Patch-level nucleus annotation occurrences; overlapping patches may repeat a biological cell
class_distribution,Tonsil,A,Generalist Selected PEFT,42,validation,,Immune,,80971,0.599474346635,,,24283,2052,23494,9879,run/sthelar40x_klt_5class_slideind_foldA_lora_adaptformer_r8_a8_red16_heads_e10_seed42/log/2026-08-19T105648_sthelar40x_klt_5class_slideind_foldA_lora_adaptformer_r8_a8_red16_heads_e10_seed42/inference_results.json,Patch-level nucleus annotation occurrences; overlapping patches may repeat a biological cell
class_distribution,Tonsil,A,Generalist Selected PEFT,42,validation,,Stromal,,26407,0.195506033908,,,24283,2052,23494,9879,run/sthelar40x_klt_5class_slideind_foldA_lora_adaptformer_r8_a8_red16_heads_e10_seed42/log/2026-08-19T105648_sthelar40x_klt_5class_slideind_foldA_lora_adaptformer_r8_a8_red16_heads_e10_seed42/inference_results.json,Patch-level nucleus annotation occurrences; overlapping patches may repeat a biological cell
class_distribution,Tonsil,A,Generalist Selected PEFT,42,validation,,Epithelial,,26653,0.197327311764,,,24283,2052,23494,9879,run/sthelar40x_klt_5class_slideind_foldA_lora_adaptformer_r8_a8_red16_heads_e10_seed42/log/2026-08-19T105648_sthelar40x_klt_5class_slideind_foldA_lora_adaptformer_r8_a8_red16_heads_e10_seed42/inference_results.json,Patch-level nucleus annotation occurrences; overlapping patches may repeat a biological cell
class_distribution,Tonsil,A,Generalist Selected PEFT,42,validation,,Melanocyte,,0,0,,,24283,2052,23494,9879,run/sthelar40x_klt_5class_slideind_foldA_lora_adaptformer_r8_a8_red16_heads_e10_seed42/log/2026-08-19T105648_sthelar40x_klt_5class_slideind_foldA_lora_adaptformer_r8_a8_red16_heads_e10_seed42/inference_results.json,Patch-level nucleus annotation occurrences; overlapping patches may repeat a biological cell
class_distribution,Tonsil,A,Generalist Selected PEFT,42,validation,,Other,,1039,0.00769230769231,,,24283,2052,23494,9879,run/sthelar40x_klt_5class_slideind_foldA_lora_adaptformer_r8_a8_red16_heads_e10_seed42/log/2026-08-19T105648_sthelar40x_klt_5class_slideind_foldA_lora_adaptformer_r8_a8_red16_heads_e10_seed42/inference_results.json,Patch-level nucleus annotation occurrences; overlapping patches may repeat a biological cell
class_distribution,Tonsil,A,Generalist Selected PEFT,42,matched_test,,Immune,,527728,0.648046997799,,,24283,2052,23494,9879,run/sthelar40x_klt_5class_slideind_foldA_lora_adaptformer_r8_a8_red16_heads_e10_seed42/log/2026-08-19T105648_sthelar40x_klt_5class_slideind_foldA_lora_adaptformer_r8_a8_red16_heads_e10_seed42/inference_results.json,Patch-level nucleus annotation occurrences; overlapping patches may repeat a biological cell
class_distribution,Tonsil,A,Generalist Selected PEFT,42,matched_test,,Stromal,,163296,0.200526563974,,,24283,2052,23494,9879,run/sthelar40x_klt_5class_slideind_foldA_lora_adaptformer_r8_a8_red16_heads_e10_seed42/log/2026-08-19T105648_sthelar40x_klt_5class_slideind_foldA_lora_adaptformer_r8_a8_red16_heads_e10_seed42/inference_results.json,Patch-level nucleus annotation occurrences; overlapping patches may repeat a biological cell
class_distribution,Tonsil,A,Generalist Selected PEFT,42,matched_test,,Epithelial,,84208,0.103406947501,,,24283,2052,23494,9879,run/sthelar40x_klt_5class_slideind_foldA_lora_adaptformer_r8_a8_red16_heads_e10_seed42/log/2026-08-19T105648_sthelar40x_klt_5class_slideind_foldA_lora_adaptformer_r8_a8_red16_heads_e10_seed42/inference_results.json,Patch-level nucleus annotation occurrences; overlapping patches may repeat a biological cell
class_distribution,Tonsil,A,Generalist Selected PEFT,42,matched_test,,Melanocyte,,0,0,,,24283,2052,23494,9879,run/sthelar40x_klt_5class_slideind_foldA_lora_adaptformer_r8_a8_red16_heads_e10_seed42/log/2026-08-19T105648_sthelar40x_klt_5class_slideind_foldA_lora_adaptformer_r8_a8_red16_heads_e10_seed42/inference_results.json,Patch-level nucleus annotation occurrences; overlapping patches may repeat a biological cell
class_distribution,Tonsil,A,Generalist Selected PEFT,42,matched_test,,Other,,39104,0.0480194907262,,,24283,2052,23494,9879,run/sthelar40x_klt_5class_slideind_foldA_lora_adaptformer_r8_a8_red16_heads_e10_seed42/log/2026-08-19T105648_sthelar40x_klt_5class_slideind_foldA_lora_adaptformer_r8_a8_red16_heads_e10_seed42/inference_results.json,Patch-level nucleus annotation occurrences; overlapping patches may repeat a biological cell
matched_test_metric,Tonsil,A,Generalist Selected PEFT,42,matched_test,,,,,,Dice,0.734661586697,24283,2052,23494,9879,run/sthelar40x_klt_5class_slideind_foldA_lora_adaptformer_r8_a8_red16_heads_e10_seed42/log/2026-08-19T105648_sthelar40x_klt_5class_slideind_foldA_lora_adaptformer_r8_a8_red16_heads_e10_seed42/inference_results.json,
matched_test_metric,Tonsil,A,Generalist Selected PEFT,42,matched_test,,,,,,Jaccard,0.61072509474,24283,2052,23494,9879,run/sthelar40x_klt_5class_slideind_foldA_lora_adaptformer_r8_a8_red16_heads_e10_seed42/log/2026-08-19T105648_sthelar40x_klt_5class_slideind_foldA_lora_adaptformer_r8_a8_red16_heads_e10_seed42/inference_results.json,
matched_test_metric,Tonsil,A,Generalist Selected PEFT,42,matched_test,,,,,,bPQ,0.440846261732,24283,2052,23494,9879,run/sthelar40x_klt_5class_slideind_foldA_lora_adaptformer_r8_a8_red16_heads_e10_seed42/log/2026-08-19T105648_sthelar40x_klt_5class_slideind_foldA_lora_adaptformer_r8_a8_red16_heads_e10_seed42/inference_results.json,
matched_test_metric,Tonsil,A,Generalist Selected PEFT,42,matched_test,,,,,,mPQ,0.218818834453,24283,2052,23494,9879,run/sthelar40x_klt_5class_slideind_foldA_lora_adaptformer_r8_a8_red16_heads_e10_seed42/log/2026-08-19T105648_sthelar40x_klt_5class_slideind_foldA_lora_adaptformer_r8_a8_red16_heads_e10_seed42/inference_results.json,
matched_test_metric,Tonsil,A,Generalist Selected PEFT,42,matched_test,,,,,,F1det,0.827865872161,24283,2052,23494,9879,run/sthelar40x_klt_5class_slideind_foldA_lora_adaptformer_r8_a8_red16_heads_e10_seed42/log/2026-08-19T105648_sthelar40x_klt_5class_slideind_foldA_lora_adaptformer_r8_a8_red16_heads_e10_seed42/inference_results.json,
matched_test_metric,Tonsil,A,Generalist Selected PEFT,42,matched_test,,,,,,F1type,0.507272842171,24283,2052,23494,9879,run/sthelar40x_klt_5class_slideind_foldA_lora_adaptformer_r8_a8_red16_heads_e10_seed42/log/2026-08-19T105648_sthelar40x_klt_5class_slideind_foldA_lora_adaptformer_r8_a8_red16_heads_e10_seed42/inference_results.json,
matched_class_metric,Tonsil,A,Generalist Selected PEFT,42,matched_test,,Immune,,,,matched_true_support,428001,24283,2052,23494,9879,run/sthelar40x_klt_5class_slideind_foldA_lora_adaptformer_r8_a8_red16_heads_e10_seed42/log/2026-08-19T105648_sthelar40x_klt_5class_slideind_foldA_lora_adaptformer_r8_a8_red16_heads_e10_seed42/inference_results.json,Type F1 is calculated from paired foreground confusion only
matched_class_metric,Tonsil,A,Generalist Selected PEFT,42,matched_test,,Immune,,,,total_true_support,519982,24283,2052,23494,9879,run/sthelar40x_klt_5class_slideind_foldA_lora_adaptformer_r8_a8_red16_heads_e10_seed42/log/2026-08-19T105648_sthelar40x_klt_5class_slideind_foldA_lora_adaptformer_r8_a8_red16_heads_e10_seed42/inference_results.json,Type F1 is calculated from paired foreground confusion only
matched_class_metric,Tonsil,A,Generalist Selected PEFT,42,matched_test,,Immune,,,,paired_type_F1,0.842767470603,24283,2052,23494,9879,run/sthelar40x_klt_5class_slideind_foldA_lora_adaptformer_r8_a8_red16_heads_e10_seed42/log/2026-08-19T105648_sthelar40x_klt_5class_slideind_foldA_lora_adaptformer_r8_a8_red16_heads_e10_seed42/inference_results.json,Type F1 is calculated from paired foreground confusion only
predicted_class_frequency,Tonsil,A,Generalist Selected PEFT,42,matched_test,,,Immune,498361,0.686357845736,,,24283,2052,23494,9879,run/sthelar40x_klt_5class_slideind_foldA_lora_adaptformer_r8_a8_red16_heads_e10_seed42/log/2026-08-19T105648_sthelar40x_klt_5class_slideind_foldA_lora_adaptformer_r8_a8_red16_heads_e10_seed42/inference_results.json,Foreground predicted instances; unmatched predictions included
matched_class_metric,Tonsil,A,Generalist Selected PEFT,42,matched_test,,Stromal,,,,matched_true_support,121315,24283,2052,23494,9879,run/sthelar40x_klt_5class_slideind_foldA_lora_adaptformer_r8_a8_red16_heads_e10_seed42/log/2026-08-19T105648_sthelar40x_klt_5class_slideind_foldA_lora_adaptformer_r8_a8_red16_heads_e10_seed42/inference_results.json,Type F1 is calculated from paired foreground confusion only
matched_class_metric,Tonsil,A,Generalist Selected PEFT,42,matched_test,,Stromal,,,,total_true_support,160821,24283,2052,23494,9879,run/sthelar40x_klt_5class_slideind_foldA_lora_adaptformer_r8_a8_red16_heads_e10_seed42/log/2026-08-19T105648_sthelar40x_klt_5class_slideind_foldA_lora_adaptformer_r8_a8_red16_heads_e10_seed42/inference_results.json,Type F1 is calculated from paired foreground confusion only
matched_class_metric,Tonsil,A,Generalist Selected PEFT,42,matched_test,,Stromal,,,,paired_type_F1,0.508815595602,24283,2052,23494,9879,run/sthelar40x_klt_5class_slideind_foldA_lora_adaptformer_r8_a8_red16_heads_e10_seed42/log/2026-08-19T105648_sthelar40x_klt_5class_slideind_foldA_lora_adaptformer_r8_a8_red16_heads_e10_seed42/inference_results.json,Type F1 is calculated from paired foreground confusion only
predicted_class_frequency,Tonsil,A,Generalist Selected PEFT,42,matched_test,,,Stromal,114880,0.158216211377,,,24283,2052,23494,9879,run/sthelar40x_klt_5class_slideind_foldA_lora_adaptformer_r8_a8_red16_heads_e10_seed42/log/2026-08-19T105648_sthelar40x_klt_5class_slideind_foldA_lora_adaptformer_r8_a8_red16_heads_e10_seed42/inference_results.json,Foreground predicted instances; unmatched predictions included
matched_class_metric,Tonsil,A,Generalist Selected PEFT,42,matched_test,,Epithelial,,,,matched_true_support,65389,24283,2052,23494,9879,run/sthelar40x_klt_5class_slideind_foldA_lora_adaptformer_r8_a8_red16_heads_e10_seed42/log/2026-08-19T105648_sthelar40x_klt_5class_slideind_foldA_lora_adaptformer_r8_a8_red16_heads_e10_seed42/inference_results.json,Type F1 is calculated from paired foreground confusion only
matched_class_metric,Tonsil,A,Generalist Selected PEFT,42,matched_test,,Epithelial,,,,total_true_support,82911,24283,2052,23494,9879,run/sthelar40x_klt_5class_slideind_foldA_lora_adaptformer_r8_a8_red16_heads_e10_seed42/log/2026-08-19T105648_sthelar40x_klt_5class_slideind_foldA_lora_adaptformer_r8_a8_red16_heads_e10_seed42/inference_results.json,Type F1 is calculated from paired foreground confusion only
matched_class_metric,Tonsil,A,Generalist Selected PEFT,42,matched_test,,Epithelial,,,,paired_type_F1,0.677397572771,24283,2052,23494,9879,run/sthelar40x_klt_5class_slideind_foldA_lora_adaptformer_r8_a8_red16_heads_e10_seed42/log/2026-08-19T105648_sthelar40x_klt_5class_slideind_foldA_lora_adaptformer_r8_a8_red16_heads_e10_seed42/inference_results.json,Type F1 is calculated from paired foreground confusion only
predicted_class_frequency,Tonsil,A,Generalist Selected PEFT,42,matched_test,,,Epithelial,112849,0.155419056735,,,24283,2052,23494,9879,run/sthelar40x_klt_5class_slideind_foldA_lora_adaptformer_r8_a8_red16_heads_e10_seed42/log/2026-08-19T105648_sthelar40x_klt_5class_slideind_foldA_lora_adaptformer_r8_a8_red16_heads_e10_seed42/inference_results.json,Foreground predicted instances; unmatched predictions included
matched_class_metric,Tonsil,A,Generalist Selected PEFT,42,matched_test,,Melanocyte,,,,matched_true_support,0,24283,2052,23494,9879,run/sthelar40x_klt_5class_slideind_foldA_lora_adaptformer_r8_a8_red16_heads_e10_seed42/log/2026-08-19T105648_sthelar40x_klt_5class_slideind_foldA_lora_adaptformer_r8_a8_red16_heads_e10_seed42/inference_results.json,Type F1 is calculated from paired foreground confusion only
matched_class_metric,Tonsil,A,Generalist Selected PEFT,42,matched_test,,Melanocyte,,,,total_true_support,0,24283,2052,23494,9879,run/sthelar40x_klt_5class_slideind_foldA_lora_adaptformer_r8_a8_red16_heads_e10_seed42/log/2026-08-19T105648_sthelar40x_klt_5class_slideind_foldA_lora_adaptformer_r8_a8_red16_heads_e10_seed42/inference_results.json,Type F1 is calculated from paired foreground confusion only
matched_class_metric,Tonsil,A,Generalist Selected PEFT,42,matched_test,,Melanocyte,,,,paired_type_F1,nan,24283,2052,23494,9879,run/sthelar40x_klt_5class_slideind_foldA_lora_adaptformer_r8_a8_red16_heads_e10_seed42/log/2026-08-19T105648_sthelar40x_klt_5class_slideind_foldA_lora_adaptformer_r8_a8_red16_heads_e10_seed42/inference_results.json,Type F1 is calculated from paired foreground confusion only
predicted_class_frequency,Tonsil,A,Generalist Selected PEFT,42,matched_test,,,Melanocyte,0,0,,,24283,2052,23494,9879,run/sthelar40x_klt_5class_slideind_foldA_lora_adaptformer_r8_a8_red16_heads_e10_seed42/log/2026-08-19T105648_sthelar40x_klt_5class_slideind_foldA_lora_adaptformer_r8_a8_red16_heads_e10_seed42/inference_results.json,Foreground predicted instances; unmatched predictions included
matched_class_metric,Tonsil,A,Generalist Selected PEFT,42,matched_test,,Other,,,,matched_true_support,18059,24283,2052,23494,9879,run/sthelar40x_klt_5class_slideind_foldA_lora_adaptformer_r8_a8_red16_heads_e10_seed42/log/2026-08-19T105648_sthelar40x_klt_5class_slideind_foldA_lora_adaptformer_r8_a8_red16_heads_e10_seed42/inference_results.json,Type F1 is calculated from paired foreground confusion only
matched_class_metric,Tonsil,A,Generalist Selected PEFT,42,matched_test,,Other,,,,total_true_support,38511,24283,2052,23494,9879,run/sthelar40x_klt_5class_slideind_foldA_lora_adaptformer_r8_a8_red16_heads_e10_seed42/log/2026-08-19T105648_sthelar40x_klt_5class_slideind_foldA_lora_adaptformer_r8_a8_red16_heads_e10_seed42/inference_results.json,Type F1 is calculated from paired foreground confusion only
matched_class_metric,Tonsil,A,Generalist Selected PEFT,42,matched_test,,Other,,,,paired_type_F1,0.000110729708781,24283,2052,23494,9879,run/sthelar40x_klt_5class_slideind_foldA_lora_adaptformer_r8_a8_red16_heads_e10_seed42/log/2026-08-19T105648_sthelar40x_klt_5class_slideind_foldA_lora_adaptformer_r8_a8_red16_heads_e10_seed42/inference_results.json,Type F1 is calculated from paired foreground confusion only
predicted_class_frequency,Tonsil,A,Generalist Selected PEFT,42,matched_test,,,Other,5,6.8861512612e-06,,,24283,2052,23494,9879,run/sthelar40x_klt_5class_slideind_foldA_lora_adaptformer_r8_a8_red16_heads_e10_seed42/log/2026-08-19T105648_sthelar40x_klt_5class_slideind_foldA_lora_adaptformer_r8_a8_red16_heads_e10_seed42/inference_results.json,Foreground predicted instances; unmatched predictions included
paired_confusion,Tonsil,A,Generalist Selected PEFT,42,matched_test,,Background,Background,3,,,,24283,2052,23494,9879,run/sthelar40x_klt_5class_slideind_foldA_lora_adaptformer_r8_a8_red16_heads_e10_seed42/log/2026-08-19T105648_sthelar40x_klt_5class_slideind_foldA_lora_adaptformer_r8_a8_red16_heads_e10_seed42/inference_results.json,"Rows=true, columns=predicted; exact matched patch intersection"
paired_confusion,Tonsil,A,Generalist Selected PEFT,42,matched_test,,Background,Immune,0,,,,24283,2052,23494,9879,run/sthelar40x_klt_5class_slideind_foldA_lora_adaptformer_r8_a8_red16_heads_e10_seed42/log/2026-08-19T105648_sthelar40x_klt_5class_slideind_foldA_lora_adaptformer_r8_a8_red16_heads_e10_seed42/inference_results.json,"Rows=true, columns=predicted; exact matched patch intersection"
paired_confusion,Tonsil,A,Generalist Selected PEFT,42,matched_test,,Background,Stromal,0,,,,24283,2052,23494,9879,run/sthelar40x_klt_5class_slideind_foldA_lora_adaptformer_r8_a8_red16_heads_e10_seed42/log/2026-08-19T105648_sthelar40x_klt_5class_slideind_foldA_lora_adaptformer_r8_a8_red16_heads_e10_seed42/inference_results.json,"Rows=true, columns=predicted; exact matched patch intersection"
paired_confusion,Tonsil,A,Generalist Selected PEFT,42,matched_test,,Background,Epithelial,0,,,,24283,2052,23494,9879,run/sthelar40x_klt_5class_slideind_foldA_lora_adaptformer_r8_a8_red16_heads_e10_seed42/log/2026-08-19T105648_sthelar40x_klt_5class_slideind_foldA_lora_adaptformer_r8_a8_red16_heads_e10_seed42/inference_results.json,"Rows=true, columns=predicted; exact matched patch intersection"
paired_confusion,Tonsil,A,Generalist Selected PEFT,42,matched_test,,Background,Melanocyte,0,,,,24283,2052,23494,9879,run/sthelar40x_klt_5class_slideind_foldA_lora_adaptformer_r8_a8_red16_heads_e10_seed42/log/2026-08-19T105648_sthelar40x_klt_5class_slideind_foldA_lora_adaptformer_r8_a8_red16_heads_e10_seed42/inference_results.json,"Rows=true, columns=predicted; exact matched patch intersection"
paired_confusion,Tonsil,A,Generalist Selected PEFT,42,matched_test,,Background,Other,0,,,,24283,2052,23494,9879,run/sthelar40x_klt_5class_slideind_foldA_lora_adaptformer_r8_a8_red16_heads_e10_seed42/log/2026-08-19T105648_sthelar40x_klt_5class_slideind_foldA_lora_adaptformer_r8_a8_red16_heads_e10_seed42/inference_results.json,"Rows=true, columns=predicted; exact matched patch intersection"
paired_confusion,Tonsil,A,Generalist Selected PEFT,42,matched_test,,Immune,Background,48,,,,24283,2052,23494,9879,run/sthelar40x_klt_5class_slideind_foldA_lora_adaptformer_r8_a8_red16_heads_e10_seed42/log/2026-08-19T105648_sthelar40x_klt_5class_slideind_foldA_lora_adaptformer_r8_a8_red16_heads_e10_seed42/inference_results.json,"Rows=true, columns=predicted; exact matched patch intersection"
paired_confusion,Tonsil,A,Generalist Selected PEFT,42,matched_test,,Immune,Immune,363446,,,,24283,2052,23494,9879,run/sthelar40x_klt_5class_slideind_foldA_lora_adaptformer_r8_a8_red16_heads_e10_seed42/log/2026-08-19T105648_sthelar40x_klt_5class_slideind_foldA_lora_adaptformer_r8_a8_red16_heads_e10_seed42/inference_results.json,"Rows=true, columns=predicted; exact matched patch intersection"
paired_confusion,Tonsil,A,Generalist Selected PEFT,42,matched_test,,Immune,Stromal,30669,,,,24283,2052,23494,9879,run/sthelar40x_klt_5class_slideind_foldA_lora_adaptformer_r8_a8_red16_heads_e10_seed42/log/2026-08-19T105648_sthelar40x_klt_5class_slideind_foldA_lora_adaptformer_r8_a8_red16_heads_e10_seed42/inference_results.json,"Rows=true, columns=predicted; exact matched patch intersection"
paired_confusion,Tonsil,A,Generalist Selected PEFT,42,matched_test,,Immune,Epithelial,33886,,,,24283,2052,23494,9879,run/sthelar40x_klt_5class_slideind_foldA_lora_adaptformer_r8_a8_red16_heads_e10_seed42/log/2026-08-19T105648_sthelar40x_klt_5class_slideind_foldA_lora_adaptformer_r8_a8_red16_heads_e10_seed42/inference_results.json,"Rows=true, columns=predicted; exact matched patch intersection"
paired_confusion,Tonsil,A,Generalist Selected PEFT,42,matched_test,,Immune,Melanocyte,0,,,,24283,2052,23494,9879,run/sthelar40x_klt_5class_slideind_foldA_lora_adaptformer_r8_a8_red16_heads_e10_seed42/log/2026-08-19T105648_sthelar40x_klt_5class_slideind_foldA_lora_adaptformer_r8_a8_red16_heads_e10_seed42/inference_results.json,"Rows=true, columns=predicted; exact matched patch intersection"
paired_confusion,Tonsil,A,Generalist Selected PEFT,42,matched_test,,Immune,Other,0,,,,24283,2052,23494,9879,run/sthelar40x_klt_5class_slideind_foldA_lora_adaptformer_r8_a8_red16_heads_e10_seed42/log/2026-08-19T105648_sthelar40x_klt_5class_slideind_foldA_lora_adaptformer_r8_a8_red16_heads_e10_seed42/inference_results.json,"Rows=true, columns=predicted; exact matched patch intersection"
paired_confusion,Tonsil,A,Generalist Selected PEFT,42,matched_test,,Stromal,Background,78,,,,24283,2052,23494,9879,run/sthelar40x_klt_5class_slideind_foldA_lora_adaptformer_r8_a8_red16_heads_e10_seed42/log/2026-08-19T105648_sthelar40x_klt_5class_slideind_foldA_lora_adaptformer_r8_a8_red16_heads_e10_seed42/inference_results.json,"Rows=true, columns=predicted; exact matched patch intersection"
paired_confusion,Tonsil,A,Generalist Selected PEFT,42,matched_test,,Stromal,Immune,56473,,,,24283,2052,23494,9879,run/sthelar40x_klt_5class_slideind_foldA_lora_adaptformer_r8_a8_red16_heads_e10_seed42/log/2026-08-19T105648_sthelar40x_klt_5class_slideind_foldA_lora_adaptformer_r8_a8_red16_heads_e10_seed42/inference_results.json,"Rows=true, columns=predicted; exact matched patch intersection"
paired_confusion,Tonsil,A,Generalist Selected PEFT,42,matched_test,,Stromal,Stromal,56116,,,,24283,2052,23494,9879,run/sthelar40x_klt_5class_slideind_foldA_lora_adaptformer_r8_a8_red16_heads_e10_seed42/log/2026-08-19T105648_sthelar40x_klt_5class_slideind_foldA_lora_adaptformer_r8_a8_red16_heads_e10_seed42/inference_results.json,"Rows=true, columns=predicted; exact matched patch intersection"
paired_confusion,Tonsil,A,Generalist Selected PEFT,42,matched_test,,Stromal,Epithelial,8724,,,,24283,2052,23494,9879,run/sthelar40x_klt_5class_slideind_foldA_lora_adaptformer_r8_a8_red16_heads_e10_seed42/log/2026-08-19T105648_sthelar40x_klt_5class_slideind_foldA_lora_adaptformer_r8_a8_red16_heads_e10_seed42/inference_results.json,"Rows=true, columns=predicted; exact matched patch intersection"
paired_confusion,Tonsil,A,Generalist Selected PEFT,42,matched_test,,Stromal,Melanocyte,0,,,,24283,2052,23494,9879,run/sthelar40x_klt_5class_slideind_foldA_lora_adaptformer_r8_a8_red16_heads_e10_seed42/log/2026-08-19T105648_sthelar40x_klt_5class_slideind_foldA_lora_adaptformer_r8_a8_red16_heads_e10_seed42/inference_results.json,"Rows=true, columns=predicted; exact matched patch intersection"
paired_confusion,Tonsil,A,Generalist Selected PEFT,42,matched_test,,Stromal,Other,2,,,,24283,2052,23494,9879,run/sthelar40x_klt_5class_slideind_foldA_lora_adaptformer_r8_a8_red16_heads_e10_seed42/log/2026-08-19T105648_sthelar40x_klt_5class_slideind_foldA_lora_adaptformer_r8_a8_red16_heads_e10_seed42/inference_results.json,"Rows=true, columns=predicted; exact matched patch intersection"
paired_confusion,Tonsil,A,Generalist Selected PEFT,42,matched_test,,Epithelial,Background,46,,,,24283,2052,23494,9879,run/sthelar40x_klt_5class_slideind_foldA_lora_adaptformer_r8_a8_red16_heads_e10_seed42/log/2026-08-19T105648_sthelar40x_klt_5class_slideind_foldA_lora_adaptformer_r8_a8_red16_heads_e10_seed42/inference_results.json,"Rows=true, columns=predicted; exact matched patch intersection"
paired_confusion,Tonsil,A,Generalist Selected PEFT,42,matched_test,,Epithelial,Immune,6232,,,,24283,2052,23494,9879,run/sthelar40x_klt_5class_slideind_foldA_lora_adaptformer_r8_a8_red16_heads_e10_seed42/log/2026-08-19T105648_sthelar40x_klt_5class_slideind_foldA_lora_adaptformer_r8_a8_red16_heads_e10_seed42/inference_results.json,"Rows=true, columns=predicted; exact matched patch intersection"
paired_confusion,Tonsil,A,Generalist Selected PEFT,42,matched_test,,Epithelial,Stromal,3480,,,,24283,2052,23494,9879,run/sthelar40x_klt_5class_slideind_foldA_lora_adaptformer_r8_a8_red16_heads_e10_seed42/log/2026-08-19T105648_sthelar40x_klt_5class_slideind_foldA_lora_adaptformer_r8_a8_red16_heads_e10_seed42/inference_results.json,"Rows=true, columns=predicted; exact matched patch intersection"
paired_confusion,Tonsil,A,Generalist Selected PEFT,42,matched_test,,Epithelial,Epithelial,55677,,,,24283,2052,23494,9879,run/sthelar40x_klt_5class_slideind_foldA_lora_adaptformer_r8_a8_red16_heads_e10_seed42/log/2026-08-19T105648_sthelar40x_klt_5class_slideind_foldA_lora_adaptformer_r8_a8_red16_heads_e10_seed42/inference_results.json,"Rows=true, columns=predicted; exact matched patch intersection"
paired_confusion,Tonsil,A,Generalist Selected PEFT,42,matched_test,,Epithelial,Melanocyte,0,,,,24283,2052,23494,9879,run/sthelar40x_klt_5class_slideind_foldA_lora_adaptformer_r8_a8_red16_heads_e10_seed42/log/2026-08-19T105648_sthelar40x_klt_5class_slideind_foldA_lora_adaptformer_r8_a8_red16_heads_e10_seed42/inference_results.json,"Rows=true, columns=predicted; exact matched patch intersection"
paired_confusion,Tonsil,A,Generalist Selected PEFT,42,matched_test,,Epithelial,Other,0,,,,24283,2052,23494,9879,run/sthelar40x_klt_5class_slideind_foldA_lora_adaptformer_r8_a8_red16_heads_e10_seed42/log/2026-08-19T105648_sthelar40x_klt_5class_slideind_foldA_lora_adaptformer_r8_a8_red16_heads_e10_seed42/inference_results.json,"Rows=true, columns=predicted; exact matched patch intersection"
paired_confusion,Tonsil,A,Generalist Selected PEFT,42,matched_test,,Melanocyte,Background,0,,,,24283,2052,23494,9879,run/sthelar40x_klt_5class_slideind_foldA_lora_adaptformer_r8_a8_red16_heads_e10_seed42/log/2026-08-19T105648_sthelar40x_klt_5class_slideind_foldA_lora_adaptformer_r8_a8_red16_heads_e10_seed42/inference_results.json,"Rows=true, columns=predicted; exact matched patch intersection"
paired_confusion,Tonsil,A,Generalist Selected PEFT,42,matched_test,,Melanocyte,Immune,0,,,,24283,2052,23494,9879,run/sthelar40x_klt_5class_slideind_foldA_lora_adaptformer_r8_a8_red16_heads_e10_seed42/log/2026-08-19T105648_sthelar40x_klt_5class_slideind_foldA_lora_adaptformer_r8_a8_red16_heads_e10_seed42/inference_results.json,"Rows=true, columns=predicted; exact matched patch intersection"
paired_confusion,Tonsil,A,Generalist Selected PEFT,42,matched_test,,Melanocyte,Stromal,0,,,,24283,2052,23494,9879,run/sthelar40x_klt_5class_slideind_foldA_lora_adaptformer_r8_a8_red16_heads_e10_seed42/log/2026-08-19T105648_sthelar40x_klt_5class_slideind_foldA_lora_adaptformer_r8_a8_red16_heads_e10_seed42/inference_results.json,"Rows=true, columns=predicted; exact matched patch intersection"
paired_confusion,Tonsil,A,Generalist Selected PEFT,42,matched_test,,Melanocyte,Epithelial,0,,,,24283,2052,23494,9879,run/sthelar40x_klt_5class_slideind_foldA_lora_adaptformer_r8_a8_red16_heads_e10_seed42/log/2026-08-19T105648_sthelar40x_klt_5class_slideind_foldA_lora_adaptformer_r8_a8_red16_heads_e10_seed42/inference_results.json,"Rows=true, columns=predicted; exact matched patch intersection"
paired_confusion,Tonsil,A,Generalist Selected PEFT,42,matched_test,,Melanocyte,Melanocyte,0,,,,24283,2052,23494,9879,run/sthelar40x_klt_5class_slideind_foldA_lora_adaptformer_r8_a8_red16_heads_e10_seed42/log/2026-08-19T105648_sthelar40x_klt_5class_slideind_foldA_lora_adaptformer_r8_a8_red16_heads_e10_seed42/inference_results.json,"Rows=true, columns=predicted; exact matched patch intersection"
paired_confusion,Tonsil,A,Generalist Selected PEFT,42,matched_test,,Melanocyte,Other,0,,,,24283,2052,23494,9879,run/sthelar40x_klt_5class_slideind_foldA_lora_adaptformer_r8_a8_red16_heads_e10_seed42/log/2026-08-19T105648_sthelar40x_klt_5class_slideind_foldA_lora_adaptformer_r8_a8_red16_heads_e10_seed42/inference_results.json,"Rows=true, columns=predicted; exact matched patch intersection"
paired_confusion,Tonsil,A,Generalist Selected PEFT,42,matched_test,,Other,Background,34,,,,24283,2052,23494,9879,run/sthelar40x_klt_5class_slideind_foldA_lora_adaptformer_r8_a8_red16_heads_e10_seed42/log/2026-08-19T105648_sthelar40x_klt_5class_slideind_foldA_lora_adaptformer_r8_a8_red16_heads_e10_seed42/inference_results.json,"Rows=true, columns=predicted; exact matched patch intersection"
paired_confusion,Tonsil,A,Generalist Selected PEFT,42,matched_test,,Other,Immune,8354,,,,24283,2052,23494,9879,run/sthelar40x_klt_5class_slideind_foldA_lora_adaptformer_r8_a8_red16_heads_e10_seed42/log/2026-08-19T105648_sthelar40x_klt_5class_slideind_foldA_lora_adaptformer_r8_a8_red16_heads_e10_seed42/inference_results.json,"Rows=true, columns=predicted; exact matched patch intersection"
paired_confusion,Tonsil,A,Generalist Selected PEFT,42,matched_test,,Other,Stromal,8995,,,,24283,2052,23494,9879,run/sthelar40x_klt_5class_slideind_foldA_lora_adaptformer_r8_a8_red16_heads_e10_seed42/log/2026-08-19T105648_sthelar40x_klt_5class_slideind_foldA_lora_adaptformer_r8_a8_red16_heads_e10_seed42/inference_results.json,"Rows=true, columns=predicted; exact matched patch intersection"
paired_confusion,Tonsil,A,Generalist Selected PEFT,42,matched_test,,Other,Epithelial,709,,,,24283,2052,23494,9879,run/sthelar40x_klt_5class_slideind_foldA_lora_adaptformer_r8_a8_red16_heads_e10_seed42/log/2026-08-19T105648_sthelar40x_klt_5class_slideind_foldA_lora_adaptformer_r8_a8_red16_heads_e10_seed42/inference_results.json,"Rows=true, columns=predicted; exact matched patch intersection"
paired_confusion,Tonsil,A,Generalist Selected PEFT,42,matched_test,,Other,Melanocyte,0,,,,24283,2052,23494,9879,run/sthelar40x_klt_5class_slideind_foldA_lora_adaptformer_r8_a8_red16_heads_e10_seed42/log/2026-08-19T105648_sthelar40x_klt_5class_slideind_foldA_lora_adaptformer_r8_a8_red16_heads_e10_seed42/inference_results.json,"Rows=true, columns=predicted; exact matched patch intersection"
paired_confusion,Tonsil,A,Generalist Selected PEFT,42,matched_test,,Other,Other,1,,,,24283,2052,23494,9879,run/sthelar40x_klt_5class_slideind_foldA_lora_adaptformer_r8_a8_red16_heads_e10_seed42/log/2026-08-19T105648_sthelar40x_klt_5class_slideind_foldA_lora_adaptformer_r8_a8_red16_heads_e10_seed42/inference_results.json,"Rows=true, columns=predicted; exact matched patch intersection"
distribution_shift_summary,Tonsil,A,Generalist Selected PEFT,42,train_to_matched_test,,,,,,total_variation,0.142662608938,24283,2052,23494,9879,run/sthelar40x_klt_5class_slideind_foldA_lora_adaptformer_r8_a8_red16_heads_e10_seed42/log/2026-08-19T105648_sthelar40x_klt_5class_slideind_foldA_lora_adaptformer_r8_a8_red16_heads_e10_seed42/inference_results.json,
distribution_shift_summary,Tonsil,A,Generalist Selected PEFT,42,train_to_matched_test,,,,,,jensen_shannon_bits,0.0307552627742,24283,2052,23494,9879,run/sthelar40x_klt_5class_slideind_foldA_lora_adaptformer_r8_a8_red16_heads_e10_seed42/log/2026-08-19T105648_sthelar40x_klt_5class_slideind_foldA_lora_adaptformer_r8_a8_red16_heads_e10_seed42/inference_results.json,
distribution_shift_class,Tonsil,A,Generalist Selected PEFT,42,train_to_matched_test,,Immune,,,,frequency_delta_test_minus_train,0.0968664663652,24283,2052,23494,9879,run/sthelar40x_klt_5class_slideind_foldA_lora_adaptformer_r8_a8_red16_heads_e10_seed42/log/2026-08-19T105648_sthelar40x_klt_5class_slideind_foldA_lora_adaptformer_r8_a8_red16_heads_e10_seed42/inference_results.json,
distribution_shift_class,Tonsil,A,Generalist Selected PEFT,42,train_to_matched_test,,Immune,,,,train_to_test_frequency_ratio,0.850525553403,24283,2052,23494,9879,run/sthelar40x_klt_5class_slideind_foldA_lora_adaptformer_r8_a8_red16_heads_e10_seed42/log/2026-08-19T105648_sthelar40x_klt_5class_slideind_foldA_lora_adaptformer_r8_a8_red16_heads_e10_seed42/inference_results.json,
distribution_shift_class,Tonsil,A,Generalist Selected PEFT,42,train_to_matched_test,,Stromal,,,,frequency_delta_test_minus_train,0.0136137481069,24283,2052,23494,9879,run/sthelar40x_klt_5class_slideind_foldA_lora_adaptformer_r8_a8_red16_heads_e10_seed42/log/2026-08-19T105648_sthelar40x_klt_5class_slideind_foldA_lora_adaptformer_r8_a8_red16_heads_e10_seed42/inference_results.json,
distribution_shift_class,Tonsil,A,Generalist Selected PEFT,42,train_to_matched_test,,Stromal,,,,train_to_test_frequency_ratio,0.932110001602,24283,2052,23494,9879,run/sthelar40x_klt_5class_slideind_foldA_lora_adaptformer_r8_a8_red16_heads_e10_seed42/log/2026-08-19T105648_sthelar40x_klt_5class_slideind_foldA_lora_adaptformer_r8_a8_red16_heads_e10_seed42/inference_results.json,
distribution_shift_class,Tonsil,A,Generalist Selected PEFT,42,train_to_matched_test,,Epithelial,,,,frequency_delta_test_minus_train,-0.142662608938,24283,2052,23494,9879,run/sthelar40x_klt_5class_slideind_foldA_lora_adaptformer_r8_a8_red16_heads_e10_seed42/log/2026-08-19T105648_sthelar40x_klt_5class_slideind_foldA_lora_adaptformer_r8_a8_red16_heads_e10_seed42/inference_results.json,
distribution_shift_class,Tonsil,A,Generalist Selected PEFT,42,train_to_matched_test,,Epithelial,,,,train_to_test_frequency_ratio,2.37962305614,24283,2052,23494,9879,run/sthelar40x_klt_5class_slideind_foldA_lora_adaptformer_r8_a8_red16_heads_e10_seed42/log/2026-08-19T105648_sthelar40x_klt_5class_slideind_foldA_lora_adaptformer_r8_a8_red16_heads_e10_seed42/inference_results.json,
distribution_shift_class,Tonsil,A,Generalist Selected PEFT,42,train_to_matched_test,,Melanocyte,,,,frequency_delta_test_minus_train,0,24283,2052,23494,9879,run/sthelar40x_klt_5class_slideind_foldA_lora_adaptformer_r8_a8_red16_heads_e10_seed42/log/2026-08-19T105648_sthelar40x_klt_5class_slideind_foldA_lora_adaptformer_r8_a8_red16_heads_e10_seed42/inference_results.json,
distribution_shift_class,Tonsil,A,Generalist Selected PEFT,42,train_to_matched_test,,Melanocyte,,,,train_to_test_frequency_ratio,nan,24283,2052,23494,9879,run/sthelar40x_klt_5class_slideind_foldA_lora_adaptformer_r8_a8_red16_heads_e10_seed42/log/2026-08-19T105648_sthelar40x_klt_5class_slideind_foldA_lora_adaptformer_r8_a8_red16_heads_e10_seed42/inference_results.json,
distribution_shift_class,Tonsil,A,Generalist Selected PEFT,42,train_to_matched_test,,Other,,,,frequency_delta_test_minus_train,0.0321823944655,24283,2052,23494,9879,run/sthelar40x_klt_5class_slideind_foldA_lora_adaptformer_r8_a8_red16_heads_e10_seed42/log/2026-08-19T105648_sthelar40x_klt_5class_slideind_foldA_lora_adaptformer_r8_a8_red16_heads_e10_seed42/inference_results.json,
distribution_shift_class,Tonsil,A,Generalist Selected PEFT,42,train_to_matched_test,,Other,,,,train_to_test_frequency_ratio,0.329805585633,24283,2052,23494,9879,run/sthelar40x_klt_5class_slideind_foldA_lora_adaptformer_r8_a8_red16_heads_e10_seed42/log/2026-08-19T105648_sthelar40x_klt_5class_slideind_foldA_lora_adaptformer_r8_a8_red16_heads_e10_seed42/inference_results.json,
training_curve,Tonsil,A,Generalist Selected PEFT,42,train,1,,,,,train_loss,7.2801,24283,2052,23494,9879,run/sthelar40x_klt_5class_slideind_foldA_lora_adaptformer_r8_a8_red16_heads_e10_seed42/log/2026-08-19T105648_sthelar40x_klt_5class_slideind_foldA_lora_adaptformer_r8_a8_red16_heads_e10_seed42/logs.log,Validation curve is descriptive only and is never used as canonical TEST evidence
training_curve,Tonsil,A,Generalist Selected PEFT,42,train,1,,,,,train_Dice,0.7889,24283,2052,23494,9879,run/sthelar40x_klt_5class_slideind_foldA_lora_adaptformer_r8_a8_red16_heads_e10_seed42/log/2026-08-19T105648_sthelar40x_klt_5class_slideind_foldA_lora_adaptformer_r8_a8_red16_heads_e10_seed42/logs.log,Validation curve is descriptive only and is never used as canonical TEST evidence
training_curve,Tonsil,A,Generalist Selected PEFT,42,train,1,,,,,train_Jaccard,0.6636,24283,2052,23494,9879,run/sthelar40x_klt_5class_slideind_foldA_lora_adaptformer_r8_a8_red16_heads_e10_seed42/log/2026-08-19T105648_sthelar40x_klt_5class_slideind_foldA_lora_adaptformer_r8_a8_red16_heads_e10_seed42/logs.log,Validation curve is descriptive only and is never used as canonical TEST evidence
training_curve,Tonsil,A,Generalist Selected PEFT,42,validation,1,,,,,val_loss,6.0342,24283,2052,23494,9879,run/sthelar40x_klt_5class_slideind_foldA_lora_adaptformer_r8_a8_red16_heads_e10_seed42/log/2026-08-19T105648_sthelar40x_klt_5class_slideind_foldA_lora_adaptformer_r8_a8_red16_heads_e10_seed42/logs.log,Validation curve is descriptive only and is never used as canonical TEST evidence
training_curve,Tonsil,A,Generalist Selected PEFT,42,validation,1,,,,,val_Dice,0.7776,24283,2052,23494,9879,run/sthelar40x_klt_5class_slideind_foldA_lora_adaptformer_r8_a8_red16_heads_e10_seed42/log/2026-08-19T105648_sthelar40x_klt_5class_slideind_foldA_lora_adaptformer_r8_a8_red16_heads_e10_seed42/logs.log,Validation curve is descriptive only and is never used as canonical TEST evidence
training_curve,Tonsil,A,Generalist Selected PEFT,42,validation,1,,,,,val_Jaccard,0.6646,24283,2052,23494,9879,run/sthelar40x_klt_5class_slideind_foldA_lora_adaptformer_r8_a8_red16_heads_e10_seed42/log/2026-08-19T105648_sthelar40x_klt_5class_slideind_foldA_lora_adaptformer_r8_a8_red16_heads_e10_seed42/logs.log,Validation curve is descriptive only and is never used as canonical TEST evidence
training_curve,Tonsil,A,Generalist Selected PEFT,42,validation,1,,,,,val_bPQ,0.521,24283,2052,23494,9879,run/sthelar40x_klt_5class_slideind_foldA_lora_adaptformer_r8_a8_red16_heads_e10_seed42/log/2026-08-19T105648_sthelar40x_klt_5class_slideind_foldA_lora_adaptformer_r8_a8_red16_heads_e10_seed42/logs.log,Validation curve is descriptive only and is never used as canonical TEST evidence
training_curve,Tonsil,A,Generalist Selected PEFT,42,validation,1,,,,,val_mPQ,0.2431,24283,2052,23494,9879,run/sthelar40x_klt_5class_slideind_foldA_lora_adaptformer_r8_a8_red16_heads_e10_seed42/log/2026-08-19T105648_sthelar40x_klt_5class_slideind_foldA_lora_adaptformer_r8_a8_red16_heads_e10_seed42/logs.log,Validation curve is descriptive only and is never used as canonical TEST evidence
training_curve,Tonsil,A,Generalist Selected PEFT,42,train,2,,,,,train_loss,5.6988,24283,2052,23494,9879,run/sthelar40x_klt_5class_slideind_foldA_lora_adaptformer_r8_a8_red16_heads_e10_seed42/log/2026-08-19T105648_sthelar40x_klt_5class_slideind_foldA_lora_adaptformer_r8_a8_red16_heads_e10_seed42/logs.log,Validation curve is descriptive only and is never used as canonical TEST evidence
training_curve,Tonsil,A,Generalist Selected PEFT,42,train,2,,,,,train_Dice,0.8159,24283,2052,23494,9879,run/sthelar40x_klt_5class_slideind_foldA_lora_adaptformer_r8_a8_red16_heads_e10_seed42/log/2026-08-19T105648_sthelar40x_klt_5class_slideind_foldA_lora_adaptformer_r8_a8_red16_heads_e10_seed42/logs.log,Validation curve is descriptive only and is never used as canonical TEST evidence
training_curve,Tonsil,A,Generalist Selected PEFT,42,train,2,,,,,train_Jaccard,0.7021,24283,2052,23494,9879,run/sthelar40x_klt_5class_slideind_foldA_lora_adaptformer_r8_a8_red16_heads_e10_seed42/log/2026-08-19T105648_sthelar40x_klt_5class_slideind_foldA_lora_adaptformer_r8_a8_red16_heads_e10_seed42/logs.log,Validation curve is descriptive only and is never used as canonical TEST evidence
training_curve,Tonsil,A,Generalist Selected PEFT,42,validation,2,,,,,val_loss,5.6242,24283,2052,23494,9879,run/sthelar40x_klt_5class_slideind_foldA_lora_adaptformer_r8_a8_red16_heads_e10_seed42/log/2026-08-19T105648_sthelar40x_klt_5class_slideind_foldA_lora_adaptformer_r8_a8_red16_heads_e10_seed42/logs.log,Validation curve is descriptive only and is never used as canonical TEST evidence
training_curve,Tonsil,A,Generalist Selected PEFT,42,validation,2,,,,,val_Dice,0.7818,24283,2052,23494,9879,run/sthelar40x_klt_5class_slideind_foldA_lora_adaptformer_r8_a8_red16_heads_e10_seed42/log/2026-08-19T105648_sthelar40x_klt_5class_slideind_foldA_lora_adaptformer_r8_a8_red16_heads_e10_seed42/logs.log,Validation curve is descriptive only and is never used as canonical TEST evidence
training_curve,Tonsil,A,Generalist Selected PEFT,42,validation,2,,,,,val_Jaccard,0.6716,24283,2052,23494,9879,run/sthelar40x_klt_5class_slideind_foldA_lora_adaptformer_r8_a8_red16_heads_e10_seed42/log/2026-08-19T105648_sthelar40x_klt_5class_slideind_foldA_lora_adaptformer_r8_a8_red16_heads_e10_seed42/logs.log,Validation curve is descriptive only and is never used as canonical TEST evidence
training_curve,Tonsil,A,Generalist Selected PEFT,42,validation,2,,,,,val_bPQ,0.5353,24283,2052,23494,9879,run/sthelar40x_klt_5class_slideind_foldA_lora_adaptformer_r8_a8_red16_heads_e10_seed42/log/2026-08-19T105648_sthelar40x_klt_5class_slideind_foldA_lora_adaptformer_r8_a8_red16_heads_e10_seed42/logs.log,Validation curve is descriptive only and is never used as canonical TEST evidence
training_curve,Tonsil,A,Generalist Selected PEFT,42,validation,2,,,,,val_mPQ,0.2764,24283,2052,23494,9879,run/sthelar40x_klt_5class_slideind_foldA_lora_adaptformer_r8_a8_red16_heads_e10_seed42/log/2026-08-19T105648_sthelar40x_klt_5class_slideind_foldA_lora_adaptformer_r8_a8_red16_heads_e10_seed42/logs.log,Validation curve is descriptive only and is never used as canonical TEST evidence
training_curve,Tonsil,A,Generalist Selected PEFT,42,train,3,,,,,train_loss,5.3626,24283,2052,23494,9879,run/sthelar40x_klt_5class_slideind_foldA_lora_adaptformer_r8_a8_red16_heads_e10_seed42/log/2026-08-19T105648_sthelar40x_klt_5class_slideind_foldA_lora_adaptformer_r8_a8_red16_heads_e10_seed42/logs.log,Validation curve is descriptive only and is never used as canonical TEST evidence
training_curve,Tonsil,A,Generalist Selected PEFT,42,train,3,,,,,train_Dice,0.8245,24283,2052,23494,9879,run/sthelar40x_klt_5class_slideind_foldA_lora_adaptformer_r8_a8_red16_heads_e10_seed42/log/2026-08-19T105648_sthelar40x_klt_5class_slideind_foldA_lora_adaptformer_r8_a8_red16_heads_e10_seed42/logs.log,Validation curve is descriptive only and is never used as canonical TEST evidence
training_curve,Tonsil,A,Generalist Selected PEFT,42,train,3,,,,,train_Jaccard,0.7146,24283,2052,23494,9879,run/sthelar40x_klt_5class_slideind_foldA_lora_adaptformer_r8_a8_red16_heads_e10_seed42/log/2026-08-19T105648_sthelar40x_klt_5class_slideind_foldA_lora_adaptformer_r8_a8_red16_heads_e10_seed42/logs.log,Validation curve is descriptive only and is never used as canonical TEST evidence
training_curve,Tonsil,A,Generalist Selected PEFT,42,validation,3,,,,,val_loss,5.4645,24283,2052,23494,9879,run/sthelar40x_klt_5class_slideind_foldA_lora_adaptformer_r8_a8_red16_heads_e10_seed42/log/2026-08-19T105648_sthelar40x_klt_5class_slideind_foldA_lora_adaptformer_r8_a8_red16_heads_e10_seed42/logs.log,Validation curve is descriptive only and is never used as canonical TEST evidence
training_curve,Tonsil,A,Generalist Selected PEFT,42,validation,3,,,,,val_Dice,0.7862,24283,2052,23494,9879,run/sthelar40x_klt_5class_slideind_foldA_lora_adaptformer_r8_a8_red16_heads_e10_seed42/log/2026-08-19T105648_sthelar40x_klt_5class_slideind_foldA_lora_adaptformer_r8_a8_red16_heads_e10_seed42/logs.log,Validation curve is descriptive only and is never used as canonical TEST evidence
training_curve,Tonsil,A,Generalist Selected PEFT,42,validation,3,,,,,val_Jaccard,0.6769,24283,2052,23494,9879,run/sthelar40x_klt_5class_slideind_foldA_lora_adaptformer_r8_a8_red16_heads_e10_seed42/log/2026-08-19T105648_sthelar40x_klt_5class_slideind_foldA_lora_adaptformer_r8_a8_red16_heads_e10_seed42/logs.log,Validation curve is descriptive only and is never used as canonical TEST evidence
training_curve,Tonsil,A,Generalist Selected PEFT,42,validation,3,,,,,val_bPQ,0.5446,24283,2052,23494,9879,run/sthelar40x_klt_5class_slideind_foldA_lora_adaptformer_r8_a8_red16_heads_e10_seed42/log/2026-08-19T105648_sthelar40x_klt_5class_slideind_foldA_lora_adaptformer_r8_a8_red16_heads_e10_seed42/logs.log,Validation curve is descriptive only and is never used as canonical TEST evidence
training_curve,Tonsil,A,Generalist Selected PEFT,42,validation,3,,,,,val_mPQ,0.2934,24283,2052,23494,9879,run/sthelar40x_klt_5class_slideind_foldA_lora_adaptformer_r8_a8_red16_heads_e10_seed42/log/2026-08-19T105648_sthelar40x_klt_5class_slideind_foldA_lora_adaptformer_r8_a8_red16_heads_e10_seed42/logs.log,Validation curve is descriptive only and is never used as canonical TEST evidence
training_curve,Tonsil,A,Generalist Selected PEFT,42,train,4,,,,,train_loss,4.6986,24283,2052,23494,9879,run/sthelar40x_klt_5class_slideind_foldA_lora_adaptformer_r8_a8_red16_heads_e10_seed42/log/2026-08-19T105648_sthelar40x_klt_5class_slideind_foldA_lora_adaptformer_r8_a8_red16_heads_e10_seed42/logs.log,Validation curve is descriptive only and is never used as canonical TEST evidence
training_curve,Tonsil,A,Generalist Selected PEFT,42,train,4,,,,,train_Dice,0.8246,24283,2052,23494,9879,run/sthelar40x_klt_5class_slideind_foldA_lora_adaptformer_r8_a8_red16_heads_e10_seed42/log/2026-08-19T105648_sthelar40x_klt_5class_slideind_foldA_lora_adaptformer_r8_a8_red16_heads_e10_seed42/logs.log,Validation curve is descriptive only and is never used as canonical TEST evidence
training_curve,Tonsil,A,Generalist Selected PEFT,42,train,4,,,,,train_Jaccard,0.7154,24283,2052,23494,9879,run/sthelar40x_klt_5class_slideind_foldA_lora_adaptformer_r8_a8_red16_heads_e10_seed42/log/2026-08-19T105648_sthelar40x_klt_5class_slideind_foldA_lora_adaptformer_r8_a8_red16_heads_e10_seed42/logs.log,Validation curve is descriptive only and is never used as canonical TEST evidence
training_curve,Tonsil,A,Generalist Selected PEFT,42,validation,4,,,,,val_loss,4.5709,24283,2052,23494,9879,run/sthelar40x_klt_5class_slideind_foldA_lora_adaptformer_r8_a8_red16_heads_e10_seed42/log/2026-08-19T105648_sthelar40x_klt_5class_slideind_foldA_lora_adaptformer_r8_a8_red16_heads_e10_seed42/logs.log,Validation curve is descriptive only and is never used as canonical TEST evidence
training_curve,Tonsil,A,Generalist Selected PEFT,42,validation,4,,,,,val_Dice,0.7832,24283,2052,23494,9879,run/sthelar40x_klt_5class_slideind_foldA_lora_adaptformer_r8_a8_red16_heads_e10_seed42/log/2026-08-19T105648_sthelar40x_klt_5class_slideind_foldA_lora_adaptformer_r8_a8_red16_heads_e10_seed42/logs.log,Validation curve is descriptive only and is never used as canonical TEST evidence
training_curve,Tonsil,A,Generalist Selected PEFT,42,validation,4,,,,,val_Jaccard,0.6738,24283,2052,23494,9879,run/sthelar40x_klt_5class_slideind_foldA_lora_adaptformer_r8_a8_red16_heads_e10_seed42/log/2026-08-19T105648_sthelar40x_klt_5class_slideind_foldA_lora_adaptformer_r8_a8_red16_heads_e10_seed42/logs.log,Validation curve is descriptive only and is never used as canonical TEST evidence
training_curve,Tonsil,A,Generalist Selected PEFT,42,validation,4,,,,,val_bPQ,0.5383,24283,2052,23494,9879,run/sthelar40x_klt_5class_slideind_foldA_lora_adaptformer_r8_a8_red16_heads_e10_seed42/log/2026-08-19T105648_sthelar40x_klt_5class_slideind_foldA_lora_adaptformer_r8_a8_red16_heads_e10_seed42/logs.log,Validation curve is descriptive only and is never used as canonical TEST evidence
training_curve,Tonsil,A,Generalist Selected PEFT,42,validation,4,,,,,val_mPQ,0.2965,24283,2052,23494,9879,run/sthelar40x_klt_5class_slideind_foldA_lora_adaptformer_r8_a8_red16_heads_e10_seed42/log/2026-08-19T105648_sthelar40x_klt_5class_slideind_foldA_lora_adaptformer_r8_a8_red16_heads_e10_seed42/logs.log,Validation curve is descriptive only and is never used as canonical TEST evidence
training_curve,Tonsil,A,Generalist Selected PEFT,42,train,5,,,,,train_loss,4.1858,24283,2052,23494,9879,run/sthelar40x_klt_5class_slideind_foldA_lora_adaptformer_r8_a8_red16_heads_e10_seed42/log/2026-08-19T105648_sthelar40x_klt_5class_slideind_foldA_lora_adaptformer_r8_a8_red16_heads_e10_seed42/logs.log,Validation curve is descriptive only and is never used as canonical TEST evidence
training_curve,Tonsil,A,Generalist Selected PEFT,42,train,5,,,,,train_Dice,0.8288,24283,2052,23494,9879,run/sthelar40x_klt_5class_slideind_foldA_lora_adaptformer_r8_a8_red16_heads_e10_seed42/log/2026-08-19T105648_sthelar40x_klt_5class_slideind_foldA_lora_adaptformer_r8_a8_red16_heads_e10_seed42/logs.log,Validation curve is descriptive only and is never used as canonical TEST evidence
training_curve,Tonsil,A,Generalist Selected PEFT,42,train,5,,,,,train_Jaccard,0.721,24283,2052,23494,9879,run/sthelar40x_klt_5class_slideind_foldA_lora_adaptformer_r8_a8_red16_heads_e10_seed42/log/2026-08-19T105648_sthelar40x_klt_5class_slideind_foldA_lora_adaptformer_r8_a8_red16_heads_e10_seed42/logs.log,Validation curve is descriptive only and is never used as canonical TEST evidence
training_curve,Tonsil,A,Generalist Selected PEFT,42,validation,5,,,,,val_loss,4.3902,24283,2052,23494,9879,run/sthelar40x_klt_5class_slideind_foldA_lora_adaptformer_r8_a8_red16_heads_e10_seed42/log/2026-08-19T105648_sthelar40x_klt_5class_slideind_foldA_lora_adaptformer_r8_a8_red16_heads_e10_seed42/logs.log,Validation curve is descriptive only and is never used as canonical TEST evidence
training_curve,Tonsil,A,Generalist Selected PEFT,42,validation,5,,,,,val_Dice,0.7848,24283,2052,23494,9879,run/sthelar40x_klt_5class_slideind_foldA_lora_adaptformer_r8_a8_red16_heads_e10_seed42/log/2026-08-19T105648_sthelar40x_klt_5class_slideind_foldA_lora_adaptformer_r8_a8_red16_heads_e10_seed42/logs.log,Validation curve is descriptive only and is never used as canonical TEST evidence
training_curve,Tonsil,A,Generalist Selected PEFT,42,validation,5,,,,,val_Jaccard,0.6747,24283,2052,23494,9879,run/sthelar40x_klt_5class_slideind_foldA_lora_adaptformer_r8_a8_red16_heads_e10_seed42/log/2026-08-19T105648_sthelar40x_klt_5class_slideind_foldA_lora_adaptformer_r8_a8_red16_heads_e10_seed42/logs.log,Validation curve is descriptive only and is never used as canonical TEST evidence
training_curve,Tonsil,A,Generalist Selected PEFT,42,validation,5,,,,,val_bPQ,0.5416,24283,2052,23494,9879,run/sthelar40x_klt_5class_slideind_foldA_lora_adaptformer_r8_a8_red16_heads_e10_seed42/log/2026-08-19T105648_sthelar40x_klt_5class_slideind_foldA_lora_adaptformer_r8_a8_red16_heads_e10_seed42/logs.log,Validation curve is descriptive only and is never used as canonical TEST evidence
training_curve,Tonsil,A,Generalist Selected PEFT,42,validation,5,,,,,val_mPQ,0.3005,24283,2052,23494,9879,run/sthelar40x_klt_5class_slideind_foldA_lora_adaptformer_r8_a8_red16_heads_e10_seed42/log/2026-08-19T105648_sthelar40x_klt_5class_slideind_foldA_lora_adaptformer_r8_a8_red16_heads_e10_seed42/logs.log,Validation curve is descriptive only and is never used as canonical TEST evidence
training_curve,Tonsil,A,Generalist Selected PEFT,42,train,6,,,,,train_loss,4.0741,24283,2052,23494,9879,run/sthelar40x_klt_5class_slideind_foldA_lora_adaptformer_r8_a8_red16_heads_e10_seed42/log/2026-08-19T105648_sthelar40x_klt_5class_slideind_foldA_lora_adaptformer_r8_a8_red16_heads_e10_seed42/logs.log,Validation curve is descriptive only and is never used as canonical TEST evidence
training_curve,Tonsil,A,Generalist Selected PEFT,42,train,6,,,,,train_Dice,0.8296,24283,2052,23494,9879,run/sthelar40x_klt_5class_slideind_foldA_lora_adaptformer_r8_a8_red16_heads_e10_seed42/log/2026-08-19T105648_sthelar40x_klt_5class_slideind_foldA_lora_adaptformer_r8_a8_red16_heads_e10_seed42/logs.log,Validation curve is descriptive only and is never used as canonical TEST evidence
training_curve,Tonsil,A,Generalist Selected PEFT,42,train,6,,,,,train_Jaccard,0.7223,24283,2052,23494,9879,run/sthelar40x_klt_5class_slideind_foldA_lora_adaptformer_r8_a8_red16_heads_e10_seed42/log/2026-08-19T105648_sthelar40x_klt_5class_slideind_foldA_lora_adaptformer_r8_a8_red16_heads_e10_seed42/logs.log,Validation curve is descriptive only and is never used as canonical TEST evidence
training_curve,Tonsil,A,Generalist Selected PEFT,42,validation,6,,,,,val_loss,4.3223,24283,2052,23494,9879,run/sthelar40x_klt_5class_slideind_foldA_lora_adaptformer_r8_a8_red16_heads_e10_seed42/log/2026-08-19T105648_sthelar40x_klt_5class_slideind_foldA_lora_adaptformer_r8_a8_red16_heads_e10_seed42/logs.log,Validation curve is descriptive only and is never used as canonical TEST evidence
training_curve,Tonsil,A,Generalist Selected PEFT,42,validation,6,,,,,val_Dice,0.7811,24283,2052,23494,9879,run/sthelar40x_klt_5class_slideind_foldA_lora_adaptformer_r8_a8_red16_heads_e10_seed42/log/2026-08-19T105648_sthelar40x_klt_5class_slideind_foldA_lora_adaptformer_r8_a8_red16_heads_e10_seed42/logs.log,Validation curve is descriptive only and is never used as canonical TEST evidence
training_curve,Tonsil,A,Generalist Selected PEFT,42,validation,6,,,,,val_Jaccard,0.6713,24283,2052,23494,9879,run/sthelar40x_klt_5class_slideind_foldA_lora_adaptformer_r8_a8_red16_heads_e10_seed42/log/2026-08-19T105648_sthelar40x_klt_5class_slideind_foldA_lora_adaptformer_r8_a8_red16_heads_e10_seed42/logs.log,Validation curve is descriptive only and is never used as canonical TEST evidence
training_curve,Tonsil,A,Generalist Selected PEFT,42,validation,6,,,,,val_bPQ,0.5365,24283,2052,23494,9879,run/sthelar40x_klt_5class_slideind_foldA_lora_adaptformer_r8_a8_red16_heads_e10_seed42/log/2026-08-19T105648_sthelar40x_klt_5class_slideind_foldA_lora_adaptformer_r8_a8_red16_heads_e10_seed42/logs.log,Validation curve is descriptive only and is never used as canonical TEST evidence
training_curve,Tonsil,A,Generalist Selected PEFT,42,validation,6,,,,,val_mPQ,0.2965,24283,2052,23494,9879,run/sthelar40x_klt_5class_slideind_foldA_lora_adaptformer_r8_a8_red16_heads_e10_seed42/log/2026-08-19T105648_sthelar40x_klt_5class_slideind_foldA_lora_adaptformer_r8_a8_red16_heads_e10_seed42/logs.log,Validation curve is descriptive only and is never used as canonical TEST evidence
training_curve,Tonsil,A,Generalist Selected PEFT,42,train,7,,,,,train_loss,4.0084,24283,2052,23494,9879,run/sthelar40x_klt_5class_slideind_foldA_lora_adaptformer_r8_a8_red16_heads_e10_seed42/log/2026-08-19T105648_sthelar40x_klt_5class_slideind_foldA_lora_adaptformer_r8_a8_red16_heads_e10_seed42/logs.log,Validation curve is descriptive only and is never used as canonical TEST evidence
training_curve,Tonsil,A,Generalist Selected PEFT,42,train,7,,,,,train_Dice,0.8315,24283,2052,23494,9879,run/sthelar40x_klt_5class_slideind_foldA_lora_adaptformer_r8_a8_red16_heads_e10_seed42/log/2026-08-19T105648_sthelar40x_klt_5class_slideind_foldA_lora_adaptformer_r8_a8_red16_heads_e10_seed42/logs.log,Validation curve is descriptive only and is never used as canonical TEST evidence
training_curve,Tonsil,A,Generalist Selected PEFT,42,train,7,,,,,train_Jaccard,0.7243,24283,2052,23494,9879,run/sthelar40x_klt_5class_slideind_foldA_lora_adaptformer_r8_a8_red16_heads_e10_seed42/log/2026-08-19T105648_sthelar40x_klt_5class_slideind_foldA_lora_adaptformer_r8_a8_red16_heads_e10_seed42/logs.log,Validation curve is descriptive only and is never used as canonical TEST evidence
training_curve,Tonsil,A,Generalist Selected PEFT,42,validation,7,,,,,val_loss,4.1869,24283,2052,23494,9879,run/sthelar40x_klt_5class_slideind_foldA_lora_adaptformer_r8_a8_red16_heads_e10_seed42/log/2026-08-19T105648_sthelar40x_klt_5class_slideind_foldA_lora_adaptformer_r8_a8_red16_heads_e10_seed42/logs.log,Validation curve is descriptive only and is never used as canonical TEST evidence
training_curve,Tonsil,A,Generalist Selected PEFT,42,validation,7,,,,,val_Dice,0.7881,24283,2052,23494,9879,run/sthelar40x_klt_5class_slideind_foldA_lora_adaptformer_r8_a8_red16_heads_e10_seed42/log/2026-08-19T105648_sthelar40x_klt_5class_slideind_foldA_lora_adaptformer_r8_a8_red16_heads_e10_seed42/logs.log,Validation curve is descriptive only and is never used as canonical TEST evidence
training_curve,Tonsil,A,Generalist Selected PEFT,42,validation,7,,,,,val_Jaccard,0.6803,24283,2052,23494,9879,run/sthelar40x_klt_5class_slideind_foldA_lora_adaptformer_r8_a8_red16_heads_e10_seed42/log/2026-08-19T105648_sthelar40x_klt_5class_slideind_foldA_lora_adaptformer_r8_a8_red16_heads_e10_seed42/logs.log,Validation curve is descriptive only and is never used as canonical TEST evidence
training_curve,Tonsil,A,Generalist Selected PEFT,42,validation,7,,,,,val_bPQ,0.5456,24283,2052,23494,9879,run/sthelar40x_klt_5class_slideind_foldA_lora_adaptformer_r8_a8_red16_heads_e10_seed42/log/2026-08-19T105648_sthelar40x_klt_5class_slideind_foldA_lora_adaptformer_r8_a8_red16_heads_e10_seed42/logs.log,Validation curve is descriptive only and is never used as canonical TEST evidence
training_curve,Tonsil,A,Generalist Selected PEFT,42,validation,7,,,,,val_mPQ,0.3101,24283,2052,23494,9879,run/sthelar40x_klt_5class_slideind_foldA_lora_adaptformer_r8_a8_red16_heads_e10_seed42/log/2026-08-19T105648_sthelar40x_klt_5class_slideind_foldA_lora_adaptformer_r8_a8_red16_heads_e10_seed42/logs.log,Validation curve is descriptive only and is never used as canonical TEST evidence
training_curve,Tonsil,A,Generalist Selected PEFT,42,train,8,,,,,train_loss,3.9542,24283,2052,23494,9879,run/sthelar40x_klt_5class_slideind_foldA_lora_adaptformer_r8_a8_red16_heads_e10_seed42/log/2026-08-19T105648_sthelar40x_klt_5class_slideind_foldA_lora_adaptformer_r8_a8_red16_heads_e10_seed42/logs.log,Validation curve is descriptive only and is never used as canonical TEST evidence
training_curve,Tonsil,A,Generalist Selected PEFT,42,train,8,,,,,train_Dice,0.8325,24283,2052,23494,9879,run/sthelar40x_klt_5class_slideind_foldA_lora_adaptformer_r8_a8_red16_heads_e10_seed42/log/2026-08-19T105648_sthelar40x_klt_5class_slideind_foldA_lora_adaptformer_r8_a8_red16_heads_e10_seed42/logs.log,Validation curve is descriptive only and is never used as canonical TEST evidence
training_curve,Tonsil,A,Generalist Selected PEFT,42,train,8,,,,,train_Jaccard,0.7262,24283,2052,23494,9879,run/sthelar40x_klt_5class_slideind_foldA_lora_adaptformer_r8_a8_red16_heads_e10_seed42/log/2026-08-19T105648_sthelar40x_klt_5class_slideind_foldA_lora_adaptformer_r8_a8_red16_heads_e10_seed42/logs.log,Validation curve is descriptive only and is never used as canonical TEST evidence
training_curve,Tonsil,A,Generalist Selected PEFT,42,validation,8,,,,,val_loss,4.239,24283,2052,23494,9879,run/sthelar40x_klt_5class_slideind_foldA_lora_adaptformer_r8_a8_red16_heads_e10_seed42/log/2026-08-19T105648_sthelar40x_klt_5class_slideind_foldA_lora_adaptformer_r8_a8_red16_heads_e10_seed42/logs.log,Validation curve is descriptive only and is never used as canonical TEST evidence
training_curve,Tonsil,A,Generalist Selected PEFT,42,validation,8,,,,,val_Dice,0.7868,24283,2052,23494,9879,run/sthelar40x_klt_5class_slideind_foldA_lora_adaptformer_r8_a8_red16_heads_e10_seed42/log/2026-08-19T105648_sthelar40x_klt_5class_slideind_foldA_lora_adaptformer_r8_a8_red16_heads_e10_seed42/logs.log,Validation curve is descriptive only and is never used as canonical TEST evidence
training_curve,Tonsil,A,Generalist Selected PEFT,42,validation,8,,,,,val_Jaccard,0.6757,24283,2052,23494,9879,run/sthelar40x_klt_5class_slideind_foldA_lora_adaptformer_r8_a8_red16_heads_e10_seed42/log/2026-08-19T105648_sthelar40x_klt_5class_slideind_foldA_lora_adaptformer_r8_a8_red16_heads_e10_seed42/logs.log,Validation curve is descriptive only and is never used as canonical TEST evidence
training_curve,Tonsil,A,Generalist Selected PEFT,42,validation,8,,,,,val_bPQ,0.5393,24283,2052,23494,9879,run/sthelar40x_klt_5class_slideind_foldA_lora_adaptformer_r8_a8_red16_heads_e10_seed42/log/2026-08-19T105648_sthelar40x_klt_5class_slideind_foldA_lora_adaptformer_r8_a8_red16_heads_e10_seed42/logs.log,Validation curve is descriptive only and is never used as canonical TEST evidence
training_curve,Tonsil,A,Generalist Selected PEFT,42,validation,8,,,,,val_mPQ,0.3084,24283,2052,23494,9879,run/sthelar40x_klt_5class_slideind_foldA_lora_adaptformer_r8_a8_red16_heads_e10_seed42/log/2026-08-19T105648_sthelar40x_klt_5class_slideind_foldA_lora_adaptformer_r8_a8_red16_heads_e10_seed42/logs.log,Validation curve is descriptive only and is never used as canonical TEST evidence
training_curve,Tonsil,A,Generalist Selected PEFT,42,train,9,,,,,train_loss,3.9242,24283,2052,23494,9879,run/sthelar40x_klt_5class_slideind_foldA_lora_adaptformer_r8_a8_red16_heads_e10_seed42/log/2026-08-19T105648_sthelar40x_klt_5class_slideind_foldA_lora_adaptformer_r8_a8_red16_heads_e10_seed42/logs.log,Validation curve is descriptive only and is never used as canonical TEST evidence
training_curve,Tonsil,A,Generalist Selected PEFT,42,train,9,,,,,train_Dice,0.8327,24283,2052,23494,9879,run/sthelar40x_klt_5class_slideind_foldA_lora_adaptformer_r8_a8_red16_heads_e10_seed42/log/2026-08-19T105648_sthelar40x_klt_5class_slideind_foldA_lora_adaptformer_r8_a8_red16_heads_e10_seed42/logs.log,Validation curve is descriptive only and is never used as canonical TEST evidence
training_curve,Tonsil,A,Generalist Selected PEFT,42,train,9,,,,,train_Jaccard,0.7273,24283,2052,23494,9879,run/sthelar40x_klt_5class_slideind_foldA_lora_adaptformer_r8_a8_red16_heads_e10_seed42/log/2026-08-19T105648_sthelar40x_klt_5class_slideind_foldA_lora_adaptformer_r8_a8_red16_heads_e10_seed42/logs.log,Validation curve is descriptive only and is never used as canonical TEST evidence
training_curve,Tonsil,A,Generalist Selected PEFT,42,validation,9,,,,,val_loss,4.1735,24283,2052,23494,9879,run/sthelar40x_klt_5class_slideind_foldA_lora_adaptformer_r8_a8_red16_heads_e10_seed42/log/2026-08-19T105648_sthelar40x_klt_5class_slideind_foldA_lora_adaptformer_r8_a8_red16_heads_e10_seed42/logs.log,Validation curve is descriptive only and is never used as canonical TEST evidence
training_curve,Tonsil,A,Generalist Selected PEFT,42,validation,9,,,,,val_Dice,0.7811,24283,2052,23494,9879,run/sthelar40x_klt_5class_slideind_foldA_lora_adaptformer_r8_a8_red16_heads_e10_seed42/log/2026-08-19T105648_sthelar40x_klt_5class_slideind_foldA_lora_adaptformer_r8_a8_red16_heads_e10_seed42/logs.log,Validation curve is descriptive only and is never used as canonical TEST evidence
training_curve,Tonsil,A,Generalist Selected PEFT,42,validation,9,,,,,val_Jaccard,0.6728,24283,2052,23494,9879,run/sthelar40x_klt_5class_slideind_foldA_lora_adaptformer_r8_a8_red16_heads_e10_seed42/log/2026-08-19T105648_sthelar40x_klt_5class_slideind_foldA_lora_adaptformer_r8_a8_red16_heads_e10_seed42/logs.log,Validation curve is descriptive only and is never used as canonical TEST evidence
training_curve,Tonsil,A,Generalist Selected PEFT,42,validation,9,,,,,val_bPQ,0.5394,24283,2052,23494,9879,run/sthelar40x_klt_5class_slideind_foldA_lora_adaptformer_r8_a8_red16_heads_e10_seed42/log/2026-08-19T105648_sthelar40x_klt_5class_slideind_foldA_lora_adaptformer_r8_a8_red16_heads_e10_seed42/logs.log,Validation curve is descriptive only and is never used as canonical TEST evidence
training_curve,Tonsil,A,Generalist Selected PEFT,42,validation,9,,,,,val_mPQ,0.3088,24283,2052,23494,9879,run/sthelar40x_klt_5class_slideind_foldA_lora_adaptformer_r8_a8_red16_heads_e10_seed42/log/2026-08-19T105648_sthelar40x_klt_5class_slideind_foldA_lora_adaptformer_r8_a8_red16_heads_e10_seed42/logs.log,Validation curve is descriptive only and is never used as canonical TEST evidence
training_curve,Tonsil,A,Generalist Selected PEFT,42,train,10,,,,,train_loss,3.8766,24283,2052,23494,9879,run/sthelar40x_klt_5class_slideind_foldA_lora_adaptformer_r8_a8_red16_heads_e10_seed42/log/2026-08-19T105648_sthelar40x_klt_5class_slideind_foldA_lora_adaptformer_r8_a8_red16_heads_e10_seed42/logs.log,Validation curve is descriptive only and is never used as canonical TEST evidence
training_curve,Tonsil,A,Generalist Selected PEFT,42,train,10,,,,,train_Dice,0.8339,24283,2052,23494,9879,run/sthelar40x_klt_5class_slideind_foldA_lora_adaptformer_r8_a8_red16_heads_e10_seed42/log/2026-08-19T105648_sthelar40x_klt_5class_slideind_foldA_lora_adaptformer_r8_a8_red16_heads_e10_seed42/logs.log,Validation curve is descriptive only and is never used as canonical TEST evidence
training_curve,Tonsil,A,Generalist Selected PEFT,42,train,10,,,,,train_Jaccard,0.7295,24283,2052,23494,9879,run/sthelar40x_klt_5class_slideind_foldA_lora_adaptformer_r8_a8_red16_heads_e10_seed42/log/2026-08-19T105648_sthelar40x_klt_5class_slideind_foldA_lora_adaptformer_r8_a8_red16_heads_e10_seed42/logs.log,Validation curve is descriptive only and is never used as canonical TEST evidence
training_curve,Tonsil,A,Generalist Selected PEFT,42,validation,10,,,,,val_loss,4.2205,24283,2052,23494,9879,run/sthelar40x_klt_5class_slideind_foldA_lora_adaptformer_r8_a8_red16_heads_e10_seed42/log/2026-08-19T105648_sthelar40x_klt_5class_slideind_foldA_lora_adaptformer_r8_a8_red16_heads_e10_seed42/logs.log,Validation curve is descriptive only and is never used as canonical TEST evidence
training_curve,Tonsil,A,Generalist Selected PEFT,42,validation,10,,,,,val_Dice,0.7895,24283,2052,23494,9879,run/sthelar40x_klt_5class_slideind_foldA_lora_adaptformer_r8_a8_red16_heads_e10_seed42/log/2026-08-19T105648_sthelar40x_klt_5class_slideind_foldA_lora_adaptformer_r8_a8_red16_heads_e10_seed42/logs.log,Validation curve is descriptive only and is never used as canonical TEST evidence
training_curve,Tonsil,A,Generalist Selected PEFT,42,validation,10,,,,,val_Jaccard,0.679,24283,2052,23494,9879,run/sthelar40x_klt_5class_slideind_foldA_lora_adaptformer_r8_a8_red16_heads_e10_seed42/log/2026-08-19T105648_sthelar40x_klt_5class_slideind_foldA_lora_adaptformer_r8_a8_red16_heads_e10_seed42/logs.log,Validation curve is descriptive only and is never used as canonical TEST evidence
training_curve,Tonsil,A,Generalist Selected PEFT,42,validation,10,,,,,val_bPQ,0.5463,24283,2052,23494,9879,run/sthelar40x_klt_5class_slideind_foldA_lora_adaptformer_r8_a8_red16_heads_e10_seed42/log/2026-08-19T105648_sthelar40x_klt_5class_slideind_foldA_lora_adaptformer_r8_a8_red16_heads_e10_seed42/logs.log,Validation curve is descriptive only and is never used as canonical TEST evidence
training_curve,Tonsil,A,Generalist Selected PEFT,42,validation,10,,,,,val_mPQ,0.3133,24283,2052,23494,9879,run/sthelar40x_klt_5class_slideind_foldA_lora_adaptformer_r8_a8_red16_heads_e10_seed42/log/2026-08-19T105648_sthelar40x_klt_5class_slideind_foldA_lora_adaptformer_r8_a8_red16_heads_e10_seed42/logs.log,Validation curve is descriptive only and is never used as canonical TEST evidence
dataset_summary,Tonsil,A,Tissue-specific Selected PEFT,42,,,,,,,,,21001,2066,21083,9879,run/sthelar40x_tonsil_5class_slideind_foldA_lora_adaptformer_r8_a8_red16_heads_e10_seed42/log/2026-08-25T192051_sthelar40x_tonsil_5class_slideind_foldA_lora_adaptformer_r8_a8_red16_heads_e10_seed42/inference_results.json,Test metrics and test class counts use exact generalist/specialist patch-ID intersection
class_distribution,Tonsil,A,Tissue-specific Selected PEFT,42,train,,Immune,,1705169,0.698201929467,,,21001,2066,21083,9879,run/sthelar40x_tonsil_5class_slideind_foldA_lora_adaptformer_r8_a8_red16_heads_e10_seed42/log/2026-08-25T192051_sthelar40x_tonsil_5class_slideind_foldA_lora_adaptformer_r8_a8_red16_heads_e10_seed42/inference_results.json,Patch-level nucleus annotation occurrences; overlapping patches may repeat a biological cell
class_distribution,Tonsil,A,Tissue-specific Selected PEFT,42,train,,Stromal,,408278,0.167174331318,,,21001,2066,21083,9879,run/sthelar40x_tonsil_5class_slideind_foldA_lora_adaptformer_r8_a8_red16_heads_e10_seed42/log/2026-08-25T192051_sthelar40x_tonsil_5class_slideind_foldA_lora_adaptformer_r8_a8_red16_heads_e10_seed42/inference_results.json,Patch-level nucleus annotation occurrences; overlapping patches may repeat a biological cell
class_distribution,Tonsil,A,Tissue-specific Selected PEFT,42,train,,Epithelial,,303671,0.124341738633,,,21001,2066,21083,9879,run/sthelar40x_tonsil_5class_slideind_foldA_lora_adaptformer_r8_a8_red16_heads_e10_seed42/log/2026-08-25T192051_sthelar40x_tonsil_5class_slideind_foldA_lora_adaptformer_r8_a8_red16_heads_e10_seed42/inference_results.json,Patch-level nucleus annotation occurrences; overlapping patches may repeat a biological cell
class_distribution,Tonsil,A,Tissue-specific Selected PEFT,42,train,,Melanocyte,,0,0,,,21001,2066,21083,9879,run/sthelar40x_tonsil_5class_slideind_foldA_lora_adaptformer_r8_a8_red16_heads_e10_seed42/log/2026-08-25T192051_sthelar40x_tonsil_5class_slideind_foldA_lora_adaptformer_r8_a8_red16_heads_e10_seed42/inference_results.json,Patch-level nucleus annotation occurrences; overlapping patches may repeat a biological cell
class_distribution,Tonsil,A,Tissue-specific Selected PEFT,42,train,,Other,,25111,0.0102820005823,,,21001,2066,21083,9879,run/sthelar40x_tonsil_5class_slideind_foldA_lora_adaptformer_r8_a8_red16_heads_e10_seed42/log/2026-08-25T192051_sthelar40x_tonsil_5class_slideind_foldA_lora_adaptformer_r8_a8_red16_heads_e10_seed42/inference_results.json,Patch-level nucleus annotation occurrences; overlapping patches may repeat a biological cell
class_distribution,Tonsil,A,Tissue-specific Selected PEFT,42,validation,,Immune,,178844,0.684418387497,,,21001,2066,21083,9879,run/sthelar40x_tonsil_5class_slideind_foldA_lora_adaptformer_r8_a8_red16_heads_e10_seed42/log/2026-08-25T192051_sthelar40x_tonsil_5class_slideind_foldA_lora_adaptformer_r8_a8_red16_heads_e10_seed42/inference_results.json,Patch-level nucleus annotation occurrences; overlapping patches may repeat a biological cell
class_distribution,Tonsil,A,Tissue-specific Selected PEFT,42,validation,,Stromal,,44368,0.16979196963,,,21001,2066,21083,9879,run/sthelar40x_tonsil_5class_slideind_foldA_lora_adaptformer_r8_a8_red16_heads_e10_seed42/log/2026-08-25T192051_sthelar40x_tonsil_5class_slideind_foldA_lora_adaptformer_r8_a8_red16_heads_e10_seed42/inference_results.json,Patch-level nucleus annotation occurrences; overlapping patches may repeat a biological cell
class_distribution,Tonsil,A,Tissue-specific Selected PEFT,42,validation,,Epithelial,,36111,0.138193243223,,,21001,2066,21083,9879,run/sthelar40x_tonsil_5class_slideind_foldA_lora_adaptformer_r8_a8_red16_heads_e10_seed42/log/2026-08-25T192051_sthelar40x_tonsil_5class_slideind_foldA_lora_adaptformer_r8_a8_red16_heads_e10_seed42/inference_results.json,Patch-level nucleus annotation occurrences; overlapping patches may repeat a biological cell
class_distribution,Tonsil,A,Tissue-specific Selected PEFT,42,validation,,Melanocyte,,0,0,,,21001,2066,21083,9879,run/sthelar40x_tonsil_5class_slideind_foldA_lora_adaptformer_r8_a8_red16_heads_e10_seed42/log/2026-08-25T192051_sthelar40x_tonsil_5class_slideind_foldA_lora_adaptformer_r8_a8_red16_heads_e10_seed42/inference_results.json,Patch-level nucleus annotation occurrences; overlapping patches may repeat a biological cell
class_distribution,Tonsil,A,Tissue-specific Selected PEFT,42,validation,,Other,,1985,0.00759639965099,,,21001,2066,21083,9879,run/sthelar40x_tonsil_5class_slideind_foldA_lora_adaptformer_r8_a8_red16_heads_e10_seed42/log/2026-08-25T192051_sthelar40x_tonsil_5class_slideind_foldA_lora_adaptformer_r8_a8_red16_heads_e10_seed42/inference_results.json,Patch-level nucleus annotation occurrences; overlapping patches may repeat a biological cell
class_distribution,Tonsil,A,Tissue-specific Selected PEFT,42,matched_test,,Immune,,527728,0.648046997799,,,21001,2066,21083,9879,run/sthelar40x_tonsil_5class_slideind_foldA_lora_adaptformer_r8_a8_red16_heads_e10_seed42/log/2026-08-25T192051_sthelar40x_tonsil_5class_slideind_foldA_lora_adaptformer_r8_a8_red16_heads_e10_seed42/inference_results.json,Patch-level nucleus annotation occurrences; overlapping patches may repeat a biological cell
class_distribution,Tonsil,A,Tissue-specific Selected PEFT,42,matched_test,,Stromal,,163296,0.200526563974,,,21001,2066,21083,9879,run/sthelar40x_tonsil_5class_slideind_foldA_lora_adaptformer_r8_a8_red16_heads_e10_seed42/log/2026-08-25T192051_sthelar40x_tonsil_5class_slideind_foldA_lora_adaptformer_r8_a8_red16_heads_e10_seed42/inference_results.json,Patch-level nucleus annotation occurrences; overlapping patches may repeat a biological cell
class_distribution,Tonsil,A,Tissue-specific Selected PEFT,42,matched_test,,Epithelial,,84208,0.103406947501,,,21001,2066,21083,9879,run/sthelar40x_tonsil_5class_slideind_foldA_lora_adaptformer_r8_a8_red16_heads_e10_seed42/log/2026-08-25T192051_sthelar40x_tonsil_5class_slideind_foldA_lora_adaptformer_r8_a8_red16_heads_e10_seed42/inference_results.json,Patch-level nucleus annotation occurrences; overlapping patches may repeat a biological cell
class_distribution,Tonsil,A,Tissue-specific Selected PEFT,42,matched_test,,Melanocyte,,0,0,,,21001,2066,21083,9879,run/sthelar40x_tonsil_5class_slideind_foldA_lora_adaptformer_r8_a8_red16_heads_e10_seed42/log/2026-08-25T192051_sthelar40x_tonsil_5class_slideind_foldA_lora_adaptformer_r8_a8_red16_heads_e10_seed42/inference_results.json,Patch-level nucleus annotation occurrences; overlapping patches may repeat a biological cell
class_distribution,Tonsil,A,Tissue-specific Selected PEFT,42,matched_test,,Other,,39104,0.0480194907262,,,21001,2066,21083,9879,run/sthelar40x_tonsil_5class_slideind_foldA_lora_adaptformer_r8_a8_red16_heads_e10_seed42/log/2026-08-25T192051_sthelar40x_tonsil_5class_slideind_foldA_lora_adaptformer_r8_a8_red16_heads_e10_seed42/inference_results.json,Patch-level nucleus annotation occurrences; overlapping patches may repeat a biological cell
matched_test_metric,Tonsil,A,Tissue-specific Selected PEFT,42,matched_test,,,,,,Dice,0.735516085951,21001,2066,21083,9879,run/sthelar40x_tonsil_5class_slideind_foldA_lora_adaptformer_r8_a8_red16_heads_e10_seed42/log/2026-08-25T192051_sthelar40x_tonsil_5class_slideind_foldA_lora_adaptformer_r8_a8_red16_heads_e10_seed42/inference_results.json,
matched_test_metric,Tonsil,A,Tissue-specific Selected PEFT,42,matched_test,,,,,,Jaccard,0.609268202249,21001,2066,21083,9879,run/sthelar40x_tonsil_5class_slideind_foldA_lora_adaptformer_r8_a8_red16_heads_e10_seed42/log/2026-08-25T192051_sthelar40x_tonsil_5class_slideind_foldA_lora_adaptformer_r8_a8_red16_heads_e10_seed42/inference_results.json,
matched_test_metric,Tonsil,A,Tissue-specific Selected PEFT,42,matched_test,,,,,,bPQ,0.450253054907,21001,2066,21083,9879,run/sthelar40x_tonsil_5class_slideind_foldA_lora_adaptformer_r8_a8_red16_heads_e10_seed42/log/2026-08-25T192051_sthelar40x_tonsil_5class_slideind_foldA_lora_adaptformer_r8_a8_red16_heads_e10_seed42/inference_results.json,
matched_test_metric,Tonsil,A,Tissue-specific Selected PEFT,42,matched_test,,,,,,mPQ,0.215774069915,21001,2066,21083,9879,run/sthelar40x_tonsil_5class_slideind_foldA_lora_adaptformer_r8_a8_red16_heads_e10_seed42/log/2026-08-25T192051_sthelar40x_tonsil_5class_slideind_foldA_lora_adaptformer_r8_a8_red16_heads_e10_seed42/inference_results.json,
matched_test_metric,Tonsil,A,Tissue-specific Selected PEFT,42,matched_test,,,,,,F1det,0.837857085711,21001,2066,21083,9879,run/sthelar40x_tonsil_5class_slideind_foldA_lora_adaptformer_r8_a8_red16_heads_e10_seed42/log/2026-08-25T192051_sthelar40x_tonsil_5class_slideind_foldA_lora_adaptformer_r8_a8_red16_heads_e10_seed42/inference_results.json,
matched_test_metric,Tonsil,A,Tissue-specific Selected PEFT,42,matched_test,,,,,,F1type,0.487873256434,21001,2066,21083,9879,run/sthelar40x_tonsil_5class_slideind_foldA_lora_adaptformer_r8_a8_red16_heads_e10_seed42/log/2026-08-25T192051_sthelar40x_tonsil_5class_slideind_foldA_lora_adaptformer_r8_a8_red16_heads_e10_seed42/inference_results.json,
matched_class_metric,Tonsil,A,Tissue-specific Selected PEFT,42,matched_test,,Immune,,,,matched_true_support,429416,21001,2066,21083,9879,run/sthelar40x_tonsil_5class_slideind_foldA_lora_adaptformer_r8_a8_red16_heads_e10_seed42/log/2026-08-25T192051_sthelar40x_tonsil_5class_slideind_foldA_lora_adaptformer_r8_a8_red16_heads_e10_seed42/inference_results.json,Type F1 is calculated from paired foreground confusion only
matched_class_metric,Tonsil,A,Tissue-specific Selected PEFT,42,matched_test,,Immune,,,,total_true_support,520010,21001,2066,21083,9879,run/sthelar40x_tonsil_5class_slideind_foldA_lora_adaptformer_r8_a8_red16_heads_e10_seed42/log/2026-08-25T192051_sthelar40x_tonsil_5class_slideind_foldA_lora_adaptformer_r8_a8_red16_heads_e10_seed42/inference_results.json,Type F1 is calculated from paired foreground confusion only
matched_class_metric,Tonsil,A,Tissue-specific Selected PEFT,42,matched_test,,Immune,,,,paired_type_F1,0.808772809739,21001,2066,21083,9879,run/sthelar40x_tonsil_5class_slideind_foldA_lora_adaptformer_r8_a8_red16_heads_e10_seed42/log/2026-08-25T192051_sthelar40x_tonsil_5class_slideind_foldA_lora_adaptformer_r8_a8_red16_heads_e10_seed42/inference_results.json,Type F1 is calculated from paired foreground confusion only
predicted_class_frequency,Tonsil,A,Tissue-specific Selected PEFT,42,matched_test,,,Immune,424471,0.587691826303,,,21001,2066,21083,9879,run/sthelar40x_tonsil_5class_slideind_foldA_lora_adaptformer_r8_a8_red16_heads_e10_seed42/log/2026-08-25T192051_sthelar40x_tonsil_5class_slideind_foldA_lora_adaptformer_r8_a8_red16_heads_e10_seed42/inference_results.json,Foreground predicted instances; unmatched predictions included
matched_class_metric,Tonsil,A,Tissue-specific Selected PEFT,42,matched_test,,Stromal,,,,matched_true_support,123092,21001,2066,21083,9879,run/sthelar40x_tonsil_5class_slideind_foldA_lora_adaptformer_r8_a8_red16_heads_e10_seed42/log/2026-08-25T192051_sthelar40x_tonsil_5class_slideind_foldA_lora_adaptformer_r8_a8_red16_heads_e10_seed42/inference_results.json,Type F1 is calculated from paired foreground confusion only
matched_class_metric,Tonsil,A,Tissue-specific Selected PEFT,42,matched_test,,Stromal,,,,total_true_support,160887,21001,2066,21083,9879,run/sthelar40x_tonsil_5class_slideind_foldA_lora_adaptformer_r8_a8_red16_heads_e10_seed42/log/2026-08-25T192051_sthelar40x_tonsil_5class_slideind_foldA_lora_adaptformer_r8_a8_red16_heads_e10_seed42/inference_results.json,Type F1 is calculated from paired foreground confusion only
matched_class_metric,Tonsil,A,Tissue-specific Selected PEFT,42,matched_test,,Stromal,,,,paired_type_F1,0.506623382197,21001,2066,21083,9879,run/sthelar40x_tonsil_5class_slideind_foldA_lora_adaptformer_r8_a8_red16_heads_e10_seed42/log/2026-08-25T192051_sthelar40x_tonsil_5class_slideind_foldA_lora_adaptformer_r8_a8_red16_heads_e10_seed42/inference_results.json,Type F1 is calculated from paired foreground confusion only
predicted_class_frequency,Tonsil,A,Tissue-specific Selected PEFT,42,matched_test,,,Stromal,152891,0.211681813399,,,21001,2066,21083,9879,run/sthelar40x_tonsil_5class_slideind_foldA_lora_adaptformer_r8_a8_red16_heads_e10_seed42/log/2026-08-25T192051_sthelar40x_tonsil_5class_slideind_foldA_lora_adaptformer_r8_a8_red16_heads_e10_seed42/inference_results.json,Foreground predicted instances; unmatched predictions included
matched_class_metric,Tonsil,A,Tissue-specific Selected PEFT,42,matched_test,,Epithelial,,,,matched_true_support,65688,21001,2066,21083,9879,run/sthelar40x_tonsil_5class_slideind_foldA_lora_adaptformer_r8_a8_red16_heads_e10_seed42/log/2026-08-25T192051_sthelar40x_tonsil_5class_slideind_foldA_lora_adaptformer_r8_a8_red16_heads_e10_seed42/inference_results.json,Type F1 is calculated from paired foreground confusion only
matched_class_metric,Tonsil,A,Tissue-specific Selected PEFT,42,matched_test,,Epithelial,,,,total_true_support,82951,21001,2066,21083,9879,run/sthelar40x_tonsil_5class_slideind_foldA_lora_adaptformer_r8_a8_red16_heads_e10_seed42/log/2026-08-25T192051_sthelar40x_tonsil_5class_slideind_foldA_lora_adaptformer_r8_a8_red16_heads_e10_seed42/inference_results.json,Type F1 is calculated from paired foreground confusion only
matched_class_metric,Tonsil,A,Tissue-specific Selected PEFT,42,matched_test,,Epithelial,,,,paired_type_F1,0.636096833802,21001,2066,21083,9879,run/sthelar40x_tonsil_5class_slideind_foldA_lora_adaptformer_r8_a8_red16_heads_e10_seed42/log/2026-08-25T192051_sthelar40x_tonsil_5class_slideind_foldA_lora_adaptformer_r8_a8_red16_heads_e10_seed42/inference_results.json,Type F1 is calculated from paired foreground confusion only
predicted_class_frequency,Tonsil,A,Tissue-specific Selected PEFT,42,matched_test,,,Epithelial,144906,0.200626360298,,,21001,2066,21083,9879,run/sthelar40x_tonsil_5class_slideind_foldA_lora_adaptformer_r8_a8_red16_heads_e10_seed42/log/2026-08-25T192051_sthelar40x_tonsil_5class_slideind_foldA_lora_adaptformer_r8_a8_red16_heads_e10_seed42/inference_results.json,Foreground predicted instances; unmatched predictions included
matched_class_metric,Tonsil,A,Tissue-specific Selected PEFT,42,matched_test,,Melanocyte,,,,matched_true_support,0,21001,2066,21083,9879,run/sthelar40x_tonsil_5class_slideind_foldA_lora_adaptformer_r8_a8_red16_heads_e10_seed42/log/2026-08-25T192051_sthelar40x_tonsil_5class_slideind_foldA_lora_adaptformer_r8_a8_red16_heads_e10_seed42/inference_results.json,Type F1 is calculated from paired foreground confusion only
matched_class_metric,Tonsil,A,Tissue-specific Selected PEFT,42,matched_test,,Melanocyte,,,,total_true_support,0,21001,2066,21083,9879,run/sthelar40x_tonsil_5class_slideind_foldA_lora_adaptformer_r8_a8_red16_heads_e10_seed42/log/2026-08-25T192051_sthelar40x_tonsil_5class_slideind_foldA_lora_adaptformer_r8_a8_red16_heads_e10_seed42/inference_results.json,Type F1 is calculated from paired foreground confusion only
matched_class_metric,Tonsil,A,Tissue-specific Selected PEFT,42,matched_test,,Melanocyte,,,,paired_type_F1,nan,21001,2066,21083,9879,run/sthelar40x_tonsil_5class_slideind_foldA_lora_adaptformer_r8_a8_red16_heads_e10_seed42/log/2026-08-25T192051_sthelar40x_tonsil_5class_slideind_foldA_lora_adaptformer_r8_a8_red16_heads_e10_seed42/inference_results.json,Type F1 is calculated from paired foreground confusion only
predicted_class_frequency,Tonsil,A,Tissue-specific Selected PEFT,42,matched_test,,,Melanocyte,0,0,,,21001,2066,21083,9879,run/sthelar40x_tonsil_5class_slideind_foldA_lora_adaptformer_r8_a8_red16_heads_e10_seed42/log/2026-08-25T192051_sthelar40x_tonsil_5class_slideind_foldA_lora_adaptformer_r8_a8_red16_heads_e10_seed42/inference_results.json,Foreground predicted instances; unmatched predictions included
matched_class_metric,Tonsil,A,Tissue-specific Selected PEFT,42,matched_test,,Other,,,,matched_true_support,20589,21001,2066,21083,9879,run/sthelar40x_tonsil_5class_slideind_foldA_lora_adaptformer_r8_a8_red16_heads_e10_seed42/log/2026-08-25T192051_sthelar40x_tonsil_5class_slideind_foldA_lora_adaptformer_r8_a8_red16_heads_e10_seed42/inference_results.json,Type F1 is calculated from paired foreground confusion only
matched_class_metric,Tonsil,A,Tissue-specific Selected PEFT,42,matched_test,,Other,,,,total_true_support,38541,21001,2066,21083,9879,run/sthelar40x_tonsil_5class_slideind_foldA_lora_adaptformer_r8_a8_red16_heads_e10_seed42/log/2026-08-25T192051_sthelar40x_tonsil_5class_slideind_foldA_lora_adaptformer_r8_a8_red16_heads_e10_seed42/inference_results.json,Type F1 is calculated from paired foreground confusion only
matched_class_metric,Tonsil,A,Tissue-specific Selected PEFT,42,matched_test,,Other,,,,paired_type_F1,0,21001,2066,21083,9879,run/sthelar40x_tonsil_5class_slideind_foldA_lora_adaptformer_r8_a8_red16_heads_e10_seed42/log/2026-08-25T192051_sthelar40x_tonsil_5class_slideind_foldA_lora_adaptformer_r8_a8_red16_heads_e10_seed42/inference_results.json,Type F1 is calculated from paired foreground confusion only
predicted_class_frequency,Tonsil,A,Tissue-specific Selected PEFT,42,matched_test,,,Other,0,0,,,21001,2066,21083,9879,run/sthelar40x_tonsil_5class_slideind_foldA_lora_adaptformer_r8_a8_red16_heads_e10_seed42/log/2026-08-25T192051_sthelar40x_tonsil_5class_slideind_foldA_lora_adaptformer_r8_a8_red16_heads_e10_seed42/inference_results.json,Foreground predicted instances; unmatched predictions included
paired_confusion,Tonsil,A,Tissue-specific Selected PEFT,42,matched_test,,Background,Background,3,,,,21001,2066,21083,9879,run/sthelar40x_tonsil_5class_slideind_foldA_lora_adaptformer_r8_a8_red16_heads_e10_seed42/log/2026-08-25T192051_sthelar40x_tonsil_5class_slideind_foldA_lora_adaptformer_r8_a8_red16_heads_e10_seed42/inference_results.json,"Rows=true, columns=predicted; exact matched patch intersection"
paired_confusion,Tonsil,A,Tissue-specific Selected PEFT,42,matched_test,,Background,Immune,0,,,,21001,2066,21083,9879,run/sthelar40x_tonsil_5class_slideind_foldA_lora_adaptformer_r8_a8_red16_heads_e10_seed42/log/2026-08-25T192051_sthelar40x_tonsil_5class_slideind_foldA_lora_adaptformer_r8_a8_red16_heads_e10_seed42/inference_results.json,"Rows=true, columns=predicted; exact matched patch intersection"
paired_confusion,Tonsil,A,Tissue-specific Selected PEFT,42,matched_test,,Background,Stromal,0,,,,21001,2066,21083,9879,run/sthelar40x_tonsil_5class_slideind_foldA_lora_adaptformer_r8_a8_red16_heads_e10_seed42/log/2026-08-25T192051_sthelar40x_tonsil_5class_slideind_foldA_lora_adaptformer_r8_a8_red16_heads_e10_seed42/inference_results.json,"Rows=true, columns=predicted; exact matched patch intersection"
paired_confusion,Tonsil,A,Tissue-specific Selected PEFT,42,matched_test,,Background,Epithelial,0,,,,21001,2066,21083,9879,run/sthelar40x_tonsil_5class_slideind_foldA_lora_adaptformer_r8_a8_red16_heads_e10_seed42/log/2026-08-25T192051_sthelar40x_tonsil_5class_slideind_foldA_lora_adaptformer_r8_a8_red16_heads_e10_seed42/inference_results.json,"Rows=true, columns=predicted; exact matched patch intersection"
paired_confusion,Tonsil,A,Tissue-specific Selected PEFT,42,matched_test,,Background,Melanocyte,0,,,,21001,2066,21083,9879,run/sthelar40x_tonsil_5class_slideind_foldA_lora_adaptformer_r8_a8_red16_heads_e10_seed42/log/2026-08-25T192051_sthelar40x_tonsil_5class_slideind_foldA_lora_adaptformer_r8_a8_red16_heads_e10_seed42/inference_results.json,"Rows=true, columns=predicted; exact matched patch intersection"
paired_confusion,Tonsil,A,Tissue-specific Selected PEFT,42,matched_test,,Background,Other,0,,,,21001,2066,21083,9879,run/sthelar40x_tonsil_5class_slideind_foldA_lora_adaptformer_r8_a8_red16_heads_e10_seed42/log/2026-08-25T192051_sthelar40x_tonsil_5class_slideind_foldA_lora_adaptformer_r8_a8_red16_heads_e10_seed42/inference_results.json,"Rows=true, columns=predicted; exact matched patch intersection"
paired_confusion,Tonsil,A,Tissue-specific Selected PEFT,42,matched_test,,Immune,Background,20,,,,21001,2066,21083,9879,run/sthelar40x_tonsil_5class_slideind_foldA_lora_adaptformer_r8_a8_red16_heads_e10_seed42/log/2026-08-25T192051_sthelar40x_tonsil_5class_slideind_foldA_lora_adaptformer_r8_a8_red16_heads_e10_seed42/inference_results.json,"Rows=true, columns=predicted; exact matched patch intersection"
paired_confusion,Tonsil,A,Tissue-specific Selected PEFT,42,matched_test,,Immune,Immune,326540,,,,21001,2066,21083,9879,run/sthelar40x_tonsil_5class_slideind_foldA_lora_adaptformer_r8_a8_red16_heads_e10_seed42/log/2026-08-25T192051_sthelar40x_tonsil_5class_slideind_foldA_lora_adaptformer_r8_a8_red16_heads_e10_seed42/inference_results.json,"Rows=true, columns=predicted; exact matched patch intersection"
paired_confusion,Tonsil,A,Tissue-specific Selected PEFT,42,matched_test,,Immune,Stromal,59138,,,,21001,2066,21083,9879,run/sthelar40x_tonsil_5class_slideind_foldA_lora_adaptformer_r8_a8_red16_heads_e10_seed42/log/2026-08-25T192051_sthelar40x_tonsil_5class_slideind_foldA_lora_adaptformer_r8_a8_red16_heads_e10_seed42/inference_results.json,"Rows=true, columns=predicted; exact matched patch intersection"
paired_confusion,Tonsil,A,Tissue-specific Selected PEFT,42,matched_test,,Immune,Epithelial,43738,,,,21001,2066,21083,9879,run/sthelar40x_tonsil_5class_slideind_foldA_lora_adaptformer_r8_a8_red16_heads_e10_seed42/log/2026-08-25T192051_sthelar40x_tonsil_5class_slideind_foldA_lora_adaptformer_r8_a8_red16_heads_e10_seed42/inference_results.json,"Rows=true, columns=predicted; exact matched patch intersection"
paired_confusion,Tonsil,A,Tissue-specific Selected PEFT,42,matched_test,,Immune,Melanocyte,0,,,,21001,2066,21083,9879,run/sthelar40x_tonsil_5class_slideind_foldA_lora_adaptformer_r8_a8_red16_heads_e10_seed42/log/2026-08-25T192051_sthelar40x_tonsil_5class_slideind_foldA_lora_adaptformer_r8_a8_red16_heads_e10_seed42/inference_results.json,"Rows=true, columns=predicted; exact matched patch intersection"
paired_confusion,Tonsil,A,Tissue-specific Selected PEFT,42,matched_test,,Immune,Other,0,,,,21001,2066,21083,9879,run/sthelar40x_tonsil_5class_slideind_foldA_lora_adaptformer_r8_a8_red16_heads_e10_seed42/log/2026-08-25T192051_sthelar40x_tonsil_5class_slideind_foldA_lora_adaptformer_r8_a8_red16_heads_e10_seed42/inference_results.json,"Rows=true, columns=predicted; exact matched patch intersection"
paired_confusion,Tonsil,A,Tissue-specific Selected PEFT,42,matched_test,,Stromal,Background,12,,,,21001,2066,21083,9879,run/sthelar40x_tonsil_5class_slideind_foldA_lora_adaptformer_r8_a8_red16_heads_e10_seed42/log/2026-08-25T192051_sthelar40x_tonsil_5class_slideind_foldA_lora_adaptformer_r8_a8_red16_heads_e10_seed42/inference_results.json,"Rows=true, columns=predicted; exact matched patch intersection"
paired_confusion,Tonsil,A,Tissue-specific Selected PEFT,42,matched_test,,Stromal,Immune,41165,,,,21001,2066,21083,9879,run/sthelar40x_tonsil_5class_slideind_foldA_lora_adaptformer_r8_a8_red16_heads_e10_seed42/log/2026-08-25T192051_sthelar40x_tonsil_5class_slideind_foldA_lora_adaptformer_r8_a8_red16_heads_e10_seed42/inference_results.json,"Rows=true, columns=predicted; exact matched patch intersection"
paired_confusion,Tonsil,A,Tissue-specific Selected PEFT,42,matched_test,,Stromal,Stromal,64921,,,,21001,2066,21083,9879,run/sthelar40x_tonsil_5class_slideind_foldA_lora_adaptformer_r8_a8_red16_heads_e10_seed42/log/2026-08-25T192051_sthelar40x_tonsil_5class_slideind_foldA_lora_adaptformer_r8_a8_red16_heads_e10_seed42/inference_results.json,"Rows=true, columns=predicted; exact matched patch intersection"
paired_confusion,Tonsil,A,Tissue-specific Selected PEFT,42,matched_test,,Stromal,Epithelial,17006,,,,21001,2066,21083,9879,run/sthelar40x_tonsil_5class_slideind_foldA_lora_adaptformer_r8_a8_red16_heads_e10_seed42/log/2026-08-25T192051_sthelar40x_tonsil_5class_slideind_foldA_lora_adaptformer_r8_a8_red16_heads_e10_seed42/inference_results.json,"Rows=true, columns=predicted; exact matched patch intersection"
paired_confusion,Tonsil,A,Tissue-specific Selected PEFT,42,matched_test,,Stromal,Melanocyte,0,,,,21001,2066,21083,9879,run/sthelar40x_tonsil_5class_slideind_foldA_lora_adaptformer_r8_a8_red16_heads_e10_seed42/log/2026-08-25T192051_sthelar40x_tonsil_5class_slideind_foldA_lora_adaptformer_r8_a8_red16_heads_e10_seed42/inference_results.json,"Rows=true, columns=predicted; exact matched patch intersection"
paired_confusion,Tonsil,A,Tissue-specific Selected PEFT,42,matched_test,,Stromal,Other,0,,,,21001,2066,21083,9879,run/sthelar40x_tonsil_5class_slideind_foldA_lora_adaptformer_r8_a8_red16_heads_e10_seed42/log/2026-08-25T192051_sthelar40x_tonsil_5class_slideind_foldA_lora_adaptformer_r8_a8_red16_heads_e10_seed42/inference_results.json,"Rows=true, columns=predicted; exact matched patch intersection"
paired_confusion,Tonsil,A,Tissue-specific Selected PEFT,42,matched_test,,Epithelial,Background,6,,,,21001,2066,21083,9879,run/sthelar40x_tonsil_5class_slideind_foldA_lora_adaptformer_r8_a8_red16_heads_e10_seed42/log/2026-08-25T192051_sthelar40x_tonsil_5class_slideind_foldA_lora_adaptformer_r8_a8_red16_heads_e10_seed42/inference_results.json,"Rows=true, columns=predicted; exact matched patch intersection"
paired_confusion,Tonsil,A,Tissue-specific Selected PEFT,42,matched_test,,Epithelial,Immune,3174,,,,21001,2066,21083,9879,run/sthelar40x_tonsil_5class_slideind_foldA_lora_adaptformer_r8_a8_red16_heads_e10_seed42/log/2026-08-25T192051_sthelar40x_tonsil_5class_slideind_foldA_lora_adaptformer_r8_a8_red16_heads_e10_seed42/inference_results.json,"Rows=true, columns=predicted; exact matched patch intersection"
paired_confusion,Tonsil,A,Tissue-specific Selected PEFT,42,matched_test,,Epithelial,Stromal,1068,,,,21001,2066,21083,9879,run/sthelar40x_tonsil_5class_slideind_foldA_lora_adaptformer_r8_a8_red16_heads_e10_seed42/log/2026-08-25T192051_sthelar40x_tonsil_5class_slideind_foldA_lora_adaptformer_r8_a8_red16_heads_e10_seed42/inference_results.json,"Rows=true, columns=predicted; exact matched patch intersection"
paired_confusion,Tonsil,A,Tissue-specific Selected PEFT,42,matched_test,,Epithelial,Epithelial,61446,,,,21001,2066,21083,9879,run/sthelar40x_tonsil_5class_slideind_foldA_lora_adaptformer_r8_a8_red16_heads_e10_seed42/log/2026-08-25T192051_sthelar40x_tonsil_5class_slideind_foldA_lora_adaptformer_r8_a8_red16_heads_e10_seed42/inference_results.json,"Rows=true, columns=predicted; exact matched patch intersection"
paired_confusion,Tonsil,A,Tissue-specific Selected PEFT,42,matched_test,,Epithelial,Melanocyte,0,,,,21001,2066,21083,9879,run/sthelar40x_tonsil_5class_slideind_foldA_lora_adaptformer_r8_a8_red16_heads_e10_seed42/log/2026-08-25T192051_sthelar40x_tonsil_5class_slideind_foldA_lora_adaptformer_r8_a8_red16_heads_e10_seed42/inference_results.json,"Rows=true, columns=predicted; exact matched patch intersection"
paired_confusion,Tonsil,A,Tissue-specific Selected PEFT,42,matched_test,,Epithelial,Other,0,,,,21001,2066,21083,9879,run/sthelar40x_tonsil_5class_slideind_foldA_lora_adaptformer_r8_a8_red16_heads_e10_seed42/log/2026-08-25T192051_sthelar40x_tonsil_5class_slideind_foldA_lora_adaptformer_r8_a8_red16_heads_e10_seed42/inference_results.json,"Rows=true, columns=predicted; exact matched patch intersection"
paired_confusion,Tonsil,A,Tissue-specific Selected PEFT,42,matched_test,,Melanocyte,Background,0,,,,21001,2066,21083,9879,run/sthelar40x_tonsil_5class_slideind_foldA_lora_adaptformer_r8_a8_red16_heads_e10_seed42/log/2026-08-25T192051_sthelar40x_tonsil_5class_slideind_foldA_lora_adaptformer_r8_a8_red16_heads_e10_seed42/inference_results.json,"Rows=true, columns=predicted; exact matched patch intersection"
paired_confusion,Tonsil,A,Tissue-specific Selected PEFT,42,matched_test,,Melanocyte,Immune,0,,,,21001,2066,21083,9879,run/sthelar40x_tonsil_5class_slideind_foldA_lora_adaptformer_r8_a8_red16_heads_e10_seed42/log/2026-08-25T192051_sthelar40x_tonsil_5class_slideind_foldA_lora_adaptformer_r8_a8_red16_heads_e10_seed42/inference_results.json,"Rows=true, columns=predicted; exact matched patch intersection"
paired_confusion,Tonsil,A,Tissue-specific Selected PEFT,42,matched_test,,Melanocyte,Stromal,0,,,,21001,2066,21083,9879,run/sthelar40x_tonsil_5class_slideind_foldA_lora_adaptformer_r8_a8_red16_heads_e10_seed42/log/2026-08-25T192051_sthelar40x_tonsil_5class_slideind_foldA_lora_adaptformer_r8_a8_red16_heads_e10_seed42/inference_results.json,"Rows=true, columns=predicted; exact matched patch intersection"
paired_confusion,Tonsil,A,Tissue-specific Selected PEFT,42,matched_test,,Melanocyte,Epithelial,0,,,,21001,2066,21083,9879,run/sthelar40x_tonsil_5class_slideind_foldA_lora_adaptformer_r8_a8_red16_heads_e10_seed42/log/2026-08-25T192051_sthelar40x_tonsil_5class_slideind_foldA_lora_adaptformer_r8_a8_red16_heads_e10_seed42/inference_results.json,"Rows=true, columns=predicted; exact matched patch intersection"
paired_confusion,Tonsil,A,Tissue-specific Selected PEFT,42,matched_test,,Melanocyte,Melanocyte,0,,,,21001,2066,21083,9879,run/sthelar40x_tonsil_5class_slideind_foldA_lora_adaptformer_r8_a8_red16_heads_e10_seed42/log/2026-08-25T192051_sthelar40x_tonsil_5class_slideind_foldA_lora_adaptformer_r8_a8_red16_heads_e10_seed42/inference_results.json,"Rows=true, columns=predicted; exact matched patch intersection"
paired_confusion,Tonsil,A,Tissue-specific Selected PEFT,42,matched_test,,Melanocyte,Other,0,,,,21001,2066,21083,9879,run/sthelar40x_tonsil_5class_slideind_foldA_lora_adaptformer_r8_a8_red16_heads_e10_seed42/log/2026-08-25T192051_sthelar40x_tonsil_5class_slideind_foldA_lora_adaptformer_r8_a8_red16_heads_e10_seed42/inference_results.json,"Rows=true, columns=predicted; exact matched patch intersection"
paired_confusion,Tonsil,A,Tissue-specific Selected PEFT,42,matched_test,,Other,Background,4,,,,21001,2066,21083,9879,run/sthelar40x_tonsil_5class_slideind_foldA_lora_adaptformer_r8_a8_red16_heads_e10_seed42/log/2026-08-25T192051_sthelar40x_tonsil_5class_slideind_foldA_lora_adaptformer_r8_a8_red16_heads_e10_seed42/inference_results.json,"Rows=true, columns=predicted; exact matched patch intersection"
paired_confusion,Tonsil,A,Tissue-specific Selected PEFT,42,matched_test,,Other,Immune,7200,,,,21001,2066,21083,9879,run/sthelar40x_tonsil_5class_slideind_foldA_lora_adaptformer_r8_a8_red16_heads_e10_seed42/log/2026-08-25T192051_sthelar40x_tonsil_5class_slideind_foldA_lora_adaptformer_r8_a8_red16_heads_e10_seed42/inference_results.json,"Rows=true, columns=predicted; exact matched patch intersection"
paired_confusion,Tonsil,A,Tissue-specific Selected PEFT,42,matched_test,,Other,Stromal,8070,,,,21001,2066,21083,9879,run/sthelar40x_tonsil_5class_slideind_foldA_lora_adaptformer_r8_a8_red16_heads_e10_seed42/log/2026-08-25T192051_sthelar40x_tonsil_5class_slideind_foldA_lora_adaptformer_r8_a8_red16_heads_e10_seed42/inference_results.json,"Rows=true, columns=predicted; exact matched patch intersection"
paired_confusion,Tonsil,A,Tissue-specific Selected PEFT,42,matched_test,,Other,Epithelial,5319,,,,21001,2066,21083,9879,run/sthelar40x_tonsil_5class_slideind_foldA_lora_adaptformer_r8_a8_red16_heads_e10_seed42/log/2026-08-25T192051_sthelar40x_tonsil_5class_slideind_foldA_lora_adaptformer_r8_a8_red16_heads_e10_seed42/inference_results.json,"Rows=true, columns=predicted; exact matched patch intersection"
paired_confusion,Tonsil,A,Tissue-specific Selected PEFT,42,matched_test,,Other,Melanocyte,0,,,,21001,2066,21083,9879,run/sthelar40x_tonsil_5class_slideind_foldA_lora_adaptformer_r8_a8_red16_heads_e10_seed42/log/2026-08-25T192051_sthelar40x_tonsil_5class_slideind_foldA_lora_adaptformer_r8_a8_red16_heads_e10_seed42/inference_results.json,"Rows=true, columns=predicted; exact matched patch intersection"
paired_confusion,Tonsil,A,Tissue-specific Selected PEFT,42,matched_test,,Other,Other,0,,,,21001,2066,21083,9879,run/sthelar40x_tonsil_5class_slideind_foldA_lora_adaptformer_r8_a8_red16_heads_e10_seed42/log/2026-08-25T192051_sthelar40x_tonsil_5class_slideind_foldA_lora_adaptformer_r8_a8_red16_heads_e10_seed42/inference_results.json,"Rows=true, columns=predicted; exact matched patch intersection"
distribution_shift_summary,Tonsil,A,Tissue-specific Selected PEFT,42,train_to_matched_test,,,,,,total_variation,0.0710897227997,21001,2066,21083,9879,run/sthelar40x_tonsil_5class_slideind_foldA_lora_adaptformer_r8_a8_red16_heads_e10_seed42/log/2026-08-25T192051_sthelar40x_tonsil_5class_slideind_foldA_lora_adaptformer_r8_a8_red16_heads_e10_seed42/inference_results.json,
distribution_shift_summary,Tonsil,A,Tissue-specific Selected PEFT,42,train_to_matched_test,,,,,,jensen_shannon_bits,0.0120218142142,21001,2066,21083,9879,run/sthelar40x_tonsil_5class_slideind_foldA_lora_adaptformer_r8_a8_red16_heads_e10_seed42/log/2026-08-25T192051_sthelar40x_tonsil_5class_slideind_foldA_lora_adaptformer_r8_a8_red16_heads_e10_seed42/inference_results.json,
distribution_shift_class,Tonsil,A,Tissue-specific Selected PEFT,42,train_to_matched_test,,Immune,,,,frequency_delta_test_minus_train,-0.0501549316675,21001,2066,21083,9879,run/sthelar40x_tonsil_5class_slideind_foldA_lora_adaptformer_r8_a8_red16_heads_e10_seed42/log/2026-08-25T192051_sthelar40x_tonsil_5class_slideind_foldA_lora_adaptformer_r8_a8_red16_heads_e10_seed42/inference_results.json,
distribution_shift_class,Tonsil,A,Tissue-specific Selected PEFT,42,train_to_matched_test,,Immune,,,,train_to_test_frequency_ratio,1.07739397272,21001,2066,21083,9879,run/sthelar40x_tonsil_5class_slideind_foldA_lora_adaptformer_r8_a8_red16_heads_e10_seed42/log/2026-08-25T192051_sthelar40x_tonsil_5class_slideind_foldA_lora_adaptformer_r8_a8_red16_heads_e10_seed42/inference_results.json,
distribution_shift_class,Tonsil,A,Tissue-specific Selected PEFT,42,train_to_matched_test,,Stromal,,,,frequency_delta_test_minus_train,0.0333522326558,21001,2066,21083,9879,run/sthelar40x_tonsil_5class_slideind_foldA_lora_adaptformer_r8_a8_red16_heads_e10_seed42/log/2026-08-25T192051_sthelar40x_tonsil_5class_slideind_foldA_lora_adaptformer_r8_a8_red16_heads_e10_seed42/inference_results.json,
distribution_shift_class,Tonsil,A,Tissue-specific Selected PEFT,42,train_to_matched_test,,Stromal,,,,train_to_test_frequency_ratio,0.833676735915,21001,2066,21083,9879,run/sthelar40x_tonsil_5class_slideind_foldA_lora_adaptformer_r8_a8_red16_heads_e10_seed42/log/2026-08-25T192051_sthelar40x_tonsil_5class_slideind_foldA_lora_adaptformer_r8_a8_red16_heads_e10_seed42/inference_results.json,
distribution_shift_class,Tonsil,A,Tissue-specific Selected PEFT,42,train_to_matched_test,,Epithelial,,,,frequency_delta_test_minus_train,-0.0209347911322,21001,2066,21083,9879,run/sthelar40x_tonsil_5class_slideind_foldA_lora_adaptformer_r8_a8_red16_heads_e10_seed42/log/2026-08-25T192051_sthelar40x_tonsil_5class_slideind_foldA_lora_adaptformer_r8_a8_red16_heads_e10_seed42/inference_results.json,
distribution_shift_class,Tonsil,A,Tissue-specific Selected PEFT,42,train_to_matched_test,,Epithelial,,,,train_to_test_frequency_ratio,1.20245052811,21001,2066,21083,9879,run/sthelar40x_tonsil_5class_slideind_foldA_lora_adaptformer_r8_a8_red16_heads_e10_seed42/log/2026-08-25T192051_sthelar40x_tonsil_5class_slideind_foldA_lora_adaptformer_r8_a8_red16_heads_e10_seed42/inference_results.json,
distribution_shift_class,Tonsil,A,Tissue-specific Selected PEFT,42,train_to_matched_test,,Melanocyte,,,,frequency_delta_test_minus_train,0,21001,2066,21083,9879,run/sthelar40x_tonsil_5class_slideind_foldA_lora_adaptformer_r8_a8_red16_heads_e10_seed42/log/2026-08-25T192051_sthelar40x_tonsil_5class_slideind_foldA_lora_adaptformer_r8_a8_red16_heads_e10_seed42/inference_results.json,
distribution_shift_class,Tonsil,A,Tissue-specific Selected PEFT,42,train_to_matched_test,,Melanocyte,,,,train_to_test_frequency_ratio,nan,21001,2066,21083,9879,run/sthelar40x_tonsil_5class_slideind_foldA_lora_adaptformer_r8_a8_red16_heads_e10_seed42/log/2026-08-25T192051_sthelar40x_tonsil_5class_slideind_foldA_lora_adaptformer_r8_a8_red16_heads_e10_seed42/inference_results.json,
distribution_shift_class,Tonsil,A,Tissue-specific Selected PEFT,42,train_to_matched_test,,Other,,,,frequency_delta_test_minus_train,0.0377374901439,21001,2066,21083,9879,run/sthelar40x_tonsil_5class_slideind_foldA_lora_adaptformer_r8_a8_red16_heads_e10_seed42/log/2026-08-25T192051_sthelar40x_tonsil_5class_slideind_foldA_lora_adaptformer_r8_a8_red16_heads_e10_seed42/inference_results.json,
distribution_shift_class,Tonsil,A,Tissue-specific Selected PEFT,42,train_to_matched_test,,Other,,,,train_to_test_frequency_ratio,0.214121400014,21001,2066,21083,9879,run/sthelar40x_tonsil_5class_slideind_foldA_lora_adaptformer_r8_a8_red16_heads_e10_seed42/log/2026-08-25T192051_sthelar40x_tonsil_5class_slideind_foldA_lora_adaptformer_r8_a8_red16_heads_e10_seed42/inference_results.json,
training_curve,Tonsil,A,Tissue-specific Selected PEFT,42,train,1,,,,,train_loss,8.8348,21001,2066,21083,9879,run/sthelar40x_tonsil_5class_slideind_foldA_lora_adaptformer_r8_a8_red16_heads_e10_seed42/log/2026-08-25T192051_sthelar40x_tonsil_5class_slideind_foldA_lora_adaptformer_r8_a8_red16_heads_e10_seed42/logs.log,Validation curve is descriptive only and is never used as canonical TEST evidence
training_curve,Tonsil,A,Tissue-specific Selected PEFT,42,train,1,,,,,train_Dice,0.7639,21001,2066,21083,9879,run/sthelar40x_tonsil_5class_slideind_foldA_lora_adaptformer_r8_a8_red16_heads_e10_seed42/log/2026-08-25T192051_sthelar40x_tonsil_5class_slideind_foldA_lora_adaptformer_r8_a8_red16_heads_e10_seed42/logs.log,Validation curve is descriptive only and is never used as canonical TEST evidence
training_curve,Tonsil,A,Tissue-specific Selected PEFT,42,train,1,,,,,train_Jaccard,0.6299,21001,2066,21083,9879,run/sthelar40x_tonsil_5class_slideind_foldA_lora_adaptformer_r8_a8_red16_heads_e10_seed42/log/2026-08-25T192051_sthelar40x_tonsil_5class_slideind_foldA_lora_adaptformer_r8_a8_red16_heads_e10_seed42/logs.log,Validation curve is descriptive only and is never used as canonical TEST evidence
training_curve,Tonsil,A,Tissue-specific Selected PEFT,42,validation,1,,,,,val_loss,7.2354,21001,2066,21083,9879,run/sthelar40x_tonsil_5class_slideind_foldA_lora_adaptformer_r8_a8_red16_heads_e10_seed42/log/2026-08-25T192051_sthelar40x_tonsil_5class_slideind_foldA_lora_adaptformer_r8_a8_red16_heads_e10_seed42/logs.log,Validation curve is descriptive only and is never used as canonical TEST evidence
training_curve,Tonsil,A,Tissue-specific Selected PEFT,42,validation,1,,,,,val_Dice,0.8037,21001,2066,21083,9879,run/sthelar40x_tonsil_5class_slideind_foldA_lora_adaptformer_r8_a8_red16_heads_e10_seed42/log/2026-08-25T192051_sthelar40x_tonsil_5class_slideind_foldA_lora_adaptformer_r8_a8_red16_heads_e10_seed42/logs.log,Validation curve is descriptive only and is never used as canonical TEST evidence
training_curve,Tonsil,A,Tissue-specific Selected PEFT,42,validation,1,,,,,val_Jaccard,0.6845,21001,2066,21083,9879,run/sthelar40x_tonsil_5class_slideind_foldA_lora_adaptformer_r8_a8_red16_heads_e10_seed42/log/2026-08-25T192051_sthelar40x_tonsil_5class_slideind_foldA_lora_adaptformer_r8_a8_red16_heads_e10_seed42/logs.log,Validation curve is descriptive only and is never used as canonical TEST evidence
training_curve,Tonsil,A,Tissue-specific Selected PEFT,42,validation,1,,,,,val_bPQ,0.5142,21001,2066,21083,9879,run/sthelar40x_tonsil_5class_slideind_foldA_lora_adaptformer_r8_a8_red16_heads_e10_seed42/log/2026-08-25T192051_sthelar40x_tonsil_5class_slideind_foldA_lora_adaptformer_r8_a8_red16_heads_e10_seed42/logs.log,Validation curve is descriptive only and is never used as canonical TEST evidence
training_curve,Tonsil,A,Tissue-specific Selected PEFT,42,validation,1,,,,,val_mPQ,0.239,21001,2066,21083,9879,run/sthelar40x_tonsil_5class_slideind_foldA_lora_adaptformer_r8_a8_red16_heads_e10_seed42/log/2026-08-25T192051_sthelar40x_tonsil_5class_slideind_foldA_lora_adaptformer_r8_a8_red16_heads_e10_seed42/logs.log,Validation curve is descriptive only and is never used as canonical TEST evidence
training_curve,Tonsil,A,Tissue-specific Selected PEFT,42,train,2,,,,,train_loss,6.8927,21001,2066,21083,9879,run/sthelar40x_tonsil_5class_slideind_foldA_lora_adaptformer_r8_a8_red16_heads_e10_seed42/log/2026-08-25T192051_sthelar40x_tonsil_5class_slideind_foldA_lora_adaptformer_r8_a8_red16_heads_e10_seed42/logs.log,Validation curve is descriptive only and is never used as canonical TEST evidence
training_curve,Tonsil,A,Tissue-specific Selected PEFT,42,train,2,,,,,train_Dice,0.7843,21001,2066,21083,9879,run/sthelar40x_tonsil_5class_slideind_foldA_lora_adaptformer_r8_a8_red16_heads_e10_seed42/log/2026-08-25T192051_sthelar40x_tonsil_5class_slideind_foldA_lora_adaptformer_r8_a8_red16_heads_e10_seed42/logs.log,Validation curve is descriptive only and is never used as canonical TEST evidence
training_curve,Tonsil,A,Tissue-specific Selected PEFT,42,train,2,,,,,train_Jaccard,0.6549,21001,2066,21083,9879,run/sthelar40x_tonsil_5class_slideind_foldA_lora_adaptformer_r8_a8_red16_heads_e10_seed42/log/2026-08-25T192051_sthelar40x_tonsil_5class_slideind_foldA_lora_adaptformer_r8_a8_red16_heads_e10_seed42/logs.log,Validation curve is descriptive only and is never used as canonical TEST evidence
training_curve,Tonsil,A,Tissue-specific Selected PEFT,42,validation,2,,,,,val_loss,6.4197,21001,2066,21083,9879,run/sthelar40x_tonsil_5class_slideind_foldA_lora_adaptformer_r8_a8_red16_heads_e10_seed42/log/2026-08-25T192051_sthelar40x_tonsil_5class_slideind_foldA_lora_adaptformer_r8_a8_red16_heads_e10_seed42/logs.log,Validation curve is descriptive only and is never used as canonical TEST evidence
training_curve,Tonsil,A,Tissue-specific Selected PEFT,42,validation,2,,,,,val_Dice,0.8213,21001,2066,21083,9879,run/sthelar40x_tonsil_5class_slideind_foldA_lora_adaptformer_r8_a8_red16_heads_e10_seed42/log/2026-08-25T192051_sthelar40x_tonsil_5class_slideind_foldA_lora_adaptformer_r8_a8_red16_heads_e10_seed42/logs.log,Validation curve is descriptive only and is never used as canonical TEST evidence
training_curve,Tonsil,A,Tissue-specific Selected PEFT,42,validation,2,,,,,val_Jaccard,0.7077,21001,2066,21083,9879,run/sthelar40x_tonsil_5class_slideind_foldA_lora_adaptformer_r8_a8_red16_heads_e10_seed42/log/2026-08-25T192051_sthelar40x_tonsil_5class_slideind_foldA_lora_adaptformer_r8_a8_red16_heads_e10_seed42/logs.log,Validation curve is descriptive only and is never used as canonical TEST evidence
training_curve,Tonsil,A,Tissue-specific Selected PEFT,42,validation,2,,,,,val_bPQ,0.5512,21001,2066,21083,9879,run/sthelar40x_tonsil_5class_slideind_foldA_lora_adaptformer_r8_a8_red16_heads_e10_seed42/log/2026-08-25T192051_sthelar40x_tonsil_5class_slideind_foldA_lora_adaptformer_r8_a8_red16_heads_e10_seed42/logs.log,Validation curve is descriptive only and is never used as canonical TEST evidence
training_curve,Tonsil,A,Tissue-specific Selected PEFT,42,validation,2,,,,,val_mPQ,0.2562,21001,2066,21083,9879,run/sthelar40x_tonsil_5class_slideind_foldA_lora_adaptformer_r8_a8_red16_heads_e10_seed42/log/2026-08-25T192051_sthelar40x_tonsil_5class_slideind_foldA_lora_adaptformer_r8_a8_red16_heads_e10_seed42/logs.log,Validation curve is descriptive only and is never used as canonical TEST evidence
training_curve,Tonsil,A,Tissue-specific Selected PEFT,42,train,3,,,,,train_loss,6.3949,21001,2066,21083,9879,run/sthelar40x_tonsil_5class_slideind_foldA_lora_adaptformer_r8_a8_red16_heads_e10_seed42/log/2026-08-25T192051_sthelar40x_tonsil_5class_slideind_foldA_lora_adaptformer_r8_a8_red16_heads_e10_seed42/logs.log,Validation curve is descriptive only and is never used as canonical TEST evidence
training_curve,Tonsil,A,Tissue-specific Selected PEFT,42,train,3,,,,,train_Dice,0.8042,21001,2066,21083,9879,run/sthelar40x_tonsil_5class_slideind_foldA_lora_adaptformer_r8_a8_red16_heads_e10_seed42/log/2026-08-25T192051_sthelar40x_tonsil_5class_slideind_foldA_lora_adaptformer_r8_a8_red16_heads_e10_seed42/logs.log,Validation curve is descriptive only and is never used as canonical TEST evidence
training_curve,Tonsil,A,Tissue-specific Selected PEFT,42,train,3,,,,,train_Jaccard,0.6816,21001,2066,21083,9879,run/sthelar40x_tonsil_5class_slideind_foldA_lora_adaptformer_r8_a8_red16_heads_e10_seed42/log/2026-08-25T192051_sthelar40x_tonsil_5class_slideind_foldA_lora_adaptformer_r8_a8_red16_heads_e10_seed42/logs.log,Validation curve is descriptive only and is never used as canonical TEST evidence
training_curve,Tonsil,A,Tissue-specific Selected PEFT,42,validation,3,,,,,val_loss,6.1889,21001,2066,21083,9879,run/sthelar40x_tonsil_5class_slideind_foldA_lora_adaptformer_r8_a8_red16_heads_e10_seed42/log/2026-08-25T192051_sthelar40x_tonsil_5class_slideind_foldA_lora_adaptformer_r8_a8_red16_heads_e10_seed42/logs.log,Validation curve is descriptive only and is never used as canonical TEST evidence
training_curve,Tonsil,A,Tissue-specific Selected PEFT,42,validation,3,,,,,val_Dice,0.8261,21001,2066,21083,9879,run/sthelar40x_tonsil_5class_slideind_foldA_lora_adaptformer_r8_a8_red16_heads_e10_seed42/log/2026-08-25T192051_sthelar40x_tonsil_5class_slideind_foldA_lora_adaptformer_r8_a8_red16_heads_e10_seed42/logs.log,Validation curve is descriptive only and is never used as canonical TEST evidence
training_curve,Tonsil,A,Tissue-specific Selected PEFT,42,validation,3,,,,,val_Jaccard,0.7142,21001,2066,21083,9879,run/sthelar40x_tonsil_5class_slideind_foldA_lora_adaptformer_r8_a8_red16_heads_e10_seed42/log/2026-08-25T192051_sthelar40x_tonsil_5class_slideind_foldA_lora_adaptformer_r8_a8_red16_heads_e10_seed42/logs.log,Validation curve is descriptive only and is never used as canonical TEST evidence
training_curve,Tonsil,A,Tissue-specific Selected PEFT,42,validation,3,,,,,val_bPQ,0.5664,21001,2066,21083,9879,run/sthelar40x_tonsil_5class_slideind_foldA_lora_adaptformer_r8_a8_red16_heads_e10_seed42/log/2026-08-25T192051_sthelar40x_tonsil_5class_slideind_foldA_lora_adaptformer_r8_a8_red16_heads_e10_seed42/logs.log,Validation curve is descriptive only and is never used as canonical TEST evidence
training_curve,Tonsil,A,Tissue-specific Selected PEFT,42,validation,3,,,,,val_mPQ,0.2727,21001,2066,21083,9879,run/sthelar40x_tonsil_5class_slideind_foldA_lora_adaptformer_r8_a8_red16_heads_e10_seed42/log/2026-08-25T192051_sthelar40x_tonsil_5class_slideind_foldA_lora_adaptformer_r8_a8_red16_heads_e10_seed42/logs.log,Validation curve is descriptive only and is never used as canonical TEST evidence
training_curve,Tonsil,A,Tissue-specific Selected PEFT,42,train,4,,,,,train_loss,6.16,21001,2066,21083,9879,run/sthelar40x_tonsil_5class_slideind_foldA_lora_adaptformer_r8_a8_red16_heads_e10_seed42/log/2026-08-25T192051_sthelar40x_tonsil_5class_slideind_foldA_lora_adaptformer_r8_a8_red16_heads_e10_seed42/logs.log,Validation curve is descriptive only and is never used as canonical TEST evidence
training_curve,Tonsil,A,Tissue-specific Selected PEFT,42,train,4,,,,,train_Dice,0.8081,21001,2066,21083,9879,run/sthelar40x_tonsil_5class_slideind_foldA_lora_adaptformer_r8_a8_red16_heads_e10_seed42/log/2026-08-25T192051_sthelar40x_tonsil_5class_slideind_foldA_lora_adaptformer_r8_a8_red16_heads_e10_seed42/logs.log,Validation curve is descriptive only and is never used as canonical TEST evidence
training_curve,Tonsil,A,Tissue-specific Selected PEFT,42,train,4,,,,,train_Jaccard,0.6902,21001,2066,21083,9879,run/sthelar40x_tonsil_5class_slideind_foldA_lora_adaptformer_r8_a8_red16_heads_e10_seed42/log/2026-08-25T192051_sthelar40x_tonsil_5class_slideind_foldA_lora_adaptformer_r8_a8_red16_heads_e10_seed42/logs.log,Validation curve is descriptive only and is never used as canonical TEST evidence
training_curve,Tonsil,A,Tissue-specific Selected PEFT,42,validation,4,,,,,val_loss,5.8566,21001,2066,21083,9879,run/sthelar40x_tonsil_5class_slideind_foldA_lora_adaptformer_r8_a8_red16_heads_e10_seed42/log/2026-08-25T192051_sthelar40x_tonsil_5class_slideind_foldA_lora_adaptformer_r8_a8_red16_heads_e10_seed42/logs.log,Validation curve is descriptive only and is never used as canonical TEST evidence
training_curve,Tonsil,A,Tissue-specific Selected PEFT,42,validation,4,,,,,val_Dice,0.8211,21001,2066,21083,9879,run/sthelar40x_tonsil_5class_slideind_foldA_lora_adaptformer_r8_a8_red16_heads_e10_seed42/log/2026-08-25T192051_sthelar40x_tonsil_5class_slideind_foldA_lora_adaptformer_r8_a8_red16_heads_e10_seed42/logs.log,Validation curve is descriptive only and is never used as canonical TEST evidence
training_curve,Tonsil,A,Tissue-specific Selected PEFT,42,validation,4,,,,,val_Jaccard,0.7085,21001,2066,21083,9879,run/sthelar40x_tonsil_5class_slideind_foldA_lora_adaptformer_r8_a8_red16_heads_e10_seed42/log/2026-08-25T192051_sthelar40x_tonsil_5class_slideind_foldA_lora_adaptformer_r8_a8_red16_heads_e10_seed42/logs.log,Validation curve is descriptive only and is never used as canonical TEST evidence
training_curve,Tonsil,A,Tissue-specific Selected PEFT,42,validation,4,,,,,val_bPQ,0.5625,21001,2066,21083,9879,run/sthelar40x_tonsil_5class_slideind_foldA_lora_adaptformer_r8_a8_red16_heads_e10_seed42/log/2026-08-25T192051_sthelar40x_tonsil_5class_slideind_foldA_lora_adaptformer_r8_a8_red16_heads_e10_seed42/logs.log,Validation curve is descriptive only and is never used as canonical TEST evidence
training_curve,Tonsil,A,Tissue-specific Selected PEFT,42,validation,4,,,,,val_mPQ,0.2799,21001,2066,21083,9879,run/sthelar40x_tonsil_5class_slideind_foldA_lora_adaptformer_r8_a8_red16_heads_e10_seed42/log/2026-08-25T192051_sthelar40x_tonsil_5class_slideind_foldA_lora_adaptformer_r8_a8_red16_heads_e10_seed42/logs.log,Validation curve is descriptive only and is never used as canonical TEST evidence
training_curve,Tonsil,A,Tissue-specific Selected PEFT,42,train,5,,,,,train_loss,5.4782,21001,2066,21083,9879,run/sthelar40x_tonsil_5class_slideind_foldA_lora_adaptformer_r8_a8_red16_heads_e10_seed42/log/2026-08-25T192051_sthelar40x_tonsil_5class_slideind_foldA_lora_adaptformer_r8_a8_red16_heads_e10_seed42/logs.log,Validation curve is descriptive only and is never used as canonical TEST evidence
training_curve,Tonsil,A,Tissue-specific Selected PEFT,42,train,5,,,,,train_Dice,0.81,21001,2066,21083,9879,run/sthelar40x_tonsil_5class_slideind_foldA_lora_adaptformer_r8_a8_red16_heads_e10_seed42/log/2026-08-25T192051_sthelar40x_tonsil_5class_slideind_foldA_lora_adaptformer_r8_a8_red16_heads_e10_seed42/logs.log,Validation curve is descriptive only and is never used as canonical TEST evidence
training_curve,Tonsil,A,Tissue-specific Selected PEFT,42,train,5,,,,,train_Jaccard,0.692,21001,2066,21083,9879,run/sthelar40x_tonsil_5class_slideind_foldA_lora_adaptformer_r8_a8_red16_heads_e10_seed42/log/2026-08-25T192051_sthelar40x_tonsil_5class_slideind_foldA_lora_adaptformer_r8_a8_red16_heads_e10_seed42/logs.log,Validation curve is descriptive only and is never used as canonical TEST evidence
training_curve,Tonsil,A,Tissue-specific Selected PEFT,42,validation,5,,,,,val_loss,5.1446,21001,2066,21083,9879,run/sthelar40x_tonsil_5class_slideind_foldA_lora_adaptformer_r8_a8_red16_heads_e10_seed42/log/2026-08-25T192051_sthelar40x_tonsil_5class_slideind_foldA_lora_adaptformer_r8_a8_red16_heads_e10_seed42/logs.log,Validation curve is descriptive only and is never used as canonical TEST evidence
training_curve,Tonsil,A,Tissue-specific Selected PEFT,42,validation,5,,,,,val_Dice,0.8259,21001,2066,21083,9879,run/sthelar40x_tonsil_5class_slideind_foldA_lora_adaptformer_r8_a8_red16_heads_e10_seed42/log/2026-08-25T192051_sthelar40x_tonsil_5class_slideind_foldA_lora_adaptformer_r8_a8_red16_heads_e10_seed42/logs.log,Validation curve is descriptive only and is never used as canonical TEST evidence
training_curve,Tonsil,A,Tissue-specific Selected PEFT,42,validation,5,,,,,val_Jaccard,0.714,21001,2066,21083,9879,run/sthelar40x_tonsil_5class_slideind_foldA_lora_adaptformer_r8_a8_red16_heads_e10_seed42/log/2026-08-25T192051_sthelar40x_tonsil_5class_slideind_foldA_lora_adaptformer_r8_a8_red16_heads_e10_seed42/logs.log,Validation curve is descriptive only and is never used as canonical TEST evidence
training_curve,Tonsil,A,Tissue-specific Selected PEFT,42,validation,5,,,,,val_bPQ,0.5646,21001,2066,21083,9879,run/sthelar40x_tonsil_5class_slideind_foldA_lora_adaptformer_r8_a8_red16_heads_e10_seed42/log/2026-08-25T192051_sthelar40x_tonsil_5class_slideind_foldA_lora_adaptformer_r8_a8_red16_heads_e10_seed42/logs.log,Validation curve is descriptive only and is never used as canonical TEST evidence
training_curve,Tonsil,A,Tissue-specific Selected PEFT,42,validation,5,,,,,val_mPQ,0.2837,21001,2066,21083,9879,run/sthelar40x_tonsil_5class_slideind_foldA_lora_adaptformer_r8_a8_red16_heads_e10_seed42/log/2026-08-25T192051_sthelar40x_tonsil_5class_slideind_foldA_lora_adaptformer_r8_a8_red16_heads_e10_seed42/logs.log,Validation curve is descriptive only and is never used as canonical TEST evidence
training_curve,Tonsil,A,Tissue-specific Selected PEFT,42,train,6,,,,,train_loss,5.0956,21001,2066,21083,9879,run/sthelar40x_tonsil_5class_slideind_foldA_lora_adaptformer_r8_a8_red16_heads_e10_seed42/log/2026-08-25T192051_sthelar40x_tonsil_5class_slideind_foldA_lora_adaptformer_r8_a8_red16_heads_e10_seed42/logs.log,Validation curve is descriptive only and is never used as canonical TEST evidence
training_curve,Tonsil,A,Tissue-specific Selected PEFT,42,train,6,,,,,train_Dice,0.8132,21001,2066,21083,9879,run/sthelar40x_tonsil_5class_slideind_foldA_lora_adaptformer_r8_a8_red16_heads_e10_seed42/log/2026-08-25T192051_sthelar40x_tonsil_5class_slideind_foldA_lora_adaptformer_r8_a8_red16_heads_e10_seed42/logs.log,Validation curve is descriptive only and is never used as canonical TEST evidence
training_curve,Tonsil,A,Tissue-specific Selected PEFT,42,train,6,,,,,train_Jaccard,0.6953,21001,2066,21083,9879,run/sthelar40x_tonsil_5class_slideind_foldA_lora_adaptformer_r8_a8_red16_heads_e10_seed42/log/2026-08-25T192051_sthelar40x_tonsil_5class_slideind_foldA_lora_adaptformer_r8_a8_red16_heads_e10_seed42/logs.log,Validation curve is descriptive only and is never used as canonical TEST evidence
training_curve,Tonsil,A,Tissue-specific Selected PEFT,42,validation,6,,,,,val_loss,5.0198,21001,2066,21083,9879,run/sthelar40x_tonsil_5class_slideind_foldA_lora_adaptformer_r8_a8_red16_heads_e10_seed42/log/2026-08-25T192051_sthelar40x_tonsil_5class_slideind_foldA_lora_adaptformer_r8_a8_red16_heads_e10_seed42/logs.log,Validation curve is descriptive only and is never used as canonical TEST evidence
training_curve,Tonsil,A,Tissue-specific Selected PEFT,42,validation,6,,,,,val_Dice,0.8217,21001,2066,21083,9879,run/sthelar40x_tonsil_5class_slideind_foldA_lora_adaptformer_r8_a8_red16_heads_e10_seed42/log/2026-08-25T192051_sthelar40x_tonsil_5class_slideind_foldA_lora_adaptformer_r8_a8_red16_heads_e10_seed42/logs.log,Validation curve is descriptive only and is never used as canonical TEST evidence
training_curve,Tonsil,A,Tissue-specific Selected PEFT,42,validation,6,,,,,val_Jaccard,0.7086,21001,2066,21083,9879,run/sthelar40x_tonsil_5class_slideind_foldA_lora_adaptformer_r8_a8_red16_heads_e10_seed42/log/2026-08-25T192051_sthelar40x_tonsil_5class_slideind_foldA_lora_adaptformer_r8_a8_red16_heads_e10_seed42/logs.log,Validation curve is descriptive only and is never used as canonical TEST evidence
training_curve,Tonsil,A,Tissue-specific Selected PEFT,42,validation,6,,,,,val_bPQ,0.5586,21001,2066,21083,9879,run/sthelar40x_tonsil_5class_slideind_foldA_lora_adaptformer_r8_a8_red16_heads_e10_seed42/log/2026-08-25T192051_sthelar40x_tonsil_5class_slideind_foldA_lora_adaptformer_r8_a8_red16_heads_e10_seed42/logs.log,Validation curve is descriptive only and is never used as canonical TEST evidence
training_curve,Tonsil,A,Tissue-specific Selected PEFT,42,validation,6,,,,,val_mPQ,0.2741,21001,2066,21083,9879,run/sthelar40x_tonsil_5class_slideind_foldA_lora_adaptformer_r8_a8_red16_heads_e10_seed42/log/2026-08-25T192051_sthelar40x_tonsil_5class_slideind_foldA_lora_adaptformer_r8_a8_red16_heads_e10_seed42/logs.log,Validation curve is descriptive only and is never used as canonical TEST evidence
training_curve,Tonsil,A,Tissue-specific Selected PEFT,42,train,7,,,,,train_loss,4.9884,21001,2066,21083,9879,run/sthelar40x_tonsil_5class_slideind_foldA_lora_adaptformer_r8_a8_red16_heads_e10_seed42/log/2026-08-25T192051_sthelar40x_tonsil_5class_slideind_foldA_lora_adaptformer_r8_a8_red16_heads_e10_seed42/logs.log,Validation curve is descriptive only and is never used as canonical TEST evidence
training_curve,Tonsil,A,Tissue-specific Selected PEFT,42,train,7,,,,,train_Dice,0.8144,21001,2066,21083,9879,run/sthelar40x_tonsil_5class_slideind_foldA_lora_adaptformer_r8_a8_red16_heads_e10_seed42/log/2026-08-25T192051_sthelar40x_tonsil_5class_slideind_foldA_lora_adaptformer_r8_a8_red16_heads_e10_seed42/logs.log,Validation curve is descriptive only and is never used as canonical TEST evidence
training_curve,Tonsil,A,Tissue-specific Selected PEFT,42,train,7,,,,,train_Jaccard,0.6967,21001,2066,21083,9879,run/sthelar40x_tonsil_5class_slideind_foldA_lora_adaptformer_r8_a8_red16_heads_e10_seed42/log/2026-08-25T192051_sthelar40x_tonsil_5class_slideind_foldA_lora_adaptformer_r8_a8_red16_heads_e10_seed42/logs.log,Validation curve is descriptive only and is never used as canonical TEST evidence
training_curve,Tonsil,A,Tissue-specific Selected PEFT,42,validation,7,,,,,val_loss,4.8629,21001,2066,21083,9879,run/sthelar40x_tonsil_5class_slideind_foldA_lora_adaptformer_r8_a8_red16_heads_e10_seed42/log/2026-08-25T192051_sthelar40x_tonsil_5class_slideind_foldA_lora_adaptformer_r8_a8_red16_heads_e10_seed42/logs.log,Validation curve is descriptive only and is never used as canonical TEST evidence
training_curve,Tonsil,A,Tissue-specific Selected PEFT,42,validation,7,,,,,val_Dice,0.827,21001,2066,21083,9879,run/sthelar40x_tonsil_5class_slideind_foldA_lora_adaptformer_r8_a8_red16_heads_e10_seed42/log/2026-08-25T192051_sthelar40x_tonsil_5class_slideind_foldA_lora_adaptformer_r8_a8_red16_heads_e10_seed42/logs.log,Validation curve is descriptive only and is never used as canonical TEST evidence
training_curve,Tonsil,A,Tissue-specific Selected PEFT,42,validation,7,,,,,val_Jaccard,0.714,21001,2066,21083,9879,run/sthelar40x_tonsil_5class_slideind_foldA_lora_adaptformer_r8_a8_red16_heads_e10_seed42/log/2026-08-25T192051_sthelar40x_tonsil_5class_slideind_foldA_lora_adaptformer_r8_a8_red16_heads_e10_seed42/logs.log,Validation curve is descriptive only and is never used as canonical TEST evidence
training_curve,Tonsil,A,Tissue-specific Selected PEFT,42,validation,7,,,,,val_bPQ,0.5686,21001,2066,21083,9879,run/sthelar40x_tonsil_5class_slideind_foldA_lora_adaptformer_r8_a8_red16_heads_e10_seed42/log/2026-08-25T192051_sthelar40x_tonsil_5class_slideind_foldA_lora_adaptformer_r8_a8_red16_heads_e10_seed42/logs.log,Validation curve is descriptive only and is never used as canonical TEST evidence
training_curve,Tonsil,A,Tissue-specific Selected PEFT,42,validation,7,,,,,val_mPQ,0.2884,21001,2066,21083,9879,run/sthelar40x_tonsil_5class_slideind_foldA_lora_adaptformer_r8_a8_red16_heads_e10_seed42/log/2026-08-25T192051_sthelar40x_tonsil_5class_slideind_foldA_lora_adaptformer_r8_a8_red16_heads_e10_seed42/logs.log,Validation curve is descriptive only and is never used as canonical TEST evidence
training_curve,Tonsil,A,Tissue-specific Selected PEFT,42,train,8,,,,,train_loss,4.9077,21001,2066,21083,9879,run/sthelar40x_tonsil_5class_slideind_foldA_lora_adaptformer_r8_a8_red16_heads_e10_seed42/log/2026-08-25T192051_sthelar40x_tonsil_5class_slideind_foldA_lora_adaptformer_r8_a8_red16_heads_e10_seed42/logs.log,Validation curve is descriptive only and is never used as canonical TEST evidence
training_curve,Tonsil,A,Tissue-specific Selected PEFT,42,train,8,,,,,train_Dice,0.8145,21001,2066,21083,9879,run/sthelar40x_tonsil_5class_slideind_foldA_lora_adaptformer_r8_a8_red16_heads_e10_seed42/log/2026-08-25T192051_sthelar40x_tonsil_5class_slideind_foldA_lora_adaptformer_r8_a8_red16_heads_e10_seed42/logs.log,Validation curve is descriptive only and is never used as canonical TEST evidence
training_curve,Tonsil,A,Tissue-specific Selected PEFT,42,train,8,,,,,train_Jaccard,0.698,21001,2066,21083,9879,run/sthelar40x_tonsil_5class_slideind_foldA_lora_adaptformer_r8_a8_red16_heads_e10_seed42/log/2026-08-25T192051_sthelar40x_tonsil_5class_slideind_foldA_lora_adaptformer_r8_a8_red16_heads_e10_seed42/logs.log,Validation curve is descriptive only and is never used as canonical TEST evidence
training_curve,Tonsil,A,Tissue-specific Selected PEFT,42,validation,8,,,,,val_loss,4.802,21001,2066,21083,9879,run/sthelar40x_tonsil_5class_slideind_foldA_lora_adaptformer_r8_a8_red16_heads_e10_seed42/log/2026-08-25T192051_sthelar40x_tonsil_5class_slideind_foldA_lora_adaptformer_r8_a8_red16_heads_e10_seed42/logs.log,Validation curve is descriptive only and is never used as canonical TEST evidence
training_curve,Tonsil,A,Tissue-specific Selected PEFT,42,validation,8,,,,,val_Dice,0.8286,21001,2066,21083,9879,run/sthelar40x_tonsil_5class_slideind_foldA_lora_adaptformer_r8_a8_red16_heads_e10_seed42/log/2026-08-25T192051_sthelar40x_tonsil_5class_slideind_foldA_lora_adaptformer_r8_a8_red16_heads_e10_seed42/logs.log,Validation curve is descriptive only and is never used as canonical TEST evidence
training_curve,Tonsil,A,Tissue-specific Selected PEFT,42,validation,8,,,,,val_Jaccard,0.7167,21001,2066,21083,9879,run/sthelar40x_tonsil_5class_slideind_foldA_lora_adaptformer_r8_a8_red16_heads_e10_seed42/log/2026-08-25T192051_sthelar40x_tonsil_5class_slideind_foldA_lora_adaptformer_r8_a8_red16_heads_e10_seed42/logs.log,Validation curve is descriptive only and is never used as canonical TEST evidence
training_curve,Tonsil,A,Tissue-specific Selected PEFT,42,validation,8,,,,,val_bPQ,0.5708,21001,2066,21083,9879,run/sthelar40x_tonsil_5class_slideind_foldA_lora_adaptformer_r8_a8_red16_heads_e10_seed42/log/2026-08-25T192051_sthelar40x_tonsil_5class_slideind_foldA_lora_adaptformer_r8_a8_red16_heads_e10_seed42/logs.log,Validation curve is descriptive only and is never used as canonical TEST evidence
training_curve,Tonsil,A,Tissue-specific Selected PEFT,42,validation,8,,,,,val_mPQ,0.2845,21001,2066,21083,9879,run/sthelar40x_tonsil_5class_slideind_foldA_lora_adaptformer_r8_a8_red16_heads_e10_seed42/log/2026-08-25T192051_sthelar40x_tonsil_5class_slideind_foldA_lora_adaptformer_r8_a8_red16_heads_e10_seed42/logs.log,Validation curve is descriptive only and is never used as canonical TEST evidence
training_curve,Tonsil,A,Tissue-specific Selected PEFT,42,train,9,,,,,train_loss,4.8626,21001,2066,21083,9879,run/sthelar40x_tonsil_5class_slideind_foldA_lora_adaptformer_r8_a8_red16_heads_e10_seed42/log/2026-08-25T192051_sthelar40x_tonsil_5class_slideind_foldA_lora_adaptformer_r8_a8_red16_heads_e10_seed42/logs.log,Validation curve is descriptive only and is never used as canonical TEST evidence
training_curve,Tonsil,A,Tissue-specific Selected PEFT,42,train,9,,,,,train_Dice,0.8162,21001,2066,21083,9879,run/sthelar40x_tonsil_5class_slideind_foldA_lora_adaptformer_r8_a8_red16_heads_e10_seed42/log/2026-08-25T192051_sthelar40x_tonsil_5class_slideind_foldA_lora_adaptformer_r8_a8_red16_heads_e10_seed42/logs.log,Validation curve is descriptive only and is never used as canonical TEST evidence
training_curve,Tonsil,A,Tissue-specific Selected PEFT,42,train,9,,,,,train_Jaccard,0.6994,21001,2066,21083,9879,run/sthelar40x_tonsil_5class_slideind_foldA_lora_adaptformer_r8_a8_red16_heads_e10_seed42/log/2026-08-25T192051_sthelar40x_tonsil_5class_slideind_foldA_lora_adaptformer_r8_a8_red16_heads_e10_seed42/logs.log,Validation curve is descriptive only and is never used as canonical TEST evidence
training_curve,Tonsil,A,Tissue-specific Selected PEFT,42,validation,9,,,,,val_loss,4.8448,21001,2066,21083,9879,run/sthelar40x_tonsil_5class_slideind_foldA_lora_adaptformer_r8_a8_red16_heads_e10_seed42/log/2026-08-25T192051_sthelar40x_tonsil_5class_slideind_foldA_lora_adaptformer_r8_a8_red16_heads_e10_seed42/logs.log,Validation curve is descriptive only and is never used as canonical TEST evidence
training_curve,Tonsil,A,Tissue-specific Selected PEFT,42,validation,9,,,,,val_Dice,0.8294,21001,2066,21083,9879,run/sthelar40x_tonsil_5class_slideind_foldA_lora_adaptformer_r8_a8_red16_heads_e10_seed42/log/2026-08-25T192051_sthelar40x_tonsil_5class_slideind_foldA_lora_adaptformer_r8_a8_red16_heads_e10_seed42/logs.log,Validation curve is descriptive only and is never used as canonical TEST evidence
training_curve,Tonsil,A,Tissue-specific Selected PEFT,42,validation,9,,,,,val_Jaccard,0.7184,21001,2066,21083,9879,run/sthelar40x_tonsil_5class_slideind_foldA_lora_adaptformer_r8_a8_red16_heads_e10_seed42/log/2026-08-25T192051_sthelar40x_tonsil_5class_slideind_foldA_lora_adaptformer_r8_a8_red16_heads_e10_seed42/logs.log,Validation curve is descriptive only and is never used as canonical TEST evidence
training_curve,Tonsil,A,Tissue-specific Selected PEFT,42,validation,9,,,,,val_bPQ,0.5706,21001,2066,21083,9879,run/sthelar40x_tonsil_5class_slideind_foldA_lora_adaptformer_r8_a8_red16_heads_e10_seed42/log/2026-08-25T192051_sthelar40x_tonsil_5class_slideind_foldA_lora_adaptformer_r8_a8_red16_heads_e10_seed42/logs.log,Validation curve is descriptive only and is never used as canonical TEST evidence
training_curve,Tonsil,A,Tissue-specific Selected PEFT,42,validation,9,,,,,val_mPQ,0.2785,21001,2066,21083,9879,run/sthelar40x_tonsil_5class_slideind_foldA_lora_adaptformer_r8_a8_red16_heads_e10_seed42/log/2026-08-25T192051_sthelar40x_tonsil_5class_slideind_foldA_lora_adaptformer_r8_a8_red16_heads_e10_seed42/logs.log,Validation curve is descriptive only and is never used as canonical TEST evidence
training_curve,Tonsil,A,Tissue-specific Selected PEFT,42,train,10,,,,,train_loss,4.8316,21001,2066,21083,9879,run/sthelar40x_tonsil_5class_slideind_foldA_lora_adaptformer_r8_a8_red16_heads_e10_seed42/log/2026-08-25T192051_sthelar40x_tonsil_5class_slideind_foldA_lora_adaptformer_r8_a8_red16_heads_e10_seed42/logs.log,Validation curve is descriptive only and is never used as canonical TEST evidence
training_curve,Tonsil,A,Tissue-specific Selected PEFT,42,train,10,,,,,train_Dice,0.8183,21001,2066,21083,9879,run/sthelar40x_tonsil_5class_slideind_foldA_lora_adaptformer_r8_a8_red16_heads_e10_seed42/log/2026-08-25T192051_sthelar40x_tonsil_5class_slideind_foldA_lora_adaptformer_r8_a8_red16_heads_e10_seed42/logs.log,Validation curve is descriptive only and is never used as canonical TEST evidence
training_curve,Tonsil,A,Tissue-specific Selected PEFT,42,train,10,,,,,train_Jaccard,0.7017,21001,2066,21083,9879,run/sthelar40x_tonsil_5class_slideind_foldA_lora_adaptformer_r8_a8_red16_heads_e10_seed42/log/2026-08-25T192051_sthelar40x_tonsil_5class_slideind_foldA_lora_adaptformer_r8_a8_red16_heads_e10_seed42/logs.log,Validation curve is descriptive only and is never used as canonical TEST evidence
training_curve,Tonsil,A,Tissue-specific Selected PEFT,42,validation,10,,,,,val_loss,4.9102,21001,2066,21083,9879,run/sthelar40x_tonsil_5class_slideind_foldA_lora_adaptformer_r8_a8_red16_heads_e10_seed42/log/2026-08-25T192051_sthelar40x_tonsil_5class_slideind_foldA_lora_adaptformer_r8_a8_red16_heads_e10_seed42/logs.log,Validation curve is descriptive only and is never used as canonical TEST evidence
training_curve,Tonsil,A,Tissue-specific Selected PEFT,42,validation,10,,,,,val_Dice,0.8219,21001,2066,21083,9879,run/sthelar40x_tonsil_5class_slideind_foldA_lora_adaptformer_r8_a8_red16_heads_e10_seed42/log/2026-08-25T192051_sthelar40x_tonsil_5class_slideind_foldA_lora_adaptformer_r8_a8_red16_heads_e10_seed42/logs.log,Validation curve is descriptive only and is never used as canonical TEST evidence
training_curve,Tonsil,A,Tissue-specific Selected PEFT,42,validation,10,,,,,val_Jaccard,0.7065,21001,2066,21083,9879,run/sthelar40x_tonsil_5class_slideind_foldA_lora_adaptformer_r8_a8_red16_heads_e10_seed42/log/2026-08-25T192051_sthelar40x_tonsil_5class_slideind_foldA_lora_adaptformer_r8_a8_red16_heads_e10_seed42/logs.log,Validation curve is descriptive only and is never used as canonical TEST evidence
training_curve,Tonsil,A,Tissue-specific Selected PEFT,42,validation,10,,,,,val_bPQ,0.5567,21001,2066,21083,9879,run/sthelar40x_tonsil_5class_slideind_foldA_lora_adaptformer_r8_a8_red16_heads_e10_seed42/log/2026-08-25T192051_sthelar40x_tonsil_5class_slideind_foldA_lora_adaptformer_r8_a8_red16_heads_e10_seed42/logs.log,Validation curve is descriptive only and is never used as canonical TEST evidence
training_curve,Tonsil,A,Tissue-specific Selected PEFT,42,validation,10,,,,,val_mPQ,0.2895,21001,2066,21083,9879,run/sthelar40x_tonsil_5class_slideind_foldA_lora_adaptformer_r8_a8_red16_heads_e10_seed42/log/2026-08-25T192051_sthelar40x_tonsil_5class_slideind_foldA_lora_adaptformer_r8_a8_red16_heads_e10_seed42/logs.log,Validation curve is descriptive only and is never used as canonical TEST evidence
dataset_summary,Tonsil,B,Generalist Selected PEFT,42,,,,,,,,,20893,2601,26335,9856,run/sthelar40x_klt_5class_slideind_foldB_lora_adaptformer_r8_a8_red16_heads_e10_seed42/log/2026-08-20T112527_sthelar40x_klt_5class_slideind_foldB_lora_adaptformer_r8_a8_red16_heads_e10_seed42/inference_results.json,Test metrics and test class counts use exact generalist/specialist patch-ID intersection
class_distribution,Tonsil,B,Generalist Selected PEFT,42,train,,Immune,,593561,0.533174699845,,,20893,2601,26335,9856,run/sthelar40x_klt_5class_slideind_foldB_lora_adaptformer_r8_a8_red16_heads_e10_seed42/log/2026-08-20T112527_sthelar40x_klt_5class_slideind_foldB_lora_adaptformer_r8_a8_red16_heads_e10_seed42/inference_results.json,Patch-level nucleus annotation occurrences; overlapping patches may repeat a biological cell
class_distribution,Tonsil,B,Generalist Selected PEFT,42,train,,Stromal,,236384,0.212335325684,,,20893,2601,26335,9856,run/sthelar40x_klt_5class_slideind_foldB_lora_adaptformer_r8_a8_red16_heads_e10_seed42/log/2026-08-20T112527_sthelar40x_klt_5class_slideind_foldB_lora_adaptformer_r8_a8_red16_heads_e10_seed42/inference_results.json,Patch-level nucleus annotation occurrences; overlapping patches may repeat a biological cell
class_distribution,Tonsil,B,Generalist Selected PEFT,42,train,,Epithelial,,249467,0.224087318483,,,20893,2601,26335,9856,run/sthelar40x_klt_5class_slideind_foldB_lora_adaptformer_r8_a8_red16_heads_e10_seed42/log/2026-08-20T112527_sthelar40x_klt_5class_slideind_foldB_lora_adaptformer_r8_a8_red16_heads_e10_seed42/inference_results.json,Patch-level nucleus annotation occurrences; overlapping patches may repeat a biological cell
class_distribution,Tonsil,B,Generalist Selected PEFT,42,train,,Melanocyte,,0,0,,,20893,2601,26335,9856,run/sthelar40x_klt_5class_slideind_foldB_lora_adaptformer_r8_a8_red16_heads_e10_seed42/log/2026-08-20T112527_sthelar40x_klt_5class_slideind_foldB_lora_adaptformer_r8_a8_red16_heads_e10_seed42/inference_results.json,Patch-level nucleus annotation occurrences; overlapping patches may repeat a biological cell
class_distribution,Tonsil,B,Generalist Selected PEFT,42,train,,Other,,33846,0.0304026559881,,,20893,2601,26335,9856,run/sthelar40x_klt_5class_slideind_foldB_lora_adaptformer_r8_a8_red16_heads_e10_seed42/log/2026-08-20T112527_sthelar40x_klt_5class_slideind_foldB_lora_adaptformer_r8_a8_red16_heads_e10_seed42/inference_results.json,Patch-level nucleus annotation occurrences; overlapping patches may repeat a biological cell
class_distribution,Tonsil,B,Generalist Selected PEFT,42,validation,,Immune,,60652,0.472180053094,,,20893,2601,26335,9856,run/sthelar40x_klt_5class_slideind_foldB_lora_adaptformer_r8_a8_red16_heads_e10_seed42/log/2026-08-20T112527_sthelar40x_klt_5class_slideind_foldB_lora_adaptformer_r8_a8_red16_heads_e10_seed42/inference_results.json,Patch-level nucleus annotation occurrences; overlapping patches may repeat a biological cell
class_distribution,Tonsil,B,Generalist Selected PEFT,42,validation,,Stromal,,27793,0.216370444761,,,20893,2601,26335,9856,run/sthelar40x_klt_5class_slideind_foldB_lora_adaptformer_r8_a8_red16_heads_e10_seed42/log/2026-08-20T112527_sthelar40x_klt_5class_slideind_foldB_lora_adaptformer_r8_a8_red16_heads_e10_seed42/inference_results.json,Patch-level nucleus annotation occurrences; overlapping patches may repeat a biological cell
class_distribution,Tonsil,B,Generalist Selected PEFT,42,validation,,Epithelial,,31487,0.245128492577,,,20893,2601,26335,9856,run/sthelar40x_klt_5class_slideind_foldB_lora_adaptformer_r8_a8_red16_heads_e10_seed42/log/2026-08-20T112527_sthelar40x_klt_5class_slideind_foldB_lora_adaptformer_r8_a8_red16_heads_e10_seed42/inference_results.json,Patch-level nucleus annotation occurrences; overlapping patches may repeat a biological cell
class_distribution,Tonsil,B,Generalist Selected PEFT,42,validation,,Melanocyte,,0,0,,,20893,2601,26335,9856,run/sthelar40x_klt_5class_slideind_foldB_lora_adaptformer_r8_a8_red16_heads_e10_seed42/log/2026-08-20T112527_sthelar40x_klt_5class_slideind_foldB_lora_adaptformer_r8_a8_red16_heads_e10_seed42/inference_results.json,Patch-level nucleus annotation occurrences; overlapping patches may repeat a biological cell
class_distribution,Tonsil,B,Generalist Selected PEFT,42,validation,,Other,,8519,0.0663210095679,,,20893,2601,26335,9856,run/sthelar40x_klt_5class_slideind_foldB_lora_adaptformer_r8_a8_red16_heads_e10_seed42/log/2026-08-20T112527_sthelar40x_klt_5class_slideind_foldB_lora_adaptformer_r8_a8_red16_heads_e10_seed42/inference_results.json,Patch-level nucleus annotation occurrences; overlapping patches may repeat a biological cell
class_distribution,Tonsil,B,Generalist Selected PEFT,42,matched_test,,Immune,,807732,0.698901201592,,,20893,2601,26335,9856,run/sthelar40x_klt_5class_slideind_foldB_lora_adaptformer_r8_a8_red16_heads_e10_seed42/log/2026-08-20T112527_sthelar40x_klt_5class_slideind_foldB_lora_adaptformer_r8_a8_red16_heads_e10_seed42/inference_results.json,Patch-level nucleus annotation occurrences; overlapping patches may repeat a biological cell
class_distribution,Tonsil,B,Generalist Selected PEFT,42,matched_test,,Stromal,,194011,0.167870681144,,,20893,2601,26335,9856,run/sthelar40x_klt_5class_slideind_foldB_lora_adaptformer_r8_a8_red16_heads_e10_seed42/log/2026-08-20T112527_sthelar40x_klt_5class_slideind_foldB_lora_adaptformer_r8_a8_red16_heads_e10_seed42/inference_results.json,Patch-level nucleus annotation occurrences; overlapping patches may repeat a biological cell
class_distribution,Tonsil,B,Generalist Selected PEFT,42,matched_test,,Epithelial,,142670,0.123447176082,,,20893,2601,26335,9856,run/sthelar40x_klt_5class_slideind_foldB_lora_adaptformer_r8_a8_red16_heads_e10_seed42/log/2026-08-20T112527_sthelar40x_klt_5class_slideind_foldB_lora_adaptformer_r8_a8_red16_heads_e10_seed42/inference_results.json,Patch-level nucleus annotation occurrences; overlapping patches may repeat a biological cell
class_distribution,Tonsil,B,Generalist Selected PEFT,42,matched_test,,Melanocyte,,0,0,,,20893,2601,26335,9856,run/sthelar40x_klt_5class_slideind_foldB_lora_adaptformer_r8_a8_red16_heads_e10_seed42/log/2026-08-20T112527_sthelar40x_klt_5class_slideind_foldB_lora_adaptformer_r8_a8_red16_heads_e10_seed42/inference_results.json,Patch-level nucleus annotation occurrences; overlapping patches may repeat a biological cell
class_distribution,Tonsil,B,Generalist Selected PEFT,42,matched_test,,Other,,11304,0.00978094118197,,,20893,2601,26335,9856,run/sthelar40x_klt_5class_slideind_foldB_lora_adaptformer_r8_a8_red16_heads_e10_seed42/log/2026-08-20T112527_sthelar40x_klt_5class_slideind_foldB_lora_adaptformer_r8_a8_red16_heads_e10_seed42/inference_results.json,Patch-level nucleus annotation occurrences; overlapping patches may repeat a biological cell
matched_test_metric,Tonsil,B,Generalist Selected PEFT,42,matched_test,,,,,,Dice,0.83106219363,20893,2601,26335,9856,run/sthelar40x_klt_5class_slideind_foldB_lora_adaptformer_r8_a8_red16_heads_e10_seed42/log/2026-08-20T112527_sthelar40x_klt_5class_slideind_foldB_lora_adaptformer_r8_a8_red16_heads_e10_seed42/inference_results.json,
matched_test_metric,Tonsil,B,Generalist Selected PEFT,42,matched_test,,,,,,Jaccard,0.717111931581,20893,2601,26335,9856,run/sthelar40x_klt_5class_slideind_foldB_lora_adaptformer_r8_a8_red16_heads_e10_seed42/log/2026-08-20T112527_sthelar40x_klt_5class_slideind_foldB_lora_adaptformer_r8_a8_red16_heads_e10_seed42/inference_results.json,
matched_test_metric,Tonsil,B,Generalist Selected PEFT,42,matched_test,,,,,,bPQ,0.572254806143,20893,2601,26335,9856,run/sthelar40x_klt_5class_slideind_foldB_lora_adaptformer_r8_a8_red16_heads_e10_seed42/log/2026-08-20T112527_sthelar40x_klt_5class_slideind_foldB_lora_adaptformer_r8_a8_red16_heads_e10_seed42/inference_results.json,
matched_test_metric,Tonsil,B,Generalist Selected PEFT,42,matched_test,,,,,,mPQ,0.24429429137,20893,2601,26335,9856,run/sthelar40x_klt_5class_slideind_foldB_lora_adaptformer_r8_a8_red16_heads_e10_seed42/log/2026-08-20T112527_sthelar40x_klt_5class_slideind_foldB_lora_adaptformer_r8_a8_red16_heads_e10_seed42/inference_results.json,
matched_test_metric,Tonsil,B,Generalist Selected PEFT,42,matched_test,,,,,,F1det,0.849335578758,20893,2601,26335,9856,run/sthelar40x_klt_5class_slideind_foldB_lora_adaptformer_r8_a8_red16_heads_e10_seed42/log/2026-08-20T112527_sthelar40x_klt_5class_slideind_foldB_lora_adaptformer_r8_a8_red16_heads_e10_seed42/inference_results.json,
matched_test_metric,Tonsil,B,Generalist Selected PEFT,42,matched_test,,,,,,F1type,0.453998265219,20893,2601,26335,9856,run/sthelar40x_klt_5class_slideind_foldB_lora_adaptformer_r8_a8_red16_heads_e10_seed42/log/2026-08-20T112527_sthelar40x_klt_5class_slideind_foldB_lora_adaptformer_r8_a8_red16_heads_e10_seed42/inference_results.json,
matched_class_metric,Tonsil,B,Generalist Selected PEFT,42,matched_test,,Immune,,,,matched_true_support,664098,20893,2601,26335,9856,run/sthelar40x_klt_5class_slideind_foldB_lora_adaptformer_r8_a8_red16_heads_e10_seed42/log/2026-08-20T112527_sthelar40x_klt_5class_slideind_foldB_lora_adaptformer_r8_a8_red16_heads_e10_seed42/inference_results.json,Type F1 is calculated from paired foreground confusion only
matched_class_metric,Tonsil,B,Generalist Selected PEFT,42,matched_test,,Immune,,,,total_true_support,795858,20893,2601,26335,9856,run/sthelar40x_klt_5class_slideind_foldB_lora_adaptformer_r8_a8_red16_heads_e10_seed42/log/2026-08-20T112527_sthelar40x_klt_5class_slideind_foldB_lora_adaptformer_r8_a8_red16_heads_e10_seed42/inference_results.json,Type F1 is calculated from paired foreground confusion only
matched_class_metric,Tonsil,B,Generalist Selected PEFT,42,matched_test,,Immune,,,,paired_type_F1,0.866231351804,20893,2601,26335,9856,run/sthelar40x_klt_5class_slideind_foldB_lora_adaptformer_r8_a8_red16_heads_e10_seed42/log/2026-08-20T112527_sthelar40x_klt_5class_slideind_foldB_lora_adaptformer_r8_a8_red16_heads_e10_seed42/inference_results.json,Type F1 is calculated from paired foreground confusion only
predicted_class_frequency,Tonsil,B,Generalist Selected PEFT,42,matched_test,,,Immune,946633,0.870523160111,,,20893,2601,26335,9856,run/sthelar40x_klt_5class_slideind_foldB_lora_adaptformer_r8_a8_red16_heads_e10_seed42/log/2026-08-20T112527_sthelar40x_klt_5class_slideind_foldB_lora_adaptformer_r8_a8_red16_heads_e10_seed42/inference_results.json,Foreground predicted instances; unmatched predictions included
matched_class_metric,Tonsil,B,Generalist Selected PEFT,42,matched_test,,Stromal,,,,matched_true_support,158070,20893,2601,26335,9856,run/sthelar40x_klt_5class_slideind_foldB_lora_adaptformer_r8_a8_red16_heads_e10_seed42/log/2026-08-20T112527_sthelar40x_klt_5class_slideind_foldB_lora_adaptformer_r8_a8_red16_heads_e10_seed42/inference_results.json,Type F1 is calculated from paired foreground confusion only
matched_class_metric,Tonsil,B,Generalist Selected PEFT,42,matched_test,,Stromal,,,,total_true_support,191136,20893,2601,26335,9856,run/sthelar40x_klt_5class_slideind_foldB_lora_adaptformer_r8_a8_red16_heads_e10_seed42/log/2026-08-20T112527_sthelar40x_klt_5class_slideind_foldB_lora_adaptformer_r8_a8_red16_heads_e10_seed42/inference_results.json,Type F1 is calculated from paired foreground confusion only
matched_class_metric,Tonsil,B,Generalist Selected PEFT,42,matched_test,,Stromal,,,,paired_type_F1,0.326472806195,20893,2601,26335,9856,run/sthelar40x_klt_5class_slideind_foldB_lora_adaptformer_r8_a8_red16_heads_e10_seed42/log/2026-08-20T112527_sthelar40x_klt_5class_slideind_foldB_lora_adaptformer_r8_a8_red16_heads_e10_seed42/inference_results.json,Type F1 is calculated from paired foreground confusion only
predicted_class_frequency,Tonsil,B,Generalist Selected PEFT,42,matched_test,,,Stromal,70705,0.0650202771673,,,20893,2601,26335,9856,run/sthelar40x_klt_5class_slideind_foldB_lora_adaptformer_r8_a8_red16_heads_e10_seed42/log/2026-08-20T112527_sthelar40x_klt_5class_slideind_foldB_lora_adaptformer_r8_a8_red16_heads_e10_seed42/inference_results.json,Foreground predicted instances; unmatched predictions included
matched_class_metric,Tonsil,B,Generalist Selected PEFT,42,matched_test,,Epithelial,,,,matched_true_support,116714,20893,2601,26335,9856,run/sthelar40x_klt_5class_slideind_foldB_lora_adaptformer_r8_a8_red16_heads_e10_seed42/log/2026-08-20T112527_sthelar40x_klt_5class_slideind_foldB_lora_adaptformer_r8_a8_red16_heads_e10_seed42/inference_results.json,Type F1 is calculated from paired foreground confusion only
matched_class_metric,Tonsil,B,Generalist Selected PEFT,42,matched_test,,Epithelial,,,,total_true_support,140515,20893,2601,26335,9856,run/sthelar40x_klt_5class_slideind_foldB_lora_adaptformer_r8_a8_red16_heads_e10_seed42/log/2026-08-20T112527_sthelar40x_klt_5class_slideind_foldB_lora_adaptformer_r8_a8_red16_heads_e10_seed42/inference_results.json,Type F1 is calculated from paired foreground confusion only
matched_class_metric,Tonsil,B,Generalist Selected PEFT,42,matched_test,,Epithelial,,,,paired_type_F1,0.623288902875,20893,2601,26335,9856,run/sthelar40x_klt_5class_slideind_foldB_lora_adaptformer_r8_a8_red16_heads_e10_seed42/log/2026-08-20T112527_sthelar40x_klt_5class_slideind_foldB_lora_adaptformer_r8_a8_red16_heads_e10_seed42/inference_results.json,Type F1 is calculated from paired foreground confusion only
predicted_class_frequency,Tonsil,B,Generalist Selected PEFT,42,matched_test,,,Epithelial,70081,0.0644464471276,,,20893,2601,26335,9856,run/sthelar40x_klt_5class_slideind_foldB_lora_adaptformer_r8_a8_red16_heads_e10_seed42/log/2026-08-20T112527_sthelar40x_klt_5class_slideind_foldB_lora_adaptformer_r8_a8_red16_heads_e10_seed42/inference_results.json,Foreground predicted instances; unmatched predictions included
matched_class_metric,Tonsil,B,Generalist Selected PEFT,42,matched_test,,Melanocyte,,,,matched_true_support,0,20893,2601,26335,9856,run/sthelar40x_klt_5class_slideind_foldB_lora_adaptformer_r8_a8_red16_heads_e10_seed42/log/2026-08-20T112527_sthelar40x_klt_5class_slideind_foldB_lora_adaptformer_r8_a8_red16_heads_e10_seed42/inference_results.json,Type F1 is calculated from paired foreground confusion only
matched_class_metric,Tonsil,B,Generalist Selected PEFT,42,matched_test,,Melanocyte,,,,total_true_support,0,20893,2601,26335,9856,run/sthelar40x_klt_5class_slideind_foldB_lora_adaptformer_r8_a8_red16_heads_e10_seed42/log/2026-08-20T112527_sthelar40x_klt_5class_slideind_foldB_lora_adaptformer_r8_a8_red16_heads_e10_seed42/inference_results.json,Type F1 is calculated from paired foreground confusion only
matched_class_metric,Tonsil,B,Generalist Selected PEFT,42,matched_test,,Melanocyte,,,,paired_type_F1,nan,20893,2601,26335,9856,run/sthelar40x_klt_5class_slideind_foldB_lora_adaptformer_r8_a8_red16_heads_e10_seed42/log/2026-08-20T112527_sthelar40x_klt_5class_slideind_foldB_lora_adaptformer_r8_a8_red16_heads_e10_seed42/inference_results.json,Type F1 is calculated from paired foreground confusion only
predicted_class_frequency,Tonsil,B,Generalist Selected PEFT,42,matched_test,,,Melanocyte,0,0,,,20893,2601,26335,9856,run/sthelar40x_klt_5class_slideind_foldB_lora_adaptformer_r8_a8_red16_heads_e10_seed42/log/2026-08-20T112527_sthelar40x_klt_5class_slideind_foldB_lora_adaptformer_r8_a8_red16_heads_e10_seed42/inference_results.json,Foreground predicted instances; unmatched predictions included
matched_class_metric,Tonsil,B,Generalist Selected PEFT,42,matched_test,,Other,,,,matched_true_support,6556,20893,2601,26335,9856,run/sthelar40x_klt_5class_slideind_foldB_lora_adaptformer_r8_a8_red16_heads_e10_seed42/log/2026-08-20T112527_sthelar40x_klt_5class_slideind_foldB_lora_adaptformer_r8_a8_red16_heads_e10_seed42/inference_results.json,Type F1 is calculated from paired foreground confusion only
matched_class_metric,Tonsil,B,Generalist Selected PEFT,42,matched_test,,Other,,,,total_true_support,11136,20893,2601,26335,9856,run/sthelar40x_klt_5class_slideind_foldB_lora_adaptformer_r8_a8_red16_heads_e10_seed42/log/2026-08-20T112527_sthelar40x_klt_5class_slideind_foldB_lora_adaptformer_r8_a8_red16_heads_e10_seed42/inference_results.json,Type F1 is calculated from paired foreground confusion only
matched_class_metric,Tonsil,B,Generalist Selected PEFT,42,matched_test,,Other,,,,paired_type_F1,0,20893,2601,26335,9856,run/sthelar40x_klt_5class_slideind_foldB_lora_adaptformer_r8_a8_red16_heads_e10_seed42/log/2026-08-20T112527_sthelar40x_klt_5class_slideind_foldB_lora_adaptformer_r8_a8_red16_heads_e10_seed42/inference_results.json,Type F1 is calculated from paired foreground confusion only
predicted_class_frequency,Tonsil,B,Generalist Selected PEFT,42,matched_test,,,Other,11,1.01155936474e-05,,,20893,2601,26335,9856,run/sthelar40x_klt_5class_slideind_foldB_lora_adaptformer_r8_a8_red16_heads_e10_seed42/log/2026-08-20T112527_sthelar40x_klt_5class_slideind_foldB_lora_adaptformer_r8_a8_red16_heads_e10_seed42/inference_results.json,Foreground predicted instances; unmatched predictions included
paired_confusion,Tonsil,B,Generalist Selected PEFT,42,matched_test,,Background,Background,8,,,,20893,2601,26335,9856,run/sthelar40x_klt_5class_slideind_foldB_lora_adaptformer_r8_a8_red16_heads_e10_seed42/log/2026-08-20T112527_sthelar40x_klt_5class_slideind_foldB_lora_adaptformer_r8_a8_red16_heads_e10_seed42/inference_results.json,"Rows=true, columns=predicted; exact matched patch intersection"
paired_confusion,Tonsil,B,Generalist Selected PEFT,42,matched_test,,Background,Immune,0,,,,20893,2601,26335,9856,run/sthelar40x_klt_5class_slideind_foldB_lora_adaptformer_r8_a8_red16_heads_e10_seed42/log/2026-08-20T112527_sthelar40x_klt_5class_slideind_foldB_lora_adaptformer_r8_a8_red16_heads_e10_seed42/inference_results.json,"Rows=true, columns=predicted; exact matched patch intersection"
paired_confusion,Tonsil,B,Generalist Selected PEFT,42,matched_test,,Background,Stromal,0,,,,20893,2601,26335,9856,run/sthelar40x_klt_5class_slideind_foldB_lora_adaptformer_r8_a8_red16_heads_e10_seed42/log/2026-08-20T112527_sthelar40x_klt_5class_slideind_foldB_lora_adaptformer_r8_a8_red16_heads_e10_seed42/inference_results.json,"Rows=true, columns=predicted; exact matched patch intersection"
paired_confusion,Tonsil,B,Generalist Selected PEFT,42,matched_test,,Background,Epithelial,0,,,,20893,2601,26335,9856,run/sthelar40x_klt_5class_slideind_foldB_lora_adaptformer_r8_a8_red16_heads_e10_seed42/log/2026-08-20T112527_sthelar40x_klt_5class_slideind_foldB_lora_adaptformer_r8_a8_red16_heads_e10_seed42/inference_results.json,"Rows=true, columns=predicted; exact matched patch intersection"
paired_confusion,Tonsil,B,Generalist Selected PEFT,42,matched_test,,Background,Melanocyte,0,,,,20893,2601,26335,9856,run/sthelar40x_klt_5class_slideind_foldB_lora_adaptformer_r8_a8_red16_heads_e10_seed42/log/2026-08-20T112527_sthelar40x_klt_5class_slideind_foldB_lora_adaptformer_r8_a8_red16_heads_e10_seed42/inference_results.json,"Rows=true, columns=predicted; exact matched patch intersection"
paired_confusion,Tonsil,B,Generalist Selected PEFT,42,matched_test,,Background,Other,0,,,,20893,2601,26335,9856,run/sthelar40x_klt_5class_slideind_foldB_lora_adaptformer_r8_a8_red16_heads_e10_seed42/log/2026-08-20T112527_sthelar40x_klt_5class_slideind_foldB_lora_adaptformer_r8_a8_red16_heads_e10_seed42/inference_results.json,"Rows=true, columns=predicted; exact matched patch intersection"
paired_confusion,Tonsil,B,Generalist Selected PEFT,42,matched_test,,Immune,Background,61,,,,20893,2601,26335,9856,run/sthelar40x_klt_5class_slideind_foldB_lora_adaptformer_r8_a8_red16_heads_e10_seed42/log/2026-08-20T112527_sthelar40x_klt_5class_slideind_foldB_lora_adaptformer_r8_a8_red16_heads_e10_seed42/inference_results.json,"Rows=true, columns=predicted; exact matched patch intersection"
paired_confusion,Tonsil,B,Generalist Selected PEFT,42,matched_test,,Immune,Immune,644859,,,,20893,2601,26335,9856,run/sthelar40x_klt_5class_slideind_foldB_lora_adaptformer_r8_a8_red16_heads_e10_seed42/log/2026-08-20T112527_sthelar40x_klt_5class_slideind_foldB_lora_adaptformer_r8_a8_red16_heads_e10_seed42/inference_results.json,"Rows=true, columns=predicted; exact matched patch intersection"
paired_confusion,Tonsil,B,Generalist Selected PEFT,42,matched_test,,Immune,Stromal,14152,,,,20893,2601,26335,9856,run/sthelar40x_klt_5class_slideind_foldB_lora_adaptformer_r8_a8_red16_heads_e10_seed42/log/2026-08-20T112527_sthelar40x_klt_5class_slideind_foldB_lora_adaptformer_r8_a8_red16_heads_e10_seed42/inference_results.json,"Rows=true, columns=predicted; exact matched patch intersection"
paired_confusion,Tonsil,B,Generalist Selected PEFT,42,matched_test,,Immune,Epithelial,5085,,,,20893,2601,26335,9856,run/sthelar40x_klt_5class_slideind_foldB_lora_adaptformer_r8_a8_red16_heads_e10_seed42/log/2026-08-20T112527_sthelar40x_klt_5class_slideind_foldB_lora_adaptformer_r8_a8_red16_heads_e10_seed42/inference_results.json,"Rows=true, columns=predicted; exact matched patch intersection"
paired_confusion,Tonsil,B,Generalist Selected PEFT,42,matched_test,,Immune,Melanocyte,0,,,,20893,2601,26335,9856,run/sthelar40x_klt_5class_slideind_foldB_lora_adaptformer_r8_a8_red16_heads_e10_seed42/log/2026-08-20T112527_sthelar40x_klt_5class_slideind_foldB_lora_adaptformer_r8_a8_red16_heads_e10_seed42/inference_results.json,"Rows=true, columns=predicted; exact matched patch intersection"
paired_confusion,Tonsil,B,Generalist Selected PEFT,42,matched_test,,Immune,Other,2,,,,20893,2601,26335,9856,run/sthelar40x_klt_5class_slideind_foldB_lora_adaptformer_r8_a8_red16_heads_e10_seed42/log/2026-08-20T112527_sthelar40x_klt_5class_slideind_foldB_lora_adaptformer_r8_a8_red16_heads_e10_seed42/inference_results.json,"Rows=true, columns=predicted; exact matched patch intersection"
paired_confusion,Tonsil,B,Generalist Selected PEFT,42,matched_test,,Stromal,Background,43,,,,20893,2601,26335,9856,run/sthelar40x_klt_5class_slideind_foldB_lora_adaptformer_r8_a8_red16_heads_e10_seed42/log/2026-08-20T112527_sthelar40x_klt_5class_slideind_foldB_lora_adaptformer_r8_a8_red16_heads_e10_seed42/inference_results.json,"Rows=true, columns=predicted; exact matched patch intersection"
paired_confusion,Tonsil,B,Generalist Selected PEFT,42,matched_test,,Stromal,Immune,122056,,,,20893,2601,26335,9856,run/sthelar40x_klt_5class_slideind_foldB_lora_adaptformer_r8_a8_red16_heads_e10_seed42/log/2026-08-20T112527_sthelar40x_klt_5class_slideind_foldB_lora_adaptformer_r8_a8_red16_heads_e10_seed42/inference_results.json,"Rows=true, columns=predicted; exact matched patch intersection"
paired_confusion,Tonsil,B,Generalist Selected PEFT,42,matched_test,,Stromal,Stromal,35500,,,,20893,2601,26335,9856,run/sthelar40x_klt_5class_slideind_foldB_lora_adaptformer_r8_a8_red16_heads_e10_seed42/log/2026-08-20T112527_sthelar40x_klt_5class_slideind_foldB_lora_adaptformer_r8_a8_red16_heads_e10_seed42/inference_results.json,"Rows=true, columns=predicted; exact matched patch intersection"
paired_confusion,Tonsil,B,Generalist Selected PEFT,42,matched_test,,Stromal,Epithelial,513,,,,20893,2601,26335,9856,run/sthelar40x_klt_5class_slideind_foldB_lora_adaptformer_r8_a8_red16_heads_e10_seed42/log/2026-08-20T112527_sthelar40x_klt_5class_slideind_foldB_lora_adaptformer_r8_a8_red16_heads_e10_seed42/inference_results.json,"Rows=true, columns=predicted; exact matched patch intersection"
paired_confusion,Tonsil,B,Generalist Selected PEFT,42,matched_test,,Stromal,Melanocyte,0,,,,20893,2601,26335,9856,run/sthelar40x_klt_5class_slideind_foldB_lora_adaptformer_r8_a8_red16_heads_e10_seed42/log/2026-08-20T112527_sthelar40x_klt_5class_slideind_foldB_lora_adaptformer_r8_a8_red16_heads_e10_seed42/inference_results.json,"Rows=true, columns=predicted; exact matched patch intersection"
paired_confusion,Tonsil,B,Generalist Selected PEFT,42,matched_test,,Stromal,Other,1,,,,20893,2601,26335,9856,run/sthelar40x_klt_5class_slideind_foldB_lora_adaptformer_r8_a8_red16_heads_e10_seed42/log/2026-08-20T112527_sthelar40x_klt_5class_slideind_foldB_lora_adaptformer_r8_a8_red16_heads_e10_seed42/inference_results.json,"Rows=true, columns=predicted; exact matched patch intersection"
paired_confusion,Tonsil,B,Generalist Selected PEFT,42,matched_test,,Epithelial,Background,75,,,,20893,2601,26335,9856,run/sthelar40x_klt_5class_slideind_foldB_lora_adaptformer_r8_a8_red16_heads_e10_seed42/log/2026-08-20T112527_sthelar40x_klt_5class_slideind_foldB_lora_adaptformer_r8_a8_red16_heads_e10_seed42/inference_results.json,"Rows=true, columns=predicted; exact matched patch intersection"
paired_confusion,Tonsil,B,Generalist Selected PEFT,42,matched_test,,Epithelial,Immune,52458,,,,20893,2601,26335,9856,run/sthelar40x_klt_5class_slideind_foldB_lora_adaptformer_r8_a8_red16_heads_e10_seed42/log/2026-08-20T112527_sthelar40x_klt_5class_slideind_foldB_lora_adaptformer_r8_a8_red16_heads_e10_seed42/inference_results.json,"Rows=true, columns=predicted; exact matched patch intersection"
paired_confusion,Tonsil,B,Generalist Selected PEFT,42,matched_test,,Epithelial,Stromal,8796,,,,20893,2601,26335,9856,run/sthelar40x_klt_5class_slideind_foldB_lora_adaptformer_r8_a8_red16_heads_e10_seed42/log/2026-08-20T112527_sthelar40x_klt_5class_slideind_foldB_lora_adaptformer_r8_a8_red16_heads_e10_seed42/inference_results.json,"Rows=true, columns=predicted; exact matched patch intersection"
paired_confusion,Tonsil,B,Generalist Selected PEFT,42,matched_test,,Epithelial,Epithelial,55459,,,,20893,2601,26335,9856,run/sthelar40x_klt_5class_slideind_foldB_lora_adaptformer_r8_a8_red16_heads_e10_seed42/log/2026-08-20T112527_sthelar40x_klt_5class_slideind_foldB_lora_adaptformer_r8_a8_red16_heads_e10_seed42/inference_results.json,"Rows=true, columns=predicted; exact matched patch intersection"
paired_confusion,Tonsil,B,Generalist Selected PEFT,42,matched_test,,Epithelial,Melanocyte,0,,,,20893,2601,26335,9856,run/sthelar40x_klt_5class_slideind_foldB_lora_adaptformer_r8_a8_red16_heads_e10_seed42/log/2026-08-20T112527_sthelar40x_klt_5class_slideind_foldB_lora_adaptformer_r8_a8_red16_heads_e10_seed42/inference_results.json,"Rows=true, columns=predicted; exact matched patch intersection"
paired_confusion,Tonsil,B,Generalist Selected PEFT,42,matched_test,,Epithelial,Other,1,,,,20893,2601,26335,9856,run/sthelar40x_klt_5class_slideind_foldB_lora_adaptformer_r8_a8_red16_heads_e10_seed42/log/2026-08-20T112527_sthelar40x_klt_5class_slideind_foldB_lora_adaptformer_r8_a8_red16_heads_e10_seed42/inference_results.json,"Rows=true, columns=predicted; exact matched patch intersection"
paired_confusion,Tonsil,B,Generalist Selected PEFT,42,matched_test,,Melanocyte,Background,0,,,,20893,2601,26335,9856,run/sthelar40x_klt_5class_slideind_foldB_lora_adaptformer_r8_a8_red16_heads_e10_seed42/log/2026-08-20T112527_sthelar40x_klt_5class_slideind_foldB_lora_adaptformer_r8_a8_red16_heads_e10_seed42/inference_results.json,"Rows=true, columns=predicted; exact matched patch intersection"
paired_confusion,Tonsil,B,Generalist Selected PEFT,42,matched_test,,Melanocyte,Immune,0,,,,20893,2601,26335,9856,run/sthelar40x_klt_5class_slideind_foldB_lora_adaptformer_r8_a8_red16_heads_e10_seed42/log/2026-08-20T112527_sthelar40x_klt_5class_slideind_foldB_lora_adaptformer_r8_a8_red16_heads_e10_seed42/inference_results.json,"Rows=true, columns=predicted; exact matched patch intersection"
paired_confusion,Tonsil,B,Generalist Selected PEFT,42,matched_test,,Melanocyte,Stromal,0,,,,20893,2601,26335,9856,run/sthelar40x_klt_5class_slideind_foldB_lora_adaptformer_r8_a8_red16_heads_e10_seed42/log/2026-08-20T112527_sthelar40x_klt_5class_slideind_foldB_lora_adaptformer_r8_a8_red16_heads_e10_seed42/inference_results.json,"Rows=true, columns=predicted; exact matched patch intersection"
paired_confusion,Tonsil,B,Generalist Selected PEFT,42,matched_test,,Melanocyte,Epithelial,0,,,,20893,2601,26335,9856,run/sthelar40x_klt_5class_slideind_foldB_lora_adaptformer_r8_a8_red16_heads_e10_seed42/log/2026-08-20T112527_sthelar40x_klt_5class_slideind_foldB_lora_adaptformer_r8_a8_red16_heads_e10_seed42/inference_results.json,"Rows=true, columns=predicted; exact matched patch intersection"
paired_confusion,Tonsil,B,Generalist Selected PEFT,42,matched_test,,Melanocyte,Melanocyte,0,,,,20893,2601,26335,9856,run/sthelar40x_klt_5class_slideind_foldB_lora_adaptformer_r8_a8_red16_heads_e10_seed42/log/2026-08-20T112527_sthelar40x_klt_5class_slideind_foldB_lora_adaptformer_r8_a8_red16_heads_e10_seed42/inference_results.json,"Rows=true, columns=predicted; exact matched patch intersection"
paired_confusion,Tonsil,B,Generalist Selected PEFT,42,matched_test,,Melanocyte,Other,0,,,,20893,2601,26335,9856,run/sthelar40x_klt_5class_slideind_foldB_lora_adaptformer_r8_a8_red16_heads_e10_seed42/log/2026-08-20T112527_sthelar40x_klt_5class_slideind_foldB_lora_adaptformer_r8_a8_red16_heads_e10_seed42/inference_results.json,"Rows=true, columns=predicted; exact matched patch intersection"
paired_confusion,Tonsil,B,Generalist Selected PEFT,42,matched_test,,Other,Background,4,,,,20893,2601,26335,9856,run/sthelar40x_klt_5class_slideind_foldB_lora_adaptformer_r8_a8_red16_heads_e10_seed42/log/2026-08-20T112527_sthelar40x_klt_5class_slideind_foldB_lora_adaptformer_r8_a8_red16_heads_e10_seed42/inference_results.json,"Rows=true, columns=predicted; exact matched patch intersection"
paired_confusion,Tonsil,B,Generalist Selected PEFT,42,matched_test,,Other,Immune,5413,,,,20893,2601,26335,9856,run/sthelar40x_klt_5class_slideind_foldB_lora_adaptformer_r8_a8_red16_heads_e10_seed42/log/2026-08-20T112527_sthelar40x_klt_5class_slideind_foldB_lora_adaptformer_r8_a8_red16_heads_e10_seed42/inference_results.json,"Rows=true, columns=predicted; exact matched patch intersection"
paired_confusion,Tonsil,B,Generalist Selected PEFT,42,matched_test,,Other,Stromal,958,,,,20893,2601,26335,9856,run/sthelar40x_klt_5class_slideind_foldB_lora_adaptformer_r8_a8_red16_heads_e10_seed42/log/2026-08-20T112527_sthelar40x_klt_5class_slideind_foldB_lora_adaptformer_r8_a8_red16_heads_e10_seed42/inference_results.json,"Rows=true, columns=predicted; exact matched patch intersection"
paired_confusion,Tonsil,B,Generalist Selected PEFT,42,matched_test,,Other,Epithelial,185,,,,20893,2601,26335,9856,run/sthelar40x_klt_5class_slideind_foldB_lora_adaptformer_r8_a8_red16_heads_e10_seed42/log/2026-08-20T112527_sthelar40x_klt_5class_slideind_foldB_lora_adaptformer_r8_a8_red16_heads_e10_seed42/inference_results.json,"Rows=true, columns=predicted; exact matched patch intersection"
paired_confusion,Tonsil,B,Generalist Selected PEFT,42,matched_test,,Other,Melanocyte,0,,,,20893,2601,26335,9856,run/sthelar40x_klt_5class_slideind_foldB_lora_adaptformer_r8_a8_red16_heads_e10_seed42/log/2026-08-20T112527_sthelar40x_klt_5class_slideind_foldB_lora_adaptformer_r8_a8_red16_heads_e10_seed42/inference_results.json,"Rows=true, columns=predicted; exact matched patch intersection"
paired_confusion,Tonsil,B,Generalist Selected PEFT,42,matched_test,,Other,Other,0,,,,20893,2601,26335,9856,run/sthelar40x_klt_5class_slideind_foldB_lora_adaptformer_r8_a8_red16_heads_e10_seed42/log/2026-08-20T112527_sthelar40x_klt_5class_slideind_foldB_lora_adaptformer_r8_a8_red16_heads_e10_seed42/inference_results.json,"Rows=true, columns=predicted; exact matched patch intersection"
distribution_shift_summary,Tonsil,B,Generalist Selected PEFT,42,train_to_matched_test,,,,,,total_variation,0.165726501747,20893,2601,26335,9856,run/sthelar40x_klt_5class_slideind_foldB_lora_adaptformer_r8_a8_red16_heads_e10_seed42/log/2026-08-20T112527_sthelar40x_klt_5class_slideind_foldB_lora_adaptformer_r8_a8_red16_heads_e10_seed42/inference_results.json,
distribution_shift_summary,Tonsil,B,Generalist Selected PEFT,42,train_to_matched_test,,,,,,jensen_shannon_bits,0.0246129023595,20893,2601,26335,9856,run/sthelar40x_klt_5class_slideind_foldB_lora_adaptformer_r8_a8_red16_heads_e10_seed42/log/2026-08-20T112527_sthelar40x_klt_5class_slideind_foldB_lora_adaptformer_r8_a8_red16_heads_e10_seed42/inference_results.json,
distribution_shift_class,Tonsil,B,Generalist Selected PEFT,42,train_to_matched_test,,Immune,,,,frequency_delta_test_minus_train,0.165726501747,20893,2601,26335,9856,run/sthelar40x_klt_5class_slideind_foldB_lora_adaptformer_r8_a8_red16_heads_e10_seed42/log/2026-08-20T112527_sthelar40x_klt_5class_slideind_foldB_lora_adaptformer_r8_a8_red16_heads_e10_seed42/inference_results.json,
distribution_shift_class,Tonsil,B,Generalist Selected PEFT,42,train_to_matched_test,,Immune,,,,train_to_test_frequency_ratio,0.762875637688,20893,2601,26335,9856,run/sthelar40x_klt_5class_slideind_foldB_lora_adaptformer_r8_a8_red16_heads_e10_seed42/log/2026-08-20T112527_sthelar40x_klt_5class_slideind_foldB_lora_adaptformer_r8_a8_red16_heads_e10_seed42/inference_results.json,
distribution_shift_class,Tonsil,B,Generalist Selected PEFT,42,train_to_matched_test,,Stromal,,,,frequency_delta_test_minus_train,-0.0444646445395,20893,2601,26335,9856,run/sthelar40x_klt_5class_slideind_foldB_lora_adaptformer_r8_a8_red16_heads_e10_seed42/log/2026-08-20T112527_sthelar40x_klt_5class_slideind_foldB_lora_adaptformer_r8_a8_red16_heads_e10_seed42/inference_results.json,
distribution_shift_class,Tonsil,B,Generalist Selected PEFT,42,train_to_matched_test,,Stromal,,,,train_to_test_frequency_ratio,1.26487439162,20893,2601,26335,9856,run/sthelar40x_klt_5class_slideind_foldB_lora_adaptformer_r8_a8_red16_heads_e10_seed42/log/2026-08-20T112527_sthelar40x_klt_5class_slideind_foldB_lora_adaptformer_r8_a8_red16_heads_e10_seed42/inference_results.json,
distribution_shift_class,Tonsil,B,Generalist Selected PEFT,42,train_to_matched_test,,Epithelial,,,,frequency_delta_test_minus_train,-0.100640142401,20893,2601,26335,9856,run/sthelar40x_klt_5class_slideind_foldB_lora_adaptformer_r8_a8_red16_heads_e10_seed42/log/2026-08-20T112527_sthelar40x_klt_5class_slideind_foldB_lora_adaptformer_r8_a8_red16_heads_e10_seed42/inference_results.json,
distribution_shift_class,Tonsil,B,Generalist Selected PEFT,42,train_to_matched_test,,Epithelial,,,,train_to_test_frequency_ratio,1.81524863991,20893,2601,26335,9856,run/sthelar40x_klt_5class_slideind_foldB_lora_adaptformer_r8_a8_red16_heads_e10_seed42/log/2026-08-20T112527_sthelar40x_klt_5class_slideind_foldB_lora_adaptformer_r8_a8_red16_heads_e10_seed42/inference_results.json,
distribution_shift_class,Tonsil,B,Generalist Selected PEFT,42,train_to_matched_test,,Melanocyte,,,,frequency_delta_test_minus_train,0,20893,2601,26335,9856,run/sthelar40x_klt_5class_slideind_foldB_lora_adaptformer_r8_a8_red16_heads_e10_seed42/log/2026-08-20T112527_sthelar40x_klt_5class_slideind_foldB_lora_adaptformer_r8_a8_red16_heads_e10_seed42/inference_results.json,
distribution_shift_class,Tonsil,B,Generalist Selected PEFT,42,train_to_matched_test,,Melanocyte,,,,train_to_test_frequency_ratio,nan,20893,2601,26335,9856,run/sthelar40x_klt_5class_slideind_foldB_lora_adaptformer_r8_a8_red16_heads_e10_seed42/log/2026-08-20T112527_sthelar40x_klt_5class_slideind_foldB_lora_adaptformer_r8_a8_red16_heads_e10_seed42/inference_results.json,
distribution_shift_class,Tonsil,B,Generalist Selected PEFT,42,train_to_matched_test,,Other,,,,frequency_delta_test_minus_train,-0.0206217148061,20893,2601,26335,9856,run/sthelar40x_klt_5class_slideind_foldB_lora_adaptformer_r8_a8_red16_heads_e10_seed42/log/2026-08-20T112527_sthelar40x_klt_5class_slideind_foldB_lora_adaptformer_r8_a8_red16_heads_e10_seed42/inference_results.json,
distribution_shift_class,Tonsil,B,Generalist Selected PEFT,42,train_to_matched_test,,Other,,,,train_to_test_frequency_ratio,3.10835689761,20893,2601,26335,9856,run/sthelar40x_klt_5class_slideind_foldB_lora_adaptformer_r8_a8_red16_heads_e10_seed42/log/2026-08-20T112527_sthelar40x_klt_5class_slideind_foldB_lora_adaptformer_r8_a8_red16_heads_e10_seed42/inference_results.json,
training_curve,Tonsil,B,Generalist Selected PEFT,42,train,1,,,,,train_loss,7.6933,20893,2601,26335,9856,run/sthelar40x_klt_5class_slideind_foldB_lora_adaptformer_r8_a8_red16_heads_e10_seed42/log/2026-08-20T112527_sthelar40x_klt_5class_slideind_foldB_lora_adaptformer_r8_a8_red16_heads_e10_seed42/logs.log,Validation curve is descriptive only and is never used as canonical TEST evidence
training_curve,Tonsil,B,Generalist Selected PEFT,42,train,1,,,,,train_Dice,0.7237,20893,2601,26335,9856,run/sthelar40x_klt_5class_slideind_foldB_lora_adaptformer_r8_a8_red16_heads_e10_seed42/log/2026-08-20T112527_sthelar40x_klt_5class_slideind_foldB_lora_adaptformer_r8_a8_red16_heads_e10_seed42/logs.log,Validation curve is descriptive only and is never used as canonical TEST evidence
training_curve,Tonsil,B,Generalist Selected PEFT,42,train,1,,,,,train_Jaccard,0.59,20893,2601,26335,9856,run/sthelar40x_klt_5class_slideind_foldB_lora_adaptformer_r8_a8_red16_heads_e10_seed42/log/2026-08-20T112527_sthelar40x_klt_5class_slideind_foldB_lora_adaptformer_r8_a8_red16_heads_e10_seed42/logs.log,Validation curve is descriptive only and is never used as canonical TEST evidence
training_curve,Tonsil,B,Generalist Selected PEFT,42,validation,1,,,,,val_loss,6.2509,20893,2601,26335,9856,run/sthelar40x_klt_5class_slideind_foldB_lora_adaptformer_r8_a8_red16_heads_e10_seed42/log/2026-08-20T112527_sthelar40x_klt_5class_slideind_foldB_lora_adaptformer_r8_a8_red16_heads_e10_seed42/logs.log,Validation curve is descriptive only and is never used as canonical TEST evidence
training_curve,Tonsil,B,Generalist Selected PEFT,42,validation,1,,,,,val_Dice,0.7325,20893,2601,26335,9856,run/sthelar40x_klt_5class_slideind_foldB_lora_adaptformer_r8_a8_red16_heads_e10_seed42/log/2026-08-20T112527_sthelar40x_klt_5class_slideind_foldB_lora_adaptformer_r8_a8_red16_heads_e10_seed42/logs.log,Validation curve is descriptive only and is never used as canonical TEST evidence
training_curve,Tonsil,B,Generalist Selected PEFT,42,validation,1,,,,,val_Jaccard,0.6071,20893,2601,26335,9856,run/sthelar40x_klt_5class_slideind_foldB_lora_adaptformer_r8_a8_red16_heads_e10_seed42/log/2026-08-20T112527_sthelar40x_klt_5class_slideind_foldB_lora_adaptformer_r8_a8_red16_heads_e10_seed42/logs.log,Validation curve is descriptive only and is never used as canonical TEST evidence
training_curve,Tonsil,B,Generalist Selected PEFT,42,validation,1,,,,,val_bPQ,0.4271,20893,2601,26335,9856,run/sthelar40x_klt_5class_slideind_foldB_lora_adaptformer_r8_a8_red16_heads_e10_seed42/log/2026-08-20T112527_sthelar40x_klt_5class_slideind_foldB_lora_adaptformer_r8_a8_red16_heads_e10_seed42/logs.log,Validation curve is descriptive only and is never used as canonical TEST evidence
training_curve,Tonsil,B,Generalist Selected PEFT,42,validation,1,,,,,val_mPQ,0.2228,20893,2601,26335,9856,run/sthelar40x_klt_5class_slideind_foldB_lora_adaptformer_r8_a8_red16_heads_e10_seed42/log/2026-08-20T112527_sthelar40x_klt_5class_slideind_foldB_lora_adaptformer_r8_a8_red16_heads_e10_seed42/logs.log,Validation curve is descriptive only and is never used as canonical TEST evidence
training_curve,Tonsil,B,Generalist Selected PEFT,42,train,2,,,,,train_loss,5.9817,20893,2601,26335,9856,run/sthelar40x_klt_5class_slideind_foldB_lora_adaptformer_r8_a8_red16_heads_e10_seed42/log/2026-08-20T112527_sthelar40x_klt_5class_slideind_foldB_lora_adaptformer_r8_a8_red16_heads_e10_seed42/logs.log,Validation curve is descriptive only and is never used as canonical TEST evidence
training_curve,Tonsil,B,Generalist Selected PEFT,42,train,2,,,,,train_Dice,0.7538,20893,2601,26335,9856,run/sthelar40x_klt_5class_slideind_foldB_lora_adaptformer_r8_a8_red16_heads_e10_seed42/log/2026-08-20T112527_sthelar40x_klt_5class_slideind_foldB_lora_adaptformer_r8_a8_red16_heads_e10_seed42/logs.log,Validation curve is descriptive only and is never used as canonical TEST evidence
training_curve,Tonsil,B,Generalist Selected PEFT,42,train,2,,,,,train_Jaccard,0.6281,20893,2601,26335,9856,run/sthelar40x_klt_5class_slideind_foldB_lora_adaptformer_r8_a8_red16_heads_e10_seed42/log/2026-08-20T112527_sthelar40x_klt_5class_slideind_foldB_lora_adaptformer_r8_a8_red16_heads_e10_seed42/logs.log,Validation curve is descriptive only and is never used as canonical TEST evidence
training_curve,Tonsil,B,Generalist Selected PEFT,42,validation,2,,,,,val_loss,5.7965,20893,2601,26335,9856,run/sthelar40x_klt_5class_slideind_foldB_lora_adaptformer_r8_a8_red16_heads_e10_seed42/log/2026-08-20T112527_sthelar40x_klt_5class_slideind_foldB_lora_adaptformer_r8_a8_red16_heads_e10_seed42/logs.log,Validation curve is descriptive only and is never used as canonical TEST evidence
training_curve,Tonsil,B,Generalist Selected PEFT,42,validation,2,,,,,val_Dice,0.7526,20893,2601,26335,9856,run/sthelar40x_klt_5class_slideind_foldB_lora_adaptformer_r8_a8_red16_heads_e10_seed42/log/2026-08-20T112527_sthelar40x_klt_5class_slideind_foldB_lora_adaptformer_r8_a8_red16_heads_e10_seed42/logs.log,Validation curve is descriptive only and is never used as canonical TEST evidence
training_curve,Tonsil,B,Generalist Selected PEFT,42,validation,2,,,,,val_Jaccard,0.6328,20893,2601,26335,9856,run/sthelar40x_klt_5class_slideind_foldB_lora_adaptformer_r8_a8_red16_heads_e10_seed42/log/2026-08-20T112527_sthelar40x_klt_5class_slideind_foldB_lora_adaptformer_r8_a8_red16_heads_e10_seed42/logs.log,Validation curve is descriptive only and is never used as canonical TEST evidence
training_curve,Tonsil,B,Generalist Selected PEFT,42,validation,2,,,,,val_bPQ,0.4598,20893,2601,26335,9856,run/sthelar40x_klt_5class_slideind_foldB_lora_adaptformer_r8_a8_red16_heads_e10_seed42/log/2026-08-20T112527_sthelar40x_klt_5class_slideind_foldB_lora_adaptformer_r8_a8_red16_heads_e10_seed42/logs.log,Validation curve is descriptive only and is never used as canonical TEST evidence
training_curve,Tonsil,B,Generalist Selected PEFT,42,validation,2,,,,,val_mPQ,0.2598,20893,2601,26335,9856,run/sthelar40x_klt_5class_slideind_foldB_lora_adaptformer_r8_a8_red16_heads_e10_seed42/log/2026-08-20T112527_sthelar40x_klt_5class_slideind_foldB_lora_adaptformer_r8_a8_red16_heads_e10_seed42/logs.log,Validation curve is descriptive only and is never used as canonical TEST evidence
training_curve,Tonsil,B,Generalist Selected PEFT,42,train,3,,,,,train_loss,5.6374,20893,2601,26335,9856,run/sthelar40x_klt_5class_slideind_foldB_lora_adaptformer_r8_a8_red16_heads_e10_seed42/log/2026-08-20T112527_sthelar40x_klt_5class_slideind_foldB_lora_adaptformer_r8_a8_red16_heads_e10_seed42/logs.log,Validation curve is descriptive only and is never used as canonical TEST evidence
training_curve,Tonsil,B,Generalist Selected PEFT,42,train,3,,,,,train_Dice,0.7627,20893,2601,26335,9856,run/sthelar40x_klt_5class_slideind_foldB_lora_adaptformer_r8_a8_red16_heads_e10_seed42/log/2026-08-20T112527_sthelar40x_klt_5class_slideind_foldB_lora_adaptformer_r8_a8_red16_heads_e10_seed42/logs.log,Validation curve is descriptive only and is never used as canonical TEST evidence
training_curve,Tonsil,B,Generalist Selected PEFT,42,train,3,,,,,train_Jaccard,0.6432,20893,2601,26335,9856,run/sthelar40x_klt_5class_slideind_foldB_lora_adaptformer_r8_a8_red16_heads_e10_seed42/log/2026-08-20T112527_sthelar40x_klt_5class_slideind_foldB_lora_adaptformer_r8_a8_red16_heads_e10_seed42/logs.log,Validation curve is descriptive only and is never used as canonical TEST evidence
training_curve,Tonsil,B,Generalist Selected PEFT,42,validation,3,,,,,val_loss,5.7757,20893,2601,26335,9856,run/sthelar40x_klt_5class_slideind_foldB_lora_adaptformer_r8_a8_red16_heads_e10_seed42/log/2026-08-20T112527_sthelar40x_klt_5class_slideind_foldB_lora_adaptformer_r8_a8_red16_heads_e10_seed42/logs.log,Validation curve is descriptive only and is never used as canonical TEST evidence
training_curve,Tonsil,B,Generalist Selected PEFT,42,validation,3,,,,,val_Dice,0.7546,20893,2601,26335,9856,run/sthelar40x_klt_5class_slideind_foldB_lora_adaptformer_r8_a8_red16_heads_e10_seed42/log/2026-08-20T112527_sthelar40x_klt_5class_slideind_foldB_lora_adaptformer_r8_a8_red16_heads_e10_seed42/logs.log,Validation curve is descriptive only and is never used as canonical TEST evidence
training_curve,Tonsil,B,Generalist Selected PEFT,42,validation,3,,,,,val_Jaccard,0.637,20893,2601,26335,9856,run/sthelar40x_klt_5class_slideind_foldB_lora_adaptformer_r8_a8_red16_heads_e10_seed42/log/2026-08-20T112527_sthelar40x_klt_5class_slideind_foldB_lora_adaptformer_r8_a8_red16_heads_e10_seed42/logs.log,Validation curve is descriptive only and is never used as canonical TEST evidence
training_curve,Tonsil,B,Generalist Selected PEFT,42,validation,3,,,,,val_bPQ,0.4705,20893,2601,26335,9856,run/sthelar40x_klt_5class_slideind_foldB_lora_adaptformer_r8_a8_red16_heads_e10_seed42/log/2026-08-20T112527_sthelar40x_klt_5class_slideind_foldB_lora_adaptformer_r8_a8_red16_heads_e10_seed42/logs.log,Validation curve is descriptive only and is never used as canonical TEST evidence
training_curve,Tonsil,B,Generalist Selected PEFT,42,validation,3,,,,,val_mPQ,0.2686,20893,2601,26335,9856,run/sthelar40x_klt_5class_slideind_foldB_lora_adaptformer_r8_a8_red16_heads_e10_seed42/log/2026-08-20T112527_sthelar40x_klt_5class_slideind_foldB_lora_adaptformer_r8_a8_red16_heads_e10_seed42/logs.log,Validation curve is descriptive only and is never used as canonical TEST evidence
training_curve,Tonsil,B,Generalist Selected PEFT,42,train,4,,,,,train_loss,5.3565,20893,2601,26335,9856,run/sthelar40x_klt_5class_slideind_foldB_lora_adaptformer_r8_a8_red16_heads_e10_seed42/log/2026-08-20T112527_sthelar40x_klt_5class_slideind_foldB_lora_adaptformer_r8_a8_red16_heads_e10_seed42/logs.log,Validation curve is descriptive only and is never used as canonical TEST evidence
training_curve,Tonsil,B,Generalist Selected PEFT,42,train,4,,,,,train_Dice,0.7685,20893,2601,26335,9856,run/sthelar40x_klt_5class_slideind_foldB_lora_adaptformer_r8_a8_red16_heads_e10_seed42/log/2026-08-20T112527_sthelar40x_klt_5class_slideind_foldB_lora_adaptformer_r8_a8_red16_heads_e10_seed42/logs.log,Validation curve is descriptive only and is never used as canonical TEST evidence
training_curve,Tonsil,B,Generalist Selected PEFT,42,train,4,,,,,train_Jaccard,0.6496,20893,2601,26335,9856,run/sthelar40x_klt_5class_slideind_foldB_lora_adaptformer_r8_a8_red16_heads_e10_seed42/log/2026-08-20T112527_sthelar40x_klt_5class_slideind_foldB_lora_adaptformer_r8_a8_red16_heads_e10_seed42/logs.log,Validation curve is descriptive only and is never used as canonical TEST evidence
training_curve,Tonsil,B,Generalist Selected PEFT,42,validation,4,,,,,val_loss,5.1835,20893,2601,26335,9856,run/sthelar40x_klt_5class_slideind_foldB_lora_adaptformer_r8_a8_red16_heads_e10_seed42/log/2026-08-20T112527_sthelar40x_klt_5class_slideind_foldB_lora_adaptformer_r8_a8_red16_heads_e10_seed42/logs.log,Validation curve is descriptive only and is never used as canonical TEST evidence
training_curve,Tonsil,B,Generalist Selected PEFT,42,validation,4,,,,,val_Dice,0.755,20893,2601,26335,9856,run/sthelar40x_klt_5class_slideind_foldB_lora_adaptformer_r8_a8_red16_heads_e10_seed42/log/2026-08-20T112527_sthelar40x_klt_5class_slideind_foldB_lora_adaptformer_r8_a8_red16_heads_e10_seed42/logs.log,Validation curve is descriptive only and is never used as canonical TEST evidence
training_curve,Tonsil,B,Generalist Selected PEFT,42,validation,4,,,,,val_Jaccard,0.6361,20893,2601,26335,9856,run/sthelar40x_klt_5class_slideind_foldB_lora_adaptformer_r8_a8_red16_heads_e10_seed42/log/2026-08-20T112527_sthelar40x_klt_5class_slideind_foldB_lora_adaptformer_r8_a8_red16_heads_e10_seed42/logs.log,Validation curve is descriptive only and is never used as canonical TEST evidence
training_curve,Tonsil,B,Generalist Selected PEFT,42,validation,4,,,,,val_bPQ,0.4646,20893,2601,26335,9856,run/sthelar40x_klt_5class_slideind_foldB_lora_adaptformer_r8_a8_red16_heads_e10_seed42/log/2026-08-20T112527_sthelar40x_klt_5class_slideind_foldB_lora_adaptformer_r8_a8_red16_heads_e10_seed42/logs.log,Validation curve is descriptive only and is never used as canonical TEST evidence
training_curve,Tonsil,B,Generalist Selected PEFT,42,validation,4,,,,,val_mPQ,0.265,20893,2601,26335,9856,run/sthelar40x_klt_5class_slideind_foldB_lora_adaptformer_r8_a8_red16_heads_e10_seed42/log/2026-08-20T112527_sthelar40x_klt_5class_slideind_foldB_lora_adaptformer_r8_a8_red16_heads_e10_seed42/logs.log,Validation curve is descriptive only and is never used as canonical TEST evidence
training_curve,Tonsil,B,Generalist Selected PEFT,42,train,5,,,,,train_loss,4.5897,20893,2601,26335,9856,run/sthelar40x_klt_5class_slideind_foldB_lora_adaptformer_r8_a8_red16_heads_e10_seed42/log/2026-08-20T112527_sthelar40x_klt_5class_slideind_foldB_lora_adaptformer_r8_a8_red16_heads_e10_seed42/logs.log,Validation curve is descriptive only and is never used as canonical TEST evidence
training_curve,Tonsil,B,Generalist Selected PEFT,42,train,5,,,,,train_Dice,0.7696,20893,2601,26335,9856,run/sthelar40x_klt_5class_slideind_foldB_lora_adaptformer_r8_a8_red16_heads_e10_seed42/log/2026-08-20T112527_sthelar40x_klt_5class_slideind_foldB_lora_adaptformer_r8_a8_red16_heads_e10_seed42/logs.log,Validation curve is descriptive only and is never used as canonical TEST evidence
training_curve,Tonsil,B,Generalist Selected PEFT,42,train,5,,,,,train_Jaccard,0.6518,20893,2601,26335,9856,run/sthelar40x_klt_5class_slideind_foldB_lora_adaptformer_r8_a8_red16_heads_e10_seed42/log/2026-08-20T112527_sthelar40x_klt_5class_slideind_foldB_lora_adaptformer_r8_a8_red16_heads_e10_seed42/logs.log,Validation curve is descriptive only and is never used as canonical TEST evidence
training_curve,Tonsil,B,Generalist Selected PEFT,42,validation,5,,,,,val_loss,4.5181,20893,2601,26335,9856,run/sthelar40x_klt_5class_slideind_foldB_lora_adaptformer_r8_a8_red16_heads_e10_seed42/log/2026-08-20T112527_sthelar40x_klt_5class_slideind_foldB_lora_adaptformer_r8_a8_red16_heads_e10_seed42/logs.log,Validation curve is descriptive only and is never used as canonical TEST evidence
training_curve,Tonsil,B,Generalist Selected PEFT,42,validation,5,,,,,val_Dice,0.7596,20893,2601,26335,9856,run/sthelar40x_klt_5class_slideind_foldB_lora_adaptformer_r8_a8_red16_heads_e10_seed42/log/2026-08-20T112527_sthelar40x_klt_5class_slideind_foldB_lora_adaptformer_r8_a8_red16_heads_e10_seed42/logs.log,Validation curve is descriptive only and is never used as canonical TEST evidence
training_curve,Tonsil,B,Generalist Selected PEFT,42,validation,5,,,,,val_Jaccard,0.6428,20893,2601,26335,9856,run/sthelar40x_klt_5class_slideind_foldB_lora_adaptformer_r8_a8_red16_heads_e10_seed42/log/2026-08-20T112527_sthelar40x_klt_5class_slideind_foldB_lora_adaptformer_r8_a8_red16_heads_e10_seed42/logs.log,Validation curve is descriptive only and is never used as canonical TEST evidence
training_curve,Tonsil,B,Generalist Selected PEFT,42,validation,5,,,,,val_bPQ,0.4755,20893,2601,26335,9856,run/sthelar40x_klt_5class_slideind_foldB_lora_adaptformer_r8_a8_red16_heads_e10_seed42/log/2026-08-20T112527_sthelar40x_klt_5class_slideind_foldB_lora_adaptformer_r8_a8_red16_heads_e10_seed42/logs.log,Validation curve is descriptive only and is never used as canonical TEST evidence
training_curve,Tonsil,B,Generalist Selected PEFT,42,validation,5,,,,,val_mPQ,0.2776,20893,2601,26335,9856,run/sthelar40x_klt_5class_slideind_foldB_lora_adaptformer_r8_a8_red16_heads_e10_seed42/log/2026-08-20T112527_sthelar40x_klt_5class_slideind_foldB_lora_adaptformer_r8_a8_red16_heads_e10_seed42/logs.log,Validation curve is descriptive only and is never used as canonical TEST evidence
training_curve,Tonsil,B,Generalist Selected PEFT,42,train,6,,,,,train_loss,4.36,20893,2601,26335,9856,run/sthelar40x_klt_5class_slideind_foldB_lora_adaptformer_r8_a8_red16_heads_e10_seed42/log/2026-08-20T112527_sthelar40x_klt_5class_slideind_foldB_lora_adaptformer_r8_a8_red16_heads_e10_seed42/logs.log,Validation curve is descriptive only and is never used as canonical TEST evidence
training_curve,Tonsil,B,Generalist Selected PEFT,42,train,6,,,,,train_Dice,0.7723,20893,2601,26335,9856,run/sthelar40x_klt_5class_slideind_foldB_lora_adaptformer_r8_a8_red16_heads_e10_seed42/log/2026-08-20T112527_sthelar40x_klt_5class_slideind_foldB_lora_adaptformer_r8_a8_red16_heads_e10_seed42/logs.log,Validation curve is descriptive only and is never used as canonical TEST evidence
training_curve,Tonsil,B,Generalist Selected PEFT,42,train,6,,,,,train_Jaccard,0.6558,20893,2601,26335,9856,run/sthelar40x_klt_5class_slideind_foldB_lora_adaptformer_r8_a8_red16_heads_e10_seed42/log/2026-08-20T112527_sthelar40x_klt_5class_slideind_foldB_lora_adaptformer_r8_a8_red16_heads_e10_seed42/logs.log,Validation curve is descriptive only and is never used as canonical TEST evidence
training_curve,Tonsil,B,Generalist Selected PEFT,42,validation,6,,,,,val_loss,4.486,20893,2601,26335,9856,run/sthelar40x_klt_5class_slideind_foldB_lora_adaptformer_r8_a8_red16_heads_e10_seed42/log/2026-08-20T112527_sthelar40x_klt_5class_slideind_foldB_lora_adaptformer_r8_a8_red16_heads_e10_seed42/logs.log,Validation curve is descriptive only and is never used as canonical TEST evidence
training_curve,Tonsil,B,Generalist Selected PEFT,42,validation,6,,,,,val_Dice,0.7568,20893,2601,26335,9856,run/sthelar40x_klt_5class_slideind_foldB_lora_adaptformer_r8_a8_red16_heads_e10_seed42/log/2026-08-20T112527_sthelar40x_klt_5class_slideind_foldB_lora_adaptformer_r8_a8_red16_heads_e10_seed42/logs.log,Validation curve is descriptive only and is never used as canonical TEST evidence
training_curve,Tonsil,B,Generalist Selected PEFT,42,validation,6,,,,,val_Jaccard,0.6398,20893,2601,26335,9856,run/sthelar40x_klt_5class_slideind_foldB_lora_adaptformer_r8_a8_red16_heads_e10_seed42/log/2026-08-20T112527_sthelar40x_klt_5class_slideind_foldB_lora_adaptformer_r8_a8_red16_heads_e10_seed42/logs.log,Validation curve is descriptive only and is never used as canonical TEST evidence
training_curve,Tonsil,B,Generalist Selected PEFT,42,validation,6,,,,,val_bPQ,0.4707,20893,2601,26335,9856,run/sthelar40x_klt_5class_slideind_foldB_lora_adaptformer_r8_a8_red16_heads_e10_seed42/log/2026-08-20T112527_sthelar40x_klt_5class_slideind_foldB_lora_adaptformer_r8_a8_red16_heads_e10_seed42/logs.log,Validation curve is descriptive only and is never used as canonical TEST evidence
training_curve,Tonsil,B,Generalist Selected PEFT,42,validation,6,,,,,val_mPQ,0.2734,20893,2601,26335,9856,run/sthelar40x_klt_5class_slideind_foldB_lora_adaptformer_r8_a8_red16_heads_e10_seed42/log/2026-08-20T112527_sthelar40x_klt_5class_slideind_foldB_lora_adaptformer_r8_a8_red16_heads_e10_seed42/logs.log,Validation curve is descriptive only and is never used as canonical TEST evidence
training_curve,Tonsil,B,Generalist Selected PEFT,42,train,7,,,,,train_loss,4.2619,20893,2601,26335,9856,run/sthelar40x_klt_5class_slideind_foldB_lora_adaptformer_r8_a8_red16_heads_e10_seed42/log/2026-08-20T112527_sthelar40x_klt_5class_slideind_foldB_lora_adaptformer_r8_a8_red16_heads_e10_seed42/logs.log,Validation curve is descriptive only and is never used as canonical TEST evidence
training_curve,Tonsil,B,Generalist Selected PEFT,42,train,7,,,,,train_Dice,0.7731,20893,2601,26335,9856,run/sthelar40x_klt_5class_slideind_foldB_lora_adaptformer_r8_a8_red16_heads_e10_seed42/log/2026-08-20T112527_sthelar40x_klt_5class_slideind_foldB_lora_adaptformer_r8_a8_red16_heads_e10_seed42/logs.log,Validation curve is descriptive only and is never used as canonical TEST evidence
training_curve,Tonsil,B,Generalist Selected PEFT,42,train,7,,,,,train_Jaccard,0.6573,20893,2601,26335,9856,run/sthelar40x_klt_5class_slideind_foldB_lora_adaptformer_r8_a8_red16_heads_e10_seed42/log/2026-08-20T112527_sthelar40x_klt_5class_slideind_foldB_lora_adaptformer_r8_a8_red16_heads_e10_seed42/logs.log,Validation curve is descriptive only and is never used as canonical TEST evidence
training_curve,Tonsil,B,Generalist Selected PEFT,42,validation,7,,,,,val_loss,4.423,20893,2601,26335,9856,run/sthelar40x_klt_5class_slideind_foldB_lora_adaptformer_r8_a8_red16_heads_e10_seed42/log/2026-08-20T112527_sthelar40x_klt_5class_slideind_foldB_lora_adaptformer_r8_a8_red16_heads_e10_seed42/logs.log,Validation curve is descriptive only and is never used as canonical TEST evidence
training_curve,Tonsil,B,Generalist Selected PEFT,42,validation,7,,,,,val_Dice,0.743,20893,2601,26335,9856,run/sthelar40x_klt_5class_slideind_foldB_lora_adaptformer_r8_a8_red16_heads_e10_seed42/log/2026-08-20T112527_sthelar40x_klt_5class_slideind_foldB_lora_adaptformer_r8_a8_red16_heads_e10_seed42/logs.log,Validation curve is descriptive only and is never used as canonical TEST evidence
training_curve,Tonsil,B,Generalist Selected PEFT,42,validation,7,,,,,val_Jaccard,0.6225,20893,2601,26335,9856,run/sthelar40x_klt_5class_slideind_foldB_lora_adaptformer_r8_a8_red16_heads_e10_seed42/log/2026-08-20T112527_sthelar40x_klt_5class_slideind_foldB_lora_adaptformer_r8_a8_red16_heads_e10_seed42/logs.log,Validation curve is descriptive only and is never used as canonical TEST evidence
training_curve,Tonsil,B,Generalist Selected PEFT,42,validation,7,,,,,val_bPQ,0.4522,20893,2601,26335,9856,run/sthelar40x_klt_5class_slideind_foldB_lora_adaptformer_r8_a8_red16_heads_e10_seed42/log/2026-08-20T112527_sthelar40x_klt_5class_slideind_foldB_lora_adaptformer_r8_a8_red16_heads_e10_seed42/logs.log,Validation curve is descriptive only and is never used as canonical TEST evidence
training_curve,Tonsil,B,Generalist Selected PEFT,42,validation,7,,,,,val_mPQ,0.2712,20893,2601,26335,9856,run/sthelar40x_klt_5class_slideind_foldB_lora_adaptformer_r8_a8_red16_heads_e10_seed42/log/2026-08-20T112527_sthelar40x_klt_5class_slideind_foldB_lora_adaptformer_r8_a8_red16_heads_e10_seed42/logs.log,Validation curve is descriptive only and is never used as canonical TEST evidence
training_curve,Tonsil,B,Generalist Selected PEFT,42,train,8,,,,,train_loss,4.2049,20893,2601,26335,9856,run/sthelar40x_klt_5class_slideind_foldB_lora_adaptformer_r8_a8_red16_heads_e10_seed42/log/2026-08-20T112527_sthelar40x_klt_5class_slideind_foldB_lora_adaptformer_r8_a8_red16_heads_e10_seed42/logs.log,Validation curve is descriptive only and is never used as canonical TEST evidence
training_curve,Tonsil,B,Generalist Selected PEFT,42,train,8,,,,,train_Dice,0.7767,20893,2601,26335,9856,run/sthelar40x_klt_5class_slideind_foldB_lora_adaptformer_r8_a8_red16_heads_e10_seed42/log/2026-08-20T112527_sthelar40x_klt_5class_slideind_foldB_lora_adaptformer_r8_a8_red16_heads_e10_seed42/logs.log,Validation curve is descriptive only and is never used as canonical TEST evidence
training_curve,Tonsil,B,Generalist Selected PEFT,42,train,8,,,,,train_Jaccard,0.6616,20893,2601,26335,9856,run/sthelar40x_klt_5class_slideind_foldB_lora_adaptformer_r8_a8_red16_heads_e10_seed42/log/2026-08-20T112527_sthelar40x_klt_5class_slideind_foldB_lora_adaptformer_r8_a8_red16_heads_e10_seed42/logs.log,Validation curve is descriptive only and is never used as canonical TEST evidence
training_curve,Tonsil,B,Generalist Selected PEFT,42,validation,8,,,,,val_loss,4.3043,20893,2601,26335,9856,run/sthelar40x_klt_5class_slideind_foldB_lora_adaptformer_r8_a8_red16_heads_e10_seed42/log/2026-08-20T112527_sthelar40x_klt_5class_slideind_foldB_lora_adaptformer_r8_a8_red16_heads_e10_seed42/logs.log,Validation curve is descriptive only and is never used as canonical TEST evidence
training_curve,Tonsil,B,Generalist Selected PEFT,42,validation,8,,,,,val_Dice,0.7545,20893,2601,26335,9856,run/sthelar40x_klt_5class_slideind_foldB_lora_adaptformer_r8_a8_red16_heads_e10_seed42/log/2026-08-20T112527_sthelar40x_klt_5class_slideind_foldB_lora_adaptformer_r8_a8_red16_heads_e10_seed42/logs.log,Validation curve is descriptive only and is never used as canonical TEST evidence
training_curve,Tonsil,B,Generalist Selected PEFT,42,validation,8,,,,,val_Jaccard,0.639,20893,2601,26335,9856,run/sthelar40x_klt_5class_slideind_foldB_lora_adaptformer_r8_a8_red16_heads_e10_seed42/log/2026-08-20T112527_sthelar40x_klt_5class_slideind_foldB_lora_adaptformer_r8_a8_red16_heads_e10_seed42/logs.log,Validation curve is descriptive only and is never used as canonical TEST evidence
training_curve,Tonsil,B,Generalist Selected PEFT,42,validation,8,,,,,val_bPQ,0.4751,20893,2601,26335,9856,run/sthelar40x_klt_5class_slideind_foldB_lora_adaptformer_r8_a8_red16_heads_e10_seed42/log/2026-08-20T112527_sthelar40x_klt_5class_slideind_foldB_lora_adaptformer_r8_a8_red16_heads_e10_seed42/logs.log,Validation curve is descriptive only and is never used as canonical TEST evidence
training_curve,Tonsil,B,Generalist Selected PEFT,42,validation,8,,,,,val_mPQ,0.2807,20893,2601,26335,9856,run/sthelar40x_klt_5class_slideind_foldB_lora_adaptformer_r8_a8_red16_heads_e10_seed42/log/2026-08-20T112527_sthelar40x_klt_5class_slideind_foldB_lora_adaptformer_r8_a8_red16_heads_e10_seed42/logs.log,Validation curve is descriptive only and is never used as canonical TEST evidence
training_curve,Tonsil,B,Generalist Selected PEFT,42,train,9,,,,,train_loss,4.1466,20893,2601,26335,9856,run/sthelar40x_klt_5class_slideind_foldB_lora_adaptformer_r8_a8_red16_heads_e10_seed42/log/2026-08-20T112527_sthelar40x_klt_5class_slideind_foldB_lora_adaptformer_r8_a8_red16_heads_e10_seed42/logs.log,Validation curve is descriptive only and is never used as canonical TEST evidence
training_curve,Tonsil,B,Generalist Selected PEFT,42,train,9,,,,,train_Dice,0.7778,20893,2601,26335,9856,run/sthelar40x_klt_5class_slideind_foldB_lora_adaptformer_r8_a8_red16_heads_e10_seed42/log/2026-08-20T112527_sthelar40x_klt_5class_slideind_foldB_lora_adaptformer_r8_a8_red16_heads_e10_seed42/logs.log,Validation curve is descriptive only and is never used as canonical TEST evidence
training_curve,Tonsil,B,Generalist Selected PEFT,42,train,9,,,,,train_Jaccard,0.6638,20893,2601,26335,9856,run/sthelar40x_klt_5class_slideind_foldB_lora_adaptformer_r8_a8_red16_heads_e10_seed42/log/2026-08-20T112527_sthelar40x_klt_5class_slideind_foldB_lora_adaptformer_r8_a8_red16_heads_e10_seed42/logs.log,Validation curve is descriptive only and is never used as canonical TEST evidence
training_curve,Tonsil,B,Generalist Selected PEFT,42,validation,9,,,,,val_loss,4.2702,20893,2601,26335,9856,run/sthelar40x_klt_5class_slideind_foldB_lora_adaptformer_r8_a8_red16_heads_e10_seed42/log/2026-08-20T112527_sthelar40x_klt_5class_slideind_foldB_lora_adaptformer_r8_a8_red16_heads_e10_seed42/logs.log,Validation curve is descriptive only and is never used as canonical TEST evidence
training_curve,Tonsil,B,Generalist Selected PEFT,42,validation,9,,,,,val_Dice,0.761,20893,2601,26335,9856,run/sthelar40x_klt_5class_slideind_foldB_lora_adaptformer_r8_a8_red16_heads_e10_seed42/log/2026-08-20T112527_sthelar40x_klt_5class_slideind_foldB_lora_adaptformer_r8_a8_red16_heads_e10_seed42/logs.log,Validation curve is descriptive only and is never used as canonical TEST evidence
training_curve,Tonsil,B,Generalist Selected PEFT,42,validation,9,,,,,val_Jaccard,0.6453,20893,2601,26335,9856,run/sthelar40x_klt_5class_slideind_foldB_lora_adaptformer_r8_a8_red16_heads_e10_seed42/log/2026-08-20T112527_sthelar40x_klt_5class_slideind_foldB_lora_adaptformer_r8_a8_red16_heads_e10_seed42/logs.log,Validation curve is descriptive only and is never used as canonical TEST evidence
training_curve,Tonsil,B,Generalist Selected PEFT,42,validation,9,,,,,val_bPQ,0.4784,20893,2601,26335,9856,run/sthelar40x_klt_5class_slideind_foldB_lora_adaptformer_r8_a8_red16_heads_e10_seed42/log/2026-08-20T112527_sthelar40x_klt_5class_slideind_foldB_lora_adaptformer_r8_a8_red16_heads_e10_seed42/logs.log,Validation curve is descriptive only and is never used as canonical TEST evidence
training_curve,Tonsil,B,Generalist Selected PEFT,42,validation,9,,,,,val_mPQ,0.2839,20893,2601,26335,9856,run/sthelar40x_klt_5class_slideind_foldB_lora_adaptformer_r8_a8_red16_heads_e10_seed42/log/2026-08-20T112527_sthelar40x_klt_5class_slideind_foldB_lora_adaptformer_r8_a8_red16_heads_e10_seed42/logs.log,Validation curve is descriptive only and is never used as canonical TEST evidence
training_curve,Tonsil,B,Generalist Selected PEFT,42,train,10,,,,,train_loss,4.1199,20893,2601,26335,9856,run/sthelar40x_klt_5class_slideind_foldB_lora_adaptformer_r8_a8_red16_heads_e10_seed42/log/2026-08-20T112527_sthelar40x_klt_5class_slideind_foldB_lora_adaptformer_r8_a8_red16_heads_e10_seed42/logs.log,Validation curve is descriptive only and is never used as canonical TEST evidence
training_curve,Tonsil,B,Generalist Selected PEFT,42,train,10,,,,,train_Dice,0.7796,20893,2601,26335,9856,run/sthelar40x_klt_5class_slideind_foldB_lora_adaptformer_r8_a8_red16_heads_e10_seed42/log/2026-08-20T112527_sthelar40x_klt_5class_slideind_foldB_lora_adaptformer_r8_a8_red16_heads_e10_seed42/logs.log,Validation curve is descriptive only and is never used as canonical TEST evidence
training_curve,Tonsil,B,Generalist Selected PEFT,42,train,10,,,,,train_Jaccard,0.6651,20893,2601,26335,9856,run/sthelar40x_klt_5class_slideind_foldB_lora_adaptformer_r8_a8_red16_heads_e10_seed42/log/2026-08-20T112527_sthelar40x_klt_5class_slideind_foldB_lora_adaptformer_r8_a8_red16_heads_e10_seed42/logs.log,Validation curve is descriptive only and is never used as canonical TEST evidence
training_curve,Tonsil,B,Generalist Selected PEFT,42,validation,10,,,,,val_loss,4.2741,20893,2601,26335,9856,run/sthelar40x_klt_5class_slideind_foldB_lora_adaptformer_r8_a8_red16_heads_e10_seed42/log/2026-08-20T112527_sthelar40x_klt_5class_slideind_foldB_lora_adaptformer_r8_a8_red16_heads_e10_seed42/logs.log,Validation curve is descriptive only and is never used as canonical TEST evidence
training_curve,Tonsil,B,Generalist Selected PEFT,42,validation,10,,,,,val_Dice,0.7579,20893,2601,26335,9856,run/sthelar40x_klt_5class_slideind_foldB_lora_adaptformer_r8_a8_red16_heads_e10_seed42/log/2026-08-20T112527_sthelar40x_klt_5class_slideind_foldB_lora_adaptformer_r8_a8_red16_heads_e10_seed42/logs.log,Validation curve is descriptive only and is never used as canonical TEST evidence
training_curve,Tonsil,B,Generalist Selected PEFT,42,validation,10,,,,,val_Jaccard,0.6409,20893,2601,26335,9856,run/sthelar40x_klt_5class_slideind_foldB_lora_adaptformer_r8_a8_red16_heads_e10_seed42/log/2026-08-20T112527_sthelar40x_klt_5class_slideind_foldB_lora_adaptformer_r8_a8_red16_heads_e10_seed42/logs.log,Validation curve is descriptive only and is never used as canonical TEST evidence
training_curve,Tonsil,B,Generalist Selected PEFT,42,validation,10,,,,,val_bPQ,0.4751,20893,2601,26335,9856,run/sthelar40x_klt_5class_slideind_foldB_lora_adaptformer_r8_a8_red16_heads_e10_seed42/log/2026-08-20T112527_sthelar40x_klt_5class_slideind_foldB_lora_adaptformer_r8_a8_red16_heads_e10_seed42/logs.log,Validation curve is descriptive only and is never used as canonical TEST evidence
training_curve,Tonsil,B,Generalist Selected PEFT,42,validation,10,,,,,val_mPQ,0.2813,20893,2601,26335,9856,run/sthelar40x_klt_5class_slideind_foldB_lora_adaptformer_r8_a8_red16_heads_e10_seed42/log/2026-08-20T112527_sthelar40x_klt_5class_slideind_foldB_lora_adaptformer_r8_a8_red16_heads_e10_seed42/logs.log,Validation curve is descriptive only and is never used as canonical TEST evidence
dataset_summary,Tonsil,B,Tissue-specific Selected PEFT,42,,,,,,,,,18831,2252,23067,9856,run/sthelar40x_tonsil_5class_slideind_foldB_lora_adaptformer_r8_a8_red16_heads_e10_seed42/log/2026-08-25T192051_sthelar40x_tonsil_5class_slideind_foldB_lora_adaptformer_r8_a8_red16_heads_e10_seed42/inference_results.json,Test metrics and test class counts use exact generalist/specialist patch-ID intersection
class_distribution,Tonsil,B,Tissue-specific Selected PEFT,42,train,,Immune,,1024873,0.657534677223,,,18831,2252,23067,9856,run/sthelar40x_tonsil_5class_slideind_foldB_lora_adaptformer_r8_a8_red16_heads_e10_seed42/log/2026-08-25T192051_sthelar40x_tonsil_5class_slideind_foldB_lora_adaptformer_r8_a8_red16_heads_e10_seed42/inference_results.json,Patch-level nucleus annotation occurrences; overlapping patches may repeat a biological cell
class_distribution,Tonsil,B,Tissue-specific Selected PEFT,42,train,,Stromal,,305681,0.196117819152,,,18831,2252,23067,9856,run/sthelar40x_tonsil_5class_slideind_foldB_lora_adaptformer_r8_a8_red16_heads_e10_seed42/log/2026-08-25T192051_sthelar40x_tonsil_5class_slideind_foldB_lora_adaptformer_r8_a8_red16_heads_e10_seed42/inference_results.json,Patch-level nucleus annotation occurrences; overlapping patches may repeat a biological cell
class_distribution,Tonsil,B,Tissue-specific Selected PEFT,42,train,,Epithelial,,160843,0.10319312743,,,18831,2252,23067,9856,run/sthelar40x_tonsil_5class_slideind_foldB_lora_adaptformer_r8_a8_red16_heads_e10_seed42/log/2026-08-25T192051_sthelar40x_tonsil_5class_slideind_foldB_lora_adaptformer_r8_a8_red16_heads_e10_seed42/inference_results.json,Patch-level nucleus annotation occurrences; overlapping patches may repeat a biological cell
class_distribution,Tonsil,B,Tissue-specific Selected PEFT,42,train,,Melanocyte,,0,0,,,18831,2252,23067,9856,run/sthelar40x_tonsil_5class_slideind_foldB_lora_adaptformer_r8_a8_red16_heads_e10_seed42/log/2026-08-25T192051_sthelar40x_tonsil_5class_slideind_foldB_lora_adaptformer_r8_a8_red16_heads_e10_seed42/inference_results.json,Patch-level nucleus annotation occurrences; overlapping patches may repeat a biological cell
class_distribution,Tonsil,B,Tissue-specific Selected PEFT,42,train,,Other,,67263,0.0431543761949,,,18831,2252,23067,9856,run/sthelar40x_tonsil_5class_slideind_foldB_lora_adaptformer_r8_a8_red16_heads_e10_seed42/log/2026-08-25T192051_sthelar40x_tonsil_5class_slideind_foldB_lora_adaptformer_r8_a8_red16_heads_e10_seed42/inference_results.json,Patch-level nucleus annotation occurrences; overlapping patches may repeat a biological cell
class_distribution,Tonsil,B,Tissue-specific Selected PEFT,42,validation,,Immune,,106694,0.582060402392,,,18831,2252,23067,9856,run/sthelar40x_tonsil_5class_slideind_foldB_lora_adaptformer_r8_a8_red16_heads_e10_seed42/log/2026-08-25T192051_sthelar40x_tonsil_5class_slideind_foldB_lora_adaptformer_r8_a8_red16_heads_e10_seed42/inference_results.json,Patch-level nucleus annotation occurrences; overlapping patches may repeat a biological cell
class_distribution,Tonsil,B,Tissue-specific Selected PEFT,42,validation,,Stromal,,40582,0.221391786322,,,18831,2252,23067,9856,run/sthelar40x_tonsil_5class_slideind_foldB_lora_adaptformer_r8_a8_red16_heads_e10_seed42/log/2026-08-25T192051_sthelar40x_tonsil_5class_slideind_foldB_lora_adaptformer_r8_a8_red16_heads_e10_seed42/inference_results.json,Patch-level nucleus annotation occurrences; overlapping patches may repeat a biological cell
class_distribution,Tonsil,B,Tissue-specific Selected PEFT,42,validation,,Epithelial,,18929,0.103265613407,,,18831,2252,23067,9856,run/sthelar40x_tonsil_5class_slideind_foldB_lora_adaptformer_r8_a8_red16_heads_e10_seed42/log/2026-08-25T192051_sthelar40x_tonsil_5class_slideind_foldB_lora_adaptformer_r8_a8_red16_heads_e10_seed42/inference_results.json,Patch-level nucleus annotation occurrences; overlapping patches may repeat a biological cell
class_distribution,Tonsil,B,Tissue-specific Selected PEFT,42,validation,,Melanocyte,,0,0,,,18831,2252,23067,9856,run/sthelar40x_tonsil_5class_slideind_foldB_lora_adaptformer_r8_a8_red16_heads_e10_seed42/log/2026-08-25T192051_sthelar40x_tonsil_5class_slideind_foldB_lora_adaptformer_r8_a8_red16_heads_e10_seed42/inference_results.json,Patch-level nucleus annotation occurrences; overlapping patches may repeat a biological cell
class_distribution,Tonsil,B,Tissue-specific Selected PEFT,42,validation,,Other,,17099,0.0932821978789,,,18831,2252,23067,9856,run/sthelar40x_tonsil_5class_slideind_foldB_lora_adaptformer_r8_a8_red16_heads_e10_seed42/log/2026-08-25T192051_sthelar40x_tonsil_5class_slideind_foldB_lora_adaptformer_r8_a8_red16_heads_e10_seed42/inference_results.json,Patch-level nucleus annotation occurrences; overlapping patches may repeat a biological cell
class_distribution,Tonsil,B,Tissue-specific Selected PEFT,42,matched_test,,Immune,,807732,0.698901201592,,,18831,2252,23067,9856,run/sthelar40x_tonsil_5class_slideind_foldB_lora_adaptformer_r8_a8_red16_heads_e10_seed42/log/2026-08-25T192051_sthelar40x_tonsil_5class_slideind_foldB_lora_adaptformer_r8_a8_red16_heads_e10_seed42/inference_results.json,Patch-level nucleus annotation occurrences; overlapping patches may repeat a biological cell
class_distribution,Tonsil,B,Tissue-specific Selected PEFT,42,matched_test,,Stromal,,194011,0.167870681144,,,18831,2252,23067,9856,run/sthelar40x_tonsil_5class_slideind_foldB_lora_adaptformer_r8_a8_red16_heads_e10_seed42/log/2026-08-25T192051_sthelar40x_tonsil_5class_slideind_foldB_lora_adaptformer_r8_a8_red16_heads_e10_seed42/inference_results.json,Patch-level nucleus annotation occurrences; overlapping patches may repeat a biological cell
class_distribution,Tonsil,B,Tissue-specific Selected PEFT,42,matched_test,,Epithelial,,142670,0.123447176082,,,18831,2252,23067,9856,run/sthelar40x_tonsil_5class_slideind_foldB_lora_adaptformer_r8_a8_red16_heads_e10_seed42/log/2026-08-25T192051_sthelar40x_tonsil_5class_slideind_foldB_lora_adaptformer_r8_a8_red16_heads_e10_seed42/inference_results.json,Patch-level nucleus annotation occurrences; overlapping patches may repeat a biological cell
class_distribution,Tonsil,B,Tissue-specific Selected PEFT,42,matched_test,,Melanocyte,,0,0,,,18831,2252,23067,9856,run/sthelar40x_tonsil_5class_slideind_foldB_lora_adaptformer_r8_a8_red16_heads_e10_seed42/log/2026-08-25T192051_sthelar40x_tonsil_5class_slideind_foldB_lora_adaptformer_r8_a8_red16_heads_e10_seed42/inference_results.json,Patch-level nucleus annotation occurrences; overlapping patches may repeat a biological cell
class_distribution,Tonsil,B,Tissue-specific Selected PEFT,42,matched_test,,Other,,11304,0.00978094118197,,,18831,2252,23067,9856,run/sthelar40x_tonsil_5class_slideind_foldB_lora_adaptformer_r8_a8_red16_heads_e10_seed42/log/2026-08-25T192051_sthelar40x_tonsil_5class_slideind_foldB_lora_adaptformer_r8_a8_red16_heads_e10_seed42/inference_results.json,Patch-level nucleus annotation occurrences; overlapping patches may repeat a biological cell
matched_test_metric,Tonsil,B,Tissue-specific Selected PEFT,42,matched_test,,,,,,Dice,0.831997074263,18831,2252,23067,9856,run/sthelar40x_tonsil_5class_slideind_foldB_lora_adaptformer_r8_a8_red16_heads_e10_seed42/log/2026-08-25T192051_sthelar40x_tonsil_5class_slideind_foldB_lora_adaptformer_r8_a8_red16_heads_e10_seed42/inference_results.json,
matched_test_metric,Tonsil,B,Tissue-specific Selected PEFT,42,matched_test,,,,,,Jaccard,0.71932804335,18831,2252,23067,9856,run/sthelar40x_tonsil_5class_slideind_foldB_lora_adaptformer_r8_a8_red16_heads_e10_seed42/log/2026-08-25T192051_sthelar40x_tonsil_5class_slideind_foldB_lora_adaptformer_r8_a8_red16_heads_e10_seed42/inference_results.json,
matched_test_metric,Tonsil,B,Tissue-specific Selected PEFT,42,matched_test,,,,,,bPQ,0.576722119013,18831,2252,23067,9856,run/sthelar40x_tonsil_5class_slideind_foldB_lora_adaptformer_r8_a8_red16_heads_e10_seed42/log/2026-08-25T192051_sthelar40x_tonsil_5class_slideind_foldB_lora_adaptformer_r8_a8_red16_heads_e10_seed42/inference_results.json,
matched_test_metric,Tonsil,B,Tissue-specific Selected PEFT,42,matched_test,,,,,,mPQ,0.260633400454,18831,2252,23067,9856,run/sthelar40x_tonsil_5class_slideind_foldB_lora_adaptformer_r8_a8_red16_heads_e10_seed42/log/2026-08-25T192051_sthelar40x_tonsil_5class_slideind_foldB_lora_adaptformer_r8_a8_red16_heads_e10_seed42/inference_results.json,
matched_test_metric,Tonsil,B,Tissue-specific Selected PEFT,42,matched_test,,,,,,F1det,0.856036082833,18831,2252,23067,9856,run/sthelar40x_tonsil_5class_slideind_foldB_lora_adaptformer_r8_a8_red16_heads_e10_seed42/log/2026-08-25T192051_sthelar40x_tonsil_5class_slideind_foldB_lora_adaptformer_r8_a8_red16_heads_e10_seed42/inference_results.json,
matched_test_metric,Tonsil,B,Tissue-specific Selected PEFT,42,matched_test,,,,,,F1type,0.513394313258,18831,2252,23067,9856,run/sthelar40x_tonsil_5class_slideind_foldB_lora_adaptformer_r8_a8_red16_heads_e10_seed42/log/2026-08-25T192051_sthelar40x_tonsil_5class_slideind_foldB_lora_adaptformer_r8_a8_red16_heads_e10_seed42/inference_results.json,
matched_class_metric,Tonsil,B,Tissue-specific Selected PEFT,42,matched_test,,Immune,,,,matched_true_support,665146,18831,2252,23067,9856,run/sthelar40x_tonsil_5class_slideind_foldB_lora_adaptformer_r8_a8_red16_heads_e10_seed42/log/2026-08-25T192051_sthelar40x_tonsil_5class_slideind_foldB_lora_adaptformer_r8_a8_red16_heads_e10_seed42/inference_results.json,Type F1 is calculated from paired foreground confusion only
matched_class_metric,Tonsil,B,Tissue-specific Selected PEFT,42,matched_test,,Immune,,,,total_true_support,795780,18831,2252,23067,9856,run/sthelar40x_tonsil_5class_slideind_foldB_lora_adaptformer_r8_a8_red16_heads_e10_seed42/log/2026-08-25T192051_sthelar40x_tonsil_5class_slideind_foldB_lora_adaptformer_r8_a8_red16_heads_e10_seed42/inference_results.json,Type F1 is calculated from paired foreground confusion only
matched_class_metric,Tonsil,B,Tissue-specific Selected PEFT,42,matched_test,,Immune,,,,paired_type_F1,0.862293951366,18831,2252,23067,9856,run/sthelar40x_tonsil_5class_slideind_foldB_lora_adaptformer_r8_a8_red16_heads_e10_seed42/log/2026-08-25T192051_sthelar40x_tonsil_5class_slideind_foldB_lora_adaptformer_r8_a8_red16_heads_e10_seed42/inference_results.json,Type F1 is calculated from paired foreground confusion only
predicted_class_frequency,Tonsil,B,Tissue-specific Selected PEFT,42,matched_test,,,Immune,820449,0.766412332112,,,18831,2252,23067,9856,run/sthelar40x_tonsil_5class_slideind_foldB_lora_adaptformer_r8_a8_red16_heads_e10_seed42/log/2026-08-25T192051_sthelar40x_tonsil_5class_slideind_foldB_lora_adaptformer_r8_a8_red16_heads_e10_seed42/inference_results.json,Foreground predicted instances; unmatched predictions included
matched_class_metric,Tonsil,B,Tissue-specific Selected PEFT,42,matched_test,,Stromal,,,,matched_true_support,157914,18831,2252,23067,9856,run/sthelar40x_tonsil_5class_slideind_foldB_lora_adaptformer_r8_a8_red16_heads_e10_seed42/log/2026-08-25T192051_sthelar40x_tonsil_5class_slideind_foldB_lora_adaptformer_r8_a8_red16_heads_e10_seed42/inference_results.json,Type F1 is calculated from paired foreground confusion only
matched_class_metric,Tonsil,B,Tissue-specific Selected PEFT,42,matched_test,,Stromal,,,,total_true_support,191124,18831,2252,23067,9856,run/sthelar40x_tonsil_5class_slideind_foldB_lora_adaptformer_r8_a8_red16_heads_e10_seed42/log/2026-08-25T192051_sthelar40x_tonsil_5class_slideind_foldB_lora_adaptformer_r8_a8_red16_heads_e10_seed42/inference_results.json,Type F1 is calculated from paired foreground confusion only
matched_class_metric,Tonsil,B,Tissue-specific Selected PEFT,42,matched_test,,Stromal,,,,paired_type_F1,0.410386979223,18831,2252,23067,9856,run/sthelar40x_tonsil_5class_slideind_foldB_lora_adaptformer_r8_a8_red16_heads_e10_seed42/log/2026-08-25T192051_sthelar40x_tonsil_5class_slideind_foldB_lora_adaptformer_r8_a8_red16_heads_e10_seed42/inference_results.json,Type F1 is calculated from paired foreground confusion only
predicted_class_frequency,Tonsil,B,Tissue-specific Selected PEFT,42,matched_test,,,Stromal,160684,0.150100980284,,,18831,2252,23067,9856,run/sthelar40x_tonsil_5class_slideind_foldB_lora_adaptformer_r8_a8_red16_heads_e10_seed42/log/2026-08-25T192051_sthelar40x_tonsil_5class_slideind_foldB_lora_adaptformer_r8_a8_red16_heads_e10_seed42/inference_results.json,Foreground predicted instances; unmatched predictions included
matched_class_metric,Tonsil,B,Tissue-specific Selected PEFT,42,matched_test,,Epithelial,,,,matched_true_support,116267,18831,2252,23067,9856,run/sthelar40x_tonsil_5class_slideind_foldB_lora_adaptformer_r8_a8_red16_heads_e10_seed42/log/2026-08-25T192051_sthelar40x_tonsil_5class_slideind_foldB_lora_adaptformer_r8_a8_red16_heads_e10_seed42/inference_results.json,Type F1 is calculated from paired foreground confusion only
matched_class_metric,Tonsil,B,Tissue-specific Selected PEFT,42,matched_test,,Epithelial,,,,total_true_support,140460,18831,2252,23067,9856,run/sthelar40x_tonsil_5class_slideind_foldB_lora_adaptformer_r8_a8_red16_heads_e10_seed42/log/2026-08-25T192051_sthelar40x_tonsil_5class_slideind_foldB_lora_adaptformer_r8_a8_red16_heads_e10_seed42/inference_results.json,Type F1 is calculated from paired foreground confusion only
matched_class_metric,Tonsil,B,Tissue-specific Selected PEFT,42,matched_test,,Epithelial,,,,paired_type_F1,0.680510222056,18831,2252,23067,9856,run/sthelar40x_tonsil_5class_slideind_foldB_lora_adaptformer_r8_a8_red16_heads_e10_seed42/log/2026-08-25T192051_sthelar40x_tonsil_5class_slideind_foldB_lora_adaptformer_r8_a8_red16_heads_e10_seed42/inference_results.json,Type F1 is calculated from paired foreground confusion only
predicted_class_frequency,Tonsil,B,Tissue-specific Selected PEFT,42,matched_test,,,Epithelial,85869,0.0802134691445,,,18831,2252,23067,9856,run/sthelar40x_tonsil_5class_slideind_foldB_lora_adaptformer_r8_a8_red16_heads_e10_seed42/log/2026-08-25T192051_sthelar40x_tonsil_5class_slideind_foldB_lora_adaptformer_r8_a8_red16_heads_e10_seed42/inference_results.json,Foreground predicted instances; unmatched predictions included
matched_class_metric,Tonsil,B,Tissue-specific Selected PEFT,42,matched_test,,Melanocyte,,,,matched_true_support,0,18831,2252,23067,9856,run/sthelar40x_tonsil_5class_slideind_foldB_lora_adaptformer_r8_a8_red16_heads_e10_seed42/log/2026-08-25T192051_sthelar40x_tonsil_5class_slideind_foldB_lora_adaptformer_r8_a8_red16_heads_e10_seed42/inference_results.json,Type F1 is calculated from paired foreground confusion only
matched_class_metric,Tonsil,B,Tissue-specific Selected PEFT,42,matched_test,,Melanocyte,,,,total_true_support,0,18831,2252,23067,9856,run/sthelar40x_tonsil_5class_slideind_foldB_lora_adaptformer_r8_a8_red16_heads_e10_seed42/log/2026-08-25T192051_sthelar40x_tonsil_5class_slideind_foldB_lora_adaptformer_r8_a8_red16_heads_e10_seed42/inference_results.json,Type F1 is calculated from paired foreground confusion only
matched_class_metric,Tonsil,B,Tissue-specific Selected PEFT,42,matched_test,,Melanocyte,,,,paired_type_F1,nan,18831,2252,23067,9856,run/sthelar40x_tonsil_5class_slideind_foldB_lora_adaptformer_r8_a8_red16_heads_e10_seed42/log/2026-08-25T192051_sthelar40x_tonsil_5class_slideind_foldB_lora_adaptformer_r8_a8_red16_heads_e10_seed42/inference_results.json,Type F1 is calculated from paired foreground confusion only
predicted_class_frequency,Tonsil,B,Tissue-specific Selected PEFT,42,matched_test,,,Melanocyte,0,0,,,18831,2252,23067,9856,run/sthelar40x_tonsil_5class_slideind_foldB_lora_adaptformer_r8_a8_red16_heads_e10_seed42/log/2026-08-25T192051_sthelar40x_tonsil_5class_slideind_foldB_lora_adaptformer_r8_a8_red16_heads_e10_seed42/inference_results.json,Foreground predicted instances; unmatched predictions included
matched_class_metric,Tonsil,B,Tissue-specific Selected PEFT,42,matched_test,,Other,,,,matched_true_support,6239,18831,2252,23067,9856,run/sthelar40x_tonsil_5class_slideind_foldB_lora_adaptformer_r8_a8_red16_heads_e10_seed42/log/2026-08-25T192051_sthelar40x_tonsil_5class_slideind_foldB_lora_adaptformer_r8_a8_red16_heads_e10_seed42/inference_results.json,Type F1 is calculated from paired foreground confusion only
matched_class_metric,Tonsil,B,Tissue-specific Selected PEFT,42,matched_test,,Other,,,,total_true_support,11107,18831,2252,23067,9856,run/sthelar40x_tonsil_5class_slideind_foldB_lora_adaptformer_r8_a8_red16_heads_e10_seed42/log/2026-08-25T192051_sthelar40x_tonsil_5class_slideind_foldB_lora_adaptformer_r8_a8_red16_heads_e10_seed42/inference_results.json,Type F1 is calculated from paired foreground confusion only
matched_class_metric,Tonsil,B,Tissue-specific Selected PEFT,42,matched_test,,Other,,,,paired_type_F1,0.100386100386,18831,2252,23067,9856,run/sthelar40x_tonsil_5class_slideind_foldB_lora_adaptformer_r8_a8_red16_heads_e10_seed42/log/2026-08-25T192051_sthelar40x_tonsil_5class_slideind_foldB_lora_adaptformer_r8_a8_red16_heads_e10_seed42/inference_results.json,Type F1 is calculated from paired foreground confusion only
predicted_class_frequency,Tonsil,B,Tissue-specific Selected PEFT,42,matched_test,,,Other,3504,0.00327321845931,,,18831,2252,23067,9856,run/sthelar40x_tonsil_5class_slideind_foldB_lora_adaptformer_r8_a8_red16_heads_e10_seed42/log/2026-08-25T192051_sthelar40x_tonsil_5class_slideind_foldB_lora_adaptformer_r8_a8_red16_heads_e10_seed42/inference_results.json,Foreground predicted instances; unmatched predictions included
paired_confusion,Tonsil,B,Tissue-specific Selected PEFT,42,matched_test,,Background,Background,8,,,,18831,2252,23067,9856,run/sthelar40x_tonsil_5class_slideind_foldB_lora_adaptformer_r8_a8_red16_heads_e10_seed42/log/2026-08-25T192051_sthelar40x_tonsil_5class_slideind_foldB_lora_adaptformer_r8_a8_red16_heads_e10_seed42/inference_results.json,"Rows=true, columns=predicted; exact matched patch intersection"
paired_confusion,Tonsil,B,Tissue-specific Selected PEFT,42,matched_test,,Background,Immune,0,,,,18831,2252,23067,9856,run/sthelar40x_tonsil_5class_slideind_foldB_lora_adaptformer_r8_a8_red16_heads_e10_seed42/log/2026-08-25T192051_sthelar40x_tonsil_5class_slideind_foldB_lora_adaptformer_r8_a8_red16_heads_e10_seed42/inference_results.json,"Rows=true, columns=predicted; exact matched patch intersection"
paired_confusion,Tonsil,B,Tissue-specific Selected PEFT,42,matched_test,,Background,Stromal,0,,,,18831,2252,23067,9856,run/sthelar40x_tonsil_5class_slideind_foldB_lora_adaptformer_r8_a8_red16_heads_e10_seed42/log/2026-08-25T192051_sthelar40x_tonsil_5class_slideind_foldB_lora_adaptformer_r8_a8_red16_heads_e10_seed42/inference_results.json,"Rows=true, columns=predicted; exact matched patch intersection"
paired_confusion,Tonsil,B,Tissue-specific Selected PEFT,42,matched_test,,Background,Epithelial,0,,,,18831,2252,23067,9856,run/sthelar40x_tonsil_5class_slideind_foldB_lora_adaptformer_r8_a8_red16_heads_e10_seed42/log/2026-08-25T192051_sthelar40x_tonsil_5class_slideind_foldB_lora_adaptformer_r8_a8_red16_heads_e10_seed42/inference_results.json,"Rows=true, columns=predicted; exact matched patch intersection"
paired_confusion,Tonsil,B,Tissue-specific Selected PEFT,42,matched_test,,Background,Melanocyte,0,,,,18831,2252,23067,9856,run/sthelar40x_tonsil_5class_slideind_foldB_lora_adaptformer_r8_a8_red16_heads_e10_seed42/log/2026-08-25T192051_sthelar40x_tonsil_5class_slideind_foldB_lora_adaptformer_r8_a8_red16_heads_e10_seed42/inference_results.json,"Rows=true, columns=predicted; exact matched patch intersection"
paired_confusion,Tonsil,B,Tissue-specific Selected PEFT,42,matched_test,,Background,Other,0,,,,18831,2252,23067,9856,run/sthelar40x_tonsil_5class_slideind_foldB_lora_adaptformer_r8_a8_red16_heads_e10_seed42/log/2026-08-25T192051_sthelar40x_tonsil_5class_slideind_foldB_lora_adaptformer_r8_a8_red16_heads_e10_seed42/inference_results.json,"Rows=true, columns=predicted; exact matched patch intersection"
paired_confusion,Tonsil,B,Tissue-specific Selected PEFT,42,matched_test,,Immune,Background,139,,,,18831,2252,23067,9856,run/sthelar40x_tonsil_5class_slideind_foldB_lora_adaptformer_r8_a8_red16_heads_e10_seed42/log/2026-08-25T192051_sthelar40x_tonsil_5class_slideind_foldB_lora_adaptformer_r8_a8_red16_heads_e10_seed42/inference_results.json,"Rows=true, columns=predicted; exact matched patch intersection"
paired_confusion,Tonsil,B,Tissue-specific Selected PEFT,42,matched_test,,Immune,Immune,601397,,,,18831,2252,23067,9856,run/sthelar40x_tonsil_5class_slideind_foldB_lora_adaptformer_r8_a8_red16_heads_e10_seed42/log/2026-08-25T192051_sthelar40x_tonsil_5class_slideind_foldB_lora_adaptformer_r8_a8_red16_heads_e10_seed42/inference_results.json,"Rows=true, columns=predicted; exact matched patch intersection"
paired_confusion,Tonsil,B,Tissue-specific Selected PEFT,42,matched_test,,Immune,Stromal,52483,,,,18831,2252,23067,9856,run/sthelar40x_tonsil_5class_slideind_foldB_lora_adaptformer_r8_a8_red16_heads_e10_seed42/log/2026-08-25T192051_sthelar40x_tonsil_5class_slideind_foldB_lora_adaptformer_r8_a8_red16_heads_e10_seed42/inference_results.json,"Rows=true, columns=predicted; exact matched patch intersection"
paired_confusion,Tonsil,B,Tissue-specific Selected PEFT,42,matched_test,,Immune,Epithelial,10307,,,,18831,2252,23067,9856,run/sthelar40x_tonsil_5class_slideind_foldB_lora_adaptformer_r8_a8_red16_heads_e10_seed42/log/2026-08-25T192051_sthelar40x_tonsil_5class_slideind_foldB_lora_adaptformer_r8_a8_red16_heads_e10_seed42/inference_results.json,"Rows=true, columns=predicted; exact matched patch intersection"
paired_confusion,Tonsil,B,Tissue-specific Selected PEFT,42,matched_test,,Immune,Melanocyte,0,,,,18831,2252,23067,9856,run/sthelar40x_tonsil_5class_slideind_foldB_lora_adaptformer_r8_a8_red16_heads_e10_seed42/log/2026-08-25T192051_sthelar40x_tonsil_5class_slideind_foldB_lora_adaptformer_r8_a8_red16_heads_e10_seed42/inference_results.json,"Rows=true, columns=predicted; exact matched patch intersection"
paired_confusion,Tonsil,B,Tissue-specific Selected PEFT,42,matched_test,,Immune,Other,959,,,,18831,2252,23067,9856,run/sthelar40x_tonsil_5class_slideind_foldB_lora_adaptformer_r8_a8_red16_heads_e10_seed42/log/2026-08-25T192051_sthelar40x_tonsil_5class_slideind_foldB_lora_adaptformer_r8_a8_red16_heads_e10_seed42/inference_results.json,"Rows=true, columns=predicted; exact matched patch intersection"
paired_confusion,Tonsil,B,Tissue-specific Selected PEFT,42,matched_test,,Stromal,Background,55,,,,18831,2252,23067,9856,run/sthelar40x_tonsil_5class_slideind_foldB_lora_adaptformer_r8_a8_red16_heads_e10_seed42/log/2026-08-25T192051_sthelar40x_tonsil_5class_slideind_foldB_lora_adaptformer_r8_a8_red16_heads_e10_seed42/inference_results.json,"Rows=true, columns=predicted; exact matched patch intersection"
paired_confusion,Tonsil,B,Tissue-specific Selected PEFT,42,matched_test,,Stromal,Immune,96248,,,,18831,2252,23067,9856,run/sthelar40x_tonsil_5class_slideind_foldB_lora_adaptformer_r8_a8_red16_heads_e10_seed42/log/2026-08-25T192051_sthelar40x_tonsil_5class_slideind_foldB_lora_adaptformer_r8_a8_red16_heads_e10_seed42/inference_results.json,"Rows=true, columns=predicted; exact matched patch intersection"
paired_confusion,Tonsil,B,Tissue-specific Selected PEFT,42,matched_test,,Stromal,Stromal,60363,,,,18831,2252,23067,9856,run/sthelar40x_tonsil_5class_slideind_foldB_lora_adaptformer_r8_a8_red16_heads_e10_seed42/log/2026-08-25T192051_sthelar40x_tonsil_5class_slideind_foldB_lora_adaptformer_r8_a8_red16_heads_e10_seed42/inference_results.json,"Rows=true, columns=predicted; exact matched patch intersection"
paired_confusion,Tonsil,B,Tissue-specific Selected PEFT,42,matched_test,,Stromal,Epithelial,653,,,,18831,2252,23067,9856,run/sthelar40x_tonsil_5class_slideind_foldB_lora_adaptformer_r8_a8_red16_heads_e10_seed42/log/2026-08-25T192051_sthelar40x_tonsil_5class_slideind_foldB_lora_adaptformer_r8_a8_red16_heads_e10_seed42/inference_results.json,"Rows=true, columns=predicted; exact matched patch intersection"
paired_confusion,Tonsil,B,Tissue-specific Selected PEFT,42,matched_test,,Stromal,Melanocyte,0,,,,18831,2252,23067,9856,run/sthelar40x_tonsil_5class_slideind_foldB_lora_adaptformer_r8_a8_red16_heads_e10_seed42/log/2026-08-25T192051_sthelar40x_tonsil_5class_slideind_foldB_lora_adaptformer_r8_a8_red16_heads_e10_seed42/inference_results.json,"Rows=true, columns=predicted; exact matched patch intersection"
paired_confusion,Tonsil,B,Tissue-specific Selected PEFT,42,matched_test,,Stromal,Other,650,,,,18831,2252,23067,9856,run/sthelar40x_tonsil_5class_slideind_foldB_lora_adaptformer_r8_a8_red16_heads_e10_seed42/log/2026-08-25T192051_sthelar40x_tonsil_5class_slideind_foldB_lora_adaptformer_r8_a8_red16_heads_e10_seed42/inference_results.json,"Rows=true, columns=predicted; exact matched patch intersection"
paired_confusion,Tonsil,B,Tissue-specific Selected PEFT,42,matched_test,,Epithelial,Background,130,,,,18831,2252,23067,9856,run/sthelar40x_tonsil_5class_slideind_foldB_lora_adaptformer_r8_a8_red16_heads_e10_seed42/log/2026-08-25T192051_sthelar40x_tonsil_5class_slideind_foldB_lora_adaptformer_r8_a8_red16_heads_e10_seed42/inference_results.json,"Rows=true, columns=predicted; exact matched patch intersection"
paired_confusion,Tonsil,B,Tissue-specific Selected PEFT,42,matched_test,,Epithelial,Immune,28396,,,,18831,2252,23067,9856,run/sthelar40x_tonsil_5class_slideind_foldB_lora_adaptformer_r8_a8_red16_heads_e10_seed42/log/2026-08-25T192051_sthelar40x_tonsil_5class_slideind_foldB_lora_adaptformer_r8_a8_red16_heads_e10_seed42/inference_results.json,"Rows=true, columns=predicted; exact matched patch intersection"
paired_confusion,Tonsil,B,Tissue-specific Selected PEFT,42,matched_test,,Epithelial,Stromal,21435,,,,18831,2252,23067,9856,run/sthelar40x_tonsil_5class_slideind_foldB_lora_adaptformer_r8_a8_red16_heads_e10_seed42/log/2026-08-25T192051_sthelar40x_tonsil_5class_slideind_foldB_lora_adaptformer_r8_a8_red16_heads_e10_seed42/inference_results.json,"Rows=true, columns=predicted; exact matched patch intersection"
paired_confusion,Tonsil,B,Tissue-specific Selected PEFT,42,matched_test,,Epithelial,Epithelial,65674,,,,18831,2252,23067,9856,run/sthelar40x_tonsil_5class_slideind_foldB_lora_adaptformer_r8_a8_red16_heads_e10_seed42/log/2026-08-25T192051_sthelar40x_tonsil_5class_slideind_foldB_lora_adaptformer_r8_a8_red16_heads_e10_seed42/inference_results.json,"Rows=true, columns=predicted; exact matched patch intersection"
paired_confusion,Tonsil,B,Tissue-specific Selected PEFT,42,matched_test,,Epithelial,Melanocyte,0,,,,18831,2252,23067,9856,run/sthelar40x_tonsil_5class_slideind_foldB_lora_adaptformer_r8_a8_red16_heads_e10_seed42/log/2026-08-25T192051_sthelar40x_tonsil_5class_slideind_foldB_lora_adaptformer_r8_a8_red16_heads_e10_seed42/inference_results.json,"Rows=true, columns=predicted; exact matched patch intersection"
paired_confusion,Tonsil,B,Tissue-specific Selected PEFT,42,matched_test,,Epithelial,Other,762,,,,18831,2252,23067,9856,run/sthelar40x_tonsil_5class_slideind_foldB_lora_adaptformer_r8_a8_red16_heads_e10_seed42/log/2026-08-25T192051_sthelar40x_tonsil_5class_slideind_foldB_lora_adaptformer_r8_a8_red16_heads_e10_seed42/inference_results.json,"Rows=true, columns=predicted; exact matched patch intersection"
paired_confusion,Tonsil,B,Tissue-specific Selected PEFT,42,matched_test,,Melanocyte,Background,0,,,,18831,2252,23067,9856,run/sthelar40x_tonsil_5class_slideind_foldB_lora_adaptformer_r8_a8_red16_heads_e10_seed42/log/2026-08-25T192051_sthelar40x_tonsil_5class_slideind_foldB_lora_adaptformer_r8_a8_red16_heads_e10_seed42/inference_results.json,"Rows=true, columns=predicted; exact matched patch intersection"
paired_confusion,Tonsil,B,Tissue-specific Selected PEFT,42,matched_test,,Melanocyte,Immune,0,,,,18831,2252,23067,9856,run/sthelar40x_tonsil_5class_slideind_foldB_lora_adaptformer_r8_a8_red16_heads_e10_seed42/log/2026-08-25T192051_sthelar40x_tonsil_5class_slideind_foldB_lora_adaptformer_r8_a8_red16_heads_e10_seed42/inference_results.json,"Rows=true, columns=predicted; exact matched patch intersection"
paired_confusion,Tonsil,B,Tissue-specific Selected PEFT,42,matched_test,,Melanocyte,Stromal,0,,,,18831,2252,23067,9856,run/sthelar40x_tonsil_5class_slideind_foldB_lora_adaptformer_r8_a8_red16_heads_e10_seed42/log/2026-08-25T192051_sthelar40x_tonsil_5class_slideind_foldB_lora_adaptformer_r8_a8_red16_heads_e10_seed42/inference_results.json,"Rows=true, columns=predicted; exact matched patch intersection"
paired_confusion,Tonsil,B,Tissue-specific Selected PEFT,42,matched_test,,Melanocyte,Epithelial,0,,,,18831,2252,23067,9856,run/sthelar40x_tonsil_5class_slideind_foldB_lora_adaptformer_r8_a8_red16_heads_e10_seed42/log/2026-08-25T192051_sthelar40x_tonsil_5class_slideind_foldB_lora_adaptformer_r8_a8_red16_heads_e10_seed42/inference_results.json,"Rows=true, columns=predicted; exact matched patch intersection"
paired_confusion,Tonsil,B,Tissue-specific Selected PEFT,42,matched_test,,Melanocyte,Melanocyte,0,,,,18831,2252,23067,9856,run/sthelar40x_tonsil_5class_slideind_foldB_lora_adaptformer_r8_a8_red16_heads_e10_seed42/log/2026-08-25T192051_sthelar40x_tonsil_5class_slideind_foldB_lora_adaptformer_r8_a8_red16_heads_e10_seed42/inference_results.json,"Rows=true, columns=predicted; exact matched patch intersection"
paired_confusion,Tonsil,B,Tissue-specific Selected PEFT,42,matched_test,,Melanocyte,Other,0,,,,18831,2252,23067,9856,run/sthelar40x_tonsil_5class_slideind_foldB_lora_adaptformer_r8_a8_red16_heads_e10_seed42/log/2026-08-25T192051_sthelar40x_tonsil_5class_slideind_foldB_lora_adaptformer_r8_a8_red16_heads_e10_seed42/inference_results.json,"Rows=true, columns=predicted; exact matched patch intersection"
paired_confusion,Tonsil,B,Tissue-specific Selected PEFT,42,matched_test,,Other,Background,33,,,,18831,2252,23067,9856,run/sthelar40x_tonsil_5class_slideind_foldB_lora_adaptformer_r8_a8_red16_heads_e10_seed42/log/2026-08-25T192051_sthelar40x_tonsil_5class_slideind_foldB_lora_adaptformer_r8_a8_red16_heads_e10_seed42/inference_results.json,"Rows=true, columns=predicted; exact matched patch intersection"
paired_confusion,Tonsil,B,Tissue-specific Selected PEFT,42,matched_test,,Other,Immune,3690,,,,18831,2252,23067,9856,run/sthelar40x_tonsil_5class_slideind_foldB_lora_adaptformer_r8_a8_red16_heads_e10_seed42/log/2026-08-25T192051_sthelar40x_tonsil_5class_slideind_foldB_lora_adaptformer_r8_a8_red16_heads_e10_seed42/inference_results.json,"Rows=true, columns=predicted; exact matched patch intersection"
paired_confusion,Tonsil,B,Tissue-specific Selected PEFT,42,matched_test,,Other,Stromal,1981,,,,18831,2252,23067,9856,run/sthelar40x_tonsil_5class_slideind_foldB_lora_adaptformer_r8_a8_red16_heads_e10_seed42/log/2026-08-25T192051_sthelar40x_tonsil_5class_slideind_foldB_lora_adaptformer_r8_a8_red16_heads_e10_seed42/inference_results.json,"Rows=true, columns=predicted; exact matched patch intersection"
paired_confusion,Tonsil,B,Tissue-specific Selected PEFT,42,matched_test,,Other,Epithelial,113,,,,18831,2252,23067,9856,run/sthelar40x_tonsil_5class_slideind_foldB_lora_adaptformer_r8_a8_red16_heads_e10_seed42/log/2026-08-25T192051_sthelar40x_tonsil_5class_slideind_foldB_lora_adaptformer_r8_a8_red16_heads_e10_seed42/inference_results.json,"Rows=true, columns=predicted; exact matched patch intersection"
paired_confusion,Tonsil,B,Tissue-specific Selected PEFT,42,matched_test,,Other,Melanocyte,0,,,,18831,2252,23067,9856,run/sthelar40x_tonsil_5class_slideind_foldB_lora_adaptformer_r8_a8_red16_heads_e10_seed42/log/2026-08-25T192051_sthelar40x_tonsil_5class_slideind_foldB_lora_adaptformer_r8_a8_red16_heads_e10_seed42/inference_results.json,"Rows=true, columns=predicted; exact matched patch intersection"
paired_confusion,Tonsil,B,Tissue-specific Selected PEFT,42,matched_test,,Other,Other,455,,,,18831,2252,23067,9856,run/sthelar40x_tonsil_5class_slideind_foldB_lora_adaptformer_r8_a8_red16_heads_e10_seed42/log/2026-08-25T192051_sthelar40x_tonsil_5class_slideind_foldB_lora_adaptformer_r8_a8_red16_heads_e10_seed42/inference_results.json,"Rows=true, columns=predicted; exact matched patch intersection"
distribution_shift_summary,Tonsil,B,Tissue-specific Selected PEFT,42,train_to_matched_test,,,,,,total_variation,0.0616205730211,18831,2252,23067,9856,run/sthelar40x_tonsil_5class_slideind_foldB_lora_adaptformer_r8_a8_red16_heads_e10_seed42/log/2026-08-25T192051_sthelar40x_tonsil_5class_slideind_foldB_lora_adaptformer_r8_a8_red16_heads_e10_seed42/inference_results.json,
distribution_shift_summary,Tonsil,B,Tissue-specific Selected PEFT,42,train_to_matched_test,,,,,,jensen_shannon_bits,0.0100944626484,18831,2252,23067,9856,run/sthelar40x_tonsil_5class_slideind_foldB_lora_adaptformer_r8_a8_red16_heads_e10_seed42/log/2026-08-25T192051_sthelar40x_tonsil_5class_slideind_foldB_lora_adaptformer_r8_a8_red16_heads_e10_seed42/inference_results.json,
distribution_shift_class,Tonsil,B,Tissue-specific Selected PEFT,42,train_to_matched_test,,Immune,,,,frequency_delta_test_minus_train,0.041366524369,18831,2252,23067,9856,run/sthelar40x_tonsil_5class_slideind_foldB_lora_adaptformer_r8_a8_red16_heads_e10_seed42/log/2026-08-25T192051_sthelar40x_tonsil_5class_slideind_foldB_lora_adaptformer_r8_a8_red16_heads_e10_seed42/inference_results.json,
distribution_shift_class,Tonsil,B,Tissue-specific Selected PEFT,42,train_to_matched_test,,Immune,,,,train_to_test_frequency_ratio,0.940812057162,18831,2252,23067,9856,run/sthelar40x_tonsil_5class_slideind_foldB_lora_adaptformer_r8_a8_red16_heads_e10_seed42/log/2026-08-25T192051_sthelar40x_tonsil_5class_slideind_foldB_lora_adaptformer_r8_a8_red16_heads_e10_seed42/inference_results.json,
distribution_shift_class,Tonsil,B,Tissue-specific Selected PEFT,42,train_to_matched_test,,Stromal,,,,frequency_delta_test_minus_train,-0.0282471380081,18831,2252,23067,9856,run/sthelar40x_tonsil_5class_slideind_foldB_lora_adaptformer_r8_a8_red16_heads_e10_seed42/log/2026-08-25T192051_sthelar40x_tonsil_5class_slideind_foldB_lora_adaptformer_r8_a8_red16_heads_e10_seed42/inference_results.json,
distribution_shift_class,Tonsil,B,Tissue-specific Selected PEFT,42,train_to_matched_test,,Stromal,,,,train_to_test_frequency_ratio,1.16826725081,18831,2252,23067,9856,run/sthelar40x_tonsil_5class_slideind_foldB_lora_adaptformer_r8_a8_red16_heads_e10_seed42/log/2026-08-25T192051_sthelar40x_tonsil_5class_slideind_foldB_lora_adaptformer_r8_a8_red16_heads_e10_seed42/inference_results.json,
distribution_shift_class,Tonsil,B,Tissue-specific Selected PEFT,42,train_to_matched_test,,Epithelial,,,,frequency_delta_test_minus_train,0.0202540486521,18831,2252,23067,9856,run/sthelar40x_tonsil_5class_slideind_foldB_lora_adaptformer_r8_a8_red16_heads_e10_seed42/log/2026-08-25T192051_sthelar40x_tonsil_5class_slideind_foldB_lora_adaptformer_r8_a8_red16_heads_e10_seed42/inference_results.json,
distribution_shift_class,Tonsil,B,Tissue-specific Selected PEFT,42,train_to_matched_test,,Epithelial,,,,train_to_test_frequency_ratio,0.83592942913,18831,2252,23067,9856,run/sthelar40x_tonsil_5class_slideind_foldB_lora_adaptformer_r8_a8_red16_heads_e10_seed42/log/2026-08-25T192051_sthelar40x_tonsil_5class_slideind_foldB_lora_adaptformer_r8_a8_red16_heads_e10_seed42/inference_results.json,
distribution_shift_class,Tonsil,B,Tissue-specific Selected PEFT,42,train_to_matched_test,,Melanocyte,,,,frequency_delta_test_minus_train,0,18831,2252,23067,9856,run/sthelar40x_tonsil_5class_slideind_foldB_lora_adaptformer_r8_a8_red16_heads_e10_seed42/log/2026-08-25T192051_sthelar40x_tonsil_5class_slideind_foldB_lora_adaptformer_r8_a8_red16_heads_e10_seed42/inference_results.json,
distribution_shift_class,Tonsil,B,Tissue-specific Selected PEFT,42,train_to_matched_test,,Melanocyte,,,,train_to_test_frequency_ratio,nan,18831,2252,23067,9856,run/sthelar40x_tonsil_5class_slideind_foldB_lora_adaptformer_r8_a8_red16_heads_e10_seed42/log/2026-08-25T192051_sthelar40x_tonsil_5class_slideind_foldB_lora_adaptformer_r8_a8_red16_heads_e10_seed42/inference_results.json,
distribution_shift_class,Tonsil,B,Tissue-specific Selected PEFT,42,train_to_matched_test,,Other,,,,frequency_delta_test_minus_train,-0.033373435013,18831,2252,23067,9856,run/sthelar40x_tonsil_5class_slideind_foldB_lora_adaptformer_r8_a8_red16_heads_e10_seed42/log/2026-08-25T192051_sthelar40x_tonsil_5class_slideind_foldB_lora_adaptformer_r8_a8_red16_heads_e10_seed42/inference_results.json,
distribution_shift_class,Tonsil,B,Tissue-specific Selected PEFT,42,train_to_matched_test,,Other,,,,train_to_test_frequency_ratio,4.4120883044,18831,2252,23067,9856,run/sthelar40x_tonsil_5class_slideind_foldB_lora_adaptformer_r8_a8_red16_heads_e10_seed42/log/2026-08-25T192051_sthelar40x_tonsil_5class_slideind_foldB_lora_adaptformer_r8_a8_red16_heads_e10_seed42/inference_results.json,
training_curve,Tonsil,B,Tissue-specific Selected PEFT,42,train,1,,,,,train_loss,8.7114,18831,2252,23067,9856,run/sthelar40x_tonsil_5class_slideind_foldB_lora_adaptformer_r8_a8_red16_heads_e10_seed42/log/2026-08-25T192051_sthelar40x_tonsil_5class_slideind_foldB_lora_adaptformer_r8_a8_red16_heads_e10_seed42/logs.log,Validation curve is descriptive only and is never used as canonical TEST evidence
training_curve,Tonsil,B,Tissue-specific Selected PEFT,42,train,1,,,,,train_Dice,0.6839,18831,2252,23067,9856,run/sthelar40x_tonsil_5class_slideind_foldB_lora_adaptformer_r8_a8_red16_heads_e10_seed42/log/2026-08-25T192051_sthelar40x_tonsil_5class_slideind_foldB_lora_adaptformer_r8_a8_red16_heads_e10_seed42/logs.log,Validation curve is descriptive only and is never used as canonical TEST evidence
training_curve,Tonsil,B,Tissue-specific Selected PEFT,42,train,1,,,,,train_Jaccard,0.551,18831,2252,23067,9856,run/sthelar40x_tonsil_5class_slideind_foldB_lora_adaptformer_r8_a8_red16_heads_e10_seed42/log/2026-08-25T192051_sthelar40x_tonsil_5class_slideind_foldB_lora_adaptformer_r8_a8_red16_heads_e10_seed42/logs.log,Validation curve is descriptive only and is never used as canonical TEST evidence
training_curve,Tonsil,B,Tissue-specific Selected PEFT,42,validation,1,,,,,val_loss,7.4852,18831,2252,23067,9856,run/sthelar40x_tonsil_5class_slideind_foldB_lora_adaptformer_r8_a8_red16_heads_e10_seed42/log/2026-08-25T192051_sthelar40x_tonsil_5class_slideind_foldB_lora_adaptformer_r8_a8_red16_heads_e10_seed42/logs.log,Validation curve is descriptive only and is never used as canonical TEST evidence
training_curve,Tonsil,B,Tissue-specific Selected PEFT,42,validation,1,,,,,val_Dice,0.6508,18831,2252,23067,9856,run/sthelar40x_tonsil_5class_slideind_foldB_lora_adaptformer_r8_a8_red16_heads_e10_seed42/log/2026-08-25T192051_sthelar40x_tonsil_5class_slideind_foldB_lora_adaptformer_r8_a8_red16_heads_e10_seed42/logs.log,Validation curve is descriptive only and is never used as canonical TEST evidence
training_curve,Tonsil,B,Tissue-specific Selected PEFT,42,validation,1,,,,,val_Jaccard,0.5099,18831,2252,23067,9856,run/sthelar40x_tonsil_5class_slideind_foldB_lora_adaptformer_r8_a8_red16_heads_e10_seed42/log/2026-08-25T192051_sthelar40x_tonsil_5class_slideind_foldB_lora_adaptformer_r8_a8_red16_heads_e10_seed42/logs.log,Validation curve is descriptive only and is never used as canonical TEST evidence
training_curve,Tonsil,B,Tissue-specific Selected PEFT,42,validation,1,,,,,val_bPQ,0.2875,18831,2252,23067,9856,run/sthelar40x_tonsil_5class_slideind_foldB_lora_adaptformer_r8_a8_red16_heads_e10_seed42/log/2026-08-25T192051_sthelar40x_tonsil_5class_slideind_foldB_lora_adaptformer_r8_a8_red16_heads_e10_seed42/logs.log,Validation curve is descriptive only and is never used as canonical TEST evidence
training_curve,Tonsil,B,Tissue-specific Selected PEFT,42,validation,1,,,,,val_mPQ,0.1563,18831,2252,23067,9856,run/sthelar40x_tonsil_5class_slideind_foldB_lora_adaptformer_r8_a8_red16_heads_e10_seed42/log/2026-08-25T192051_sthelar40x_tonsil_5class_slideind_foldB_lora_adaptformer_r8_a8_red16_heads_e10_seed42/logs.log,Validation curve is descriptive only and is never used as canonical TEST evidence
training_curve,Tonsil,B,Tissue-specific Selected PEFT,42,train,2,,,,,train_loss,6.7595,18831,2252,23067,9856,run/sthelar40x_tonsil_5class_slideind_foldB_lora_adaptformer_r8_a8_red16_heads_e10_seed42/log/2026-08-25T192051_sthelar40x_tonsil_5class_slideind_foldB_lora_adaptformer_r8_a8_red16_heads_e10_seed42/logs.log,Validation curve is descriptive only and is never used as canonical TEST evidence
training_curve,Tonsil,B,Tissue-specific Selected PEFT,42,train,2,,,,,train_Dice,0.6891,18831,2252,23067,9856,run/sthelar40x_tonsil_5class_slideind_foldB_lora_adaptformer_r8_a8_red16_heads_e10_seed42/log/2026-08-25T192051_sthelar40x_tonsil_5class_slideind_foldB_lora_adaptformer_r8_a8_red16_heads_e10_seed42/logs.log,Validation curve is descriptive only and is never used as canonical TEST evidence
training_curve,Tonsil,B,Tissue-specific Selected PEFT,42,train,2,,,,,train_Jaccard,0.5535,18831,2252,23067,9856,run/sthelar40x_tonsil_5class_slideind_foldB_lora_adaptformer_r8_a8_red16_heads_e10_seed42/log/2026-08-25T192051_sthelar40x_tonsil_5class_slideind_foldB_lora_adaptformer_r8_a8_red16_heads_e10_seed42/logs.log,Validation curve is descriptive only and is never used as canonical TEST evidence
training_curve,Tonsil,B,Tissue-specific Selected PEFT,42,validation,2,,,,,val_loss,6.8785,18831,2252,23067,9856,run/sthelar40x_tonsil_5class_slideind_foldB_lora_adaptformer_r8_a8_red16_heads_e10_seed42/log/2026-08-25T192051_sthelar40x_tonsil_5class_slideind_foldB_lora_adaptformer_r8_a8_red16_heads_e10_seed42/logs.log,Validation curve is descriptive only and is never used as canonical TEST evidence
training_curve,Tonsil,B,Tissue-specific Selected PEFT,42,validation,2,,,,,val_Dice,0.659,18831,2252,23067,9856,run/sthelar40x_tonsil_5class_slideind_foldB_lora_adaptformer_r8_a8_red16_heads_e10_seed42/log/2026-08-25T192051_sthelar40x_tonsil_5class_slideind_foldB_lora_adaptformer_r8_a8_red16_heads_e10_seed42/logs.log,Validation curve is descriptive only and is never used as canonical TEST evidence
training_curve,Tonsil,B,Tissue-specific Selected PEFT,42,validation,2,,,,,val_Jaccard,0.5212,18831,2252,23067,9856,run/sthelar40x_tonsil_5class_slideind_foldB_lora_adaptformer_r8_a8_red16_heads_e10_seed42/log/2026-08-25T192051_sthelar40x_tonsil_5class_slideind_foldB_lora_adaptformer_r8_a8_red16_heads_e10_seed42/logs.log,Validation curve is descriptive only and is never used as canonical TEST evidence
training_curve,Tonsil,B,Tissue-specific Selected PEFT,42,validation,2,,,,,val_bPQ,0.3228,18831,2252,23067,9856,run/sthelar40x_tonsil_5class_slideind_foldB_lora_adaptformer_r8_a8_red16_heads_e10_seed42/log/2026-08-25T192051_sthelar40x_tonsil_5class_slideind_foldB_lora_adaptformer_r8_a8_red16_heads_e10_seed42/logs.log,Validation curve is descriptive only and is never used as canonical TEST evidence
training_curve,Tonsil,B,Tissue-specific Selected PEFT,42,validation,2,,,,,val_mPQ,0.1787,18831,2252,23067,9856,run/sthelar40x_tonsil_5class_slideind_foldB_lora_adaptformer_r8_a8_red16_heads_e10_seed42/log/2026-08-25T192051_sthelar40x_tonsil_5class_slideind_foldB_lora_adaptformer_r8_a8_red16_heads_e10_seed42/logs.log,Validation curve is descriptive only and is never used as canonical TEST evidence
training_curve,Tonsil,B,Tissue-specific Selected PEFT,42,train,3,,,,,train_loss,6.2855,18831,2252,23067,9856,run/sthelar40x_tonsil_5class_slideind_foldB_lora_adaptformer_r8_a8_red16_heads_e10_seed42/log/2026-08-25T192051_sthelar40x_tonsil_5class_slideind_foldB_lora_adaptformer_r8_a8_red16_heads_e10_seed42/logs.log,Validation curve is descriptive only and is never used as canonical TEST evidence
training_curve,Tonsil,B,Tissue-specific Selected PEFT,42,train,3,,,,,train_Dice,0.7123,18831,2252,23067,9856,run/sthelar40x_tonsil_5class_slideind_foldB_lora_adaptformer_r8_a8_red16_heads_e10_seed42/log/2026-08-25T192051_sthelar40x_tonsil_5class_slideind_foldB_lora_adaptformer_r8_a8_red16_heads_e10_seed42/logs.log,Validation curve is descriptive only and is never used as canonical TEST evidence
training_curve,Tonsil,B,Tissue-specific Selected PEFT,42,train,3,,,,,train_Jaccard,0.5841,18831,2252,23067,9856,run/sthelar40x_tonsil_5class_slideind_foldB_lora_adaptformer_r8_a8_red16_heads_e10_seed42/log/2026-08-25T192051_sthelar40x_tonsil_5class_slideind_foldB_lora_adaptformer_r8_a8_red16_heads_e10_seed42/logs.log,Validation curve is descriptive only and is never used as canonical TEST evidence
training_curve,Tonsil,B,Tissue-specific Selected PEFT,42,validation,3,,,,,val_loss,6.6773,18831,2252,23067,9856,run/sthelar40x_tonsil_5class_slideind_foldB_lora_adaptformer_r8_a8_red16_heads_e10_seed42/log/2026-08-25T192051_sthelar40x_tonsil_5class_slideind_foldB_lora_adaptformer_r8_a8_red16_heads_e10_seed42/logs.log,Validation curve is descriptive only and is never used as canonical TEST evidence
training_curve,Tonsil,B,Tissue-specific Selected PEFT,42,validation,3,,,,,val_Dice,0.6462,18831,2252,23067,9856,run/sthelar40x_tonsil_5class_slideind_foldB_lora_adaptformer_r8_a8_red16_heads_e10_seed42/log/2026-08-25T192051_sthelar40x_tonsil_5class_slideind_foldB_lora_adaptformer_r8_a8_red16_heads_e10_seed42/logs.log,Validation curve is descriptive only and is never used as canonical TEST evidence
training_curve,Tonsil,B,Tissue-specific Selected PEFT,42,validation,3,,,,,val_Jaccard,0.5075,18831,2252,23067,9856,run/sthelar40x_tonsil_5class_slideind_foldB_lora_adaptformer_r8_a8_red16_heads_e10_seed42/log/2026-08-25T192051_sthelar40x_tonsil_5class_slideind_foldB_lora_adaptformer_r8_a8_red16_heads_e10_seed42/logs.log,Validation curve is descriptive only and is never used as canonical TEST evidence
training_curve,Tonsil,B,Tissue-specific Selected PEFT,42,validation,3,,,,,val_bPQ,0.3097,18831,2252,23067,9856,run/sthelar40x_tonsil_5class_slideind_foldB_lora_adaptformer_r8_a8_red16_heads_e10_seed42/log/2026-08-25T192051_sthelar40x_tonsil_5class_slideind_foldB_lora_adaptformer_r8_a8_red16_heads_e10_seed42/logs.log,Validation curve is descriptive only and is never used as canonical TEST evidence
training_curve,Tonsil,B,Tissue-specific Selected PEFT,42,validation,3,,,,,val_mPQ,0.1755,18831,2252,23067,9856,run/sthelar40x_tonsil_5class_slideind_foldB_lora_adaptformer_r8_a8_red16_heads_e10_seed42/log/2026-08-25T192051_sthelar40x_tonsil_5class_slideind_foldB_lora_adaptformer_r8_a8_red16_heads_e10_seed42/logs.log,Validation curve is descriptive only and is never used as canonical TEST evidence
training_curve,Tonsil,B,Tissue-specific Selected PEFT,42,train,4,,,,,train_loss,6.108,18831,2252,23067,9856,run/sthelar40x_tonsil_5class_slideind_foldB_lora_adaptformer_r8_a8_red16_heads_e10_seed42/log/2026-08-25T192051_sthelar40x_tonsil_5class_slideind_foldB_lora_adaptformer_r8_a8_red16_heads_e10_seed42/logs.log,Validation curve is descriptive only and is never used as canonical TEST evidence
training_curve,Tonsil,B,Tissue-specific Selected PEFT,42,train,4,,,,,train_Dice,0.7189,18831,2252,23067,9856,run/sthelar40x_tonsil_5class_slideind_foldB_lora_adaptformer_r8_a8_red16_heads_e10_seed42/log/2026-08-25T192051_sthelar40x_tonsil_5class_slideind_foldB_lora_adaptformer_r8_a8_red16_heads_e10_seed42/logs.log,Validation curve is descriptive only and is never used as canonical TEST evidence
training_curve,Tonsil,B,Tissue-specific Selected PEFT,42,train,4,,,,,train_Jaccard,0.5944,18831,2252,23067,9856,run/sthelar40x_tonsil_5class_slideind_foldB_lora_adaptformer_r8_a8_red16_heads_e10_seed42/log/2026-08-25T192051_sthelar40x_tonsil_5class_slideind_foldB_lora_adaptformer_r8_a8_red16_heads_e10_seed42/logs.log,Validation curve is descriptive only and is never used as canonical TEST evidence
training_curve,Tonsil,B,Tissue-specific Selected PEFT,42,validation,4,,,,,val_loss,6.5464,18831,2252,23067,9856,run/sthelar40x_tonsil_5class_slideind_foldB_lora_adaptformer_r8_a8_red16_heads_e10_seed42/log/2026-08-25T192051_sthelar40x_tonsil_5class_slideind_foldB_lora_adaptformer_r8_a8_red16_heads_e10_seed42/logs.log,Validation curve is descriptive only and is never used as canonical TEST evidence
training_curve,Tonsil,B,Tissue-specific Selected PEFT,42,validation,4,,,,,val_Dice,0.6536,18831,2252,23067,9856,run/sthelar40x_tonsil_5class_slideind_foldB_lora_adaptformer_r8_a8_red16_heads_e10_seed42/log/2026-08-25T192051_sthelar40x_tonsil_5class_slideind_foldB_lora_adaptformer_r8_a8_red16_heads_e10_seed42/logs.log,Validation curve is descriptive only and is never used as canonical TEST evidence
training_curve,Tonsil,B,Tissue-specific Selected PEFT,42,validation,4,,,,,val_Jaccard,0.5171,18831,2252,23067,9856,run/sthelar40x_tonsil_5class_slideind_foldB_lora_adaptformer_r8_a8_red16_heads_e10_seed42/log/2026-08-25T192051_sthelar40x_tonsil_5class_slideind_foldB_lora_adaptformer_r8_a8_red16_heads_e10_seed42/logs.log,Validation curve is descriptive only and is never used as canonical TEST evidence
training_curve,Tonsil,B,Tissue-specific Selected PEFT,42,validation,4,,,,,val_bPQ,0.3274,18831,2252,23067,9856,run/sthelar40x_tonsil_5class_slideind_foldB_lora_adaptformer_r8_a8_red16_heads_e10_seed42/log/2026-08-25T192051_sthelar40x_tonsil_5class_slideind_foldB_lora_adaptformer_r8_a8_red16_heads_e10_seed42/logs.log,Validation curve is descriptive only and is never used as canonical TEST evidence
training_curve,Tonsil,B,Tissue-specific Selected PEFT,42,validation,4,,,,,val_mPQ,0.1843,18831,2252,23067,9856,run/sthelar40x_tonsil_5class_slideind_foldB_lora_adaptformer_r8_a8_red16_heads_e10_seed42/log/2026-08-25T192051_sthelar40x_tonsil_5class_slideind_foldB_lora_adaptformer_r8_a8_red16_heads_e10_seed42/logs.log,Validation curve is descriptive only and is never used as canonical TEST evidence
training_curve,Tonsil,B,Tissue-specific Selected PEFT,42,train,5,,,,,train_loss,5.7408,18831,2252,23067,9856,run/sthelar40x_tonsil_5class_slideind_foldB_lora_adaptformer_r8_a8_red16_heads_e10_seed42/log/2026-08-25T192051_sthelar40x_tonsil_5class_slideind_foldB_lora_adaptformer_r8_a8_red16_heads_e10_seed42/logs.log,Validation curve is descriptive only and is never used as canonical TEST evidence
training_curve,Tonsil,B,Tissue-specific Selected PEFT,42,train,5,,,,,train_Dice,0.717,18831,2252,23067,9856,run/sthelar40x_tonsil_5class_slideind_foldB_lora_adaptformer_r8_a8_red16_heads_e10_seed42/log/2026-08-25T192051_sthelar40x_tonsil_5class_slideind_foldB_lora_adaptformer_r8_a8_red16_heads_e10_seed42/logs.log,Validation curve is descriptive only and is never used as canonical TEST evidence
training_curve,Tonsil,B,Tissue-specific Selected PEFT,42,train,5,,,,,train_Jaccard,0.5932,18831,2252,23067,9856,run/sthelar40x_tonsil_5class_slideind_foldB_lora_adaptformer_r8_a8_red16_heads_e10_seed42/log/2026-08-25T192051_sthelar40x_tonsil_5class_slideind_foldB_lora_adaptformer_r8_a8_red16_heads_e10_seed42/logs.log,Validation curve is descriptive only and is never used as canonical TEST evidence
training_curve,Tonsil,B,Tissue-specific Selected PEFT,42,validation,5,,,,,val_loss,5.957,18831,2252,23067,9856,run/sthelar40x_tonsil_5class_slideind_foldB_lora_adaptformer_r8_a8_red16_heads_e10_seed42/log/2026-08-25T192051_sthelar40x_tonsil_5class_slideind_foldB_lora_adaptformer_r8_a8_red16_heads_e10_seed42/logs.log,Validation curve is descriptive only and is never used as canonical TEST evidence
training_curve,Tonsil,B,Tissue-specific Selected PEFT,42,validation,5,,,,,val_Dice,0.6691,18831,2252,23067,9856,run/sthelar40x_tonsil_5class_slideind_foldB_lora_adaptformer_r8_a8_red16_heads_e10_seed42/log/2026-08-25T192051_sthelar40x_tonsil_5class_slideind_foldB_lora_adaptformer_r8_a8_red16_heads_e10_seed42/logs.log,Validation curve is descriptive only and is never used as canonical TEST evidence
training_curve,Tonsil,B,Tissue-specific Selected PEFT,42,validation,5,,,,,val_Jaccard,0.5341,18831,2252,23067,9856,run/sthelar40x_tonsil_5class_slideind_foldB_lora_adaptformer_r8_a8_red16_heads_e10_seed42/log/2026-08-25T192051_sthelar40x_tonsil_5class_slideind_foldB_lora_adaptformer_r8_a8_red16_heads_e10_seed42/logs.log,Validation curve is descriptive only and is never used as canonical TEST evidence
training_curve,Tonsil,B,Tissue-specific Selected PEFT,42,validation,5,,,,,val_bPQ,0.3391,18831,2252,23067,9856,run/sthelar40x_tonsil_5class_slideind_foldB_lora_adaptformer_r8_a8_red16_heads_e10_seed42/log/2026-08-25T192051_sthelar40x_tonsil_5class_slideind_foldB_lora_adaptformer_r8_a8_red16_heads_e10_seed42/logs.log,Validation curve is descriptive only and is never used as canonical TEST evidence
training_curve,Tonsil,B,Tissue-specific Selected PEFT,42,validation,5,,,,,val_mPQ,0.1955,18831,2252,23067,9856,run/sthelar40x_tonsil_5class_slideind_foldB_lora_adaptformer_r8_a8_red16_heads_e10_seed42/log/2026-08-25T192051_sthelar40x_tonsil_5class_slideind_foldB_lora_adaptformer_r8_a8_red16_heads_e10_seed42/logs.log,Validation curve is descriptive only and is never used as canonical TEST evidence
training_curve,Tonsil,B,Tissue-specific Selected PEFT,42,train,6,,,,,train_loss,5.1082,18831,2252,23067,9856,run/sthelar40x_tonsil_5class_slideind_foldB_lora_adaptformer_r8_a8_red16_heads_e10_seed42/log/2026-08-25T192051_sthelar40x_tonsil_5class_slideind_foldB_lora_adaptformer_r8_a8_red16_heads_e10_seed42/logs.log,Validation curve is descriptive only and is never used as canonical TEST evidence
training_curve,Tonsil,B,Tissue-specific Selected PEFT,42,train,6,,,,,train_Dice,0.7205,18831,2252,23067,9856,run/sthelar40x_tonsil_5class_slideind_foldB_lora_adaptformer_r8_a8_red16_heads_e10_seed42/log/2026-08-25T192051_sthelar40x_tonsil_5class_slideind_foldB_lora_adaptformer_r8_a8_red16_heads_e10_seed42/logs.log,Validation curve is descriptive only and is never used as canonical TEST evidence
training_curve,Tonsil,B,Tissue-specific Selected PEFT,42,train,6,,,,,train_Jaccard,0.5976,18831,2252,23067,9856,run/sthelar40x_tonsil_5class_slideind_foldB_lora_adaptformer_r8_a8_red16_heads_e10_seed42/log/2026-08-25T192051_sthelar40x_tonsil_5class_slideind_foldB_lora_adaptformer_r8_a8_red16_heads_e10_seed42/logs.log,Validation curve is descriptive only and is never used as canonical TEST evidence
training_curve,Tonsil,B,Tissue-specific Selected PEFT,42,validation,6,,,,,val_loss,5.5823,18831,2252,23067,9856,run/sthelar40x_tonsil_5class_slideind_foldB_lora_adaptformer_r8_a8_red16_heads_e10_seed42/log/2026-08-25T192051_sthelar40x_tonsil_5class_slideind_foldB_lora_adaptformer_r8_a8_red16_heads_e10_seed42/logs.log,Validation curve is descriptive only and is never used as canonical TEST evidence
training_curve,Tonsil,B,Tissue-specific Selected PEFT,42,validation,6,,,,,val_Dice,0.6738,18831,2252,23067,9856,run/sthelar40x_tonsil_5class_slideind_foldB_lora_adaptformer_r8_a8_red16_heads_e10_seed42/log/2026-08-25T192051_sthelar40x_tonsil_5class_slideind_foldB_lora_adaptformer_r8_a8_red16_heads_e10_seed42/logs.log,Validation curve is descriptive only and is never used as canonical TEST evidence
training_curve,Tonsil,B,Tissue-specific Selected PEFT,42,validation,6,,,,,val_Jaccard,0.5401,18831,2252,23067,9856,run/sthelar40x_tonsil_5class_slideind_foldB_lora_adaptformer_r8_a8_red16_heads_e10_seed42/log/2026-08-25T192051_sthelar40x_tonsil_5class_slideind_foldB_lora_adaptformer_r8_a8_red16_heads_e10_seed42/logs.log,Validation curve is descriptive only and is never used as canonical TEST evidence
training_curve,Tonsil,B,Tissue-specific Selected PEFT,42,validation,6,,,,,val_bPQ,0.3512,18831,2252,23067,9856,run/sthelar40x_tonsil_5class_slideind_foldB_lora_adaptformer_r8_a8_red16_heads_e10_seed42/log/2026-08-25T192051_sthelar40x_tonsil_5class_slideind_foldB_lora_adaptformer_r8_a8_red16_heads_e10_seed42/logs.log,Validation curve is descriptive only and is never used as canonical TEST evidence
training_curve,Tonsil,B,Tissue-specific Selected PEFT,42,validation,6,,,,,val_mPQ,0.199,18831,2252,23067,9856,run/sthelar40x_tonsil_5class_slideind_foldB_lora_adaptformer_r8_a8_red16_heads_e10_seed42/log/2026-08-25T192051_sthelar40x_tonsil_5class_slideind_foldB_lora_adaptformer_r8_a8_red16_heads_e10_seed42/logs.log,Validation curve is descriptive only and is never used as canonical TEST evidence
training_curve,Tonsil,B,Tissue-specific Selected PEFT,42,train,7,,,,,train_loss,4.9218,18831,2252,23067,9856,run/sthelar40x_tonsil_5class_slideind_foldB_lora_adaptformer_r8_a8_red16_heads_e10_seed42/log/2026-08-25T192051_sthelar40x_tonsil_5class_slideind_foldB_lora_adaptformer_r8_a8_red16_heads_e10_seed42/logs.log,Validation curve is descriptive only and is never used as canonical TEST evidence
training_curve,Tonsil,B,Tissue-specific Selected PEFT,42,train,7,,,,,train_Dice,0.7208,18831,2252,23067,9856,run/sthelar40x_tonsil_5class_slideind_foldB_lora_adaptformer_r8_a8_red16_heads_e10_seed42/log/2026-08-25T192051_sthelar40x_tonsil_5class_slideind_foldB_lora_adaptformer_r8_a8_red16_heads_e10_seed42/logs.log,Validation curve is descriptive only and is never used as canonical TEST evidence
training_curve,Tonsil,B,Tissue-specific Selected PEFT,42,train,7,,,,,train_Jaccard,0.5979,18831,2252,23067,9856,run/sthelar40x_tonsil_5class_slideind_foldB_lora_adaptformer_r8_a8_red16_heads_e10_seed42/log/2026-08-25T192051_sthelar40x_tonsil_5class_slideind_foldB_lora_adaptformer_r8_a8_red16_heads_e10_seed42/logs.log,Validation curve is descriptive only and is never used as canonical TEST evidence
training_curve,Tonsil,B,Tissue-specific Selected PEFT,42,validation,7,,,,,val_loss,5.4401,18831,2252,23067,9856,run/sthelar40x_tonsil_5class_slideind_foldB_lora_adaptformer_r8_a8_red16_heads_e10_seed42/log/2026-08-25T192051_sthelar40x_tonsil_5class_slideind_foldB_lora_adaptformer_r8_a8_red16_heads_e10_seed42/logs.log,Validation curve is descriptive only and is never used as canonical TEST evidence
training_curve,Tonsil,B,Tissue-specific Selected PEFT,42,validation,7,,,,,val_Dice,0.6762,18831,2252,23067,9856,run/sthelar40x_tonsil_5class_slideind_foldB_lora_adaptformer_r8_a8_red16_heads_e10_seed42/log/2026-08-25T192051_sthelar40x_tonsil_5class_slideind_foldB_lora_adaptformer_r8_a8_red16_heads_e10_seed42/logs.log,Validation curve is descriptive only and is never used as canonical TEST evidence
training_curve,Tonsil,B,Tissue-specific Selected PEFT,42,validation,7,,,,,val_Jaccard,0.5414,18831,2252,23067,9856,run/sthelar40x_tonsil_5class_slideind_foldB_lora_adaptformer_r8_a8_red16_heads_e10_seed42/log/2026-08-25T192051_sthelar40x_tonsil_5class_slideind_foldB_lora_adaptformer_r8_a8_red16_heads_e10_seed42/logs.log,Validation curve is descriptive only and is never used as canonical TEST evidence
training_curve,Tonsil,B,Tissue-specific Selected PEFT,42,validation,7,,,,,val_bPQ,0.3444,18831,2252,23067,9856,run/sthelar40x_tonsil_5class_slideind_foldB_lora_adaptformer_r8_a8_red16_heads_e10_seed42/log/2026-08-25T192051_sthelar40x_tonsil_5class_slideind_foldB_lora_adaptformer_r8_a8_red16_heads_e10_seed42/logs.log,Validation curve is descriptive only and is never used as canonical TEST evidence
training_curve,Tonsil,B,Tissue-specific Selected PEFT,42,validation,7,,,,,val_mPQ,0.2028,18831,2252,23067,9856,run/sthelar40x_tonsil_5class_slideind_foldB_lora_adaptformer_r8_a8_red16_heads_e10_seed42/log/2026-08-25T192051_sthelar40x_tonsil_5class_slideind_foldB_lora_adaptformer_r8_a8_red16_heads_e10_seed42/logs.log,Validation curve is descriptive only and is never used as canonical TEST evidence
training_curve,Tonsil,B,Tissue-specific Selected PEFT,42,train,8,,,,,train_loss,4.8297,18831,2252,23067,9856,run/sthelar40x_tonsil_5class_slideind_foldB_lora_adaptformer_r8_a8_red16_heads_e10_seed42/log/2026-08-25T192051_sthelar40x_tonsil_5class_slideind_foldB_lora_adaptformer_r8_a8_red16_heads_e10_seed42/logs.log,Validation curve is descriptive only and is never used as canonical TEST evidence
training_curve,Tonsil,B,Tissue-specific Selected PEFT,42,train,8,,,,,train_Dice,0.7266,18831,2252,23067,9856,run/sthelar40x_tonsil_5class_slideind_foldB_lora_adaptformer_r8_a8_red16_heads_e10_seed42/log/2026-08-25T192051_sthelar40x_tonsil_5class_slideind_foldB_lora_adaptformer_r8_a8_red16_heads_e10_seed42/logs.log,Validation curve is descriptive only and is never used as canonical TEST evidence
training_curve,Tonsil,B,Tissue-specific Selected PEFT,42,train,8,,,,,train_Jaccard,0.6036,18831,2252,23067,9856,run/sthelar40x_tonsil_5class_slideind_foldB_lora_adaptformer_r8_a8_red16_heads_e10_seed42/log/2026-08-25T192051_sthelar40x_tonsil_5class_slideind_foldB_lora_adaptformer_r8_a8_red16_heads_e10_seed42/logs.log,Validation curve is descriptive only and is never used as canonical TEST evidence
training_curve,Tonsil,B,Tissue-specific Selected PEFT,42,validation,8,,,,,val_loss,5.3549,18831,2252,23067,9856,run/sthelar40x_tonsil_5class_slideind_foldB_lora_adaptformer_r8_a8_red16_heads_e10_seed42/log/2026-08-25T192051_sthelar40x_tonsil_5class_slideind_foldB_lora_adaptformer_r8_a8_red16_heads_e10_seed42/logs.log,Validation curve is descriptive only and is never used as canonical TEST evidence
training_curve,Tonsil,B,Tissue-specific Selected PEFT,42,validation,8,,,,,val_Dice,0.6645,18831,2252,23067,9856,run/sthelar40x_tonsil_5class_slideind_foldB_lora_adaptformer_r8_a8_red16_heads_e10_seed42/log/2026-08-25T192051_sthelar40x_tonsil_5class_slideind_foldB_lora_adaptformer_r8_a8_red16_heads_e10_seed42/logs.log,Validation curve is descriptive only and is never used as canonical TEST evidence
training_curve,Tonsil,B,Tissue-specific Selected PEFT,42,validation,8,,,,,val_Jaccard,0.5297,18831,2252,23067,9856,run/sthelar40x_tonsil_5class_slideind_foldB_lora_adaptformer_r8_a8_red16_heads_e10_seed42/log/2026-08-25T192051_sthelar40x_tonsil_5class_slideind_foldB_lora_adaptformer_r8_a8_red16_heads_e10_seed42/logs.log,Validation curve is descriptive only and is never used as canonical TEST evidence
training_curve,Tonsil,B,Tissue-specific Selected PEFT,42,validation,8,,,,,val_bPQ,0.3382,18831,2252,23067,9856,run/sthelar40x_tonsil_5class_slideind_foldB_lora_adaptformer_r8_a8_red16_heads_e10_seed42/log/2026-08-25T192051_sthelar40x_tonsil_5class_slideind_foldB_lora_adaptformer_r8_a8_red16_heads_e10_seed42/logs.log,Validation curve is descriptive only and is never used as canonical TEST evidence
training_curve,Tonsil,B,Tissue-specific Selected PEFT,42,validation,8,,,,,val_mPQ,0.2014,18831,2252,23067,9856,run/sthelar40x_tonsil_5class_slideind_foldB_lora_adaptformer_r8_a8_red16_heads_e10_seed42/log/2026-08-25T192051_sthelar40x_tonsil_5class_slideind_foldB_lora_adaptformer_r8_a8_red16_heads_e10_seed42/logs.log,Validation curve is descriptive only and is never used as canonical TEST evidence
training_curve,Tonsil,B,Tissue-specific Selected PEFT,42,train,9,,,,,train_loss,4.763,18831,2252,23067,9856,run/sthelar40x_tonsil_5class_slideind_foldB_lora_adaptformer_r8_a8_red16_heads_e10_seed42/log/2026-08-25T192051_sthelar40x_tonsil_5class_slideind_foldB_lora_adaptformer_r8_a8_red16_heads_e10_seed42/logs.log,Validation curve is descriptive only and is never used as canonical TEST evidence
training_curve,Tonsil,B,Tissue-specific Selected PEFT,42,train,9,,,,,train_Dice,0.725,18831,2252,23067,9856,run/sthelar40x_tonsil_5class_slideind_foldB_lora_adaptformer_r8_a8_red16_heads_e10_seed42/log/2026-08-25T192051_sthelar40x_tonsil_5class_slideind_foldB_lora_adaptformer_r8_a8_red16_heads_e10_seed42/logs.log,Validation curve is descriptive only and is never used as canonical TEST evidence
training_curve,Tonsil,B,Tissue-specific Selected PEFT,42,train,9,,,,,train_Jaccard,0.603,18831,2252,23067,9856,run/sthelar40x_tonsil_5class_slideind_foldB_lora_adaptformer_r8_a8_red16_heads_e10_seed42/log/2026-08-25T192051_sthelar40x_tonsil_5class_slideind_foldB_lora_adaptformer_r8_a8_red16_heads_e10_seed42/logs.log,Validation curve is descriptive only and is never used as canonical TEST evidence
training_curve,Tonsil,B,Tissue-specific Selected PEFT,42,validation,9,,,,,val_loss,5.3511,18831,2252,23067,9856,run/sthelar40x_tonsil_5class_slideind_foldB_lora_adaptformer_r8_a8_red16_heads_e10_seed42/log/2026-08-25T192051_sthelar40x_tonsil_5class_slideind_foldB_lora_adaptformer_r8_a8_red16_heads_e10_seed42/logs.log,Validation curve is descriptive only and is never used as canonical TEST evidence
training_curve,Tonsil,B,Tissue-specific Selected PEFT,42,validation,9,,,,,val_Dice,0.6683,18831,2252,23067,9856,run/sthelar40x_tonsil_5class_slideind_foldB_lora_adaptformer_r8_a8_red16_heads_e10_seed42/log/2026-08-25T192051_sthelar40x_tonsil_5class_slideind_foldB_lora_adaptformer_r8_a8_red16_heads_e10_seed42/logs.log,Validation curve is descriptive only and is never used as canonical TEST evidence
training_curve,Tonsil,B,Tissue-specific Selected PEFT,42,validation,9,,,,,val_Jaccard,0.5324,18831,2252,23067,9856,run/sthelar40x_tonsil_5class_slideind_foldB_lora_adaptformer_r8_a8_red16_heads_e10_seed42/log/2026-08-25T192051_sthelar40x_tonsil_5class_slideind_foldB_lora_adaptformer_r8_a8_red16_heads_e10_seed42/logs.log,Validation curve is descriptive only and is never used as canonical TEST evidence
training_curve,Tonsil,B,Tissue-specific Selected PEFT,42,validation,9,,,,,val_bPQ,0.3365,18831,2252,23067,9856,run/sthelar40x_tonsil_5class_slideind_foldB_lora_adaptformer_r8_a8_red16_heads_e10_seed42/log/2026-08-25T192051_sthelar40x_tonsil_5class_slideind_foldB_lora_adaptformer_r8_a8_red16_heads_e10_seed42/logs.log,Validation curve is descriptive only and is never used as canonical TEST evidence
training_curve,Tonsil,B,Tissue-specific Selected PEFT,42,validation,9,,,,,val_mPQ,0.2001,18831,2252,23067,9856,run/sthelar40x_tonsil_5class_slideind_foldB_lora_adaptformer_r8_a8_red16_heads_e10_seed42/log/2026-08-25T192051_sthelar40x_tonsil_5class_slideind_foldB_lora_adaptformer_r8_a8_red16_heads_e10_seed42/logs.log,Validation curve is descriptive only and is never used as canonical TEST evidence
training_curve,Tonsil,B,Tissue-specific Selected PEFT,42,train,10,,,,,train_loss,4.7351,18831,2252,23067,9856,run/sthelar40x_tonsil_5class_slideind_foldB_lora_adaptformer_r8_a8_red16_heads_e10_seed42/log/2026-08-25T192051_sthelar40x_tonsil_5class_slideind_foldB_lora_adaptformer_r8_a8_red16_heads_e10_seed42/logs.log,Validation curve is descriptive only and is never used as canonical TEST evidence
training_curve,Tonsil,B,Tissue-specific Selected PEFT,42,train,10,,,,,train_Dice,0.7275,18831,2252,23067,9856,run/sthelar40x_tonsil_5class_slideind_foldB_lora_adaptformer_r8_a8_red16_heads_e10_seed42/log/2026-08-25T192051_sthelar40x_tonsil_5class_slideind_foldB_lora_adaptformer_r8_a8_red16_heads_e10_seed42/logs.log,Validation curve is descriptive only and is never used as canonical TEST evidence
training_curve,Tonsil,B,Tissue-specific Selected PEFT,42,train,10,,,,,train_Jaccard,0.6058,18831,2252,23067,9856,run/sthelar40x_tonsil_5class_slideind_foldB_lora_adaptformer_r8_a8_red16_heads_e10_seed42/log/2026-08-25T192051_sthelar40x_tonsil_5class_slideind_foldB_lora_adaptformer_r8_a8_red16_heads_e10_seed42/logs.log,Validation curve is descriptive only and is never used as canonical TEST evidence
training_curve,Tonsil,B,Tissue-specific Selected PEFT,42,validation,10,,,,,val_loss,5.3488,18831,2252,23067,9856,run/sthelar40x_tonsil_5class_slideind_foldB_lora_adaptformer_r8_a8_red16_heads_e10_seed42/log/2026-08-25T192051_sthelar40x_tonsil_5class_slideind_foldB_lora_adaptformer_r8_a8_red16_heads_e10_seed42/logs.log,Validation curve is descriptive only and is never used as canonical TEST evidence
training_curve,Tonsil,B,Tissue-specific Selected PEFT,42,validation,10,,,,,val_Dice,0.6688,18831,2252,23067,9856,run/sthelar40x_tonsil_5class_slideind_foldB_lora_adaptformer_r8_a8_red16_heads_e10_seed42/log/2026-08-25T192051_sthelar40x_tonsil_5class_slideind_foldB_lora_adaptformer_r8_a8_red16_heads_e10_seed42/logs.log,Validation curve is descriptive only and is never used as canonical TEST evidence
training_curve,Tonsil,B,Tissue-specific Selected PEFT,42,validation,10,,,,,val_Jaccard,0.5331,18831,2252,23067,9856,run/sthelar40x_tonsil_5class_slideind_foldB_lora_adaptformer_r8_a8_red16_heads_e10_seed42/log/2026-08-25T192051_sthelar40x_tonsil_5class_slideind_foldB_lora_adaptformer_r8_a8_red16_heads_e10_seed42/logs.log,Validation curve is descriptive only and is never used as canonical TEST evidence
training_curve,Tonsil,B,Tissue-specific Selected PEFT,42,validation,10,,,,,val_bPQ,0.3344,18831,2252,23067,9856,run/sthelar40x_tonsil_5class_slideind_foldB_lora_adaptformer_r8_a8_red16_heads_e10_seed42/log/2026-08-25T192051_sthelar40x_tonsil_5class_slideind_foldB_lora_adaptformer_r8_a8_red16_heads_e10_seed42/logs.log,Validation curve is descriptive only and is never used as canonical TEST evidence
training_curve,Tonsil,B,Tissue-specific Selected PEFT,42,validation,10,,,,,val_mPQ,0.1999,18831,2252,23067,9856,run/sthelar40x_tonsil_5class_slideind_foldB_lora_adaptformer_r8_a8_red16_heads_e10_seed42/log/2026-08-25T192051_sthelar40x_tonsil_5class_slideind_foldB_lora_adaptformer_r8_a8_red16_heads_e10_seed42/logs.log,Validation curve is descriptive only and is never used as canonical TEST evidence
