record_type,scope,backbone,method,tissue,fold,split,slide_id,seed,class_name,true_class,predicted_class,count,patch_count,annotated_cell_count,nuclei_per_patch,class_entropy_bits,immune_count,immune_frequency,stromal_count,stromal_frequency,epithelial_count,epithelial_frequency,melanocyte_count,melanocyte_frequency,other_count,other_frequency,total_variation,jensen_shannon_bits,rare_or_absent_train_present_test,Dice,Jaccard,bPQ,mPQ,F1det,F1type,Dice_mean,Dice_sd,Jaccard_mean,Jaccard_sd,bPQ_mean,bPQ_sd,mPQ_mean,mPQ_sd,F1det_mean,F1det_sd,F1type_mean,F1type_sd,Dice_difference_B_minus_A,Jaccard_difference_B_minus_A,bPQ_difference_B_minus_A,mPQ_difference_B_minus_A,F1det_difference_B_minus_A,F1type_difference_B_minus_A,class_f1,class_f1_mean,class_f1_sd,matched_support,total_true_support,predicted_count,predicted_frequency,bPQ_rank,mPQ_rank,F1det_rank,F1type_rank,strong_detection_weak_typing,dominant_confusion,dominant_confusion_count,checkpoint_policy,source_path,note
slide_composition,KLT,,,Kidney,A,train,kidney_s0,,,,,,6321,188119,29.760955545008702,1.5362622044053262,18889,0.10040984695857409,52774,0.28053519314901737,106511,0.5661894864420925,0,0.0,9945,0.052865473450316024,,,,,,,,,,,,,,,,,,,,,,,,,,,,,,,,,,,,,,,,,,,${DATA_ROOT}/sthelar40x_klt_5class_slideind_foldA_margin128/cell_count_train.csv,Counts are patch-level annotation occurrences; overlapping patches can repeat a biological cell.
slide_composition,KLT,,,Liver,A,train,liver_s0,,,,,,8980,215196,23.96391982182628,1.4837406235501787,47576,0.22108217624862916,43173,0.20062175876875035,122007,0.5669575642669938,0,0.0,2440,0.011338500715626684,,,,,,,,,,,,,,,,,,,,,,,,,,,,,,,,,,,,,,,,,,,${DATA_ROOT}/sthelar40x_klt_5class_slideind_foldA_margin128/cell_count_train.csv,Counts are patch-level annotation occurrences; overlapping patches can repeat a biological cell.
slide_composition,KLT,,,Tonsil,A,train,tonsil_s0,,,,,,8982,1044804,116.32197728790915,1.229119430153641,731710,0.7003323111320401,174725,0.16723232300029478,127820,0.12233873530346362,0,0.0,10549,0.010096630564201516,,,,,,,,,,,,,,,,,,,,,,,,,,,,,,,,,,,,,,,,,,,${DATA_ROOT}/sthelar40x_klt_5class_slideind_foldA_margin128/cell_count_train.csv,Counts are patch-level annotation occurrences; overlapping patches can repeat a biological cell.
slide_composition,KLT,,,Pooled KLT,A,train,kidney_s0+liver_s0+tonsil_s0,,,,,,24283,1448119,59.63509451056294,1.5184128061096747,798175,0.5511805314342261,270672,0.18691281586665184,356338,0.24606955643838663,0,0.0,22934,0.015837096260735477,,,,,,,,,,,,,,,,,,,,,,,,,,,,,,,,,,,,,,,,,,,${DATA_ROOT}/sthelar40x_klt_5class_slideind_foldA_margin128/cell_count_train.csv,Counts are patch-level annotation occurrences; overlapping patches can repeat a biological cell.
slide_composition,KLT,,,Kidney,A,test,kidney_s1,,,,,,4449,106428,23.921780175320297,1.5185668470005165,59273,0.5569305070094336,27084,0.254481903258541,17944,0.16860224752884578,0,0.0,2127,0.019985342203179615,,,,,,,,,,,,,,,,,,,,,,,,,,,,,,,,,,,,,,,,,,,${DATA_ROOT}/sthelar40x_klt_5class_slideind_foldA_margin128/cell_count_test.csv,Counts are patch-level annotation occurrences; overlapping patches can repeat a biological cell.
slide_composition,KLT,,,Liver,A,test,liver_s1,,,,,,9166,320945,35.014728343879554,1.4589360167082268,67212,0.20941905934038543,73797,0.2299365934973282,178802,0.5571110314851454,0,0.0,1134,0.003533315677140943,,,,,,,,,,,,,,,,,,,,,,,,,,,,,,,,,,,,,,,,,,,${DATA_ROOT}/sthelar40x_klt_5class_slideind_foldA_margin128/cell_count_test.csv,Counts are patch-level annotation occurrences; overlapping patches can repeat a biological cell.
slide_composition,KLT,,,Tonsil,A,test,tonsil_s1,,,,,,9879,814336,82.43101528494788,1.4192637885156398,527728,0.6480469977994341,163296,0.2005265639735932,84208,0.10340694750078591,0,0.0,39104,0.048019490726186734,,,,,,,,,,,,,,,,,,,,,,,,,,,,,,,,,,,,,,,,,,,${DATA_ROOT}/sthelar40x_klt_5class_slideind_foldA_margin128/cell_count_test.csv,Counts are patch-level annotation occurrences; overlapping patches can repeat a biological cell.
slide_composition,KLT,,,Pooled KLT,A,test,kidney_s1+liver_s1+tonsil_s1,,,,,,23494,1241709,52.85217502341023,1.6134688888241118,654213,0.5268649901063776,264177,0.2127527464164309,280954,0.2262639636178847,0,0.0,42365,0.03411829985930681,,,,,,,,,,,,,,,,,,,,,,,,,,,,,,,,,,,,,,,,,,,${DATA_ROOT}/sthelar40x_klt_5class_slideind_foldA_margin128/cell_count_test.csv,Counts are patch-level annotation occurrences; overlapping patches can repeat a biological cell.
slide_composition,KLT,,,Kidney,B,train,kidney_s1,,,,,,3912,92755,23.710378323108383,1.4884526701549998,52988,0.5712683952347583,24057,0.259360681364886,13873,0.14956606112878013,0,0.0,1837,0.019804862271575657,,,,,,,,,,,,,,,,,,,,,,,,,,,,,,,,,,,,,,,,,,,${DATA_ROOT}/sthelar40x_klt_5class_slideind_foldB_margin128/cell_count_train.csv,Counts are patch-level annotation occurrences; overlapping patches can repeat a biological cell.
slide_composition,KLT,,,Liver,B,train,liver_s1,,,,,,8174,293190,35.868607780768286,1.4731348671796578,63296,0.21588730857123367,68778,0.23458508134656708,160100,0.5460622804324841,0,0.0,1016,0.003465329649715202,,,,,,,,,,,,,,,,,,,,,,,,,,,,,,,,,,,,,,,,,,,${DATA_ROOT}/sthelar40x_klt_5class_slideind_foldB_margin128/cell_count_train.csv,Counts are patch-level annotation occurrences; overlapping patches can repeat a biological cell.
slide_composition,KLT,,,Tonsil,B,train,tonsil_s1,,,,,,8807,727313,82.58351311456796,1.394091048260668,477277,0.6562195368431473,143549,0.19736894569463215,75494,0.103798502157943,0,0.0,30993,0.042613015304277524,,,,,,,,,,,,,,,,,,,,,,,,,,,,,,,,,,,,,,,,,,,${DATA_ROOT}/sthelar40x_klt_5class_slideind_foldB_margin128/cell_count_train.csv,Counts are patch-level annotation occurrences; overlapping patches can repeat a biological cell.
slide_composition,KLT,,,Pooled KLT,B,train,kidney_s1+liver_s1+tonsil_s1,,,,,,20893,1113258,53.28377925621022,1.5952230000151273,593561,0.5331746998449596,236384,0.21233532568371394,249467,0.22408731848322672,0,0.0,33846,0.030402655988099794,,,,,,,,,,,,,,,,,,,,,,,,,,,,,,,,,,,,,,,,,,,${DATA_ROOT}/sthelar40x_klt_5class_slideind_foldB_margin128/cell_count_train.csv,Counts are patch-level annotation occurrences; overlapping patches can repeat a biological cell.
slide_composition,KLT,,,Kidney,B,test,kidney_s0,,,,,,6723,194502,28.930834448906737,1.5457742449941771,20030,0.10298094621135001,55988,0.28785308120224984,108430,0.5574749874037285,0,0.0,10054,0.051690985182671643,,,,,,,,,,,,,,,,,,,,,,,,,,,,,,,,,,,,,,,,,,,${DATA_ROOT}/sthelar40x_klt_5class_slideind_foldB_margin128/cell_count_test.csv,Counts are patch-level annotation occurrences; overlapping patches can repeat a biological cell.
slide_composition,KLT,,,Liver,B,test,liver_s0,,,,,,9756,232970,23.879663796637967,1.48457365951712,51384,0.2205605872000687,47080,0.20208610550714684,131891,0.5661286860969224,0,0.0,2615,0.011224621195862127,,,,,,,,,,,,,,,,,,,,,,,,,,,,,,,,,,,,,,,,,,,${DATA_ROOT}/sthelar40x_klt_5class_slideind_foldB_margin128/cell_count_test.csv,Counts are patch-level annotation occurrences; overlapping patches can repeat a biological cell.
slide_composition,KLT,,,Tonsil,B,test,tonsil_s0,,,,,,9856,1155717,117.26024756493507,1.2312794472192277,807732,0.6989012015917392,194011,0.16787068114425938,142670,0.12344717608203393,0,0.0,11304,0.009780941181967557,,,,,,,,,,,,,,,,,,,,,,,,,,,,,,,,,,,,,,,,,,,${DATA_ROOT}/sthelar40x_klt_5class_slideind_foldB_margin128/cell_count_test.csv,Counts are patch-level annotation occurrences; overlapping patches can repeat a biological cell.
slide_composition,KLT,,,Pooled KLT,B,test,kidney_s0+liver_s0+tonsil_s0,,,,,,26335,1583189,60.117296373647235,1.5110623352067898,879146,0.5553007253082228,297079,0.18764594751479452,382991,0.2419111047386004,0,0.0,23973,0.015142222438382277,,,,,,,,,,,,,,,,,,,,,,,,,,,,,,,,,,,,,,,,,,,${DATA_ROOT}/sthelar40x_klt_5class_slideind_foldB_margin128/cell_count_test.csv,Counts are patch-level annotation occurrences; overlapping patches can repeat a biological cell.
distribution_shift,KLT,,,Kidney,A,train_to_test,,,,,,,,,,,,,,,,,,,,,0.4565206600508595,0.21389982677287525,none,,,,,,,,,,,,,,,,,,,,,,,,,,,,,,,,,,,,,,,,${DATA_ROOT}/sthelar40x_klt_5class_slideind_foldA_margin128/cell_count_train.csv; ${DATA_ROOT}/sthelar40x_klt_5class_slideind_foldA_margin128/cell_count_test.csv,Descriptive distribution distances; no significance test.
distribution_shift,KLT,,,Liver,A,train_to_test,,,,,,,,,,,,,,,,,,,,,0.02931483472857788,0.002419621421520204,none,,,,,,,,,,,,,,,,,,,,,,,,,,,,,,,,,,,,,,,,${DATA_ROOT}/sthelar40x_klt_5class_slideind_foldA_margin128/cell_count_train.csv; ${DATA_ROOT}/sthelar40x_klt_5class_slideind_foldA_margin128/cell_count_test.csv,Descriptive distribution distances; no significance test.
distribution_shift,KLT,,,Tonsil,A,train_to_test,,,,,,,,,,,,,,,,,,,,,0.07121710113528368,0.012093791968379364,none,,,,,,,,,,,,,,,,,,,,,,,,,,,,,,,,,,,,,,,,${DATA_ROOT}/sthelar40x_klt_5class_slideind_foldA_margin128/cell_count_train.csv; ${DATA_ROOT}/sthelar40x_klt_5class_slideind_foldA_margin128/cell_count_test.csv,Descriptive distribution distances; no significance test.
distribution_shift,KLT,,,Pooled KLT,A,train_to_test,,,,,,,,,,,,,,,,,,,,,0.04412113414835042,0.003570305196386966,none,,,,,,,,,,,,,,,,,,,,,,,,,,,,,,,,,,,,,,,,${DATA_ROOT}/sthelar40x_klt_5class_slideind_foldA_margin128/cell_count_train.csv; ${DATA_ROOT}/sthelar40x_klt_5class_slideind_foldA_margin128/cell_count_test.csv,Descriptive distribution distances; no significance test.
distribution_shift,KLT,,,Kidney,B,train_to_test,,,,,,,,,,,,,,,,,,,,,0.4682874490234082,0.22544497415600495,none,,,,,,,,,,,,,,,,,,,,,,,,,,,,,,,,,,,,,,,,${DATA_ROOT}/sthelar40x_klt_5class_slideind_foldB_margin128/cell_count_train.csv; ${DATA_ROOT}/sthelar40x_klt_5class_slideind_foldB_margin128/cell_count_test.csv,Descriptive distribution distances; no significance test.
distribution_shift,KLT,,,Liver,B,train_to_test,,,,,,,,,,,,,,,,,,,,,0.032498975839420234,0.00257782772224664,Other rare in train (0.35%),,,,,,,,,,,,,,,,,,,,,,,,,,,,,,,,,,,,,,,,${DATA_ROOT}/sthelar40x_klt_5class_slideind_foldB_margin128/cell_count_train.csv; ${DATA_ROOT}/sthelar40x_klt_5class_slideind_foldB_margin128/cell_count_test.csv,Descriptive distribution distances; no significance test.
distribution_shift,KLT,,,Tonsil,B,train_to_test,,,,,,,,,,,,,,,,,,,,,0.06233033867268279,0.009962476940765966,none,,,,,,,,,,,,,,,,,,,,,,,,,,,,,,,,,,,,,,,,${DATA_ROOT}/sthelar40x_klt_5class_slideind_foldB_margin128/cell_count_train.csv; ${DATA_ROOT}/sthelar40x_klt_5class_slideind_foldB_margin128/cell_count_test.csv,Descriptive distribution distances; no significance test.
distribution_shift,KLT,,,Pooled KLT,B,train_to_test,,,,,,,,,,,,,,,,,,,,,0.03994981171863693,0.0028385456859006423,none,,,,,,,,,,,,,,,,,,,,,,,,,,,,,,,,,,,,,,,,${DATA_ROOT}/sthelar40x_klt_5class_slideind_foldB_margin128/cell_count_train.csv; ${DATA_ROOT}/sthelar40x_klt_5class_slideind_foldB_margin128/cell_count_test.csv,Descriptive distribution distances; no significance test.
slide_composition,tissue-specific,,,Breast,A,train,breast_s0,,,,,,43105,1204376,27.94051734137571,1.4129495009939395,224746,0.18660783675529902,224994,0.18681375251582563,740047,0.6144650839937029,0,0.0,14589,0.012113326735172405,,,,,,,,,,,,,,,,,,,,,,,,,,,,,,,,,,,,,,,,,,,manifests/slide_independent/sthelar40x_breast_5class_slideind_foldA_margin128_cap50000/split_manifest.yaml,Counts are patch-level annotation occurrences; overlapping patches can repeat a biological cell.
slide_composition,tissue-specific,,,Breast,A,test,breast_s1,,,,,,49569,831391,16.772398071375253,1.6538973212310533,196107,0.2358781848733027,208801,0.25114657243102223,400950,0.48226406107355024,0,0.0,25533,0.03071118162212485,,,,,,,,,,,,,,,,,,,,,,,,,,,,,,,,,,,,,,,,,,,manifests/slide_independent/sthelar40x_breast_5class_slideind_foldA_margin128_cap50000/split_manifest.yaml,Counts are patch-level annotation occurrences; overlapping patches can repeat a biological cell.
slide_composition,tissue-specific,,,Breast,B,train,breast_s1,,,,,,42794,738084,17.247371126793475,1.6752314579031977,174792,0.23681857349569968,192031,0.2601749936321611,346255,0.46912682025352126,0,0.0,25006,0.03387961261861794,,,,,,,,,,,,,,,,,,,,,,,,,,,,,,,,,,,,,,,,,,,manifests/slide_independent/sthelar40x_breast_5class_slideind_foldB_margin128_cap50000/split_manifest.yaml,Counts are patch-level annotation occurrences; overlapping patches can repeat a biological cell.
slide_composition,tissue-specific,,,Breast,B,test,breast_s0,,,,,,45773,1271180,27.771393616324033,1.421286686638536,242774,0.1909831809814503,238713,0.1877885114617914,774463,0.6092473135197218,0,0.0,15230,0.011980994037036454,,,,,,,,,,,,,,,,,,,,,,,,,,,,,,,,,,,,,,,,,,,manifests/slide_independent/sthelar40x_breast_5class_slideind_foldB_margin128_cap50000/split_manifest.yaml,Counts are patch-level annotation occurrences; overlapping patches can repeat a biological cell.
slide_composition,tissue-specific,,,Colon,A,train,colon_s1,,,,,,16435,1090357,66.3435959841801,1.5312233423410282,188427,0.17281220737795053,317586,0.2912679058326768,569210,0.5220400290913894,0,0.0,15134,0.013879857697983321,,,,,,,,,,,,,,,,,,,,,,,,,,,,,,,,,,,,,,,,,,,manifests/slide_independent/sthelar40x_colon_5class_slideind_foldA_margin128_cap50000/split_manifest.yaml,Counts are patch-level annotation occurrences; overlapping patches can repeat a biological cell.
slide_composition,tissue-specific,,,Colon,A,test,colon_s2,,,,,,11903,764721,64.24607241871797,1.1798997132017273,199011,0.2602400091013585,31033,0.04058081313315575,520139,0.6801683228262334,0,0.0,14538,0.019010854939252354,,,,,,,,,,,,,,,,,,,,,,,,,,,,,,,,,,,,,,,,,,,manifests/slide_independent/sthelar40x_colon_5class_slideind_foldA_margin128_cap50000/split_manifest.yaml,Counts are patch-level annotation occurrences; overlapping patches can repeat a biological cell.
slide_composition,tissue-specific,,,Colon,B,train,colon_s2,,,,,,10690,683428,63.93152478952292,1.1809972993080304,181127,0.26502718647758067,26865,0.03930918838560902,462478,0.6767033250027801,0,0.0,12958,0.018960300134030213,,,,,,,,,,,,,,,,,,,,,,,,,,,,,,,,,,,,,,,,,,,manifests/slide_independent/sthelar40x_colon_5class_slideind_foldB_margin128_cap50000/split_manifest.yaml,Counts are patch-level annotation occurrences; overlapping patches can repeat a biological cell.
slide_composition,tissue-specific,,,Colon,B,test,colon_s1,,,,,,18464,1202814,65.14373916811091,1.5535300523385356,211410,0.17576283614923005,374228,0.31112707367888964,599872,0.4987238259614537,0,0.0,17304,0.01438626421042655,,,,,,,,,,,,,,,,,,,,,,,,,,,,,,,,,,,,,,,,,,,manifests/slide_independent/sthelar40x_colon_5class_slideind_foldB_margin128_cap50000/split_manifest.yaml,Counts are patch-level annotation occurrences; overlapping patches can repeat a biological cell.
slide_composition,tissue-specific,,,Kidney,A,train,kidney_s0,,,,,,6321,188119,29.760955545008702,1.5362622044053262,18889,0.10040984695857409,52774,0.28053519314901737,106511,0.5661894864420925,0,0.0,9945,0.052865473450316024,,,,,,,,,,,,,,,,,,,,,,,,,,,,,,,,,,,,,,,,,,,manifests/slide_independent/sthelar40x_kidney_5class_slideind_foldA_margin128/split_manifest.yaml,Counts are patch-level annotation occurrences; overlapping patches can repeat a biological cell.
slide_composition,tissue-specific,,,Kidney,A,test,kidney_s1,,,,,,4449,106428,23.921780175320297,1.5185668470005165,59273,0.5569305070094336,27084,0.254481903258541,17944,0.16860224752884578,0,0.0,2127,0.019985342203179615,,,,,,,,,,,,,,,,,,,,,,,,,,,,,,,,,,,,,,,,,,,manifests/slide_independent/sthelar40x_kidney_5class_slideind_foldA_margin128/split_manifest.yaml,Counts are patch-level annotation occurrences; overlapping patches can repeat a biological cell.
slide_composition,tissue-specific,,,Kidney,B,train,kidney_s1,,,,,,3912,92755,23.710378323108383,1.4884526701549998,52988,0.5712683952347583,24057,0.259360681364886,13873,0.14956606112878013,0,0.0,1837,0.019804862271575657,,,,,,,,,,,,,,,,,,,,,,,,,,,,,,,,,,,,,,,,,,,manifests/slide_independent/sthelar40x_kidney_5class_slideind_foldB_margin128/split_manifest.yaml,Counts are patch-level annotation occurrences; overlapping patches can repeat a biological cell.
slide_composition,tissue-specific,,,Kidney,B,test,kidney_s0,,,,,,6723,194502,28.930834448906737,1.5457742449941771,20030,0.10298094621135001,55988,0.28785308120224984,108430,0.5574749874037285,0,0.0,10054,0.051690985182671643,,,,,,,,,,,,,,,,,,,,,,,,,,,,,,,,,,,,,,,,,,,manifests/slide_independent/sthelar40x_kidney_5class_slideind_foldB_margin128/split_manifest.yaml,Counts are patch-level annotation occurrences; overlapping patches can repeat a biological cell.
slide_composition,tissue-specific,,,Liver,A,train,liver_s0,,,,,,18780,449720,23.94675186368477,1.486423353864914,99797,0.22190918793916214,90574,0.20140087165347328,254218,0.5652806190518544,0,0.0,5131,0.011409321355510095,,,,,,,,,,,,,,,,,,,,,,,,,,,,,,,,,,,,,,,,,,,manifests/slide_independent/sthelar40x_liver_5class_slideind_foldA_margin128/split_manifest.yaml,Counts are patch-level annotation occurrences; overlapping patches can repeat a biological cell.
slide_composition,tissue-specific,,,Liver,A,test,liver_s1,,,,,,9166,320945,35.014728343879554,1.4589360167082268,67212,0.20941905934038543,73797,0.2299365934973282,178802,0.5571110314851454,0,0.0,1134,0.003533315677140943,,,,,,,,,,,,,,,,,,,,,,,,,,,,,,,,,,,,,,,,,,,manifests/slide_independent/sthelar40x_liver_5class_slideind_foldA_margin128/split_manifest.yaml,Counts are patch-level annotation occurrences; overlapping patches can repeat a biological cell.
slide_composition,tissue-specific,,,Liver,B,train,liver_s1,,,,,,8174,293190,35.868607780768286,1.4731348671796578,63296,0.21588730857123367,68778,0.23458508134656708,160100,0.5460622804324841,0,0.0,1016,0.003465329649715202,,,,,,,,,,,,,,,,,,,,,,,,,,,,,,,,,,,,,,,,,,,manifests/slide_independent/sthelar40x_liver_5class_slideind_foldB_margin128/split_manifest.yaml,Counts are patch-level annotation occurrences; overlapping patches can repeat a biological cell.
slide_composition,tissue-specific,,,Liver,B,test,liver_s0,,,,,,20427,486883,23.835267048514222,1.4865083227296472,107969,0.2217555346972476,98569,0.202449048333994,274899,0.5646099781672393,0,0.0,5446,0.011185438801519051,,,,,,,,,,,,,,,,,,,,,,,,,,,,,,,,,,,,,,,,,,,manifests/slide_independent/sthelar40x_liver_5class_slideind_foldB_margin128/split_manifest.yaml,Counts are patch-level annotation occurrences; overlapping patches can repeat a biological cell.
slide_composition,tissue-specific,,,Lung,A,train,lung_s1,,,,,,9544,287894,30.164920368818105,1.825087619551229,131813,0.4578525429498357,62222,0.21612815828047824,61096,0.21221699653344633,0,0.0,32763,0.11380230223623973,,,,,,,,,,,,,,,,,,,,,,,,,,,,,,,,,,,,,,,,,,,manifests/slide_independent/sthelar40x_lung_5class_slideind_foldA_margin128_cap50000/split_manifest.yaml,Counts are patch-level annotation occurrences; overlapping patches can repeat a biological cell.
slide_composition,tissue-specific,,,Lung,A,test,lung_s3,,,,,,20621,563193,27.311624072547403,1.8356362425193318,197303,0.35032928321197176,177551,0.3152578245823368,147577,0.26203628241118054,0,0.0,40762,0.07237660979451094,,,,,,,,,,,,,,,,,,,,,,,,,,,,,,,,,,,,,,,,,,,manifests/slide_independent/sthelar40x_lung_5class_slideind_foldA_margin128_cap50000/split_manifest.yaml,Counts are patch-level annotation occurrences; overlapping patches can repeat a biological cell.
slide_composition,tissue-specific,,,Lung,B,train,lung_s3,,,,,,19547,540776,27.66542180385737,1.8346339180637619,192842,0.35660236401023715,168226,0.31108259242274067,140379,0.2595880734352116,0,0.0,39329,0.07272697013181058,,,,,,,,,,,,,,,,,,,,,,,,,,,,,,,,,,,,,,,,,,,manifests/slide_independent/sthelar40x_lung_5class_slideind_foldB_margin128_cap50000/split_manifest.yaml,Counts are patch-level annotation occurrences; overlapping patches can repeat a biological cell.
slide_composition,tissue-specific,,,Lung,B,test,lung_s1,,,,,,10938,325329,29.743006034009873,1.8250541144803876,147593,0.453673050973015,72882,0.22402552493014763,69312,0.21305201811089697,0,0.0,35542,0.10924940598594039,,,,,,,,,,,,,,,,,,,,,,,,,,,,,,,,,,,,,,,,,,,manifests/slide_independent/sthelar40x_lung_5class_slideind_foldB_margin128_cap50000/split_manifest.yaml,Counts are patch-level annotation occurrences; overlapping patches can repeat a biological cell.
slide_composition,tissue-specific,,,Ovary,A,train,ovary_s0,,,,,,9770,503209,51.505527123848516,1.464499794558353,105133,0.20892511858889645,62037,0.1232827711746014,314259,0.6245098954907404,0,0.0,21780,0.0432822147457617,,,,,,,,,,,,,,,,,,,,,,,,,,,,,,,,,,,,,,,,,,,manifests/slide_independent/sthelar40x_ovary_5class_slideind_foldA_margin128/split_manifest.yaml,Counts are patch-level annotation occurrences; overlapping patches can repeat a biological cell.
slide_composition,tissue-specific,,,Ovary,A,test,ovary_s1,,,,,,25498,831152,32.59675268648522,1.679165892157956,91824,0.11047798717924039,309105,0.3718994840895528,368980,0.443938052245558,0,0.0,61243,0.07368447648564884,,,,,,,,,,,,,,,,,,,,,,,,,,,,,,,,,,,,,,,,,,,manifests/slide_independent/sthelar40x_ovary_5class_slideind_foldA_margin128/split_manifest.yaml,Counts are patch-level annotation occurrences; overlapping patches can repeat a biological cell.
slide_composition,tissue-specific,,,Ovary,B,train,ovary_s1,,,,,,23387,737113,31.518065591995555,1.6931197642865612,82059,0.11132485792544698,286086,0.38811688302878933,311964,0.42322411896140755,0,0.0,57004,0.07733414008435613,,,,,,,,,,,,,,,,,,,,,,,,,,,,,,,,,,,,,,,,,,,manifests/slide_independent/sthelar40x_ovary_5class_slideind_foldB_margin128/split_manifest.yaml,Counts are patch-level annotation occurrences; overlapping patches can repeat a biological cell.
slide_composition,tissue-specific,,,Ovary,B,test,ovary_s0,,,,,,10039,506647,50.467875286383105,1.4733052669073319,106101,0.20941799714594184,62845,0.12404099895982805,314942,0.6216201813096692,0,0.0,22759,0.04492082258456085,,,,,,,,,,,,,,,,,,,,,,,,,,,,,,,,,,,,,,,,,,,manifests/slide_independent/sthelar40x_ovary_5class_slideind_foldB_margin128/split_manifest.yaml,Counts are patch-level annotation occurrences; overlapping patches can repeat a biological cell.
slide_composition,tissue-specific,,,Pancreatic,A,train,pancreatic_s0,,,,,,23219,406381,17.50208880658082,1.7330727738018767,128120,0.3152706450350779,67935,0.16717070926052152,183522,0.4516008376375864,0,0.0,26804,0.06595780806681414,,,,,,,,,,,,,,,,,,,,,,,,,,,,,,,,,,,,,,,,,,,manifests/slide_independent/sthelar40x_pancreatic_5class_slideind_foldA_margin128_cap50000/split_manifest.yaml,Counts are patch-level annotation occurrences; overlapping patches can repeat a biological cell.
slide_composition,tissue-specific,,,Pancreatic,A,test,pancreatic_s1,,,,,,12647,476553,37.681110144698344,1.9641632887446023,158384,0.3323533793722839,83635,0.17549989193227197,119554,0.2508724108336324,0,0.0,114980,0.2412743178618118,,,,,,,,,,,,,,,,,,,,,,,,,,,,,,,,,,,,,,,,,,,manifests/slide_independent/sthelar40x_pancreatic_5class_slideind_foldA_margin128_cap50000/split_manifest.yaml,Counts are patch-level annotation occurrences; overlapping patches can repeat a biological cell.
slide_composition,tissue-specific,,,Pancreatic,B,train,pancreatic_s1,,,,,,12348,469466,38.01959831551668,1.9676585900074557,153346,0.32663920283897024,83628,0.1781343057857225,119550,0.2546510290415067,0,0.0,112942,0.24057546233380053,,,,,,,,,,,,,,,,,,,,,,,,,,,,,,,,,,,,,,,,,,,manifests/slide_independent/sthelar40x_pancreatic_5class_slideind_foldB_margin128_cap50000/split_manifest.yaml,Counts are patch-level annotation occurrences; overlapping patches can repeat a biological cell.
slide_composition,tissue-specific,,,Pancreatic,B,test,pancreatic_s0,,,,,,25526,446066,17.474966700618978,1.7290813112305186,140789,0.31562369694170817,74528,0.1670784144050432,201973,0.4527872556975874,0,0.0,28776,0.06451063295566127,,,,,,,,,,,,,,,,,,,,,,,,,,,,,,,,,,,,,,,,,,,manifests/slide_independent/sthelar40x_pancreatic_5class_slideind_foldB_margin128_cap50000/split_manifest.yaml,Counts are patch-level annotation occurrences; overlapping patches can repeat a biological cell.
slide_composition,tissue-specific,,,Skin,A,train,skin_s1,,,,,,10561,173818,16.458479310671336,1.9216464157997004,7682,0.04419565292432314,47713,0.27449976412109217,60192,0.34629324926072097,5569,0.03203925945529232,52662,0.30297207423857136,,,,,,,,,,,,,,,,,,,,,,,,,,,,,,,,,,,,,,,,,,,manifests/slide_independent/sthelar40x_skin_5class_slideind_foldA_margin128_cap50000/split_manifest.yaml,Counts are patch-level annotation occurrences; overlapping patches can repeat a biological cell.
slide_composition,tissue-specific,,,Skin,A,test,skin_s2,,,,,,12790,202594,15.840031274433152,1.7488544712072016,78839,0.38914775363534954,38892,0.19197014719093358,10866,0.05363436232070051,73910,0.36481830656386666,87,0.00042943028914972805,,,,,,,,,,,,,,,,,,,,,,,,,,,,,,,,,,,,,,,,,,,manifests/slide_independent/sthelar40x_skin_5class_slideind_foldA_margin128_cap50000/split_manifest.yaml,Counts are patch-level annotation occurrences; overlapping patches can repeat a biological cell.
slide_composition,tissue-specific,,,Skin,B,train,skin_s2,,,,,,11308,191282,16.915634948708878,1.723609384216567,74229,0.3880605598017587,33334,0.1742662665593208,9822,0.05134827113894669,73824,0.3859432670089188,73,0.00038163549105509146,,,,,,,,,,,,,,,,,,,,,,,,,,,,,,,,,,,,,,,,,,,manifests/slide_independent/sthelar40x_skin_5class_slideind_foldB_margin128_cap50000/split_manifest.yaml,Counts are patch-level annotation occurrences; overlapping patches can repeat a biological cell.
slide_composition,tissue-specific,,,Skin,B,test,skin_s1,,,,,,11209,179561,16.019359443304488,1.9165703790866448,7763,0.04323321879472714,48251,0.26871648075027427,61032,0.3398956343526712,5633,0.031370954717338397,56882,0.31678371138498895,,,,,,,,,,,,,,,,,,,,,,,,,,,,,,,,,,,,,,,,,,,manifests/slide_independent/sthelar40x_skin_5class_slideind_foldB_margin128_cap50000/split_manifest.yaml,Counts are patch-level annotation occurrences; overlapping patches can repeat a biological cell.
slide_composition,tissue-specific,,,Tonsil,A,train,tonsil_s0,,,,,,21001,2442229,116.29108137707728,1.2351445634594074,1705169,0.6982019294668927,408278,0.16717433131782483,303671,0.12434173863302746,0,0.0,25111,0.010282000582254982,,,,,,,,,,,,,,,,,,,,,,,,,,,,,,,,,,,,,,,,,,,manifests/slide_independent/sthelar40x_tonsil_5class_slideind_foldA_margin128_cap50000/split_manifest.yaml,Counts are patch-level annotation occurrences; overlapping patches can repeat a biological cell.
slide_composition,tissue-specific,,,Tonsil,A,test,tonsil_s1,,,,,,21083,1741964,82.62410472892851,1.4172795209167999,1131567,0.6495926437056104,346263,0.19877735705215493,179772,0.10320075500986244,0,0.0,84362,0.048429244232372194,,,,,,,,,,,,,,,,,,,,,,,,,,,,,,,,,,,,,,,,,,,manifests/slide_independent/sthelar40x_tonsil_5class_slideind_foldA_margin128_cap50000/split_manifest.yaml,Counts are patch-level annotation occurrences; overlapping patches can repeat a biological cell.
slide_composition,tissue-specific,,,Tonsil,B,train,tonsil_s1,,,,,,18831,1558660,82.77096277414901,1.3924323987241776,1024873,0.6575346772227426,305681,0.1961178191523488,160843,0.1031931274299719,0,0.0,67263,0.04315437619493668,,,,,,,,,,,,,,,,,,,,,,,,,,,,,,,,,,,,,,,,,,,manifests/slide_independent/sthelar40x_tonsil_5class_slideind_foldB_margin128_cap50000/split_manifest.yaml,Counts are patch-level annotation occurrences; overlapping patches can repeat a biological cell.
slide_composition,tissue-specific,,,Tonsil,B,test,tonsil_s0,,,,,,23067,2703537,117.20366757705814,1.237402200103685,1884013,0.696869693294377,452646,0.1674273368553861,339782,0.1256805436729736,0,0.0,27096,0.01002242617726334,,,,,,,,,,,,,,,,,,,,,,,,,,,,,,,,,,,,,,,,,,,manifests/slide_independent/sthelar40x_tonsil_5class_slideind_foldB_margin128_cap50000/split_manifest.yaml,Counts are patch-level annotation occurrences; overlapping patches can repeat a biological cell.
distribution_shift,tissue-specific,,,Breast,A,train_to_test,,,,,,,,,,,,,,,,,,,,,0.1322010229201527,0.01427173634428471,none,,,,,,,,,,,,,,,,,,,,,,,,,,,,,,,,,,,,,,,,manifests/slide_independent/sthelar40x_breast_5class_slideind_foldA_margin128_cap50000/split_manifest.yaml,Descriptive distribution distances; no significance test.
distribution_shift,tissue-specific,,,Breast,B,train_to_test,,,,,,,,,,,,,,,,,,,,,0.14012049326620057,0.016526993570119615,none,,,,,,,,,,,,,,,,,,,,,,,,,,,,,,,,,,,,,,,,manifests/slide_independent/sthelar40x_breast_5class_slideind_foldB_margin128_cap50000/split_manifest.yaml,Descriptive distribution distances; no significance test.
distribution_shift,tissue-specific,,,Colon,A,train_to_test,,,,,,,,,,,,,,,,,,,,,0.2506870926995211,0.09122890938737752,none,,,,,,,,,,,,,,,,,,,,,,,,,,,,,,,,,,,,,,,,manifests/slide_independent/sthelar40x_colon_5class_slideind_foldA_margin128_cap50000/split_manifest.yaml,Descriptive distribution distances; no significance test.
distribution_shift,tissue-specific,,,Colon,B,train_to_test,,,,,,,,,,,,,,,,,,,,,0.2718178852932806,0.10303134671360417,none,,,,,,,,,,,,,,,,,,,,,,,,,,,,,,,,,,,,,,,,manifests/slide_independent/sthelar40x_colon_5class_slideind_foldB_margin128_cap50000/split_manifest.yaml,Descriptive distribution distances; no significance test.
distribution_shift,tissue-specific,,,Kidney,A,train_to_test,,,,,,,,,,,,,,,,,,,,,0.4565206600508595,0.21389982677287525,none,,,,,,,,,,,,,,,,,,,,,,,,,,,,,,,,,,,,,,,,manifests/slide_independent/sthelar40x_kidney_5class_slideind_foldA_margin128/split_manifest.yaml,Descriptive distribution distances; no significance test.
distribution_shift,tissue-specific,,,Kidney,B,train_to_test,,,,,,,,,,,,,,,,,,,,,0.4682874490234082,0.22544497415600495,none,,,,,,,,,,,,,,,,,,,,,,,,,,,,,,,,,,,,,,,,manifests/slide_independent/sthelar40x_kidney_5class_slideind_foldB_margin128/split_manifest.yaml,Descriptive distribution distances; no significance test.
distribution_shift,tissue-specific,,,Liver,A,train_to_test,,,,,,,,,,,,,,,,,,,,,0.028535721843854913,0.0024089900541281887,none,,,,,,,,,,,,,,,,,,,,,,,,,,,,,,,,,,,,,,,,manifests/slide_independent/sthelar40x_liver_5class_slideind_foldA_margin128/split_manifest.yaml,Descriptive distribution distances; no significance test.
distribution_shift,tissue-specific,,,Liver,B,train_to_test,,,,,,,,,,,,,,,,,,,,,0.032136033012573076,0.002537196337267348,Other rare in train (0.35%),,,,,,,,,,,,,,,,,,,,,,,,,,,,,,,,,,,,,,,,manifests/slide_independent/sthelar40x_liver_5class_slideind_foldB_margin128/split_manifest.yaml,Descriptive distribution distances; no significance test.
distribution_shift,tissue-specific,,,Lung,A,train_to_test,,,,,,,,,,,,,,,,,,,,,0.14894895217959275,0.0171273886947168,none,,,,,,,,,,,,,,,,,,,,,,,,,,,,,,,,,,,,,,,,manifests/slide_independent/sthelar40x_lung_5class_slideind_foldA_margin128_cap50000/split_manifest.yaml,Descriptive distribution distances; no significance test.
distribution_shift,tissue-specific,,,Lung,B,train_to_test,,,,,,,,,,,,,,,,,,,,,0.1335931228169077,0.013652554320417839,none,,,,,,,,,,,,,,,,,,,,,,,,,,,,,,,,,,,,,,,,manifests/slide_independent/sthelar40x_lung_5class_slideind_foldB_margin128_cap50000/split_manifest.yaml,Descriptive distribution distances; no significance test.
distribution_shift,tissue-specific,,,Ovary,A,train_to_test,,,,,,,,,,,,,,,,,,,,,0.2790189746548385,0.07220055312679977,none,,,,,,,,,,,,,,,,,,,,,,,,,,,,,,,,,,,,,,,,manifests/slide_independent/sthelar40x_ovary_5class_slideind_foldA_margin128/split_manifest.yaml,Descriptive distribution distances; no significance test.
distribution_shift,tissue-specific,,,Ovary,B,train_to_test,,,,,,,,,,,,,,,,,,,,,0.2964892015687565,0.07935931002862262,none,,,,,,,,,,,,,,,,,,,,,,,,,,,,,,,,,,,,,,,,manifests/slide_independent/sthelar40x_ovary_5class_slideind_foldB_margin128/split_manifest.yaml,Descriptive distribution distances; no significance test.
distribution_shift,tissue-specific,,,Pancreatic,A,train_to_test,,,,,,,,,,,,,,,,,,,,,0.20072842680395406,0.059565564878694695,none,,,,,,,,,,,,,,,,,,,,,,,,,,,,,,,,,,,,,,,,manifests/slide_independent/sthelar40x_pancreatic_5class_slideind_foldA_margin128_cap50000/split_manifest.yaml,Descriptive distribution distances; no significance test.
distribution_shift,tissue-specific,,,Pancreatic,B,train_to_test,,,,,,,,,,,,,,,,,,,,,0.19813622665608066,0.05949447425357541,none,,,,,,,,,,,,,,,,,,,,,,,,,,,,,,,,,,,,,,,,manifests/slide_independent/sthelar40x_pancreatic_5class_slideind_foldB_margin128_cap50000/split_manifest.yaml,Descriptive distribution distances; no significance test.
distribution_shift,tissue-specific,,,Skin,A,train_to_test,,,,,,,,,,,,,,,,,,,,,0.6777311478196006,0.47272600015918764,none,,,,,,,,,,,,,,,,,,,,,,,,,,,,,,,,,,,,,,,,manifests/slide_independent/sthelar40x_skin_5class_slideind_foldA_margin128_cap50000/split_manifest.yaml,Descriptive distribution distances; no significance test.
distribution_shift,tissue-specific,,,Skin,B,train_to_test,,,,,,,,,,,,,,,,,,,,,0.699399653298612,0.4923673405030937,Other rare in train (0.04%),,,,,,,,,,,,,,,,,,,,,,,,,,,,,,,,,,,,,,,,manifests/slide_independent/sthelar40x_skin_5class_slideind_foldB_margin128_cap50000/split_manifest.yaml,Descriptive distribution distances; no significance test.
distribution_shift,tissue-specific,,,Tonsil,A,train_to_test,,,,,,,,,,,,,,,,,,,,,0.06975026938444732,0.012035304802260088,none,,,,,,,,,,,,,,,,,,,,,,,,,,,,,,,,,,,,,,,,manifests/slide_independent/sthelar40x_tonsil_5class_slideind_foldA_margin128_cap50000/split_manifest.yaml,Descriptive distribution distances; no significance test.
distribution_shift,tissue-specific,,,Tonsil,B,train_to_test,,,,,,,,,,,,,,,,,,,,,0.06182243231463605,0.0100503367174225,none,,,,,,,,,,,,,,,,,,,,,,,,,,,,,,,,,,,,,,,,manifests/slide_independent/sthelar40x_tonsil_5class_slideind_foldB_margin128_cap50000/split_manifest.yaml,Descriptive distribution distances; no significance test.
klt_seed_metric,KLT,CellViT-SAM-H,FullFT,Kidney,A,,,42,,,,,4449,,,,,,,,,,,,,,,,,0.8244761749708497,0.7175132528606406,0.5853635372298785,0.1598754817204097,0.8573896145957033,0.2940006970006826,,,,,,,,,,,,,,,,,,,,,,,,,,,,,,,,,checkpoint_10 TEST,run/sthelar40x_klt_5class_slideind_foldA_fullft_lr1e-5_e10_seed42/log/2026-08-19T110413_sthelar40x_klt_5class_slideind_foldA_fullft_lr1e-5_e10_seed42/inference_results.json,
klt_per_class,KLT,CellViT-SAM-H,FullFT,Kidney,A,,,42,Immune,,,,,,,,,,,,,,,,,,,,,,,,,,,,,,,,,,,,,,,,,,,,,0.3935084095603423,,,51898,58424,17110,0.17330618777031612,,,,,,,,checkpoint_10 TEST,run/sthelar40x_klt_5class_slideind_foldA_fullft_lr1e-5_e10_seed42/log/2026-08-19T110413_sthelar40x_klt_5class_slideind_foldA_fullft_lr1e-5_e10_seed42/inference_results.json,
klt_per_class,KLT,CellViT-SAM-H,FullFT,Kidney,A,,,42,Stromal,,,,,,,,,,,,,,,,,,,,,,,,,,,,,,,,,,,,,,,,,,,,,0.4624693299030468,,,21147,26659,71165,0.7208261164625684,,,,,,,,checkpoint_10 TEST,run/sthelar40x_klt_5class_slideind_foldA_fullft_lr1e-5_e10_seed42/log/2026-08-19T110413_sthelar40x_klt_5class_slideind_foldA_fullft_lr1e-5_e10_seed42/inference_results.json,
klt_per_class,KLT,CellViT-SAM-H,FullFT,Kidney,A,,,42,Epithelial,,,,,,,,,,,,,,,,,,,,,,,,,,,,,,,,,,,,,,,,,,,,,0.15751306387970565,,,13077,17672,6531,0.06615211644231062,,,,,,,,checkpoint_10 TEST,run/sthelar40x_klt_5class_slideind_foldA_fullft_lr1e-5_e10_seed42/log/2026-08-19T110413_sthelar40x_klt_5class_slideind_foldA_fullft_lr1e-5_e10_seed42/inference_results.json,
klt_per_class,KLT,CellViT-SAM-H,FullFT,Kidney,A,,,42,Melanocyte,,,,,,,,,,,,,,,,,,,,,,,,,,,,,,,,,,,,,,,,,,,,,,,,0,0,0,0.0,,,,,,,,checkpoint_10 TEST,run/sthelar40x_klt_5class_slideind_foldA_fullft_lr1e-5_e10_seed42/log/2026-08-19T110413_sthelar40x_klt_5class_slideind_foldA_fullft_lr1e-5_e10_seed42/inference_results.json,
klt_per_class,KLT,CellViT-SAM-H,FullFT,Kidney,A,,,42,Other,,,,,,,,,,,,,,,,,,,,,,,,,,,,,,,,,,,,,,,,,,,,,0.16251198465963568,,,1210,2105,3921,0.03971557932480477,,,,,,,,checkpoint_10 TEST,run/sthelar40x_klt_5class_slideind_foldA_fullft_lr1e-5_e10_seed42/log/2026-08-19T110413_sthelar40x_klt_5class_slideind_foldA_fullft_lr1e-5_e10_seed42/inference_results.json,
klt_confusion,KLT,CellViT-SAM-H,FullFT,Kidney,A,,,42,,Background,Background,5,,,,,,,,,,,,,,,,,,,,,,,,,,,,,,,,,,,,,,,,,,,,,,,,,,,,,,,,checkpoint_10 TEST,run/sthelar40x_klt_5class_slideind_foldA_fullft_lr1e-5_e10_seed42/log/2026-08-19T110413_sthelar40x_klt_5class_slideind_foldA_fullft_lr1e-5_e10_seed42/inference_results.json,"Rows=true, columns=predicted; paired matches only."
klt_confusion,KLT,CellViT-SAM-H,FullFT,Kidney,A,,,42,,Background,Immune,0,,,,,,,,,,,,,,,,,,,,,,,,,,,,,,,,,,,,,,,,,,,,,,,,,,,,,,,,checkpoint_10 TEST,run/sthelar40x_klt_5class_slideind_foldA_fullft_lr1e-5_e10_seed42/log/2026-08-19T110413_sthelar40x_klt_5class_slideind_foldA_fullft_lr1e-5_e10_seed42/inference_results.json,"Rows=true, columns=predicted; paired matches only."
klt_confusion,KLT,CellViT-SAM-H,FullFT,Kidney,A,,,42,,Background,Stromal,0,,,,,,,,,,,,,,,,,,,,,,,,,,,,,,,,,,,,,,,,,,,,,,,,,,,,,,,,checkpoint_10 TEST,run/sthelar40x_klt_5class_slideind_foldA_fullft_lr1e-5_e10_seed42/log/2026-08-19T110413_sthelar40x_klt_5class_slideind_foldA_fullft_lr1e-5_e10_seed42/inference_results.json,"Rows=true, columns=predicted; paired matches only."
klt_confusion,KLT,CellViT-SAM-H,FullFT,Kidney,A,,,42,,Background,Epithelial,0,,,,,,,,,,,,,,,,,,,,,,,,,,,,,,,,,,,,,,,,,,,,,,,,,,,,,,,,checkpoint_10 TEST,run/sthelar40x_klt_5class_slideind_foldA_fullft_lr1e-5_e10_seed42/log/2026-08-19T110413_sthelar40x_klt_5class_slideind_foldA_fullft_lr1e-5_e10_seed42/inference_results.json,"Rows=true, columns=predicted; paired matches only."
klt_confusion,KLT,CellViT-SAM-H,FullFT,Kidney,A,,,42,,Background,Melanocyte,0,,,,,,,,,,,,,,,,,,,,,,,,,,,,,,,,,,,,,,,,,,,,,,,,,,,,,,,,checkpoint_10 TEST,run/sthelar40x_klt_5class_slideind_foldA_fullft_lr1e-5_e10_seed42/log/2026-08-19T110413_sthelar40x_klt_5class_slideind_foldA_fullft_lr1e-5_e10_seed42/inference_results.json,"Rows=true, columns=predicted; paired matches only."
klt_confusion,KLT,CellViT-SAM-H,FullFT,Kidney,A,,,42,,Background,Other,0,,,,,,,,,,,,,,,,,,,,,,,,,,,,,,,,,,,,,,,,,,,,,,,,,,,,,,,,checkpoint_10 TEST,run/sthelar40x_klt_5class_slideind_foldA_fullft_lr1e-5_e10_seed42/log/2026-08-19T110413_sthelar40x_klt_5class_slideind_foldA_fullft_lr1e-5_e10_seed42/inference_results.json,"Rows=true, columns=predicted; paired matches only."
klt_confusion,KLT,CellViT-SAM-H,FullFT,Kidney,A,,,42,,Immune,Background,13,,,,,,,,,,,,,,,,,,,,,,,,,,,,,,,,,,,,,,,,,,,,,,,,,,,,,,,,checkpoint_10 TEST,run/sthelar40x_klt_5class_slideind_foldA_fullft_lr1e-5_e10_seed42/log/2026-08-19T110413_sthelar40x_klt_5class_slideind_foldA_fullft_lr1e-5_e10_seed42/inference_results.json,"Rows=true, columns=predicted; paired matches only."
klt_confusion,KLT,CellViT-SAM-H,FullFT,Kidney,A,,,42,,Immune,Immune,13336,,,,,,,,,,,,,,,,,,,,,,,,,,,,,,,,,,,,,,,,,,,,,,,,,,,,,,,,checkpoint_10 TEST,run/sthelar40x_klt_5class_slideind_foldA_fullft_lr1e-5_e10_seed42/log/2026-08-19T110413_sthelar40x_klt_5class_slideind_foldA_fullft_lr1e-5_e10_seed42/inference_results.json,"Rows=true, columns=predicted; paired matches only."
klt_confusion,KLT,CellViT-SAM-H,FullFT,Kidney,A,,,42,,Immune,Stromal,33881,,,,,,,,,,,,,,,,,,,,,,,,,,,,,,,,,,,,,,,,,,,,,,,,,,,,,,,,checkpoint_10 TEST,run/sthelar40x_klt_5class_slideind_foldA_fullft_lr1e-5_e10_seed42/log/2026-08-19T110413_sthelar40x_klt_5class_slideind_foldA_fullft_lr1e-5_e10_seed42/inference_results.json,"Rows=true, columns=predicted; paired matches only."
klt_confusion,KLT,CellViT-SAM-H,FullFT,Kidney,A,,,42,,Immune,Epithelial,3503,,,,,,,,,,,,,,,,,,,,,,,,,,,,,,,,,,,,,,,,,,,,,,,,,,,,,,,,checkpoint_10 TEST,run/sthelar40x_klt_5class_slideind_foldA_fullft_lr1e-5_e10_seed42/log/2026-08-19T110413_sthelar40x_klt_5class_slideind_foldA_fullft_lr1e-5_e10_seed42/inference_results.json,"Rows=true, columns=predicted; paired matches only."
klt_confusion,KLT,CellViT-SAM-H,FullFT,Kidney,A,,,42,,Immune,Melanocyte,0,,,,,,,,,,,,,,,,,,,,,,,,,,,,,,,,,,,,,,,,,,,,,,,,,,,,,,,,checkpoint_10 TEST,run/sthelar40x_klt_5class_slideind_foldA_fullft_lr1e-5_e10_seed42/log/2026-08-19T110413_sthelar40x_klt_5class_slideind_foldA_fullft_lr1e-5_e10_seed42/inference_results.json,"Rows=true, columns=predicted; paired matches only."
klt_confusion,KLT,CellViT-SAM-H,FullFT,Kidney,A,,,42,,Immune,Other,1178,,,,,,,,,,,,,,,,,,,,,,,,,,,,,,,,,,,,,,,,,,,,,,,,,,,,,,,,checkpoint_10 TEST,run/sthelar40x_klt_5class_slideind_foldA_fullft_lr1e-5_e10_seed42/log/2026-08-19T110413_sthelar40x_klt_5class_slideind_foldA_fullft_lr1e-5_e10_seed42/inference_results.json,"Rows=true, columns=predicted; paired matches only."
klt_confusion,KLT,CellViT-SAM-H,FullFT,Kidney,A,,,42,,Stromal,Background,2,,,,,,,,,,,,,,,,,,,,,,,,,,,,,,,,,,,,,,,,,,,,,,,,,,,,,,,,checkpoint_10 TEST,run/sthelar40x_klt_5class_slideind_foldA_fullft_lr1e-5_e10_seed42/log/2026-08-19T110413_sthelar40x_klt_5class_slideind_foldA_fullft_lr1e-5_e10_seed42/inference_results.json,"Rows=true, columns=predicted; paired matches only."
klt_confusion,KLT,CellViT-SAM-H,FullFT,Kidney,A,,,42,,Stromal,Immune,754,,,,,,,,,,,,,,,,,,,,,,,,,,,,,,,,,,,,,,,,,,,,,,,,,,,,,,,,checkpoint_10 TEST,run/sthelar40x_klt_5class_slideind_foldA_fullft_lr1e-5_e10_seed42/log/2026-08-19T110413_sthelar40x_klt_5class_slideind_foldA_fullft_lr1e-5_e10_seed42/inference_results.json,"Rows=true, columns=predicted; paired matches only."
klt_confusion,KLT,CellViT-SAM-H,FullFT,Kidney,A,,,42,,Stromal,Stromal,19414,,,,,,,,,,,,,,,,,,,,,,,,,,,,,,,,,,,,,,,,,,,,,,,,,,,,,,,,checkpoint_10 TEST,run/sthelar40x_klt_5class_slideind_foldA_fullft_lr1e-5_e10_seed42/log/2026-08-19T110413_sthelar40x_klt_5class_slideind_foldA_fullft_lr1e-5_e10_seed42/inference_results.json,"Rows=true, columns=predicted; paired matches only."
klt_confusion,KLT,CellViT-SAM-H,FullFT,Kidney,A,,,42,,Stromal,Epithelial,674,,,,,,,,,,,,,,,,,,,,,,,,,,,,,,,,,,,,,,,,,,,,,,,,,,,,,,,,checkpoint_10 TEST,run/sthelar40x_klt_5class_slideind_foldA_fullft_lr1e-5_e10_seed42/log/2026-08-19T110413_sthelar40x_klt_5class_slideind_foldA_fullft_lr1e-5_e10_seed42/inference_results.json,"Rows=true, columns=predicted; paired matches only."
klt_confusion,KLT,CellViT-SAM-H,FullFT,Kidney,A,,,42,,Stromal,Melanocyte,0,,,,,,,,,,,,,,,,,,,,,,,,,,,,,,,,,,,,,,,,,,,,,,,,,,,,,,,,checkpoint_10 TEST,run/sthelar40x_klt_5class_slideind_foldA_fullft_lr1e-5_e10_seed42/log/2026-08-19T110413_sthelar40x_klt_5class_slideind_foldA_fullft_lr1e-5_e10_seed42/inference_results.json,"Rows=true, columns=predicted; paired matches only."
klt_confusion,KLT,CellViT-SAM-H,FullFT,Kidney,A,,,42,,Stromal,Other,305,,,,,,,,,,,,,,,,,,,,,,,,,,,,,,,,,,,,,,,,,,,,,,,,,,,,,,,,checkpoint_10 TEST,run/sthelar40x_klt_5class_slideind_foldA_fullft_lr1e-5_e10_seed42/log/2026-08-19T110413_sthelar40x_klt_5class_slideind_foldA_fullft_lr1e-5_e10_seed42/inference_results.json,"Rows=true, columns=predicted; paired matches only."
klt_confusion,KLT,CellViT-SAM-H,FullFT,Kidney,A,,,42,,Epithelial,Background,9,,,,,,,,,,,,,,,,,,,,,,,,,,,,,,,,,,,,,,,,,,,,,,,,,,,,,,,,checkpoint_10 TEST,run/sthelar40x_klt_5class_slideind_foldA_fullft_lr1e-5_e10_seed42/log/2026-08-19T110413_sthelar40x_klt_5class_slideind_foldA_fullft_lr1e-5_e10_seed42/inference_results.json,"Rows=true, columns=predicted; paired matches only."
klt_confusion,KLT,CellViT-SAM-H,FullFT,Kidney,A,,,42,,Epithelial,Immune,1638,,,,,,,,,,,,,,,,,,,,,,,,,,,,,,,,,,,,,,,,,,,,,,,,,,,,,,,,checkpoint_10 TEST,run/sthelar40x_klt_5class_slideind_foldA_fullft_lr1e-5_e10_seed42/log/2026-08-19T110413_sthelar40x_klt_5class_slideind_foldA_fullft_lr1e-5_e10_seed42/inference_results.json,"Rows=true, columns=predicted; paired matches only."
klt_confusion,KLT,CellViT-SAM-H,FullFT,Kidney,A,,,42,,Epithelial,Stromal,8822,,,,,,,,,,,,,,,,,,,,,,,,,,,,,,,,,,,,,,,,,,,,,,,,,,,,,,,,checkpoint_10 TEST,run/sthelar40x_klt_5class_slideind_foldA_fullft_lr1e-5_e10_seed42/log/2026-08-19T110413_sthelar40x_klt_5class_slideind_foldA_fullft_lr1e-5_e10_seed42/inference_results.json,"Rows=true, columns=predicted; paired matches only."
klt_confusion,KLT,CellViT-SAM-H,FullFT,Kidney,A,,,42,,Epithelial,Epithelial,1477,,,,,,,,,,,,,,,,,,,,,,,,,,,,,,,,,,,,,,,,,,,,,,,,,,,,,,,,checkpoint_10 TEST,run/sthelar40x_klt_5class_slideind_foldA_fullft_lr1e-5_e10_seed42/log/2026-08-19T110413_sthelar40x_klt_5class_slideind_foldA_fullft_lr1e-5_e10_seed42/inference_results.json,"Rows=true, columns=predicted; paired matches only."
klt_confusion,KLT,CellViT-SAM-H,FullFT,Kidney,A,,,42,,Epithelial,Melanocyte,0,,,,,,,,,,,,,,,,,,,,,,,,,,,,,,,,,,,,,,,,,,,,,,,,,,,,,,,,checkpoint_10 TEST,run/sthelar40x_klt_5class_slideind_foldA_fullft_lr1e-5_e10_seed42/log/2026-08-19T110413_sthelar40x_klt_5class_slideind_foldA_fullft_lr1e-5_e10_seed42/inference_results.json,"Rows=true, columns=predicted; paired matches only."
klt_confusion,KLT,CellViT-SAM-H,FullFT,Kidney,A,,,42,,Epithelial,Other,1140,,,,,,,,,,,,,,,,,,,,,,,,,,,,,,,,,,,,,,,,,,,,,,,,,,,,,,,,checkpoint_10 TEST,run/sthelar40x_klt_5class_slideind_foldA_fullft_lr1e-5_e10_seed42/log/2026-08-19T110413_sthelar40x_klt_5class_slideind_foldA_fullft_lr1e-5_e10_seed42/inference_results.json,"Rows=true, columns=predicted; paired matches only."
klt_confusion,KLT,CellViT-SAM-H,FullFT,Kidney,A,,,42,,Melanocyte,Background,0,,,,,,,,,,,,,,,,,,,,,,,,,,,,,,,,,,,,,,,,,,,,,,,,,,,,,,,,checkpoint_10 TEST,run/sthelar40x_klt_5class_slideind_foldA_fullft_lr1e-5_e10_seed42/log/2026-08-19T110413_sthelar40x_klt_5class_slideind_foldA_fullft_lr1e-5_e10_seed42/inference_results.json,"Rows=true, columns=predicted; paired matches only."
klt_confusion,KLT,CellViT-SAM-H,FullFT,Kidney,A,,,42,,Melanocyte,Immune,0,,,,,,,,,,,,,,,,,,,,,,,,,,,,,,,,,,,,,,,,,,,,,,,,,,,,,,,,checkpoint_10 TEST,run/sthelar40x_klt_5class_slideind_foldA_fullft_lr1e-5_e10_seed42/log/2026-08-19T110413_sthelar40x_klt_5class_slideind_foldA_fullft_lr1e-5_e10_seed42/inference_results.json,"Rows=true, columns=predicted; paired matches only."
klt_confusion,KLT,CellViT-SAM-H,FullFT,Kidney,A,,,42,,Melanocyte,Stromal,0,,,,,,,,,,,,,,,,,,,,,,,,,,,,,,,,,,,,,,,,,,,,,,,,,,,,,,,,checkpoint_10 TEST,run/sthelar40x_klt_5class_slideind_foldA_fullft_lr1e-5_e10_seed42/log/2026-08-19T110413_sthelar40x_klt_5class_slideind_foldA_fullft_lr1e-5_e10_seed42/inference_results.json,"Rows=true, columns=predicted; paired matches only."
klt_confusion,KLT,CellViT-SAM-H,FullFT,Kidney,A,,,42,,Melanocyte,Epithelial,0,,,,,,,,,,,,,,,,,,,,,,,,,,,,,,,,,,,,,,,,,,,,,,,,,,,,,,,,checkpoint_10 TEST,run/sthelar40x_klt_5class_slideind_foldA_fullft_lr1e-5_e10_seed42/log/2026-08-19T110413_sthelar40x_klt_5class_slideind_foldA_fullft_lr1e-5_e10_seed42/inference_results.json,"Rows=true, columns=predicted; paired matches only."
klt_confusion,KLT,CellViT-SAM-H,FullFT,Kidney,A,,,42,,Melanocyte,Melanocyte,0,,,,,,,,,,,,,,,,,,,,,,,,,,,,,,,,,,,,,,,,,,,,,,,,,,,,,,,,checkpoint_10 TEST,run/sthelar40x_klt_5class_slideind_foldA_fullft_lr1e-5_e10_seed42/log/2026-08-19T110413_sthelar40x_klt_5class_slideind_foldA_fullft_lr1e-5_e10_seed42/inference_results.json,"Rows=true, columns=predicted; paired matches only."
klt_confusion,KLT,CellViT-SAM-H,FullFT,Kidney,A,,,42,,Melanocyte,Other,0,,,,,,,,,,,,,,,,,,,,,,,,,,,,,,,,,,,,,,,,,,,,,,,,,,,,,,,,checkpoint_10 TEST,run/sthelar40x_klt_5class_slideind_foldA_fullft_lr1e-5_e10_seed42/log/2026-08-19T110413_sthelar40x_klt_5class_slideind_foldA_fullft_lr1e-5_e10_seed42/inference_results.json,"Rows=true, columns=predicted; paired matches only."
klt_confusion,KLT,CellViT-SAM-H,FullFT,Kidney,A,,,42,,Other,Background,1,,,,,,,,,,,,,,,,,,,,,,,,,,,,,,,,,,,,,,,,,,,,,,,,,,,,,,,,checkpoint_10 TEST,run/sthelar40x_klt_5class_slideind_foldA_fullft_lr1e-5_e10_seed42/log/2026-08-19T110413_sthelar40x_klt_5class_slideind_foldA_fullft_lr1e-5_e10_seed42/inference_results.json,"Rows=true, columns=predicted; paired matches only."
klt_confusion,KLT,CellViT-SAM-H,FullFT,Kidney,A,,,42,,Other,Immune,154,,,,,,,,,,,,,,,,,,,,,,,,,,,,,,,,,,,,,,,,,,,,,,,,,,,,,,,,checkpoint_10 TEST,run/sthelar40x_klt_5class_slideind_foldA_fullft_lr1e-5_e10_seed42/log/2026-08-19T110413_sthelar40x_klt_5class_slideind_foldA_fullft_lr1e-5_e10_seed42/inference_results.json,"Rows=true, columns=predicted; paired matches only."
klt_confusion,KLT,CellViT-SAM-H,FullFT,Kidney,A,,,42,,Other,Stromal,694,,,,,,,,,,,,,,,,,,,,,,,,,,,,,,,,,,,,,,,,,,,,,,,,,,,,,,,,checkpoint_10 TEST,run/sthelar40x_klt_5class_slideind_foldA_fullft_lr1e-5_e10_seed42/log/2026-08-19T110413_sthelar40x_klt_5class_slideind_foldA_fullft_lr1e-5_e10_seed42/inference_results.json,"Rows=true, columns=predicted; paired matches only."
klt_confusion,KLT,CellViT-SAM-H,FullFT,Kidney,A,,,42,,Other,Epithelial,23,,,,,,,,,,,,,,,,,,,,,,,,,,,,,,,,,,,,,,,,,,,,,,,,,,,,,,,,checkpoint_10 TEST,run/sthelar40x_klt_5class_slideind_foldA_fullft_lr1e-5_e10_seed42/log/2026-08-19T110413_sthelar40x_klt_5class_slideind_foldA_fullft_lr1e-5_e10_seed42/inference_results.json,"Rows=true, columns=predicted; paired matches only."
klt_confusion,KLT,CellViT-SAM-H,FullFT,Kidney,A,,,42,,Other,Melanocyte,0,,,,,,,,,,,,,,,,,,,,,,,,,,,,,,,,,,,,,,,,,,,,,,,,,,,,,,,,checkpoint_10 TEST,run/sthelar40x_klt_5class_slideind_foldA_fullft_lr1e-5_e10_seed42/log/2026-08-19T110413_sthelar40x_klt_5class_slideind_foldA_fullft_lr1e-5_e10_seed42/inference_results.json,"Rows=true, columns=predicted; paired matches only."
klt_confusion,KLT,CellViT-SAM-H,FullFT,Kidney,A,,,42,,Other,Other,339,,,,,,,,,,,,,,,,,,,,,,,,,,,,,,,,,,,,,,,,,,,,,,,,,,,,,,,,checkpoint_10 TEST,run/sthelar40x_klt_5class_slideind_foldA_fullft_lr1e-5_e10_seed42/log/2026-08-19T110413_sthelar40x_klt_5class_slideind_foldA_fullft_lr1e-5_e10_seed42/inference_results.json,"Rows=true, columns=predicted; paired matches only."
klt_seed_metric,KLT,CellViT-SAM-H,FullFT,Liver,A,,,42,,,,,9166,,,,,,,,,,,,,,,,,0.848681164301888,0.7437527841505719,0.5855583881449402,0.1372579285204236,0.8654202375953963,0.21703100622702634,,,,,,,,,,,,,,,,,,,,,,,,,,,,,,,,,checkpoint_10 TEST,run/sthelar40x_klt_5class_slideind_foldA_fullft_lr1e-5_e10_seed42/log/2026-08-19T110413_sthelar40x_klt_5class_slideind_foldA_fullft_lr1e-5_e10_seed42/inference_results.json,
klt_per_class,KLT,CellViT-SAM-H,FullFT,Liver,A,,,42,Immune,,,,,,,,,,,,,,,,,,,,,,,,,,,,,,,,,,,,,,,,,,,,,0.07973889276217154,,,56205,66216,118314,0.4071579744308894,,,,,,,,checkpoint_10 TEST,run/sthelar40x_klt_5class_slideind_foldA_fullft_lr1e-5_e10_seed42/log/2026-08-19T110413_sthelar40x_klt_5class_slideind_foldA_fullft_lr1e-5_e10_seed42/inference_results.json,
klt_per_class,KLT,CellViT-SAM-H,FullFT,Liver,A,,,42,Stromal,,,,,,,,,,,,,,,,,,,,,,,,,,,,,,,,,,,,,,,,,,,,,0.5636084934776346,,,60149,72713,146975,0.5057900442211402,,,,,,,,checkpoint_10 TEST,run/sthelar40x_klt_5class_slideind_foldA_fullft_lr1e-5_e10_seed42/log/2026-08-19T110413_sthelar40x_klt_5class_slideind_foldA_fullft_lr1e-5_e10_seed42/inference_results.json,
klt_per_class,KLT,CellViT-SAM-H,FullFT,Liver,A,,,42,Epithelial,,,,,,,,,,,,,,,,,,,,,,,,,,,,,,,,,,,,,,,,,,,,,0.19054335827302835,,,145678,176015,18744,0.06450436189066883,,,,,,,,checkpoint_10 TEST,run/sthelar40x_klt_5class_slideind_foldA_fullft_lr1e-5_e10_seed42/log/2026-08-19T110413_sthelar40x_klt_5class_slideind_foldA_fullft_lr1e-5_e10_seed42/inference_results.json,
klt_per_class,KLT,CellViT-SAM-H,FullFT,Liver,A,,,42,Melanocyte,,,,,,,,,,,,,,,,,,,,,,,,,,,,,,,,,,,,,,,,,,,,,,,,0,0,0,0.0,,,,,,,,checkpoint_10 TEST,run/sthelar40x_klt_5class_slideind_foldA_fullft_lr1e-5_e10_seed42/log/2026-08-19T110413_sthelar40x_klt_5class_slideind_foldA_fullft_lr1e-5_e10_seed42/inference_results.json,
klt_per_class,KLT,CellViT-SAM-H,FullFT,Liver,A,,,42,Other,,,,,,,,,,,,,,,,,,,,,,,,,,,,,,,,,,,,,,,,,,,,,0.03423328039527087,,,575,1125,6552,0.02254761945730165,,,,,,,,checkpoint_10 TEST,run/sthelar40x_klt_5class_slideind_foldA_fullft_lr1e-5_e10_seed42/log/2026-08-19T110413_sthelar40x_klt_5class_slideind_foldA_fullft_lr1e-5_e10_seed42/inference_results.json,
klt_confusion,KLT,CellViT-SAM-H,FullFT,Liver,A,,,42,,Background,Background,2,,,,,,,,,,,,,,,,,,,,,,,,,,,,,,,,,,,,,,,,,,,,,,,,,,,,,,,,checkpoint_10 TEST,run/sthelar40x_klt_5class_slideind_foldA_fullft_lr1e-5_e10_seed42/log/2026-08-19T110413_sthelar40x_klt_5class_slideind_foldA_fullft_lr1e-5_e10_seed42/inference_results.json,"Rows=true, columns=predicted; paired matches only."
klt_confusion,KLT,CellViT-SAM-H,FullFT,Liver,A,,,42,,Background,Immune,0,,,,,,,,,,,,,,,,,,,,,,,,,,,,,,,,,,,,,,,,,,,,,,,,,,,,,,,,checkpoint_10 TEST,run/sthelar40x_klt_5class_slideind_foldA_fullft_lr1e-5_e10_seed42/log/2026-08-19T110413_sthelar40x_klt_5class_slideind_foldA_fullft_lr1e-5_e10_seed42/inference_results.json,"Rows=true, columns=predicted; paired matches only."
klt_confusion,KLT,CellViT-SAM-H,FullFT,Liver,A,,,42,,Background,Stromal,0,,,,,,,,,,,,,,,,,,,,,,,,,,,,,,,,,,,,,,,,,,,,,,,,,,,,,,,,checkpoint_10 TEST,run/sthelar40x_klt_5class_slideind_foldA_fullft_lr1e-5_e10_seed42/log/2026-08-19T110413_sthelar40x_klt_5class_slideind_foldA_fullft_lr1e-5_e10_seed42/inference_results.json,"Rows=true, columns=predicted; paired matches only."
klt_confusion,KLT,CellViT-SAM-H,FullFT,Liver,A,,,42,,Background,Epithelial,0,,,,,,,,,,,,,,,,,,,,,,,,,,,,,,,,,,,,,,,,,,,,,,,,,,,,,,,,checkpoint_10 TEST,run/sthelar40x_klt_5class_slideind_foldA_fullft_lr1e-5_e10_seed42/log/2026-08-19T110413_sthelar40x_klt_5class_slideind_foldA_fullft_lr1e-5_e10_seed42/inference_results.json,"Rows=true, columns=predicted; paired matches only."
klt_confusion,KLT,CellViT-SAM-H,FullFT,Liver,A,,,42,,Background,Melanocyte,0,,,,,,,,,,,,,,,,,,,,,,,,,,,,,,,,,,,,,,,,,,,,,,,,,,,,,,,,checkpoint_10 TEST,run/sthelar40x_klt_5class_slideind_foldA_fullft_lr1e-5_e10_seed42/log/2026-08-19T110413_sthelar40x_klt_5class_slideind_foldA_fullft_lr1e-5_e10_seed42/inference_results.json,"Rows=true, columns=predicted; paired matches only."
klt_confusion,KLT,CellViT-SAM-H,FullFT,Liver,A,,,42,,Background,Other,0,,,,,,,,,,,,,,,,,,,,,,,,,,,,,,,,,,,,,,,,,,,,,,,,,,,,,,,,checkpoint_10 TEST,run/sthelar40x_klt_5class_slideind_foldA_fullft_lr1e-5_e10_seed42/log/2026-08-19T110413_sthelar40x_klt_5class_slideind_foldA_fullft_lr1e-5_e10_seed42/inference_results.json,"Rows=true, columns=predicted; paired matches only."
klt_confusion,KLT,CellViT-SAM-H,FullFT,Liver,A,,,42,,Immune,Background,13,,,,,,,,,,,,,,,,,,,,,,,,,,,,,,,,,,,,,,,,,,,,,,,,,,,,,,,,checkpoint_10 TEST,run/sthelar40x_klt_5class_slideind_foldA_fullft_lr1e-5_e10_seed42/log/2026-08-19T110413_sthelar40x_klt_5class_slideind_foldA_fullft_lr1e-5_e10_seed42/inference_results.json,"Rows=true, columns=predicted; paired matches only."
klt_confusion,KLT,CellViT-SAM-H,FullFT,Liver,A,,,42,,Immune,Immune,6462,,,,,,,,,,,,,,,,,,,,,,,,,,,,,,,,,,,,,,,,,,,,,,,,,,,,,,,,checkpoint_10 TEST,run/sthelar40x_klt_5class_slideind_foldA_fullft_lr1e-5_e10_seed42/log/2026-08-19T110413_sthelar40x_klt_5class_slideind_foldA_fullft_lr1e-5_e10_seed42/inference_results.json,"Rows=true, columns=predicted; paired matches only."
klt_confusion,KLT,CellViT-SAM-H,FullFT,Liver,A,,,42,,Immune,Stromal,47462,,,,,,,,,,,,,,,,,,,,,,,,,,,,,,,,,,,,,,,,,,,,,,,,,,,,,,,,checkpoint_10 TEST,run/sthelar40x_klt_5class_slideind_foldA_fullft_lr1e-5_e10_seed42/log/2026-08-19T110413_sthelar40x_klt_5class_slideind_foldA_fullft_lr1e-5_e10_seed42/inference_results.json,"Rows=true, columns=predicted; paired matches only."
klt_confusion,KLT,CellViT-SAM-H,FullFT,Liver,A,,,42,,Immune,Epithelial,697,,,,,,,,,,,,,,,,,,,,,,,,,,,,,,,,,,,,,,,,,,,,,,,,,,,,,,,,checkpoint_10 TEST,run/sthelar40x_klt_5class_slideind_foldA_fullft_lr1e-5_e10_seed42/log/2026-08-19T110413_sthelar40x_klt_5class_slideind_foldA_fullft_lr1e-5_e10_seed42/inference_results.json,"Rows=true, columns=predicted; paired matches only."
klt_confusion,KLT,CellViT-SAM-H,FullFT,Liver,A,,,42,,Immune,Melanocyte,0,,,,,,,,,,,,,,,,,,,,,,,,,,,,,,,,,,,,,,,,,,,,,,,,,,,,,,,,checkpoint_10 TEST,run/sthelar40x_klt_5class_slideind_foldA_fullft_lr1e-5_e10_seed42/log/2026-08-19T110413_sthelar40x_klt_5class_slideind_foldA_fullft_lr1e-5_e10_seed42/inference_results.json,"Rows=true, columns=predicted; paired matches only."
klt_confusion,KLT,CellViT-SAM-H,FullFT,Liver,A,,,42,,Immune,Other,1584,,,,,,,,,,,,,,,,,,,,,,,,,,,,,,,,,,,,,,,,,,,,,,,,,,,,,,,,checkpoint_10 TEST,run/sthelar40x_klt_5class_slideind_foldA_fullft_lr1e-5_e10_seed42/log/2026-08-19T110413_sthelar40x_klt_5class_slideind_foldA_fullft_lr1e-5_e10_seed42/inference_results.json,"Rows=true, columns=predicted; paired matches only."
klt_confusion,KLT,CellViT-SAM-H,FullFT,Liver,A,,,42,,Stromal,Background,15,,,,,,,,,,,,,,,,,,,,,,,,,,,,,,,,,,,,,,,,,,,,,,,,,,,,,,,,checkpoint_10 TEST,run/sthelar40x_klt_5class_slideind_foldA_fullft_lr1e-5_e10_seed42/log/2026-08-19T110413_sthelar40x_klt_5class_slideind_foldA_fullft_lr1e-5_e10_seed42/inference_results.json,"Rows=true, columns=predicted; paired matches only."
klt_confusion,KLT,CellViT-SAM-H,FullFT,Liver,A,,,42,,Stromal,Immune,3215,,,,,,,,,,,,,,,,,,,,,,,,,,,,,,,,,,,,,,,,,,,,,,,,,,,,,,,,checkpoint_10 TEST,run/sthelar40x_klt_5class_slideind_foldA_fullft_lr1e-5_e10_seed42/log/2026-08-19T110413_sthelar40x_klt_5class_slideind_foldA_fullft_lr1e-5_e10_seed42/inference_results.json,"Rows=true, columns=predicted; paired matches only."
klt_confusion,KLT,CellViT-SAM-H,FullFT,Liver,A,,,42,,Stromal,Stromal,54785,,,,,,,,,,,,,,,,,,,,,,,,,,,,,,,,,,,,,,,,,,,,,,,,,,,,,,,,checkpoint_10 TEST,run/sthelar40x_klt_5class_slideind_foldA_fullft_lr1e-5_e10_seed42/log/2026-08-19T110413_sthelar40x_klt_5class_slideind_foldA_fullft_lr1e-5_e10_seed42/inference_results.json,"Rows=true, columns=predicted; paired matches only."
klt_confusion,KLT,CellViT-SAM-H,FullFT,Liver,A,,,42,,Stromal,Epithelial,1143,,,,,,,,,,,,,,,,,,,,,,,,,,,,,,,,,,,,,,,,,,,,,,,,,,,,,,,,checkpoint_10 TEST,run/sthelar40x_klt_5class_slideind_foldA_fullft_lr1e-5_e10_seed42/log/2026-08-19T110413_sthelar40x_klt_5class_slideind_foldA_fullft_lr1e-5_e10_seed42/inference_results.json,"Rows=true, columns=predicted; paired matches only."
klt_confusion,KLT,CellViT-SAM-H,FullFT,Liver,A,,,42,,Stromal,Melanocyte,0,,,,,,,,,,,,,,,,,,,,,,,,,,,,,,,,,,,,,,,,,,,,,,,,,,,,,,,,checkpoint_10 TEST,run/sthelar40x_klt_5class_slideind_foldA_fullft_lr1e-5_e10_seed42/log/2026-08-19T110413_sthelar40x_klt_5class_slideind_foldA_fullft_lr1e-5_e10_seed42/inference_results.json,"Rows=true, columns=predicted; paired matches only."
klt_confusion,KLT,CellViT-SAM-H,FullFT,Liver,A,,,42,,Stromal,Other,1006,,,,,,,,,,,,,,,,,,,,,,,,,,,,,,,,,,,,,,,,,,,,,,,,,,,,,,,,checkpoint_10 TEST,run/sthelar40x_klt_5class_slideind_foldA_fullft_lr1e-5_e10_seed42/log/2026-08-19T110413_sthelar40x_klt_5class_slideind_foldA_fullft_lr1e-5_e10_seed42/inference_results.json,"Rows=true, columns=predicted; paired matches only."
klt_confusion,KLT,CellViT-SAM-H,FullFT,Liver,A,,,42,,Epithelial,Background,163,,,,,,,,,,,,,,,,,,,,,,,,,,,,,,,,,,,,,,,,,,,,,,,,,,,,,,,,checkpoint_10 TEST,run/sthelar40x_klt_5class_slideind_foldA_fullft_lr1e-5_e10_seed42/log/2026-08-19T110413_sthelar40x_klt_5class_slideind_foldA_fullft_lr1e-5_e10_seed42/inference_results.json,"Rows=true, columns=predicted; paired matches only."
klt_confusion,KLT,CellViT-SAM-H,FullFT,Liver,A,,,42,,Epithelial,Immune,96134,,,,,,,,,,,,,,,,,,,,,,,,,,,,,,,,,,,,,,,,,,,,,,,,,,,,,,,,checkpoint_10 TEST,run/sthelar40x_klt_5class_slideind_foldA_fullft_lr1e-5_e10_seed42/log/2026-08-19T110413_sthelar40x_klt_5class_slideind_foldA_fullft_lr1e-5_e10_seed42/inference_results.json,"Rows=true, columns=predicted; paired matches only."
klt_confusion,KLT,CellViT-SAM-H,FullFT,Liver,A,,,42,,Epithelial,Stromal,31604,,,,,,,,,,,,,,,,,,,,,,,,,,,,,,,,,,,,,,,,,,,,,,,,,,,,,,,,checkpoint_10 TEST,run/sthelar40x_klt_5class_slideind_foldA_fullft_lr1e-5_e10_seed42/log/2026-08-19T110413_sthelar40x_klt_5class_slideind_foldA_fullft_lr1e-5_e10_seed42/inference_results.json,"Rows=true, columns=predicted; paired matches only."
klt_confusion,KLT,CellViT-SAM-H,FullFT,Liver,A,,,42,,Epithelial,Epithelial,15535,,,,,,,,,,,,,,,,,,,,,,,,,,,,,,,,,,,,,,,,,,,,,,,,,,,,,,,,checkpoint_10 TEST,run/sthelar40x_klt_5class_slideind_foldA_fullft_lr1e-5_e10_seed42/log/2026-08-19T110413_sthelar40x_klt_5class_slideind_foldA_fullft_lr1e-5_e10_seed42/inference_results.json,"Rows=true, columns=predicted; paired matches only."
klt_confusion,KLT,CellViT-SAM-H,FullFT,Liver,A,,,42,,Epithelial,Melanocyte,0,,,,,,,,,,,,,,,,,,,,,,,,,,,,,,,,,,,,,,,,,,,,,,,,,,,,,,,,checkpoint_10 TEST,run/sthelar40x_klt_5class_slideind_foldA_fullft_lr1e-5_e10_seed42/log/2026-08-19T110413_sthelar40x_klt_5class_slideind_foldA_fullft_lr1e-5_e10_seed42/inference_results.json,"Rows=true, columns=predicted; paired matches only."
klt_confusion,KLT,CellViT-SAM-H,FullFT,Liver,A,,,42,,Epithelial,Other,2405,,,,,,,,,,,,,,,,,,,,,,,,,,,,,,,,,,,,,,,,,,,,,,,,,,,,,,,,checkpoint_10 TEST,run/sthelar40x_klt_5class_slideind_foldA_fullft_lr1e-5_e10_seed42/log/2026-08-19T110413_sthelar40x_klt_5class_slideind_foldA_fullft_lr1e-5_e10_seed42/inference_results.json,"Rows=true, columns=predicted; paired matches only."
klt_confusion,KLT,CellViT-SAM-H,FullFT,Liver,A,,,42,,Melanocyte,Background,0,,,,,,,,,,,,,,,,,,,,,,,,,,,,,,,,,,,,,,,,,,,,,,,,,,,,,,,,checkpoint_10 TEST,run/sthelar40x_klt_5class_slideind_foldA_fullft_lr1e-5_e10_seed42/log/2026-08-19T110413_sthelar40x_klt_5class_slideind_foldA_fullft_lr1e-5_e10_seed42/inference_results.json,"Rows=true, columns=predicted; paired matches only."
klt_confusion,KLT,CellViT-SAM-H,FullFT,Liver,A,,,42,,Melanocyte,Immune,0,,,,,,,,,,,,,,,,,,,,,,,,,,,,,,,,,,,,,,,,,,,,,,,,,,,,,,,,checkpoint_10 TEST,run/sthelar40x_klt_5class_slideind_foldA_fullft_lr1e-5_e10_seed42/log/2026-08-19T110413_sthelar40x_klt_5class_slideind_foldA_fullft_lr1e-5_e10_seed42/inference_results.json,"Rows=true, columns=predicted; paired matches only."
klt_confusion,KLT,CellViT-SAM-H,FullFT,Liver,A,,,42,,Melanocyte,Stromal,0,,,,,,,,,,,,,,,,,,,,,,,,,,,,,,,,,,,,,,,,,,,,,,,,,,,,,,,,checkpoint_10 TEST,run/sthelar40x_klt_5class_slideind_foldA_fullft_lr1e-5_e10_seed42/log/2026-08-19T110413_sthelar40x_klt_5class_slideind_foldA_fullft_lr1e-5_e10_seed42/inference_results.json,"Rows=true, columns=predicted; paired matches only."
klt_confusion,KLT,CellViT-SAM-H,FullFT,Liver,A,,,42,,Melanocyte,Epithelial,0,,,,,,,,,,,,,,,,,,,,,,,,,,,,,,,,,,,,,,,,,,,,,,,,,,,,,,,,checkpoint_10 TEST,run/sthelar40x_klt_5class_slideind_foldA_fullft_lr1e-5_e10_seed42/log/2026-08-19T110413_sthelar40x_klt_5class_slideind_foldA_fullft_lr1e-5_e10_seed42/inference_results.json,"Rows=true, columns=predicted; paired matches only."
klt_confusion,KLT,CellViT-SAM-H,FullFT,Liver,A,,,42,,Melanocyte,Melanocyte,0,,,,,,,,,,,,,,,,,,,,,,,,,,,,,,,,,,,,,,,,,,,,,,,,,,,,,,,,checkpoint_10 TEST,run/sthelar40x_klt_5class_slideind_foldA_fullft_lr1e-5_e10_seed42/log/2026-08-19T110413_sthelar40x_klt_5class_slideind_foldA_fullft_lr1e-5_e10_seed42/inference_results.json,"Rows=true, columns=predicted; paired matches only."
klt_confusion,KLT,CellViT-SAM-H,FullFT,Liver,A,,,42,,Melanocyte,Other,0,,,,,,,,,,,,,,,,,,,,,,,,,,,,,,,,,,,,,,,,,,,,,,,,,,,,,,,,checkpoint_10 TEST,run/sthelar40x_klt_5class_slideind_foldA_fullft_lr1e-5_e10_seed42/log/2026-08-19T110413_sthelar40x_klt_5class_slideind_foldA_fullft_lr1e-5_e10_seed42/inference_results.json,"Rows=true, columns=predicted; paired matches only."
klt_confusion,KLT,CellViT-SAM-H,FullFT,Liver,A,,,42,,Other,Background,0,,,,,,,,,,,,,,,,,,,,,,,,,,,,,,,,,,,,,,,,,,,,,,,,,,,,,,,,checkpoint_10 TEST,run/sthelar40x_klt_5class_slideind_foldA_fullft_lr1e-5_e10_seed42/log/2026-08-19T110413_sthelar40x_klt_5class_slideind_foldA_fullft_lr1e-5_e10_seed42/inference_results.json,"Rows=true, columns=predicted; paired matches only."
klt_confusion,KLT,CellViT-SAM-H,FullFT,Liver,A,,,42,,Other,Immune,63,,,,,,,,,,,,,,,,,,,,,,,,,,,,,,,,,,,,,,,,,,,,,,,,,,,,,,,,checkpoint_10 TEST,run/sthelar40x_klt_5class_slideind_foldA_fullft_lr1e-5_e10_seed42/log/2026-08-19T110413_sthelar40x_klt_5class_slideind_foldA_fullft_lr1e-5_e10_seed42/inference_results.json,"Rows=true, columns=predicted; paired matches only."
klt_confusion,KLT,CellViT-SAM-H,FullFT,Liver,A,,,42,,Other,Stromal,408,,,,,,,,,,,,,,,,,,,,,,,,,,,,,,,,,,,,,,,,,,,,,,,,,,,,,,,,checkpoint_10 TEST,run/sthelar40x_klt_5class_slideind_foldA_fullft_lr1e-5_e10_seed42/log/2026-08-19T110413_sthelar40x_klt_5class_slideind_foldA_fullft_lr1e-5_e10_seed42/inference_results.json,"Rows=true, columns=predicted; paired matches only."
klt_confusion,KLT,CellViT-SAM-H,FullFT,Liver,A,,,42,,Other,Epithelial,7,,,,,,,,,,,,,,,,,,,,,,,,,,,,,,,,,,,,,,,,,,,,,,,,,,,,,,,,checkpoint_10 TEST,run/sthelar40x_klt_5class_slideind_foldA_fullft_lr1e-5_e10_seed42/log/2026-08-19T110413_sthelar40x_klt_5class_slideind_foldA_fullft_lr1e-5_e10_seed42/inference_results.json,"Rows=true, columns=predicted; paired matches only."
klt_confusion,KLT,CellViT-SAM-H,FullFT,Liver,A,,,42,,Other,Melanocyte,0,,,,,,,,,,,,,,,,,,,,,,,,,,,,,,,,,,,,,,,,,,,,,,,,,,,,,,,,checkpoint_10 TEST,run/sthelar40x_klt_5class_slideind_foldA_fullft_lr1e-5_e10_seed42/log/2026-08-19T110413_sthelar40x_klt_5class_slideind_foldA_fullft_lr1e-5_e10_seed42/inference_results.json,"Rows=true, columns=predicted; paired matches only."
klt_confusion,KLT,CellViT-SAM-H,FullFT,Liver,A,,,42,,Other,Other,97,,,,,,,,,,,,,,,,,,,,,,,,,,,,,,,,,,,,,,,,,,,,,,,,,,,,,,,,checkpoint_10 TEST,run/sthelar40x_klt_5class_slideind_foldA_fullft_lr1e-5_e10_seed42/log/2026-08-19T110413_sthelar40x_klt_5class_slideind_foldA_fullft_lr1e-5_e10_seed42/inference_results.json,"Rows=true, columns=predicted; paired matches only."
klt_seed_metric,KLT,CellViT-SAM-H,FullFT,Tonsil,A,,,42,,,,,9879,,,,,,,,,,,,,,,,,0.7223170214013326,0.6036704869213255,0.43584843229441084,0.22633457702677864,0.8147326439440384,0.5581770018699831,,,,,,,,,,,,,,,,,,,,,,,,,,,,,,,,,checkpoint_10 TEST,run/sthelar40x_klt_5class_slideind_foldA_fullft_lr1e-5_e10_seed42/log/2026-08-19T110413_sthelar40x_klt_5class_slideind_foldA_fullft_lr1e-5_e10_seed42/inference_results.json,
klt_per_class,KLT,CellViT-SAM-H,FullFT,Tonsil,A,,,42,Immune,,,,,,,,,,,,,,,,,,,,,,,,,,,,,,,,,,,,,,,,,,,,,0.848636816957528,,,423518,519891,487284,0.6768293953338491,,,,,,,,checkpoint_10 TEST,run/sthelar40x_klt_5class_slideind_foldA_fullft_lr1e-5_e10_seed42/log/2026-08-19T110413_sthelar40x_klt_5class_slideind_foldA_fullft_lr1e-5_e10_seed42/inference_results.json,
klt_per_class,KLT,CellViT-SAM-H,FullFT,Tonsil,A,,,42,Stromal,,,,,,,,,,,,,,,,,,,,,,,,,,,,,,,,,,,,,,,,,,,,,0.5243143137271333,,,116661,160792,142512,0.19794680471309853,,,,,,,,checkpoint_10 TEST,run/sthelar40x_klt_5class_slideind_foldA_fullft_lr1e-5_e10_seed42/log/2026-08-19T110413_sthelar40x_klt_5class_slideind_foldA_fullft_lr1e-5_e10_seed42/inference_results.json,
klt_per_class,KLT,CellViT-SAM-H,FullFT,Tonsil,A,,,42,Epithelial,,,,,,,,,,,,,,,,,,,,,,,,,,,,,,,,,,,,,,,,,,,,,0.7176063701439717,,,64307,82875,84134,0.11686073079973498,,,,,,,,checkpoint_10 TEST,run/sthelar40x_klt_5class_slideind_foldA_fullft_lr1e-5_e10_seed42/log/2026-08-19T110413_sthelar40x_klt_5class_slideind_foldA_fullft_lr1e-5_e10_seed42/inference_results.json,
klt_per_class,KLT,CellViT-SAM-H,FullFT,Tonsil,A,,,42,Melanocyte,,,,,,,,,,,,,,,,,,,,,,,,,,,,,,,,,,,,,,,,,,,,,,,,0,0,0,0.0,,,,,,,,checkpoint_10 TEST,run/sthelar40x_klt_5class_slideind_foldA_fullft_lr1e-5_e10_seed42/log/2026-08-19T110413_sthelar40x_klt_5class_slideind_foldA_fullft_lr1e-5_e10_seed42/inference_results.json,
klt_per_class,KLT,CellViT-SAM-H,FullFT,Tonsil,A,,,42,Other,,,,,,,,,,,,,,,,,,,,,,,,,,,,,,,,,,,,,,,,,,,,,0.14215050665129905,,,15777,38527,6021,0.008363069153317379,,,,,,,,checkpoint_10 TEST,run/sthelar40x_klt_5class_slideind_foldA_fullft_lr1e-5_e10_seed42/log/2026-08-19T110413_sthelar40x_klt_5class_slideind_foldA_fullft_lr1e-5_e10_seed42/inference_results.json,
klt_confusion,KLT,CellViT-SAM-H,FullFT,Tonsil,A,,,42,,Background,Background,3,,,,,,,,,,,,,,,,,,,,,,,,,,,,,,,,,,,,,,,,,,,,,,,,,,,,,,,,checkpoint_10 TEST,run/sthelar40x_klt_5class_slideind_foldA_fullft_lr1e-5_e10_seed42/log/2026-08-19T110413_sthelar40x_klt_5class_slideind_foldA_fullft_lr1e-5_e10_seed42/inference_results.json,"Rows=true, columns=predicted; paired matches only."
klt_confusion,KLT,CellViT-SAM-H,FullFT,Tonsil,A,,,42,,Background,Immune,0,,,,,,,,,,,,,,,,,,,,,,,,,,,,,,,,,,,,,,,,,,,,,,,,,,,,,,,,checkpoint_10 TEST,run/sthelar40x_klt_5class_slideind_foldA_fullft_lr1e-5_e10_seed42/log/2026-08-19T110413_sthelar40x_klt_5class_slideind_foldA_fullft_lr1e-5_e10_seed42/inference_results.json,"Rows=true, columns=predicted; paired matches only."
klt_confusion,KLT,CellViT-SAM-H,FullFT,Tonsil,A,,,42,,Background,Stromal,0,,,,,,,,,,,,,,,,,,,,,,,,,,,,,,,,,,,,,,,,,,,,,,,,,,,,,,,,checkpoint_10 TEST,run/sthelar40x_klt_5class_slideind_foldA_fullft_lr1e-5_e10_seed42/log/2026-08-19T110413_sthelar40x_klt_5class_slideind_foldA_fullft_lr1e-5_e10_seed42/inference_results.json,"Rows=true, columns=predicted; paired matches only."
klt_confusion,KLT,CellViT-SAM-H,FullFT,Tonsil,A,,,42,,Background,Epithelial,0,,,,,,,,,,,,,,,,,,,,,,,,,,,,,,,,,,,,,,,,,,,,,,,,,,,,,,,,checkpoint_10 TEST,run/sthelar40x_klt_5class_slideind_foldA_fullft_lr1e-5_e10_seed42/log/2026-08-19T110413_sthelar40x_klt_5class_slideind_foldA_fullft_lr1e-5_e10_seed42/inference_results.json,"Rows=true, columns=predicted; paired matches only."
klt_confusion,KLT,CellViT-SAM-H,FullFT,Tonsil,A,,,42,,Background,Melanocyte,0,,,,,,,,,,,,,,,,,,,,,,,,,,,,,,,,,,,,,,,,,,,,,,,,,,,,,,,,checkpoint_10 TEST,run/sthelar40x_klt_5class_slideind_foldA_fullft_lr1e-5_e10_seed42/log/2026-08-19T110413_sthelar40x_klt_5class_slideind_foldA_fullft_lr1e-5_e10_seed42/inference_results.json,"Rows=true, columns=predicted; paired matches only."
klt_confusion,KLT,CellViT-SAM-H,FullFT,Tonsil,A,,,42,,Background,Other,0,,,,,,,,,,,,,,,,,,,,,,,,,,,,,,,,,,,,,,,,,,,,,,,,,,,,,,,,checkpoint_10 TEST,run/sthelar40x_klt_5class_slideind_foldA_fullft_lr1e-5_e10_seed42/log/2026-08-19T110413_sthelar40x_klt_5class_slideind_foldA_fullft_lr1e-5_e10_seed42/inference_results.json,"Rows=true, columns=predicted; paired matches only."
klt_confusion,KLT,CellViT-SAM-H,FullFT,Tonsil,A,,,42,,Immune,Background,139,,,,,,,,,,,,,,,,,,,,,,,,,,,,,,,,,,,,,,,,,,,,,,,,,,,,,,,,checkpoint_10 TEST,run/sthelar40x_klt_5class_slideind_foldA_fullft_lr1e-5_e10_seed42/log/2026-08-19T110413_sthelar40x_klt_5class_slideind_foldA_fullft_lr1e-5_e10_seed42/inference_results.json,"Rows=true, columns=predicted; paired matches only."
klt_confusion,KLT,CellViT-SAM-H,FullFT,Tonsil,A,,,42,,Immune,Immune,358241,,,,,,,,,,,,,,,,,,,,,,,,,,,,,,,,,,,,,,,,,,,,,,,,,,,,,,,,checkpoint_10 TEST,run/sthelar40x_klt_5class_slideind_foldA_fullft_lr1e-5_e10_seed42/log/2026-08-19T110413_sthelar40x_klt_5class_slideind_foldA_fullft_lr1e-5_e10_seed42/inference_results.json,"Rows=true, columns=predicted; paired matches only."
klt_confusion,KLT,CellViT-SAM-H,FullFT,Tonsil,A,,,42,,Immune,Stromal,45019,,,,,,,,,,,,,,,,,,,,,,,,,,,,,,,,,,,,,,,,,,,,,,,,,,,,,,,,checkpoint_10 TEST,run/sthelar40x_klt_5class_slideind_foldA_fullft_lr1e-5_e10_seed42/log/2026-08-19T110413_sthelar40x_klt_5class_slideind_foldA_fullft_lr1e-5_e10_seed42/inference_results.json,"Rows=true, columns=predicted; paired matches only."
klt_confusion,KLT,CellViT-SAM-H,FullFT,Tonsil,A,,,42,,Immune,Epithelial,18794,,,,,,,,,,,,,,,,,,,,,,,,,,,,,,,,,,,,,,,,,,,,,,,,,,,,,,,,checkpoint_10 TEST,run/sthelar40x_klt_5class_slideind_foldA_fullft_lr1e-5_e10_seed42/log/2026-08-19T110413_sthelar40x_klt_5class_slideind_foldA_fullft_lr1e-5_e10_seed42/inference_results.json,"Rows=true, columns=predicted; paired matches only."
klt_confusion,KLT,CellViT-SAM-H,FullFT,Tonsil,A,,,42,,Immune,Melanocyte,0,,,,,,,,,,,,,,,,,,,,,,,,,,,,,,,,,,,,,,,,,,,,,,,,,,,,,,,,checkpoint_10 TEST,run/sthelar40x_klt_5class_slideind_foldA_fullft_lr1e-5_e10_seed42/log/2026-08-19T110413_sthelar40x_klt_5class_slideind_foldA_fullft_lr1e-5_e10_seed42/inference_results.json,"Rows=true, columns=predicted; paired matches only."
klt_confusion,KLT,CellViT-SAM-H,FullFT,Tonsil,A,,,42,,Immune,Other,1464,,,,,,,,,,,,,,,,,,,,,,,,,,,,,,,,,,,,,,,,,,,,,,,,,,,,,,,,checkpoint_10 TEST,run/sthelar40x_klt_5class_slideind_foldA_fullft_lr1e-5_e10_seed42/log/2026-08-19T110413_sthelar40x_klt_5class_slideind_foldA_fullft_lr1e-5_e10_seed42/inference_results.json,"Rows=true, columns=predicted; paired matches only."
klt_confusion,KLT,CellViT-SAM-H,FullFT,Tonsil,A,,,42,,Stromal,Background,107,,,,,,,,,,,,,,,,,,,,,,,,,,,,,,,,,,,,,,,,,,,,,,,,,,,,,,,,checkpoint_10 TEST,run/sthelar40x_klt_5class_slideind_foldA_fullft_lr1e-5_e10_seed42/log/2026-08-19T110413_sthelar40x_klt_5class_slideind_foldA_fullft_lr1e-5_e10_seed42/inference_results.json,"Rows=true, columns=predicted; paired matches only."
klt_confusion,KLT,CellViT-SAM-H,FullFT,Tonsil,A,,,42,,Stromal,Immune,48415,,,,,,,,,,,,,,,,,,,,,,,,,,,,,,,,,,,,,,,,,,,,,,,,,,,,,,,,checkpoint_10 TEST,run/sthelar40x_klt_5class_slideind_foldA_fullft_lr1e-5_e10_seed42/log/2026-08-19T110413_sthelar40x_klt_5class_slideind_foldA_fullft_lr1e-5_e10_seed42/inference_results.json,"Rows=true, columns=predicted; paired matches only."
klt_confusion,KLT,CellViT-SAM-H,FullFT,Tonsil,A,,,42,,Stromal,Stromal,62568,,,,,,,,,,,,,,,,,,,,,,,,,,,,,,,,,,,,,,,,,,,,,,,,,,,,,,,,checkpoint_10 TEST,run/sthelar40x_klt_5class_slideind_foldA_fullft_lr1e-5_e10_seed42/log/2026-08-19T110413_sthelar40x_klt_5class_slideind_foldA_fullft_lr1e-5_e10_seed42/inference_results.json,"Rows=true, columns=predicted; paired matches only."
klt_confusion,KLT,CellViT-SAM-H,FullFT,Tonsil,A,,,42,,Stromal,Epithelial,4051,,,,,,,,,,,,,,,,,,,,,,,,,,,,,,,,,,,,,,,,,,,,,,,,,,,,,,,,checkpoint_10 TEST,run/sthelar40x_klt_5class_slideind_foldA_fullft_lr1e-5_e10_seed42/log/2026-08-19T110413_sthelar40x_klt_5class_slideind_foldA_fullft_lr1e-5_e10_seed42/inference_results.json,"Rows=true, columns=predicted; paired matches only."
klt_confusion,KLT,CellViT-SAM-H,FullFT,Tonsil,A,,,42,,Stromal,Melanocyte,0,,,,,,,,,,,,,,,,,,,,,,,,,,,,,,,,,,,,,,,,,,,,,,,,,,,,,,,,checkpoint_10 TEST,run/sthelar40x_klt_5class_slideind_foldA_fullft_lr1e-5_e10_seed42/log/2026-08-19T110413_sthelar40x_klt_5class_slideind_foldA_fullft_lr1e-5_e10_seed42/inference_results.json,"Rows=true, columns=predicted; paired matches only."
klt_confusion,KLT,CellViT-SAM-H,FullFT,Tonsil,A,,,42,,Stromal,Other,1627,,,,,,,,,,,,,,,,,,,,,,,,,,,,,,,,,,,,,,,,,,,,,,,,,,,,,,,,checkpoint_10 TEST,run/sthelar40x_klt_5class_slideind_foldA_fullft_lr1e-5_e10_seed42/log/2026-08-19T110413_sthelar40x_klt_5class_slideind_foldA_fullft_lr1e-5_e10_seed42/inference_results.json,"Rows=true, columns=predicted; paired matches only."
klt_confusion,KLT,CellViT-SAM-H,FullFT,Tonsil,A,,,42,,Epithelial,Background,82,,,,,,,,,,,,,,,,,,,,,,,,,,,,,,,,,,,,,,,,,,,,,,,,,,,,,,,,checkpoint_10 TEST,run/sthelar40x_klt_5class_slideind_foldA_fullft_lr1e-5_e10_seed42/log/2026-08-19T110413_sthelar40x_klt_5class_slideind_foldA_fullft_lr1e-5_e10_seed42/inference_results.json,"Rows=true, columns=predicted; paired matches only."
klt_confusion,KLT,CellViT-SAM-H,FullFT,Tonsil,A,,,42,,Epithelial,Immune,8624,,,,,,,,,,,,,,,,,,,,,,,,,,,,,,,,,,,,,,,,,,,,,,,,,,,,,,,,checkpoint_10 TEST,run/sthelar40x_klt_5class_slideind_foldA_fullft_lr1e-5_e10_seed42/log/2026-08-19T110413_sthelar40x_klt_5class_slideind_foldA_fullft_lr1e-5_e10_seed42/inference_results.json,"Rows=true, columns=predicted; paired matches only."
klt_confusion,KLT,CellViT-SAM-H,FullFT,Tonsil,A,,,42,,Epithelial,Stromal,6137,,,,,,,,,,,,,,,,,,,,,,,,,,,,,,,,,,,,,,,,,,,,,,,,,,,,,,,,checkpoint_10 TEST,run/sthelar40x_klt_5class_slideind_foldA_fullft_lr1e-5_e10_seed42/log/2026-08-19T110413_sthelar40x_klt_5class_slideind_foldA_fullft_lr1e-5_e10_seed42/inference_results.json,"Rows=true, columns=predicted; paired matches only."
klt_confusion,KLT,CellViT-SAM-H,FullFT,Tonsil,A,,,42,,Epithelial,Epithelial,49071,,,,,,,,,,,,,,,,,,,,,,,,,,,,,,,,,,,,,,,,,,,,,,,,,,,,,,,,checkpoint_10 TEST,run/sthelar40x_klt_5class_slideind_foldA_fullft_lr1e-5_e10_seed42/log/2026-08-19T110413_sthelar40x_klt_5class_slideind_foldA_fullft_lr1e-5_e10_seed42/inference_results.json,"Rows=true, columns=predicted; paired matches only."
klt_confusion,KLT,CellViT-SAM-H,FullFT,Tonsil,A,,,42,,Epithelial,Melanocyte,0,,,,,,,,,,,,,,,,,,,,,,,,,,,,,,,,,,,,,,,,,,,,,,,,,,,,,,,,checkpoint_10 TEST,run/sthelar40x_klt_5class_slideind_foldA_fullft_lr1e-5_e10_seed42/log/2026-08-19T110413_sthelar40x_klt_5class_slideind_foldA_fullft_lr1e-5_e10_seed42/inference_results.json,"Rows=true, columns=predicted; paired matches only."
klt_confusion,KLT,CellViT-SAM-H,FullFT,Tonsil,A,,,42,,Epithelial,Other,475,,,,,,,,,,,,,,,,,,,,,,,,,,,,,,,,,,,,,,,,,,,,,,,,,,,,,,,,checkpoint_10 TEST,run/sthelar40x_klt_5class_slideind_foldA_fullft_lr1e-5_e10_seed42/log/2026-08-19T110413_sthelar40x_klt_5class_slideind_foldA_fullft_lr1e-5_e10_seed42/inference_results.json,"Rows=true, columns=predicted; paired matches only."
klt_confusion,KLT,CellViT-SAM-H,FullFT,Tonsil,A,,,42,,Melanocyte,Background,0,,,,,,,,,,,,,,,,,,,,,,,,,,,,,,,,,,,,,,,,,,,,,,,,,,,,,,,,checkpoint_10 TEST,run/sthelar40x_klt_5class_slideind_foldA_fullft_lr1e-5_e10_seed42/log/2026-08-19T110413_sthelar40x_klt_5class_slideind_foldA_fullft_lr1e-5_e10_seed42/inference_results.json,"Rows=true, columns=predicted; paired matches only."
klt_confusion,KLT,CellViT-SAM-H,FullFT,Tonsil,A,,,42,,Melanocyte,Immune,0,,,,,,,,,,,,,,,,,,,,,,,,,,,,,,,,,,,,,,,,,,,,,,,,,,,,,,,,checkpoint_10 TEST,run/sthelar40x_klt_5class_slideind_foldA_fullft_lr1e-5_e10_seed42/log/2026-08-19T110413_sthelar40x_klt_5class_slideind_foldA_fullft_lr1e-5_e10_seed42/inference_results.json,"Rows=true, columns=predicted; paired matches only."
klt_confusion,KLT,CellViT-SAM-H,FullFT,Tonsil,A,,,42,,Melanocyte,Stromal,0,,,,,,,,,,,,,,,,,,,,,,,,,,,,,,,,,,,,,,,,,,,,,,,,,,,,,,,,checkpoint_10 TEST,run/sthelar40x_klt_5class_slideind_foldA_fullft_lr1e-5_e10_seed42/log/2026-08-19T110413_sthelar40x_klt_5class_slideind_foldA_fullft_lr1e-5_e10_seed42/inference_results.json,"Rows=true, columns=predicted; paired matches only."
klt_confusion,KLT,CellViT-SAM-H,FullFT,Tonsil,A,,,42,,Melanocyte,Epithelial,0,,,,,,,,,,,,,,,,,,,,,,,,,,,,,,,,,,,,,,,,,,,,,,,,,,,,,,,,checkpoint_10 TEST,run/sthelar40x_klt_5class_slideind_foldA_fullft_lr1e-5_e10_seed42/log/2026-08-19T110413_sthelar40x_klt_5class_slideind_foldA_fullft_lr1e-5_e10_seed42/inference_results.json,"Rows=true, columns=predicted; paired matches only."
klt_confusion,KLT,CellViT-SAM-H,FullFT,Tonsil,A,,,42,,Melanocyte,Melanocyte,0,,,,,,,,,,,,,,,,,,,,,,,,,,,,,,,,,,,,,,,,,,,,,,,,,,,,,,,,checkpoint_10 TEST,run/sthelar40x_klt_5class_slideind_foldA_fullft_lr1e-5_e10_seed42/log/2026-08-19T110413_sthelar40x_klt_5class_slideind_foldA_fullft_lr1e-5_e10_seed42/inference_results.json,"Rows=true, columns=predicted; paired matches only."
klt_confusion,KLT,CellViT-SAM-H,FullFT,Tonsil,A,,,42,,Melanocyte,Other,0,,,,,,,,,,,,,,,,,,,,,,,,,,,,,,,,,,,,,,,,,,,,,,,,,,,,,,,,checkpoint_10 TEST,run/sthelar40x_klt_5class_slideind_foldA_fullft_lr1e-5_e10_seed42/log/2026-08-19T110413_sthelar40x_klt_5class_slideind_foldA_fullft_lr1e-5_e10_seed42/inference_results.json,"Rows=true, columns=predicted; paired matches only."
klt_confusion,KLT,CellViT-SAM-H,FullFT,Tonsil,A,,,42,,Other,Background,18,,,,,,,,,,,,,,,,,,,,,,,,,,,,,,,,,,,,,,,,,,,,,,,,,,,,,,,,checkpoint_10 TEST,run/sthelar40x_klt_5class_slideind_foldA_fullft_lr1e-5_e10_seed42/log/2026-08-19T110413_sthelar40x_klt_5class_slideind_foldA_fullft_lr1e-5_e10_seed42/inference_results.json,"Rows=true, columns=predicted; paired matches only."
klt_confusion,KLT,CellViT-SAM-H,FullFT,Tonsil,A,,,42,,Other,Immune,5476,,,,,,,,,,,,,,,,,,,,,,,,,,,,,,,,,,,,,,,,,,,,,,,,,,,,,,,,checkpoint_10 TEST,run/sthelar40x_klt_5class_slideind_foldA_fullft_lr1e-5_e10_seed42/log/2026-08-19T110413_sthelar40x_klt_5class_slideind_foldA_fullft_lr1e-5_e10_seed42/inference_results.json,"Rows=true, columns=predicted; paired matches only."
klt_confusion,KLT,CellViT-SAM-H,FullFT,Tonsil,A,,,42,,Other,Stromal,8281,,,,,,,,,,,,,,,,,,,,,,,,,,,,,,,,,,,,,,,,,,,,,,,,,,,,,,,,checkpoint_10 TEST,run/sthelar40x_klt_5class_slideind_foldA_fullft_lr1e-5_e10_seed42/log/2026-08-19T110413_sthelar40x_klt_5class_slideind_foldA_fullft_lr1e-5_e10_seed42/inference_results.json,"Rows=true, columns=predicted; paired matches only."
klt_confusion,KLT,CellViT-SAM-H,FullFT,Tonsil,A,,,42,,Other,Epithelial,540,,,,,,,,,,,,,,,,,,,,,,,,,,,,,,,,,,,,,,,,,,,,,,,,,,,,,,,,checkpoint_10 TEST,run/sthelar40x_klt_5class_slideind_foldA_fullft_lr1e-5_e10_seed42/log/2026-08-19T110413_sthelar40x_klt_5class_slideind_foldA_fullft_lr1e-5_e10_seed42/inference_results.json,"Rows=true, columns=predicted; paired matches only."
klt_confusion,KLT,CellViT-SAM-H,FullFT,Tonsil,A,,,42,,Other,Melanocyte,0,,,,,,,,,,,,,,,,,,,,,,,,,,,,,,,,,,,,,,,,,,,,,,,,,,,,,,,,checkpoint_10 TEST,run/sthelar40x_klt_5class_slideind_foldA_fullft_lr1e-5_e10_seed42/log/2026-08-19T110413_sthelar40x_klt_5class_slideind_foldA_fullft_lr1e-5_e10_seed42/inference_results.json,"Rows=true, columns=predicted; paired matches only."
klt_confusion,KLT,CellViT-SAM-H,FullFT,Tonsil,A,,,42,,Other,Other,1480,,,,,,,,,,,,,,,,,,,,,,,,,,,,,,,,,,,,,,,,,,,,,,,,,,,,,,,,checkpoint_10 TEST,run/sthelar40x_klt_5class_slideind_foldA_fullft_lr1e-5_e10_seed42/log/2026-08-19T110413_sthelar40x_klt_5class_slideind_foldA_fullft_lr1e-5_e10_seed42/inference_results.json,"Rows=true, columns=predicted; paired matches only."
klt_seed_metric,KLT,CellViT-SAM-H,FullFT,Pooled KLT,A,,,42,,,,,23494,,,,,,,,,,,,,,,,,0.7909626248769975,0.6798806172553378,0.5225698997832955,0.17899682801735997,0.8316423191174487,0.44319544170474556,,,,,,,,,,,,,,,,,,,,,,,,,,,,,,,,,checkpoint_10 TEST,run/sthelar40x_klt_5class_slideind_foldA_fullft_lr1e-5_e10_seed42/log/2026-08-19T110413_sthelar40x_klt_5class_slideind_foldA_fullft_lr1e-5_e10_seed42/inference_results.json,
klt_per_class,KLT,CellViT-SAM-H,FullFT,Pooled KLT,A,,,42,Immune,,,,,,,,,,,,,,,,,,,,,,,,,,,,,,,,,,,,,,,,,,,,,0.7038960724603005,,,531621,644531,622708,0.5613709282649831,,,,,,,,checkpoint_10 TEST,run/sthelar40x_klt_5class_slideind_foldA_fullft_lr1e-5_e10_seed42/log/2026-08-19T110413_sthelar40x_klt_5class_slideind_foldA_fullft_lr1e-5_e10_seed42/inference_results.json,
klt_per_class,KLT,CellViT-SAM-H,FullFT,Pooled KLT,A,,,42,Stromal,,,,,,,,,,,,,,,,,,,,,,,,,,,,,,,,,,,,,,,,,,,,,0.5290465580466973,,,197957,260164,360652,0.3251275847116509,,,,,,,,checkpoint_10 TEST,run/sthelar40x_klt_5class_slideind_foldA_fullft_lr1e-5_e10_seed42/log/2026-08-19T110413_sthelar40x_klt_5class_slideind_foldA_fullft_lr1e-5_e10_seed42/inference_results.json,
klt_per_class,KLT,CellViT-SAM-H,FullFT,Pooled KLT,A,,,42,Epithelial,,,,,,,,,,,,,,,,,,,,,,,,,,,,,,,,,,,,,,,,,,,,,0.4148635965559347,,,223062,276562,109409,0.09863215486318394,,,,,,,,checkpoint_10 TEST,run/sthelar40x_klt_5class_slideind_foldA_fullft_lr1e-5_e10_seed42/log/2026-08-19T110413_sthelar40x_klt_5class_slideind_foldA_fullft_lr1e-5_e10_seed42/inference_results.json,
klt_per_class,KLT,CellViT-SAM-H,FullFT,Pooled KLT,A,,,42,Melanocyte,,,,,,,,,,,,,,,,,,,,,,,,,,,,,,,,,,,,,,,,,,,,,,,,0,0,0,0.0,,,,,,,,checkpoint_10 TEST,run/sthelar40x_klt_5class_slideind_foldA_fullft_lr1e-5_e10_seed42/log/2026-08-19T110413_sthelar40x_klt_5class_slideind_foldA_fullft_lr1e-5_e10_seed42/inference_results.json,
klt_per_class,KLT,CellViT-SAM-H,FullFT,Pooled KLT,A,,,42,Other,,,,,,,,,,,,,,,,,,,,,,,,,,,,,,,,,,,,,,,,,,,,,0.12497553975604983,,,17562,41757,16494,0.014869332160182032,,,,,,,,checkpoint_10 TEST,run/sthelar40x_klt_5class_slideind_foldA_fullft_lr1e-5_e10_seed42/log/2026-08-19T110413_sthelar40x_klt_5class_slideind_foldA_fullft_lr1e-5_e10_seed42/inference_results.json,
klt_confusion,KLT,CellViT-SAM-H,FullFT,Pooled KLT,A,,,42,,Background,Background,10,,,,,,,,,,,,,,,,,,,,,,,,,,,,,,,,,,,,,,,,,,,,,,,,,,,,,,,,checkpoint_10 TEST,run/sthelar40x_klt_5class_slideind_foldA_fullft_lr1e-5_e10_seed42/log/2026-08-19T110413_sthelar40x_klt_5class_slideind_foldA_fullft_lr1e-5_e10_seed42/inference_results.json,"Rows=true, columns=predicted; paired matches only."
klt_confusion,KLT,CellViT-SAM-H,FullFT,Pooled KLT,A,,,42,,Background,Immune,0,,,,,,,,,,,,,,,,,,,,,,,,,,,,,,,,,,,,,,,,,,,,,,,,,,,,,,,,checkpoint_10 TEST,run/sthelar40x_klt_5class_slideind_foldA_fullft_lr1e-5_e10_seed42/log/2026-08-19T110413_sthelar40x_klt_5class_slideind_foldA_fullft_lr1e-5_e10_seed42/inference_results.json,"Rows=true, columns=predicted; paired matches only."
klt_confusion,KLT,CellViT-SAM-H,FullFT,Pooled KLT,A,,,42,,Background,Stromal,0,,,,,,,,,,,,,,,,,,,,,,,,,,,,,,,,,,,,,,,,,,,,,,,,,,,,,,,,checkpoint_10 TEST,run/sthelar40x_klt_5class_slideind_foldA_fullft_lr1e-5_e10_seed42/log/2026-08-19T110413_sthelar40x_klt_5class_slideind_foldA_fullft_lr1e-5_e10_seed42/inference_results.json,"Rows=true, columns=predicted; paired matches only."
klt_confusion,KLT,CellViT-SAM-H,FullFT,Pooled KLT,A,,,42,,Background,Epithelial,0,,,,,,,,,,,,,,,,,,,,,,,,,,,,,,,,,,,,,,,,,,,,,,,,,,,,,,,,checkpoint_10 TEST,run/sthelar40x_klt_5class_slideind_foldA_fullft_lr1e-5_e10_seed42/log/2026-08-19T110413_sthelar40x_klt_5class_slideind_foldA_fullft_lr1e-5_e10_seed42/inference_results.json,"Rows=true, columns=predicted; paired matches only."
klt_confusion,KLT,CellViT-SAM-H,FullFT,Pooled KLT,A,,,42,,Background,Melanocyte,0,,,,,,,,,,,,,,,,,,,,,,,,,,,,,,,,,,,,,,,,,,,,,,,,,,,,,,,,checkpoint_10 TEST,run/sthelar40x_klt_5class_slideind_foldA_fullft_lr1e-5_e10_seed42/log/2026-08-19T110413_sthelar40x_klt_5class_slideind_foldA_fullft_lr1e-5_e10_seed42/inference_results.json,"Rows=true, columns=predicted; paired matches only."
klt_confusion,KLT,CellViT-SAM-H,FullFT,Pooled KLT,A,,,42,,Background,Other,0,,,,,,,,,,,,,,,,,,,,,,,,,,,,,,,,,,,,,,,,,,,,,,,,,,,,,,,,checkpoint_10 TEST,run/sthelar40x_klt_5class_slideind_foldA_fullft_lr1e-5_e10_seed42/log/2026-08-19T110413_sthelar40x_klt_5class_slideind_foldA_fullft_lr1e-5_e10_seed42/inference_results.json,"Rows=true, columns=predicted; paired matches only."
klt_confusion,KLT,CellViT-SAM-H,FullFT,Pooled KLT,A,,,42,,Immune,Background,165,,,,,,,,,,,,,,,,,,,,,,,,,,,,,,,,,,,,,,,,,,,,,,,,,,,,,,,,checkpoint_10 TEST,run/sthelar40x_klt_5class_slideind_foldA_fullft_lr1e-5_e10_seed42/log/2026-08-19T110413_sthelar40x_klt_5class_slideind_foldA_fullft_lr1e-5_e10_seed42/inference_results.json,"Rows=true, columns=predicted; paired matches only."
klt_confusion,KLT,CellViT-SAM-H,FullFT,Pooled KLT,A,,,42,,Immune,Immune,378039,,,,,,,,,,,,,,,,,,,,,,,,,,,,,,,,,,,,,,,,,,,,,,,,,,,,,,,,checkpoint_10 TEST,run/sthelar40x_klt_5class_slideind_foldA_fullft_lr1e-5_e10_seed42/log/2026-08-19T110413_sthelar40x_klt_5class_slideind_foldA_fullft_lr1e-5_e10_seed42/inference_results.json,"Rows=true, columns=predicted; paired matches only."
klt_confusion,KLT,CellViT-SAM-H,FullFT,Pooled KLT,A,,,42,,Immune,Stromal,126362,,,,,,,,,,,,,,,,,,,,,,,,,,,,,,,,,,,,,,,,,,,,,,,,,,,,,,,,checkpoint_10 TEST,run/sthelar40x_klt_5class_slideind_foldA_fullft_lr1e-5_e10_seed42/log/2026-08-19T110413_sthelar40x_klt_5class_slideind_foldA_fullft_lr1e-5_e10_seed42/inference_results.json,"Rows=true, columns=predicted; paired matches only."
klt_confusion,KLT,CellViT-SAM-H,FullFT,Pooled KLT,A,,,42,,Immune,Epithelial,22994,,,,,,,,,,,,,,,,,,,,,,,,,,,,,,,,,,,,,,,,,,,,,,,,,,,,,,,,checkpoint_10 TEST,run/sthelar40x_klt_5class_slideind_foldA_fullft_lr1e-5_e10_seed42/log/2026-08-19T110413_sthelar40x_klt_5class_slideind_foldA_fullft_lr1e-5_e10_seed42/inference_results.json,"Rows=true, columns=predicted; paired matches only."
klt_confusion,KLT,CellViT-SAM-H,FullFT,Pooled KLT,A,,,42,,Immune,Melanocyte,0,,,,,,,,,,,,,,,,,,,,,,,,,,,,,,,,,,,,,,,,,,,,,,,,,,,,,,,,checkpoint_10 TEST,run/sthelar40x_klt_5class_slideind_foldA_fullft_lr1e-5_e10_seed42/log/2026-08-19T110413_sthelar40x_klt_5class_slideind_foldA_fullft_lr1e-5_e10_seed42/inference_results.json,"Rows=true, columns=predicted; paired matches only."
klt_confusion,KLT,CellViT-SAM-H,FullFT,Pooled KLT,A,,,42,,Immune,Other,4226,,,,,,,,,,,,,,,,,,,,,,,,,,,,,,,,,,,,,,,,,,,,,,,,,,,,,,,,checkpoint_10 TEST,run/sthelar40x_klt_5class_slideind_foldA_fullft_lr1e-5_e10_seed42/log/2026-08-19T110413_sthelar40x_klt_5class_slideind_foldA_fullft_lr1e-5_e10_seed42/inference_results.json,"Rows=true, columns=predicted; paired matches only."
klt_confusion,KLT,CellViT-SAM-H,FullFT,Pooled KLT,A,,,42,,Stromal,Background,124,,,,,,,,,,,,,,,,,,,,,,,,,,,,,,,,,,,,,,,,,,,,,,,,,,,,,,,,checkpoint_10 TEST,run/sthelar40x_klt_5class_slideind_foldA_fullft_lr1e-5_e10_seed42/log/2026-08-19T110413_sthelar40x_klt_5class_slideind_foldA_fullft_lr1e-5_e10_seed42/inference_results.json,"Rows=true, columns=predicted; paired matches only."
klt_confusion,KLT,CellViT-SAM-H,FullFT,Pooled KLT,A,,,42,,Stromal,Immune,52384,,,,,,,,,,,,,,,,,,,,,,,,,,,,,,,,,,,,,,,,,,,,,,,,,,,,,,,,checkpoint_10 TEST,run/sthelar40x_klt_5class_slideind_foldA_fullft_lr1e-5_e10_seed42/log/2026-08-19T110413_sthelar40x_klt_5class_slideind_foldA_fullft_lr1e-5_e10_seed42/inference_results.json,"Rows=true, columns=predicted; paired matches only."
klt_confusion,KLT,CellViT-SAM-H,FullFT,Pooled KLT,A,,,42,,Stromal,Stromal,136767,,,,,,,,,,,,,,,,,,,,,,,,,,,,,,,,,,,,,,,,,,,,,,,,,,,,,,,,checkpoint_10 TEST,run/sthelar40x_klt_5class_slideind_foldA_fullft_lr1e-5_e10_seed42/log/2026-08-19T110413_sthelar40x_klt_5class_slideind_foldA_fullft_lr1e-5_e10_seed42/inference_results.json,"Rows=true, columns=predicted; paired matches only."
klt_confusion,KLT,CellViT-SAM-H,FullFT,Pooled KLT,A,,,42,,Stromal,Epithelial,5868,,,,,,,,,,,,,,,,,,,,,,,,,,,,,,,,,,,,,,,,,,,,,,,,,,,,,,,,checkpoint_10 TEST,run/sthelar40x_klt_5class_slideind_foldA_fullft_lr1e-5_e10_seed42/log/2026-08-19T110413_sthelar40x_klt_5class_slideind_foldA_fullft_lr1e-5_e10_seed42/inference_results.json,"Rows=true, columns=predicted; paired matches only."
klt_confusion,KLT,CellViT-SAM-H,FullFT,Pooled KLT,A,,,42,,Stromal,Melanocyte,0,,,,,,,,,,,,,,,,,,,,,,,,,,,,,,,,,,,,,,,,,,,,,,,,,,,,,,,,checkpoint_10 TEST,run/sthelar40x_klt_5class_slideind_foldA_fullft_lr1e-5_e10_seed42/log/2026-08-19T110413_sthelar40x_klt_5class_slideind_foldA_fullft_lr1e-5_e10_seed42/inference_results.json,"Rows=true, columns=predicted; paired matches only."
klt_confusion,KLT,CellViT-SAM-H,FullFT,Pooled KLT,A,,,42,,Stromal,Other,2938,,,,,,,,,,,,,,,,,,,,,,,,,,,,,,,,,,,,,,,,,,,,,,,,,,,,,,,,checkpoint_10 TEST,run/sthelar40x_klt_5class_slideind_foldA_fullft_lr1e-5_e10_seed42/log/2026-08-19T110413_sthelar40x_klt_5class_slideind_foldA_fullft_lr1e-5_e10_seed42/inference_results.json,"Rows=true, columns=predicted; paired matches only."
klt_confusion,KLT,CellViT-SAM-H,FullFT,Pooled KLT,A,,,42,,Epithelial,Background,254,,,,,,,,,,,,,,,,,,,,,,,,,,,,,,,,,,,,,,,,,,,,,,,,,,,,,,,,checkpoint_10 TEST,run/sthelar40x_klt_5class_slideind_foldA_fullft_lr1e-5_e10_seed42/log/2026-08-19T110413_sthelar40x_klt_5class_slideind_foldA_fullft_lr1e-5_e10_seed42/inference_results.json,"Rows=true, columns=predicted; paired matches only."
klt_confusion,KLT,CellViT-SAM-H,FullFT,Pooled KLT,A,,,42,,Epithelial,Immune,106396,,,,,,,,,,,,,,,,,,,,,,,,,,,,,,,,,,,,,,,,,,,,,,,,,,,,,,,,checkpoint_10 TEST,run/sthelar40x_klt_5class_slideind_foldA_fullft_lr1e-5_e10_seed42/log/2026-08-19T110413_sthelar40x_klt_5class_slideind_foldA_fullft_lr1e-5_e10_seed42/inference_results.json,"Rows=true, columns=predicted; paired matches only."
klt_confusion,KLT,CellViT-SAM-H,FullFT,Pooled KLT,A,,,42,,Epithelial,Stromal,46563,,,,,,,,,,,,,,,,,,,,,,,,,,,,,,,,,,,,,,,,,,,,,,,,,,,,,,,,checkpoint_10 TEST,run/sthelar40x_klt_5class_slideind_foldA_fullft_lr1e-5_e10_seed42/log/2026-08-19T110413_sthelar40x_klt_5class_slideind_foldA_fullft_lr1e-5_e10_seed42/inference_results.json,"Rows=true, columns=predicted; paired matches only."
klt_confusion,KLT,CellViT-SAM-H,FullFT,Pooled KLT,A,,,42,,Epithelial,Epithelial,66083,,,,,,,,,,,,,,,,,,,,,,,,,,,,,,,,,,,,,,,,,,,,,,,,,,,,,,,,checkpoint_10 TEST,run/sthelar40x_klt_5class_slideind_foldA_fullft_lr1e-5_e10_seed42/log/2026-08-19T110413_sthelar40x_klt_5class_slideind_foldA_fullft_lr1e-5_e10_seed42/inference_results.json,"Rows=true, columns=predicted; paired matches only."
klt_confusion,KLT,CellViT-SAM-H,FullFT,Pooled KLT,A,,,42,,Epithelial,Melanocyte,0,,,,,,,,,,,,,,,,,,,,,,,,,,,,,,,,,,,,,,,,,,,,,,,,,,,,,,,,checkpoint_10 TEST,run/sthelar40x_klt_5class_slideind_foldA_fullft_lr1e-5_e10_seed42/log/2026-08-19T110413_sthelar40x_klt_5class_slideind_foldA_fullft_lr1e-5_e10_seed42/inference_results.json,"Rows=true, columns=predicted; paired matches only."
klt_confusion,KLT,CellViT-SAM-H,FullFT,Pooled KLT,A,,,42,,Epithelial,Other,4020,,,,,,,,,,,,,,,,,,,,,,,,,,,,,,,,,,,,,,,,,,,,,,,,,,,,,,,,checkpoint_10 TEST,run/sthelar40x_klt_5class_slideind_foldA_fullft_lr1e-5_e10_seed42/log/2026-08-19T110413_sthelar40x_klt_5class_slideind_foldA_fullft_lr1e-5_e10_seed42/inference_results.json,"Rows=true, columns=predicted; paired matches only."
klt_confusion,KLT,CellViT-SAM-H,FullFT,Pooled KLT,A,,,42,,Melanocyte,Background,0,,,,,,,,,,,,,,,,,,,,,,,,,,,,,,,,,,,,,,,,,,,,,,,,,,,,,,,,checkpoint_10 TEST,run/sthelar40x_klt_5class_slideind_foldA_fullft_lr1e-5_e10_seed42/log/2026-08-19T110413_sthelar40x_klt_5class_slideind_foldA_fullft_lr1e-5_e10_seed42/inference_results.json,"Rows=true, columns=predicted; paired matches only."
klt_confusion,KLT,CellViT-SAM-H,FullFT,Pooled KLT,A,,,42,,Melanocyte,Immune,0,,,,,,,,,,,,,,,,,,,,,,,,,,,,,,,,,,,,,,,,,,,,,,,,,,,,,,,,checkpoint_10 TEST,run/sthelar40x_klt_5class_slideind_foldA_fullft_lr1e-5_e10_seed42/log/2026-08-19T110413_sthelar40x_klt_5class_slideind_foldA_fullft_lr1e-5_e10_seed42/inference_results.json,"Rows=true, columns=predicted; paired matches only."
klt_confusion,KLT,CellViT-SAM-H,FullFT,Pooled KLT,A,,,42,,Melanocyte,Stromal,0,,,,,,,,,,,,,,,,,,,,,,,,,,,,,,,,,,,,,,,,,,,,,,,,,,,,,,,,checkpoint_10 TEST,run/sthelar40x_klt_5class_slideind_foldA_fullft_lr1e-5_e10_seed42/log/2026-08-19T110413_sthelar40x_klt_5class_slideind_foldA_fullft_lr1e-5_e10_seed42/inference_results.json,"Rows=true, columns=predicted; paired matches only."
klt_confusion,KLT,CellViT-SAM-H,FullFT,Pooled KLT,A,,,42,,Melanocyte,Epithelial,0,,,,,,,,,,,,,,,,,,,,,,,,,,,,,,,,,,,,,,,,,,,,,,,,,,,,,,,,checkpoint_10 TEST,run/sthelar40x_klt_5class_slideind_foldA_fullft_lr1e-5_e10_seed42/log/2026-08-19T110413_sthelar40x_klt_5class_slideind_foldA_fullft_lr1e-5_e10_seed42/inference_results.json,"Rows=true, columns=predicted; paired matches only."
klt_confusion,KLT,CellViT-SAM-H,FullFT,Pooled KLT,A,,,42,,Melanocyte,Melanocyte,0,,,,,,,,,,,,,,,,,,,,,,,,,,,,,,,,,,,,,,,,,,,,,,,,,,,,,,,,checkpoint_10 TEST,run/sthelar40x_klt_5class_slideind_foldA_fullft_lr1e-5_e10_seed42/log/2026-08-19T110413_sthelar40x_klt_5class_slideind_foldA_fullft_lr1e-5_e10_seed42/inference_results.json,"Rows=true, columns=predicted; paired matches only."
klt_confusion,KLT,CellViT-SAM-H,FullFT,Pooled KLT,A,,,42,,Melanocyte,Other,0,,,,,,,,,,,,,,,,,,,,,,,,,,,,,,,,,,,,,,,,,,,,,,,,,,,,,,,,checkpoint_10 TEST,run/sthelar40x_klt_5class_slideind_foldA_fullft_lr1e-5_e10_seed42/log/2026-08-19T110413_sthelar40x_klt_5class_slideind_foldA_fullft_lr1e-5_e10_seed42/inference_results.json,"Rows=true, columns=predicted; paired matches only."
klt_confusion,KLT,CellViT-SAM-H,FullFT,Pooled KLT,A,,,42,,Other,Background,19,,,,,,,,,,,,,,,,,,,,,,,,,,,,,,,,,,,,,,,,,,,,,,,,,,,,,,,,checkpoint_10 TEST,run/sthelar40x_klt_5class_slideind_foldA_fullft_lr1e-5_e10_seed42/log/2026-08-19T110413_sthelar40x_klt_5class_slideind_foldA_fullft_lr1e-5_e10_seed42/inference_results.json,"Rows=true, columns=predicted; paired matches only."
klt_confusion,KLT,CellViT-SAM-H,FullFT,Pooled KLT,A,,,42,,Other,Immune,5693,,,,,,,,,,,,,,,,,,,,,,,,,,,,,,,,,,,,,,,,,,,,,,,,,,,,,,,,checkpoint_10 TEST,run/sthelar40x_klt_5class_slideind_foldA_fullft_lr1e-5_e10_seed42/log/2026-08-19T110413_sthelar40x_klt_5class_slideind_foldA_fullft_lr1e-5_e10_seed42/inference_results.json,"Rows=true, columns=predicted; paired matches only."
klt_confusion,KLT,CellViT-SAM-H,FullFT,Pooled KLT,A,,,42,,Other,Stromal,9383,,,,,,,,,,,,,,,,,,,,,,,,,,,,,,,,,,,,,,,,,,,,,,,,,,,,,,,,checkpoint_10 TEST,run/sthelar40x_klt_5class_slideind_foldA_fullft_lr1e-5_e10_seed42/log/2026-08-19T110413_sthelar40x_klt_5class_slideind_foldA_fullft_lr1e-5_e10_seed42/inference_results.json,"Rows=true, columns=predicted; paired matches only."
klt_confusion,KLT,CellViT-SAM-H,FullFT,Pooled KLT,A,,,42,,Other,Epithelial,570,,,,,,,,,,,,,,,,,,,,,,,,,,,,,,,,,,,,,,,,,,,,,,,,,,,,,,,,checkpoint_10 TEST,run/sthelar40x_klt_5class_slideind_foldA_fullft_lr1e-5_e10_seed42/log/2026-08-19T110413_sthelar40x_klt_5class_slideind_foldA_fullft_lr1e-5_e10_seed42/inference_results.json,"Rows=true, columns=predicted; paired matches only."
klt_confusion,KLT,CellViT-SAM-H,FullFT,Pooled KLT,A,,,42,,Other,Melanocyte,0,,,,,,,,,,,,,,,,,,,,,,,,,,,,,,,,,,,,,,,,,,,,,,,,,,,,,,,,checkpoint_10 TEST,run/sthelar40x_klt_5class_slideind_foldA_fullft_lr1e-5_e10_seed42/log/2026-08-19T110413_sthelar40x_klt_5class_slideind_foldA_fullft_lr1e-5_e10_seed42/inference_results.json,"Rows=true, columns=predicted; paired matches only."
klt_confusion,KLT,CellViT-SAM-H,FullFT,Pooled KLT,A,,,42,,Other,Other,1916,,,,,,,,,,,,,,,,,,,,,,,,,,,,,,,,,,,,,,,,,,,,,,,,,,,,,,,,checkpoint_10 TEST,run/sthelar40x_klt_5class_slideind_foldA_fullft_lr1e-5_e10_seed42/log/2026-08-19T110413_sthelar40x_klt_5class_slideind_foldA_fullft_lr1e-5_e10_seed42/inference_results.json,"Rows=true, columns=predicted; paired matches only."
klt_seed_metric,KLT,CellViT-SAM-H,FullFT,Kidney,A,,,43,,,,,4449,,,,,,,,,,,,,,,,,0.8255064273573363,0.7200254400002848,0.5883266220630639,0.17242723270643404,0.8628362272731807,0.2826171518536606,,,,,,,,,,,,,,,,,,,,,,,,,,,,,,,,,checkpoint_10 TEST,run/sthelar40x_klt_5class_slideind_foldA_fullft_lr1e-5_e10_seed43/log/2026-08-25T015318_sthelar40x_klt_5class_slideind_foldA_fullft_lr1e-5_e10_seed43/inference_results.json,
klt_per_class,KLT,CellViT-SAM-H,FullFT,Kidney,A,,,43,Immune,,,,,,,,,,,,,,,,,,,,,,,,,,,,,,,,,,,,,,,,,,,,,0.4311139269669393,,,51835,58427,18515,0.19388652690221375,,,,,,,,checkpoint_10 TEST,run/sthelar40x_klt_5class_slideind_foldA_fullft_lr1e-5_e10_seed43/log/2026-08-25T015318_sthelar40x_klt_5class_slideind_foldA_fullft_lr1e-5_e10_seed43/inference_results.json,
klt_per_class,KLT,CellViT-SAM-H,FullFT,Kidney,A,,,43,Stromal,,,,,,,,,,,,,,,,,,,,,,,,,,,,,,,,,,,,,,,,,,,,,0.4691881669593408,,,20744,26656,59020,0.6180493015267975,,,,,,,,checkpoint_10 TEST,run/sthelar40x_klt_5class_slideind_foldA_fullft_lr1e-5_e10_seed43/log/2026-08-25T015318_sthelar40x_klt_5class_slideind_foldA_fullft_lr1e-5_e10_seed43/inference_results.json,
klt_per_class,KLT,CellViT-SAM-H,FullFT,Kidney,A,,,43,Epithelial,,,,,,,,,,,,,,,,,,,,,,,,,,,,,,,,,,,,,,,,,,,,,0.12235666628972068,,,12765,17659,5387,0.056411921167822066,,,,,,,,checkpoint_10 TEST,run/sthelar40x_klt_5class_slideind_foldA_fullft_lr1e-5_e10_seed43/log/2026-08-25T015318_sthelar40x_klt_5class_slideind_foldA_fullft_lr1e-5_e10_seed43/inference_results.json,
klt_per_class,KLT,CellViT-SAM-H,FullFT,Kidney,A,,,43,Melanocyte,,,,,,,,,,,,,,,,,,,,,,,,,,,,,,,,,,,,,,,,,,,,,,,,0,0,0,0.0,,,,,,,,checkpoint_10 TEST,run/sthelar40x_klt_5class_slideind_foldA_fullft_lr1e-5_e10_seed43/log/2026-08-25T015318_sthelar40x_klt_5class_slideind_foldA_fullft_lr1e-5_e10_seed43/inference_results.json,
klt_per_class,KLT,CellViT-SAM-H,FullFT,Kidney,A,,,43,Other,,,,,,,,,,,,,,,,,,,,,,,,,,,,,,,,,,,,,,,,,,,,,0.10780984719864177,,,1128,2106,12572,0.1316522504031667,,,,,,,,checkpoint_10 TEST,run/sthelar40x_klt_5class_slideind_foldA_fullft_lr1e-5_e10_seed43/log/2026-08-25T015318_sthelar40x_klt_5class_slideind_foldA_fullft_lr1e-5_e10_seed43/inference_results.json,
klt_confusion,KLT,CellViT-SAM-H,FullFT,Kidney,A,,,43,,Background,Background,5,,,,,,,,,,,,,,,,,,,,,,,,,,,,,,,,,,,,,,,,,,,,,,,,,,,,,,,,checkpoint_10 TEST,run/sthelar40x_klt_5class_slideind_foldA_fullft_lr1e-5_e10_seed43/log/2026-08-25T015318_sthelar40x_klt_5class_slideind_foldA_fullft_lr1e-5_e10_seed43/inference_results.json,"Rows=true, columns=predicted; paired matches only."
klt_confusion,KLT,CellViT-SAM-H,FullFT,Kidney,A,,,43,,Background,Immune,0,,,,,,,,,,,,,,,,,,,,,,,,,,,,,,,,,,,,,,,,,,,,,,,,,,,,,,,,checkpoint_10 TEST,run/sthelar40x_klt_5class_slideind_foldA_fullft_lr1e-5_e10_seed43/log/2026-08-25T015318_sthelar40x_klt_5class_slideind_foldA_fullft_lr1e-5_e10_seed43/inference_results.json,"Rows=true, columns=predicted; paired matches only."
klt_confusion,KLT,CellViT-SAM-H,FullFT,Kidney,A,,,43,,Background,Stromal,0,,,,,,,,,,,,,,,,,,,,,,,,,,,,,,,,,,,,,,,,,,,,,,,,,,,,,,,,checkpoint_10 TEST,run/sthelar40x_klt_5class_slideind_foldA_fullft_lr1e-5_e10_seed43/log/2026-08-25T015318_sthelar40x_klt_5class_slideind_foldA_fullft_lr1e-5_e10_seed43/inference_results.json,"Rows=true, columns=predicted; paired matches only."
klt_confusion,KLT,CellViT-SAM-H,FullFT,Kidney,A,,,43,,Background,Epithelial,0,,,,,,,,,,,,,,,,,,,,,,,,,,,,,,,,,,,,,,,,,,,,,,,,,,,,,,,,checkpoint_10 TEST,run/sthelar40x_klt_5class_slideind_foldA_fullft_lr1e-5_e10_seed43/log/2026-08-25T015318_sthelar40x_klt_5class_slideind_foldA_fullft_lr1e-5_e10_seed43/inference_results.json,"Rows=true, columns=predicted; paired matches only."
klt_confusion,KLT,CellViT-SAM-H,FullFT,Kidney,A,,,43,,Background,Melanocyte,0,,,,,,,,,,,,,,,,,,,,,,,,,,,,,,,,,,,,,,,,,,,,,,,,,,,,,,,,checkpoint_10 TEST,run/sthelar40x_klt_5class_slideind_foldA_fullft_lr1e-5_e10_seed43/log/2026-08-25T015318_sthelar40x_klt_5class_slideind_foldA_fullft_lr1e-5_e10_seed43/inference_results.json,"Rows=true, columns=predicted; paired matches only."
klt_confusion,KLT,CellViT-SAM-H,FullFT,Kidney,A,,,43,,Background,Other,0,,,,,,,,,,,,,,,,,,,,,,,,,,,,,,,,,,,,,,,,,,,,,,,,,,,,,,,,checkpoint_10 TEST,run/sthelar40x_klt_5class_slideind_foldA_fullft_lr1e-5_e10_seed43/log/2026-08-25T015318_sthelar40x_klt_5class_slideind_foldA_fullft_lr1e-5_e10_seed43/inference_results.json,"Rows=true, columns=predicted; paired matches only."
klt_confusion,KLT,CellViT-SAM-H,FullFT,Kidney,A,,,43,,Immune,Background,10,,,,,,,,,,,,,,,,,,,,,,,,,,,,,,,,,,,,,,,,,,,,,,,,,,,,,,,,checkpoint_10 TEST,run/sthelar40x_klt_5class_slideind_foldA_fullft_lr1e-5_e10_seed43/log/2026-08-25T015318_sthelar40x_klt_5class_slideind_foldA_fullft_lr1e-5_e10_seed43/inference_results.json,"Rows=true, columns=predicted; paired matches only."
klt_confusion,KLT,CellViT-SAM-H,FullFT,Kidney,A,,,43,,Immune,Immune,14970,,,,,,,,,,,,,,,,,,,,,,,,,,,,,,,,,,,,,,,,,,,,,,,,,,,,,,,,checkpoint_10 TEST,run/sthelar40x_klt_5class_slideind_foldA_fullft_lr1e-5_e10_seed43/log/2026-08-25T015318_sthelar40x_klt_5class_slideind_foldA_fullft_lr1e-5_e10_seed43/inference_results.json,"Rows=true, columns=predicted; paired matches only."
klt_confusion,KLT,CellViT-SAM-H,FullFT,Kidney,A,,,43,,Immune,Stromal,29145,,,,,,,,,,,,,,,,,,,,,,,,,,,,,,,,,,,,,,,,,,,,,,,,,,,,,,,,checkpoint_10 TEST,run/sthelar40x_klt_5class_slideind_foldA_fullft_lr1e-5_e10_seed43/log/2026-08-25T015318_sthelar40x_klt_5class_slideind_foldA_fullft_lr1e-5_e10_seed43/inference_results.json,"Rows=true, columns=predicted; paired matches only."
klt_confusion,KLT,CellViT-SAM-H,FullFT,Kidney,A,,,43,,Immune,Epithelial,3118,,,,,,,,,,,,,,,,,,,,,,,,,,,,,,,,,,,,,,,,,,,,,,,,,,,,,,,,checkpoint_10 TEST,run/sthelar40x_klt_5class_slideind_foldA_fullft_lr1e-5_e10_seed43/log/2026-08-25T015318_sthelar40x_klt_5class_slideind_foldA_fullft_lr1e-5_e10_seed43/inference_results.json,"Rows=true, columns=predicted; paired matches only."
klt_confusion,KLT,CellViT-SAM-H,FullFT,Kidney,A,,,43,,Immune,Melanocyte,0,,,,,,,,,,,,,,,,,,,,,,,,,,,,,,,,,,,,,,,,,,,,,,,,,,,,,,,,checkpoint_10 TEST,run/sthelar40x_klt_5class_slideind_foldA_fullft_lr1e-5_e10_seed43/log/2026-08-25T015318_sthelar40x_klt_5class_slideind_foldA_fullft_lr1e-5_e10_seed43/inference_results.json,"Rows=true, columns=predicted; paired matches only."
klt_confusion,KLT,CellViT-SAM-H,FullFT,Kidney,A,,,43,,Immune,Other,4602,,,,,,,,,,,,,,,,,,,,,,,,,,,,,,,,,,,,,,,,,,,,,,,,,,,,,,,,checkpoint_10 TEST,run/sthelar40x_klt_5class_slideind_foldA_fullft_lr1e-5_e10_seed43/log/2026-08-25T015318_sthelar40x_klt_5class_slideind_foldA_fullft_lr1e-5_e10_seed43/inference_results.json,"Rows=true, columns=predicted; paired matches only."
klt_confusion,KLT,CellViT-SAM-H,FullFT,Kidney,A,,,43,,Stromal,Background,5,,,,,,,,,,,,,,,,,,,,,,,,,,,,,,,,,,,,,,,,,,,,,,,,,,,,,,,,checkpoint_10 TEST,run/sthelar40x_klt_5class_slideind_foldA_fullft_lr1e-5_e10_seed43/log/2026-08-25T015318_sthelar40x_klt_5class_slideind_foldA_fullft_lr1e-5_e10_seed43/inference_results.json,"Rows=true, columns=predicted; paired matches only."
klt_confusion,KLT,CellViT-SAM-H,FullFT,Kidney,A,,,43,,Stromal,Immune,691,,,,,,,,,,,,,,,,,,,,,,,,,,,,,,,,,,,,,,,,,,,,,,,,,,,,,,,,checkpoint_10 TEST,run/sthelar40x_klt_5class_slideind_foldA_fullft_lr1e-5_e10_seed43/log/2026-08-25T015318_sthelar40x_klt_5class_slideind_foldA_fullft_lr1e-5_e10_seed43/inference_results.json,"Rows=true, columns=predicted; paired matches only."
klt_confusion,KLT,CellViT-SAM-H,FullFT,Kidney,A,,,43,,Stromal,Stromal,17367,,,,,,,,,,,,,,,,,,,,,,,,,,,,,,,,,,,,,,,,,,,,,,,,,,,,,,,,checkpoint_10 TEST,run/sthelar40x_klt_5class_slideind_foldA_fullft_lr1e-5_e10_seed43/log/2026-08-25T015318_sthelar40x_klt_5class_slideind_foldA_fullft_lr1e-5_e10_seed43/inference_results.json,"Rows=true, columns=predicted; paired matches only."
klt_confusion,KLT,CellViT-SAM-H,FullFT,Kidney,A,,,43,,Stromal,Epithelial,708,,,,,,,,,,,,,,,,,,,,,,,,,,,,,,,,,,,,,,,,,,,,,,,,,,,,,,,,checkpoint_10 TEST,run/sthelar40x_klt_5class_slideind_foldA_fullft_lr1e-5_e10_seed43/log/2026-08-25T015318_sthelar40x_klt_5class_slideind_foldA_fullft_lr1e-5_e10_seed43/inference_results.json,"Rows=true, columns=predicted; paired matches only."
klt_confusion,KLT,CellViT-SAM-H,FullFT,Kidney,A,,,43,,Stromal,Melanocyte,0,,,,,,,,,,,,,,,,,,,,,,,,,,,,,,,,,,,,,,,,,,,,,,,,,,,,,,,,checkpoint_10 TEST,run/sthelar40x_klt_5class_slideind_foldA_fullft_lr1e-5_e10_seed43/log/2026-08-25T015318_sthelar40x_klt_5class_slideind_foldA_fullft_lr1e-5_e10_seed43/inference_results.json,"Rows=true, columns=predicted; paired matches only."
klt_confusion,KLT,CellViT-SAM-H,FullFT,Kidney,A,,,43,,Stromal,Other,1978,,,,,,,,,,,,,,,,,,,,,,,,,,,,,,,,,,,,,,,,,,,,,,,,,,,,,,,,checkpoint_10 TEST,run/sthelar40x_klt_5class_slideind_foldA_fullft_lr1e-5_e10_seed43/log/2026-08-25T015318_sthelar40x_klt_5class_slideind_foldA_fullft_lr1e-5_e10_seed43/inference_results.json,"Rows=true, columns=predicted; paired matches only."
klt_confusion,KLT,CellViT-SAM-H,FullFT,Kidney,A,,,43,,Epithelial,Background,22,,,,,,,,,,,,,,,,,,,,,,,,,,,,,,,,,,,,,,,,,,,,,,,,,,,,,,,,checkpoint_10 TEST,run/sthelar40x_klt_5class_slideind_foldA_fullft_lr1e-5_e10_seed43/log/2026-08-25T015318_sthelar40x_klt_5class_slideind_foldA_fullft_lr1e-5_e10_seed43/inference_results.json,"Rows=true, columns=predicted; paired matches only."
klt_confusion,KLT,CellViT-SAM-H,FullFT,Kidney,A,,,43,,Epithelial,Immune,1810,,,,,,,,,,,,,,,,,,,,,,,,,,,,,,,,,,,,,,,,,,,,,,,,,,,,,,,,checkpoint_10 TEST,run/sthelar40x_klt_5class_slideind_foldA_fullft_lr1e-5_e10_seed43/log/2026-08-25T015318_sthelar40x_klt_5class_slideind_foldA_fullft_lr1e-5_e10_seed43/inference_results.json,"Rows=true, columns=predicted; paired matches only."
klt_confusion,KLT,CellViT-SAM-H,FullFT,Kidney,A,,,43,,Epithelial,Stromal,6436,,,,,,,,,,,,,,,,,,,,,,,,,,,,,,,,,,,,,,,,,,,,,,,,,,,,,,,,checkpoint_10 TEST,run/sthelar40x_klt_5class_slideind_foldA_fullft_lr1e-5_e10_seed43/log/2026-08-25T015318_sthelar40x_klt_5class_slideind_foldA_fullft_lr1e-5_e10_seed43/inference_results.json,"Rows=true, columns=predicted; paired matches only."
klt_confusion,KLT,CellViT-SAM-H,FullFT,Kidney,A,,,43,,Epithelial,Epithelial,1082,,,,,,,,,,,,,,,,,,,,,,,,,,,,,,,,,,,,,,,,,,,,,,,,,,,,,,,,checkpoint_10 TEST,run/sthelar40x_klt_5class_slideind_foldA_fullft_lr1e-5_e10_seed43/log/2026-08-25T015318_sthelar40x_klt_5class_slideind_foldA_fullft_lr1e-5_e10_seed43/inference_results.json,"Rows=true, columns=predicted; paired matches only."
klt_confusion,KLT,CellViT-SAM-H,FullFT,Kidney,A,,,43,,Epithelial,Melanocyte,0,,,,,,,,,,,,,,,,,,,,,,,,,,,,,,,,,,,,,,,,,,,,,,,,,,,,,,,,checkpoint_10 TEST,run/sthelar40x_klt_5class_slideind_foldA_fullft_lr1e-5_e10_seed43/log/2026-08-25T015318_sthelar40x_klt_5class_slideind_foldA_fullft_lr1e-5_e10_seed43/inference_results.json,"Rows=true, columns=predicted; paired matches only."
klt_confusion,KLT,CellViT-SAM-H,FullFT,Kidney,A,,,43,,Epithelial,Other,3437,,,,,,,,,,,,,,,,,,,,,,,,,,,,,,,,,,,,,,,,,,,,,,,,,,,,,,,,checkpoint_10 TEST,run/sthelar40x_klt_5class_slideind_foldA_fullft_lr1e-5_e10_seed43/log/2026-08-25T015318_sthelar40x_klt_5class_slideind_foldA_fullft_lr1e-5_e10_seed43/inference_results.json,"Rows=true, columns=predicted; paired matches only."
klt_confusion,KLT,CellViT-SAM-H,FullFT,Kidney,A,,,43,,Melanocyte,Background,0,,,,,,,,,,,,,,,,,,,,,,,,,,,,,,,,,,,,,,,,,,,,,,,,,,,,,,,,checkpoint_10 TEST,run/sthelar40x_klt_5class_slideind_foldA_fullft_lr1e-5_e10_seed43/log/2026-08-25T015318_sthelar40x_klt_5class_slideind_foldA_fullft_lr1e-5_e10_seed43/inference_results.json,"Rows=true, columns=predicted; paired matches only."
klt_confusion,KLT,CellViT-SAM-H,FullFT,Kidney,A,,,43,,Melanocyte,Immune,0,,,,,,,,,,,,,,,,,,,,,,,,,,,,,,,,,,,,,,,,,,,,,,,,,,,,,,,,checkpoint_10 TEST,run/sthelar40x_klt_5class_slideind_foldA_fullft_lr1e-5_e10_seed43/log/2026-08-25T015318_sthelar40x_klt_5class_slideind_foldA_fullft_lr1e-5_e10_seed43/inference_results.json,"Rows=true, columns=predicted; paired matches only."
klt_confusion,KLT,CellViT-SAM-H,FullFT,Kidney,A,,,43,,Melanocyte,Stromal,0,,,,,,,,,,,,,,,,,,,,,,,,,,,,,,,,,,,,,,,,,,,,,,,,,,,,,,,,checkpoint_10 TEST,run/sthelar40x_klt_5class_slideind_foldA_fullft_lr1e-5_e10_seed43/log/2026-08-25T015318_sthelar40x_klt_5class_slideind_foldA_fullft_lr1e-5_e10_seed43/inference_results.json,"Rows=true, columns=predicted; paired matches only."
klt_confusion,KLT,CellViT-SAM-H,FullFT,Kidney,A,,,43,,Melanocyte,Epithelial,0,,,,,,,,,,,,,,,,,,,,,,,,,,,,,,,,,,,,,,,,,,,,,,,,,,,,,,,,checkpoint_10 TEST,run/sthelar40x_klt_5class_slideind_foldA_fullft_lr1e-5_e10_seed43/log/2026-08-25T015318_sthelar40x_klt_5class_slideind_foldA_fullft_lr1e-5_e10_seed43/inference_results.json,"Rows=true, columns=predicted; paired matches only."
klt_confusion,KLT,CellViT-SAM-H,FullFT,Kidney,A,,,43,,Melanocyte,Melanocyte,0,,,,,,,,,,,,,,,,,,,,,,,,,,,,,,,,,,,,,,,,,,,,,,,,,,,,,,,,checkpoint_10 TEST,run/sthelar40x_klt_5class_slideind_foldA_fullft_lr1e-5_e10_seed43/log/2026-08-25T015318_sthelar40x_klt_5class_slideind_foldA_fullft_lr1e-5_e10_seed43/inference_results.json,"Rows=true, columns=predicted; paired matches only."
klt_confusion,KLT,CellViT-SAM-H,FullFT,Kidney,A,,,43,,Melanocyte,Other,0,,,,,,,,,,,,,,,,,,,,,,,,,,,,,,,,,,,,,,,,,,,,,,,,,,,,,,,,checkpoint_10 TEST,run/sthelar40x_klt_5class_slideind_foldA_fullft_lr1e-5_e10_seed43/log/2026-08-25T015318_sthelar40x_klt_5class_slideind_foldA_fullft_lr1e-5_e10_seed43/inference_results.json,"Rows=true, columns=predicted; paired matches only."
klt_confusion,KLT,CellViT-SAM-H,FullFT,Kidney,A,,,43,,Other,Background,0,,,,,,,,,,,,,,,,,,,,,,,,,,,,,,,,,,,,,,,,,,,,,,,,,,,,,,,,checkpoint_10 TEST,run/sthelar40x_klt_5class_slideind_foldA_fullft_lr1e-5_e10_seed43/log/2026-08-25T015318_sthelar40x_klt_5class_slideind_foldA_fullft_lr1e-5_e10_seed43/inference_results.json,"Rows=true, columns=predicted; paired matches only."
klt_confusion,KLT,CellViT-SAM-H,FullFT,Kidney,A,,,43,,Other,Immune,142,,,,,,,,,,,,,,,,,,,,,,,,,,,,,,,,,,,,,,,,,,,,,,,,,,,,,,,,checkpoint_10 TEST,run/sthelar40x_klt_5class_slideind_foldA_fullft_lr1e-5_e10_seed43/log/2026-08-25T015318_sthelar40x_klt_5class_slideind_foldA_fullft_lr1e-5_e10_seed43/inference_results.json,"Rows=true, columns=predicted; paired matches only."
klt_confusion,KLT,CellViT-SAM-H,FullFT,Kidney,A,,,43,,Other,Stromal,338,,,,,,,,,,,,,,,,,,,,,,,,,,,,,,,,,,,,,,,,,,,,,,,,,,,,,,,,checkpoint_10 TEST,run/sthelar40x_klt_5class_slideind_foldA_fullft_lr1e-5_e10_seed43/log/2026-08-25T015318_sthelar40x_klt_5class_slideind_foldA_fullft_lr1e-5_e10_seed43/inference_results.json,"Rows=true, columns=predicted; paired matches only."
klt_confusion,KLT,CellViT-SAM-H,FullFT,Kidney,A,,,43,,Other,Epithelial,13,,,,,,,,,,,,,,,,,,,,,,,,,,,,,,,,,,,,,,,,,,,,,,,,,,,,,,,,checkpoint_10 TEST,run/sthelar40x_klt_5class_slideind_foldA_fullft_lr1e-5_e10_seed43/log/2026-08-25T015318_sthelar40x_klt_5class_slideind_foldA_fullft_lr1e-5_e10_seed43/inference_results.json,"Rows=true, columns=predicted; paired matches only."
klt_confusion,KLT,CellViT-SAM-H,FullFT,Kidney,A,,,43,,Other,Melanocyte,0,,,,,,,,,,,,,,,,,,,,,,,,,,,,,,,,,,,,,,,,,,,,,,,,,,,,,,,,checkpoint_10 TEST,run/sthelar40x_klt_5class_slideind_foldA_fullft_lr1e-5_e10_seed43/log/2026-08-25T015318_sthelar40x_klt_5class_slideind_foldA_fullft_lr1e-5_e10_seed43/inference_results.json,"Rows=true, columns=predicted; paired matches only."
klt_confusion,KLT,CellViT-SAM-H,FullFT,Kidney,A,,,43,,Other,Other,635,,,,,,,,,,,,,,,,,,,,,,,,,,,,,,,,,,,,,,,,,,,,,,,,,,,,,,,,checkpoint_10 TEST,run/sthelar40x_klt_5class_slideind_foldA_fullft_lr1e-5_e10_seed43/log/2026-08-25T015318_sthelar40x_klt_5class_slideind_foldA_fullft_lr1e-5_e10_seed43/inference_results.json,"Rows=true, columns=predicted; paired matches only."
klt_seed_metric,KLT,CellViT-SAM-H,FullFT,Liver,A,,,43,,,,,9166,,,,,,,,,,,,,,,,,0.845106941529558,0.7382800571404856,0.5811769046473239,0.20186117721824984,0.8721201501877347,0.30826646497243865,,,,,,,,,,,,,,,,,,,,,,,,,,,,,,,,,checkpoint_10 TEST,run/sthelar40x_klt_5class_slideind_foldA_fullft_lr1e-5_e10_seed43/log/2026-08-25T015318_sthelar40x_klt_5class_slideind_foldA_fullft_lr1e-5_e10_seed43/inference_results.json,
klt_per_class,KLT,CellViT-SAM-H,FullFT,Liver,A,,,43,Immune,,,,,,,,,,,,,,,,,,,,,,,,,,,,,,,,,,,,,,,,,,,,,0.14388391989932517,,,55848,66219,67705,0.23986154952580357,,,,,,,,checkpoint_10 TEST,run/sthelar40x_klt_5class_slideind_foldA_fullft_lr1e-5_e10_seed43/log/2026-08-25T015318_sthelar40x_klt_5class_slideind_foldA_fullft_lr1e-5_e10_seed43/inference_results.json,
klt_per_class,KLT,CellViT-SAM-H,FullFT,Liver,A,,,43,Stromal,,,,,,,,,,,,,,,,,,,,,,,,,,,,,,,,,,,,,,,,,,,,,0.5564181713879859,,,59751,72705,132336,0.46883270095335267,,,,,,,,checkpoint_10 TEST,run/sthelar40x_klt_5class_slideind_foldA_fullft_lr1e-5_e10_seed43/log/2026-08-25T015318_sthelar40x_klt_5class_slideind_foldA_fullft_lr1e-5_e10_seed43/inference_results.json,
klt_per_class,KLT,CellViT-SAM-H,FullFT,Liver,A,,,43,Epithelial,,,,,,,,,,,,,,,,,,,,,,,,,,,,,,,,,,,,,,,,,,,,,0.5104090741166016,,,144782,175840,59799,0.21185260763744965,,,,,,,,checkpoint_10 TEST,run/sthelar40x_klt_5class_slideind_foldA_fullft_lr1e-5_e10_seed43/log/2026-08-25T015318_sthelar40x_klt_5class_slideind_foldA_fullft_lr1e-5_e10_seed43/inference_results.json,
klt_per_class,KLT,CellViT-SAM-H,FullFT,Liver,A,,,43,Melanocyte,,,,,,,,,,,,,,,,,,,,,,,,,,,,,,,,,,,,,,,,,,,,,,,,0,0,0,0.0,,,,,,,,checkpoint_10 TEST,run/sthelar40x_klt_5class_slideind_foldA_fullft_lr1e-5_e10_seed43/log/2026-08-25T015318_sthelar40x_klt_5class_slideind_foldA_fullft_lr1e-5_e10_seed43/inference_results.json,
klt_per_class,KLT,CellViT-SAM-H,FullFT,Liver,A,,,43,Other,,,,,,,,,,,,,,,,,,,,,,,,,,,,,,,,,,,,,,,,,,,,,0.022354694485842028,,,555,1125,22427,0.07945314188339409,,,,,,,,checkpoint_10 TEST,run/sthelar40x_klt_5class_slideind_foldA_fullft_lr1e-5_e10_seed43/log/2026-08-25T015318_sthelar40x_klt_5class_slideind_foldA_fullft_lr1e-5_e10_seed43/inference_results.json,
klt_confusion,KLT,CellViT-SAM-H,FullFT,Liver,A,,,43,,Background,Background,2,,,,,,,,,,,,,,,,,,,,,,,,,,,,,,,,,,,,,,,,,,,,,,,,,,,,,,,,checkpoint_10 TEST,run/sthelar40x_klt_5class_slideind_foldA_fullft_lr1e-5_e10_seed43/log/2026-08-25T015318_sthelar40x_klt_5class_slideind_foldA_fullft_lr1e-5_e10_seed43/inference_results.json,"Rows=true, columns=predicted; paired matches only."
klt_confusion,KLT,CellViT-SAM-H,FullFT,Liver,A,,,43,,Background,Immune,0,,,,,,,,,,,,,,,,,,,,,,,,,,,,,,,,,,,,,,,,,,,,,,,,,,,,,,,,checkpoint_10 TEST,run/sthelar40x_klt_5class_slideind_foldA_fullft_lr1e-5_e10_seed43/log/2026-08-25T015318_sthelar40x_klt_5class_slideind_foldA_fullft_lr1e-5_e10_seed43/inference_results.json,"Rows=true, columns=predicted; paired matches only."
klt_confusion,KLT,CellViT-SAM-H,FullFT,Liver,A,,,43,,Background,Stromal,0,,,,,,,,,,,,,,,,,,,,,,,,,,,,,,,,,,,,,,,,,,,,,,,,,,,,,,,,checkpoint_10 TEST,run/sthelar40x_klt_5class_slideind_foldA_fullft_lr1e-5_e10_seed43/log/2026-08-25T015318_sthelar40x_klt_5class_slideind_foldA_fullft_lr1e-5_e10_seed43/inference_results.json,"Rows=true, columns=predicted; paired matches only."
klt_confusion,KLT,CellViT-SAM-H,FullFT,Liver,A,,,43,,Background,Epithelial,0,,,,,,,,,,,,,,,,,,,,,,,,,,,,,,,,,,,,,,,,,,,,,,,,,,,,,,,,checkpoint_10 TEST,run/sthelar40x_klt_5class_slideind_foldA_fullft_lr1e-5_e10_seed43/log/2026-08-25T015318_sthelar40x_klt_5class_slideind_foldA_fullft_lr1e-5_e10_seed43/inference_results.json,"Rows=true, columns=predicted; paired matches only."
klt_confusion,KLT,CellViT-SAM-H,FullFT,Liver,A,,,43,,Background,Melanocyte,0,,,,,,,,,,,,,,,,,,,,,,,,,,,,,,,,,,,,,,,,,,,,,,,,,,,,,,,,checkpoint_10 TEST,run/sthelar40x_klt_5class_slideind_foldA_fullft_lr1e-5_e10_seed43/log/2026-08-25T015318_sthelar40x_klt_5class_slideind_foldA_fullft_lr1e-5_e10_seed43/inference_results.json,"Rows=true, columns=predicted; paired matches only."
klt_confusion,KLT,CellViT-SAM-H,FullFT,Liver,A,,,43,,Background,Other,0,,,,,,,,,,,,,,,,,,,,,,,,,,,,,,,,,,,,,,,,,,,,,,,,,,,,,,,,checkpoint_10 TEST,run/sthelar40x_klt_5class_slideind_foldA_fullft_lr1e-5_e10_seed43/log/2026-08-25T015318_sthelar40x_klt_5class_slideind_foldA_fullft_lr1e-5_e10_seed43/inference_results.json,"Rows=true, columns=predicted; paired matches only."
klt_confusion,KLT,CellViT-SAM-H,FullFT,Liver,A,,,43,,Immune,Background,10,,,,,,,,,,,,,,,,,,,,,,,,,,,,,,,,,,,,,,,,,,,,,,,,,,,,,,,,checkpoint_10 TEST,run/sthelar40x_klt_5class_slideind_foldA_fullft_lr1e-5_e10_seed43/log/2026-08-25T015318_sthelar40x_klt_5class_slideind_foldA_fullft_lr1e-5_e10_seed43/inference_results.json,"Rows=true, columns=predicted; paired matches only."
klt_confusion,KLT,CellViT-SAM-H,FullFT,Liver,A,,,43,,Immune,Immune,8518,,,,,,,,,,,,,,,,,,,,,,,,,,,,,,,,,,,,,,,,,,,,,,,,,,,,,,,,checkpoint_10 TEST,run/sthelar40x_klt_5class_slideind_foldA_fullft_lr1e-5_e10_seed43/log/2026-08-25T015318_sthelar40x_klt_5class_slideind_foldA_fullft_lr1e-5_e10_seed43/inference_results.json,"Rows=true, columns=predicted; paired matches only."
klt_confusion,KLT,CellViT-SAM-H,FullFT,Liver,A,,,43,,Immune,Stromal,39941,,,,,,,,,,,,,,,,,,,,,,,,,,,,,,,,,,,,,,,,,,,,,,,,,,,,,,,,checkpoint_10 TEST,run/sthelar40x_klt_5class_slideind_foldA_fullft_lr1e-5_e10_seed43/log/2026-08-25T015318_sthelar40x_klt_5class_slideind_foldA_fullft_lr1e-5_e10_seed43/inference_results.json,"Rows=true, columns=predicted; paired matches only."
klt_confusion,KLT,CellViT-SAM-H,FullFT,Liver,A,,,43,,Immune,Epithelial,1889,,,,,,,,,,,,,,,,,,,,,,,,,,,,,,,,,,,,,,,,,,,,,,,,,,,,,,,,checkpoint_10 TEST,run/sthelar40x_klt_5class_slideind_foldA_fullft_lr1e-5_e10_seed43/log/2026-08-25T015318_sthelar40x_klt_5class_slideind_foldA_fullft_lr1e-5_e10_seed43/inference_results.json,"Rows=true, columns=predicted; paired matches only."
klt_confusion,KLT,CellViT-SAM-H,FullFT,Liver,A,,,43,,Immune,Melanocyte,0,,,,,,,,,,,,,,,,,,,,,,,,,,,,,,,,,,,,,,,,,,,,,,,,,,,,,,,,checkpoint_10 TEST,run/sthelar40x_klt_5class_slideind_foldA_fullft_lr1e-5_e10_seed43/log/2026-08-25T015318_sthelar40x_klt_5class_slideind_foldA_fullft_lr1e-5_e10_seed43/inference_results.json,"Rows=true, columns=predicted; paired matches only."
klt_confusion,KLT,CellViT-SAM-H,FullFT,Liver,A,,,43,,Immune,Other,5500,,,,,,,,,,,,,,,,,,,,,,,,,,,,,,,,,,,,,,,,,,,,,,,,,,,,,,,,checkpoint_10 TEST,run/sthelar40x_klt_5class_slideind_foldA_fullft_lr1e-5_e10_seed43/log/2026-08-25T015318_sthelar40x_klt_5class_slideind_foldA_fullft_lr1e-5_e10_seed43/inference_results.json,"Rows=true, columns=predicted; paired matches only."
klt_confusion,KLT,CellViT-SAM-H,FullFT,Liver,A,,,43,,Stromal,Background,23,,,,,,,,,,,,,,,,,,,,,,,,,,,,,,,,,,,,,,,,,,,,,,,,,,,,,,,,checkpoint_10 TEST,run/sthelar40x_klt_5class_slideind_foldA_fullft_lr1e-5_e10_seed43/log/2026-08-25T015318_sthelar40x_klt_5class_slideind_foldA_fullft_lr1e-5_e10_seed43/inference_results.json,"Rows=true, columns=predicted; paired matches only."
klt_confusion,KLT,CellViT-SAM-H,FullFT,Liver,A,,,43,,Stromal,Immune,1679,,,,,,,,,,,,,,,,,,,,,,,,,,,,,,,,,,,,,,,,,,,,,,,,,,,,,,,,checkpoint_10 TEST,run/sthelar40x_klt_5class_slideind_foldA_fullft_lr1e-5_e10_seed43/log/2026-08-25T015318_sthelar40x_klt_5class_slideind_foldA_fullft_lr1e-5_e10_seed43/inference_results.json,"Rows=true, columns=predicted; paired matches only."
klt_confusion,KLT,CellViT-SAM-H,FullFT,Liver,A,,,43,,Stromal,Stromal,50922,,,,,,,,,,,,,,,,,,,,,,,,,,,,,,,,,,,,,,,,,,,,,,,,,,,,,,,,checkpoint_10 TEST,run/sthelar40x_klt_5class_slideind_foldA_fullft_lr1e-5_e10_seed43/log/2026-08-25T015318_sthelar40x_klt_5class_slideind_foldA_fullft_lr1e-5_e10_seed43/inference_results.json,"Rows=true, columns=predicted; paired matches only."
klt_confusion,KLT,CellViT-SAM-H,FullFT,Liver,A,,,43,,Stromal,Epithelial,2497,,,,,,,,,,,,,,,,,,,,,,,,,,,,,,,,,,,,,,,,,,,,,,,,,,,,,,,,checkpoint_10 TEST,run/sthelar40x_klt_5class_slideind_foldA_fullft_lr1e-5_e10_seed43/log/2026-08-25T015318_sthelar40x_klt_5class_slideind_foldA_fullft_lr1e-5_e10_seed43/inference_results.json,"Rows=true, columns=predicted; paired matches only."
klt_confusion,KLT,CellViT-SAM-H,FullFT,Liver,A,,,43,,Stromal,Melanocyte,0,,,,,,,,,,,,,,,,,,,,,,,,,,,,,,,,,,,,,,,,,,,,,,,,,,,,,,,,checkpoint_10 TEST,run/sthelar40x_klt_5class_slideind_foldA_fullft_lr1e-5_e10_seed43/log/2026-08-25T015318_sthelar40x_klt_5class_slideind_foldA_fullft_lr1e-5_e10_seed43/inference_results.json,"Rows=true, columns=predicted; paired matches only."
klt_confusion,KLT,CellViT-SAM-H,FullFT,Liver,A,,,43,,Stromal,Other,4653,,,,,,,,,,,,,,,,,,,,,,,,,,,,,,,,,,,,,,,,,,,,,,,,,,,,,,,,checkpoint_10 TEST,run/sthelar40x_klt_5class_slideind_foldA_fullft_lr1e-5_e10_seed43/log/2026-08-25T015318_sthelar40x_klt_5class_slideind_foldA_fullft_lr1e-5_e10_seed43/inference_results.json,"Rows=true, columns=predicted; paired matches only."
klt_confusion,KLT,CellViT-SAM-H,FullFT,Liver,A,,,43,,Epithelial,Background,338,,,,,,,,,,,,,,,,,,,,,,,,,,,,,,,,,,,,,,,,,,,,,,,,,,,,,,,,checkpoint_10 TEST,run/sthelar40x_klt_5class_slideind_foldA_fullft_lr1e-5_e10_seed43/log/2026-08-25T015318_sthelar40x_klt_5class_slideind_foldA_fullft_lr1e-5_e10_seed43/inference_results.json,"Rows=true, columns=predicted; paired matches only."
klt_confusion,KLT,CellViT-SAM-H,FullFT,Liver,A,,,43,,Epithelial,Immune,52306,,,,,,,,,,,,,,,,,,,,,,,,,,,,,,,,,,,,,,,,,,,,,,,,,,,,,,,,checkpoint_10 TEST,run/sthelar40x_klt_5class_slideind_foldA_fullft_lr1e-5_e10_seed43/log/2026-08-25T015318_sthelar40x_klt_5class_slideind_foldA_fullft_lr1e-5_e10_seed43/inference_results.json,"Rows=true, columns=predicted; paired matches only."
klt_confusion,KLT,CellViT-SAM-H,FullFT,Liver,A,,,43,,Epithelial,Stromal,32160,,,,,,,,,,,,,,,,,,,,,,,,,,,,,,,,,,,,,,,,,,,,,,,,,,,,,,,,checkpoint_10 TEST,run/sthelar40x_klt_5class_slideind_foldA_fullft_lr1e-5_e10_seed43/log/2026-08-25T015318_sthelar40x_klt_5class_slideind_foldA_fullft_lr1e-5_e10_seed43/inference_results.json,"Rows=true, columns=predicted; paired matches only."
klt_confusion,KLT,CellViT-SAM-H,FullFT,Liver,A,,,43,,Epithelial,Epithelial,51119,,,,,,,,,,,,,,,,,,,,,,,,,,,,,,,,,,,,,,,,,,,,,,,,,,,,,,,,checkpoint_10 TEST,run/sthelar40x_klt_5class_slideind_foldA_fullft_lr1e-5_e10_seed43/log/2026-08-25T015318_sthelar40x_klt_5class_slideind_foldA_fullft_lr1e-5_e10_seed43/inference_results.json,"Rows=true, columns=predicted; paired matches only."
klt_confusion,KLT,CellViT-SAM-H,FullFT,Liver,A,,,43,,Epithelial,Melanocyte,0,,,,,,,,,,,,,,,,,,,,,,,,,,,,,,,,,,,,,,,,,,,,,,,,,,,,,,,,checkpoint_10 TEST,run/sthelar40x_klt_5class_slideind_foldA_fullft_lr1e-5_e10_seed43/log/2026-08-25T015318_sthelar40x_klt_5class_slideind_foldA_fullft_lr1e-5_e10_seed43/inference_results.json,"Rows=true, columns=predicted; paired matches only."
klt_confusion,KLT,CellViT-SAM-H,FullFT,Liver,A,,,43,,Epithelial,Other,9197,,,,,,,,,,,,,,,,,,,,,,,,,,,,,,,,,,,,,,,,,,,,,,,,,,,,,,,,checkpoint_10 TEST,run/sthelar40x_klt_5class_slideind_foldA_fullft_lr1e-5_e10_seed43/log/2026-08-25T015318_sthelar40x_klt_5class_slideind_foldA_fullft_lr1e-5_e10_seed43/inference_results.json,"Rows=true, columns=predicted; paired matches only."
klt_confusion,KLT,CellViT-SAM-H,FullFT,Liver,A,,,43,,Melanocyte,Background,0,,,,,,,,,,,,,,,,,,,,,,,,,,,,,,,,,,,,,,,,,,,,,,,,,,,,,,,,checkpoint_10 TEST,run/sthelar40x_klt_5class_slideind_foldA_fullft_lr1e-5_e10_seed43/log/2026-08-25T015318_sthelar40x_klt_5class_slideind_foldA_fullft_lr1e-5_e10_seed43/inference_results.json,"Rows=true, columns=predicted; paired matches only."
klt_confusion,KLT,CellViT-SAM-H,FullFT,Liver,A,,,43,,Melanocyte,Immune,0,,,,,,,,,,,,,,,,,,,,,,,,,,,,,,,,,,,,,,,,,,,,,,,,,,,,,,,,checkpoint_10 TEST,run/sthelar40x_klt_5class_slideind_foldA_fullft_lr1e-5_e10_seed43/log/2026-08-25T015318_sthelar40x_klt_5class_slideind_foldA_fullft_lr1e-5_e10_seed43/inference_results.json,"Rows=true, columns=predicted; paired matches only."
klt_confusion,KLT,CellViT-SAM-H,FullFT,Liver,A,,,43,,Melanocyte,Stromal,0,,,,,,,,,,,,,,,,,,,,,,,,,,,,,,,,,,,,,,,,,,,,,,,,,,,,,,,,checkpoint_10 TEST,run/sthelar40x_klt_5class_slideind_foldA_fullft_lr1e-5_e10_seed43/log/2026-08-25T015318_sthelar40x_klt_5class_slideind_foldA_fullft_lr1e-5_e10_seed43/inference_results.json,"Rows=true, columns=predicted; paired matches only."
klt_confusion,KLT,CellViT-SAM-H,FullFT,Liver,A,,,43,,Melanocyte,Epithelial,0,,,,,,,,,,,,,,,,,,,,,,,,,,,,,,,,,,,,,,,,,,,,,,,,,,,,,,,,checkpoint_10 TEST,run/sthelar40x_klt_5class_slideind_foldA_fullft_lr1e-5_e10_seed43/log/2026-08-25T015318_sthelar40x_klt_5class_slideind_foldA_fullft_lr1e-5_e10_seed43/inference_results.json,"Rows=true, columns=predicted; paired matches only."
klt_confusion,KLT,CellViT-SAM-H,FullFT,Liver,A,,,43,,Melanocyte,Melanocyte,0,,,,,,,,,,,,,,,,,,,,,,,,,,,,,,,,,,,,,,,,,,,,,,,,,,,,,,,,checkpoint_10 TEST,run/sthelar40x_klt_5class_slideind_foldA_fullft_lr1e-5_e10_seed43/log/2026-08-25T015318_sthelar40x_klt_5class_slideind_foldA_fullft_lr1e-5_e10_seed43/inference_results.json,"Rows=true, columns=predicted; paired matches only."
klt_confusion,KLT,CellViT-SAM-H,FullFT,Liver,A,,,43,,Melanocyte,Other,0,,,,,,,,,,,,,,,,,,,,,,,,,,,,,,,,,,,,,,,,,,,,,,,,,,,,,,,,checkpoint_10 TEST,run/sthelar40x_klt_5class_slideind_foldA_fullft_lr1e-5_e10_seed43/log/2026-08-25T015318_sthelar40x_klt_5class_slideind_foldA_fullft_lr1e-5_e10_seed43/inference_results.json,"Rows=true, columns=predicted; paired matches only."
klt_confusion,KLT,CellViT-SAM-H,FullFT,Liver,A,,,43,,Other,Background,0,,,,,,,,,,,,,,,,,,,,,,,,,,,,,,,,,,,,,,,,,,,,,,,,,,,,,,,,checkpoint_10 TEST,run/sthelar40x_klt_5class_slideind_foldA_fullft_lr1e-5_e10_seed43/log/2026-08-25T015318_sthelar40x_klt_5class_slideind_foldA_fullft_lr1e-5_e10_seed43/inference_results.json,"Rows=true, columns=predicted; paired matches only."
klt_confusion,KLT,CellViT-SAM-H,FullFT,Liver,A,,,43,,Other,Immune,50,,,,,,,,,,,,,,,,,,,,,,,,,,,,,,,,,,,,,,,,,,,,,,,,,,,,,,,,checkpoint_10 TEST,run/sthelar40x_klt_5class_slideind_foldA_fullft_lr1e-5_e10_seed43/log/2026-08-25T015318_sthelar40x_klt_5class_slideind_foldA_fullft_lr1e-5_e10_seed43/inference_results.json,"Rows=true, columns=predicted; paired matches only."
klt_confusion,KLT,CellViT-SAM-H,FullFT,Liver,A,,,43,,Other,Stromal,261,,,,,,,,,,,,,,,,,,,,,,,,,,,,,,,,,,,,,,,,,,,,,,,,,,,,,,,,checkpoint_10 TEST,run/sthelar40x_klt_5class_slideind_foldA_fullft_lr1e-5_e10_seed43/log/2026-08-25T015318_sthelar40x_klt_5class_slideind_foldA_fullft_lr1e-5_e10_seed43/inference_results.json,"Rows=true, columns=predicted; paired matches only."
klt_confusion,KLT,CellViT-SAM-H,FullFT,Liver,A,,,43,,Other,Epithelial,19,,,,,,,,,,,,,,,,,,,,,,,,,,,,,,,,,,,,,,,,,,,,,,,,,,,,,,,,checkpoint_10 TEST,run/sthelar40x_klt_5class_slideind_foldA_fullft_lr1e-5_e10_seed43/log/2026-08-25T015318_sthelar40x_klt_5class_slideind_foldA_fullft_lr1e-5_e10_seed43/inference_results.json,"Rows=true, columns=predicted; paired matches only."
klt_confusion,KLT,CellViT-SAM-H,FullFT,Liver,A,,,43,,Other,Melanocyte,0,,,,,,,,,,,,,,,,,,,,,,,,,,,,,,,,,,,,,,,,,,,,,,,,,,,,,,,,checkpoint_10 TEST,run/sthelar40x_klt_5class_slideind_foldA_fullft_lr1e-5_e10_seed43/log/2026-08-25T015318_sthelar40x_klt_5class_slideind_foldA_fullft_lr1e-5_e10_seed43/inference_results.json,"Rows=true, columns=predicted; paired matches only."
klt_confusion,KLT,CellViT-SAM-H,FullFT,Liver,A,,,43,,Other,Other,225,,,,,,,,,,,,,,,,,,,,,,,,,,,,,,,,,,,,,,,,,,,,,,,,,,,,,,,,checkpoint_10 TEST,run/sthelar40x_klt_5class_slideind_foldA_fullft_lr1e-5_e10_seed43/log/2026-08-25T015318_sthelar40x_klt_5class_slideind_foldA_fullft_lr1e-5_e10_seed43/inference_results.json,"Rows=true, columns=predicted; paired matches only."
klt_seed_metric,KLT,CellViT-SAM-H,FullFT,Tonsil,A,,,43,,,,,9879,,,,,,,,,,,,,,,,,0.7393831715528952,0.6162584306143132,0.4451406746378708,0.23569430045569134,0.8201986443967879,0.5740311997770235,,,,,,,,,,,,,,,,,,,,,,,,,,,,,,,,,checkpoint_10 TEST,run/sthelar40x_klt_5class_slideind_foldA_fullft_lr1e-5_e10_seed43/log/2026-08-25T015318_sthelar40x_klt_5class_slideind_foldA_fullft_lr1e-5_e10_seed43/inference_results.json,
klt_per_class,KLT,CellViT-SAM-H,FullFT,Tonsil,A,,,43,Immune,,,,,,,,,,,,,,,,,,,,,,,,,,,,,,,,,,,,,,,,,,,,,0.8260657508874827,,,424976,519787,444229,0.6091136206575036,,,,,,,,checkpoint_10 TEST,run/sthelar40x_klt_5class_slideind_foldA_fullft_lr1e-5_e10_seed43/log/2026-08-25T015318_sthelar40x_klt_5class_slideind_foldA_fullft_lr1e-5_e10_seed43/inference_results.json,
klt_per_class,KLT,CellViT-SAM-H,FullFT,Tonsil,A,,,43,Stromal,,,,,,,,,,,,,,,,,,,,,,,,,,,,,,,,,,,,,,,,,,,,,0.5342612732289097,,,119828,160694,181922,0.24944604719019778,,,,,,,,checkpoint_10 TEST,run/sthelar40x_klt_5class_slideind_foldA_fullft_lr1e-5_e10_seed43/log/2026-08-25T015318_sthelar40x_klt_5class_slideind_foldA_fullft_lr1e-5_e10_seed43/inference_results.json,
klt_per_class,KLT,CellViT-SAM-H,FullFT,Tonsil,A,,,43,Epithelial,,,,,,,,,,,,,,,,,,,,,,,,,,,,,,,,,,,,,,,,,,,,,0.7236505318241283,,,64770,82756,87675,0.1202173579193313,,,,,,,,checkpoint_10 TEST,run/sthelar40x_klt_5class_slideind_foldA_fullft_lr1e-5_e10_seed43/log/2026-08-25T015318_sthelar40x_klt_5class_slideind_foldA_fullft_lr1e-5_e10_seed43/inference_results.json,
klt_per_class,KLT,CellViT-SAM-H,FullFT,Tonsil,A,,,43,Melanocyte,,,,,,,,,,,,,,,,,,,,,,,,,,,,,,,,,,,,,,,,,,,,,,,,0,0,0,0.0,,,,,,,,checkpoint_10 TEST,run/sthelar40x_klt_5class_slideind_foldA_fullft_lr1e-5_e10_seed43/log/2026-08-25T015318_sthelar40x_klt_5class_slideind_foldA_fullft_lr1e-5_e10_seed43/inference_results.json,
klt_per_class,KLT,CellViT-SAM-H,FullFT,Tonsil,A,,,43,Other,,,,,,,,,,,,,,,,,,,,,,,,,,,,,,,,,,,,,,,,,,,,,0.2121472431675734,,,18409,38419,15478,0.02122297423296732,,,,,,,,checkpoint_10 TEST,run/sthelar40x_klt_5class_slideind_foldA_fullft_lr1e-5_e10_seed43/log/2026-08-25T015318_sthelar40x_klt_5class_slideind_foldA_fullft_lr1e-5_e10_seed43/inference_results.json,
klt_confusion,KLT,CellViT-SAM-H,FullFT,Tonsil,A,,,43,,Background,Background,3,,,,,,,,,,,,,,,,,,,,,,,,,,,,,,,,,,,,,,,,,,,,,,,,,,,,,,,,checkpoint_10 TEST,run/sthelar40x_klt_5class_slideind_foldA_fullft_lr1e-5_e10_seed43/log/2026-08-25T015318_sthelar40x_klt_5class_slideind_foldA_fullft_lr1e-5_e10_seed43/inference_results.json,"Rows=true, columns=predicted; paired matches only."
klt_confusion,KLT,CellViT-SAM-H,FullFT,Tonsil,A,,,43,,Background,Immune,0,,,,,,,,,,,,,,,,,,,,,,,,,,,,,,,,,,,,,,,,,,,,,,,,,,,,,,,,checkpoint_10 TEST,run/sthelar40x_klt_5class_slideind_foldA_fullft_lr1e-5_e10_seed43/log/2026-08-25T015318_sthelar40x_klt_5class_slideind_foldA_fullft_lr1e-5_e10_seed43/inference_results.json,"Rows=true, columns=predicted; paired matches only."
klt_confusion,KLT,CellViT-SAM-H,FullFT,Tonsil,A,,,43,,Background,Stromal,0,,,,,,,,,,,,,,,,,,,,,,,,,,,,,,,,,,,,,,,,,,,,,,,,,,,,,,,,checkpoint_10 TEST,run/sthelar40x_klt_5class_slideind_foldA_fullft_lr1e-5_e10_seed43/log/2026-08-25T015318_sthelar40x_klt_5class_slideind_foldA_fullft_lr1e-5_e10_seed43/inference_results.json,"Rows=true, columns=predicted; paired matches only."
klt_confusion,KLT,CellViT-SAM-H,FullFT,Tonsil,A,,,43,,Background,Epithelial,0,,,,,,,,,,,,,,,,,,,,,,,,,,,,,,,,,,,,,,,,,,,,,,,,,,,,,,,,checkpoint_10 TEST,run/sthelar40x_klt_5class_slideind_foldA_fullft_lr1e-5_e10_seed43/log/2026-08-25T015318_sthelar40x_klt_5class_slideind_foldA_fullft_lr1e-5_e10_seed43/inference_results.json,"Rows=true, columns=predicted; paired matches only."
klt_confusion,KLT,CellViT-SAM-H,FullFT,Tonsil,A,,,43,,Background,Melanocyte,0,,,,,,,,,,,,,,,,,,,,,,,,,,,,,,,,,,,,,,,,,,,,,,,,,,,,,,,,checkpoint_10 TEST,run/sthelar40x_klt_5class_slideind_foldA_fullft_lr1e-5_e10_seed43/log/2026-08-25T015318_sthelar40x_klt_5class_slideind_foldA_fullft_lr1e-5_e10_seed43/inference_results.json,"Rows=true, columns=predicted; paired matches only."
klt_confusion,KLT,CellViT-SAM-H,FullFT,Tonsil,A,,,43,,Background,Other,0,,,,,,,,,,,,,,,,,,,,,,,,,,,,,,,,,,,,,,,,,,,,,,,,,,,,,,,,checkpoint_10 TEST,run/sthelar40x_klt_5class_slideind_foldA_fullft_lr1e-5_e10_seed43/log/2026-08-25T015318_sthelar40x_klt_5class_slideind_foldA_fullft_lr1e-5_e10_seed43/inference_results.json,"Rows=true, columns=predicted; paired matches only."
klt_confusion,KLT,CellViT-SAM-H,FullFT,Tonsil,A,,,43,,Immune,Background,243,,,,,,,,,,,,,,,,,,,,,,,,,,,,,,,,,,,,,,,,,,,,,,,,,,,,,,,,checkpoint_10 TEST,run/sthelar40x_klt_5class_slideind_foldA_fullft_lr1e-5_e10_seed43/log/2026-08-25T015318_sthelar40x_klt_5class_slideind_foldA_fullft_lr1e-5_e10_seed43/inference_results.json,"Rows=true, columns=predicted; paired matches only."
klt_confusion,KLT,CellViT-SAM-H,FullFT,Tonsil,A,,,43,,Immune,Immune,334505,,,,,,,,,,,,,,,,,,,,,,,,,,,,,,,,,,,,,,,,,,,,,,,,,,,,,,,,checkpoint_10 TEST,run/sthelar40x_klt_5class_slideind_foldA_fullft_lr1e-5_e10_seed43/log/2026-08-25T015318_sthelar40x_klt_5class_slideind_foldA_fullft_lr1e-5_e10_seed43/inference_results.json,"Rows=true, columns=predicted; paired matches only."
klt_confusion,KLT,CellViT-SAM-H,FullFT,Tonsil,A,,,43,,Immune,Stromal,66584,,,,,,,,,,,,,,,,,,,,,,,,,,,,,,,,,,,,,,,,,,,,,,,,,,,,,,,,checkpoint_10 TEST,run/sthelar40x_klt_5class_slideind_foldA_fullft_lr1e-5_e10_seed43/log/2026-08-25T015318_sthelar40x_klt_5class_slideind_foldA_fullft_lr1e-5_e10_seed43/inference_results.json,"Rows=true, columns=predicted; paired matches only."
klt_confusion,KLT,CellViT-SAM-H,FullFT,Tonsil,A,,,43,,Immune,Epithelial,19635,,,,,,,,,,,,,,,,,,,,,,,,,,,,,,,,,,,,,,,,,,,,,,,,,,,,,,,,checkpoint_10 TEST,run/sthelar40x_klt_5class_slideind_foldA_fullft_lr1e-5_e10_seed43/log/2026-08-25T015318_sthelar40x_klt_5class_slideind_foldA_fullft_lr1e-5_e10_seed43/inference_results.json,"Rows=true, columns=predicted; paired matches only."
klt_confusion,KLT,CellViT-SAM-H,FullFT,Tonsil,A,,,43,,Immune,Melanocyte,0,,,,,,,,,,,,,,,,,,,,,,,,,,,,,,,,,,,,,,,,,,,,,,,,,,,,,,,,checkpoint_10 TEST,run/sthelar40x_klt_5class_slideind_foldA_fullft_lr1e-5_e10_seed43/log/2026-08-25T015318_sthelar40x_klt_5class_slideind_foldA_fullft_lr1e-5_e10_seed43/inference_results.json,"Rows=true, columns=predicted; paired matches only."
klt_confusion,KLT,CellViT-SAM-H,FullFT,Tonsil,A,,,43,,Immune,Other,4252,,,,,,,,,,,,,,,,,,,,,,,,,,,,,,,,,,,,,,,,,,,,,,,,,,,,,,,,checkpoint_10 TEST,run/sthelar40x_klt_5class_slideind_foldA_fullft_lr1e-5_e10_seed43/log/2026-08-25T015318_sthelar40x_klt_5class_slideind_foldA_fullft_lr1e-5_e10_seed43/inference_results.json,"Rows=true, columns=predicted; paired matches only."
klt_confusion,KLT,CellViT-SAM-H,FullFT,Tonsil,A,,,43,,Stromal,Background,205,,,,,,,,,,,,,,,,,,,,,,,,,,,,,,,,,,,,,,,,,,,,,,,,,,,,,,,,checkpoint_10 TEST,run/sthelar40x_klt_5class_slideind_foldA_fullft_lr1e-5_e10_seed43/log/2026-08-25T015318_sthelar40x_klt_5class_slideind_foldA_fullft_lr1e-5_e10_seed43/inference_results.json,"Rows=true, columns=predicted; paired matches only."
klt_confusion,KLT,CellViT-SAM-H,FullFT,Tonsil,A,,,43,,Stromal,Immune,37396,,,,,,,,,,,,,,,,,,,,,,,,,,,,,,,,,,,,,,,,,,,,,,,,,,,,,,,,checkpoint_10 TEST,run/sthelar40x_klt_5class_slideind_foldA_fullft_lr1e-5_e10_seed43/log/2026-08-25T015318_sthelar40x_klt_5class_slideind_foldA_fullft_lr1e-5_e10_seed43/inference_results.json,"Rows=true, columns=predicted; paired matches only."
klt_confusion,KLT,CellViT-SAM-H,FullFT,Tonsil,A,,,43,,Stromal,Stromal,73197,,,,,,,,,,,,,,,,,,,,,,,,,,,,,,,,,,,,,,,,,,,,,,,,,,,,,,,,checkpoint_10 TEST,run/sthelar40x_klt_5class_slideind_foldA_fullft_lr1e-5_e10_seed43/log/2026-08-25T015318_sthelar40x_klt_5class_slideind_foldA_fullft_lr1e-5_e10_seed43/inference_results.json,"Rows=true, columns=predicted; paired matches only."
klt_confusion,KLT,CellViT-SAM-H,FullFT,Tonsil,A,,,43,,Stromal,Epithelial,4798,,,,,,,,,,,,,,,,,,,,,,,,,,,,,,,,,,,,,,,,,,,,,,,,,,,,,,,,checkpoint_10 TEST,run/sthelar40x_klt_5class_slideind_foldA_fullft_lr1e-5_e10_seed43/log/2026-08-25T015318_sthelar40x_klt_5class_slideind_foldA_fullft_lr1e-5_e10_seed43/inference_results.json,"Rows=true, columns=predicted; paired matches only."
klt_confusion,KLT,CellViT-SAM-H,FullFT,Tonsil,A,,,43,,Stromal,Melanocyte,0,,,,,,,,,,,,,,,,,,,,,,,,,,,,,,,,,,,,,,,,,,,,,,,,,,,,,,,,checkpoint_10 TEST,run/sthelar40x_klt_5class_slideind_foldA_fullft_lr1e-5_e10_seed43/log/2026-08-25T015318_sthelar40x_klt_5class_slideind_foldA_fullft_lr1e-5_e10_seed43/inference_results.json,"Rows=true, columns=predicted; paired matches only."
klt_confusion,KLT,CellViT-SAM-H,FullFT,Tonsil,A,,,43,,Stromal,Other,4437,,,,,,,,,,,,,,,,,,,,,,,,,,,,,,,,,,,,,,,,,,,,,,,,,,,,,,,,checkpoint_10 TEST,run/sthelar40x_klt_5class_slideind_foldA_fullft_lr1e-5_e10_seed43/log/2026-08-25T015318_sthelar40x_klt_5class_slideind_foldA_fullft_lr1e-5_e10_seed43/inference_results.json,"Rows=true, columns=predicted; paired matches only."
klt_confusion,KLT,CellViT-SAM-H,FullFT,Tonsil,A,,,43,,Epithelial,Background,201,,,,,,,,,,,,,,,,,,,,,,,,,,,,,,,,,,,,,,,,,,,,,,,,,,,,,,,,checkpoint_10 TEST,run/sthelar40x_klt_5class_slideind_foldA_fullft_lr1e-5_e10_seed43/log/2026-08-25T015318_sthelar40x_klt_5class_slideind_foldA_fullft_lr1e-5_e10_seed43/inference_results.json,"Rows=true, columns=predicted; paired matches only."
klt_confusion,KLT,CellViT-SAM-H,FullFT,Tonsil,A,,,43,,Epithelial,Immune,7729,,,,,,,,,,,,,,,,,,,,,,,,,,,,,,,,,,,,,,,,,,,,,,,,,,,,,,,,checkpoint_10 TEST,run/sthelar40x_klt_5class_slideind_foldA_fullft_lr1e-5_e10_seed43/log/2026-08-25T015318_sthelar40x_klt_5class_slideind_foldA_fullft_lr1e-5_e10_seed43/inference_results.json,"Rows=true, columns=predicted; paired matches only."
klt_confusion,KLT,CellViT-SAM-H,FullFT,Tonsil,A,,,43,,Epithelial,Stromal,5152,,,,,,,,,,,,,,,,,,,,,,,,,,,,,,,,,,,,,,,,,,,,,,,,,,,,,,,,checkpoint_10 TEST,run/sthelar40x_klt_5class_slideind_foldA_fullft_lr1e-5_e10_seed43/log/2026-08-25T015318_sthelar40x_klt_5class_slideind_foldA_fullft_lr1e-5_e10_seed43/inference_results.json,"Rows=true, columns=predicted; paired matches only."
klt_confusion,KLT,CellViT-SAM-H,FullFT,Tonsil,A,,,43,,Epithelial,Epithelial,50890,,,,,,,,,,,,,,,,,,,,,,,,,,,,,,,,,,,,,,,,,,,,,,,,,,,,,,,,checkpoint_10 TEST,run/sthelar40x_klt_5class_slideind_foldA_fullft_lr1e-5_e10_seed43/log/2026-08-25T015318_sthelar40x_klt_5class_slideind_foldA_fullft_lr1e-5_e10_seed43/inference_results.json,"Rows=true, columns=predicted; paired matches only."
klt_confusion,KLT,CellViT-SAM-H,FullFT,Tonsil,A,,,43,,Epithelial,Melanocyte,0,,,,,,,,,,,,,,,,,,,,,,,,,,,,,,,,,,,,,,,,,,,,,,,,,,,,,,,,checkpoint_10 TEST,run/sthelar40x_klt_5class_slideind_foldA_fullft_lr1e-5_e10_seed43/log/2026-08-25T015318_sthelar40x_klt_5class_slideind_foldA_fullft_lr1e-5_e10_seed43/inference_results.json,"Rows=true, columns=predicted; paired matches only."
klt_confusion,KLT,CellViT-SAM-H,FullFT,Tonsil,A,,,43,,Epithelial,Other,999,,,,,,,,,,,,,,,,,,,,,,,,,,,,,,,,,,,,,,,,,,,,,,,,,,,,,,,,checkpoint_10 TEST,run/sthelar40x_klt_5class_slideind_foldA_fullft_lr1e-5_e10_seed43/log/2026-08-25T015318_sthelar40x_klt_5class_slideind_foldA_fullft_lr1e-5_e10_seed43/inference_results.json,"Rows=true, columns=predicted; paired matches only."
klt_confusion,KLT,CellViT-SAM-H,FullFT,Tonsil,A,,,43,,Melanocyte,Background,0,,,,,,,,,,,,,,,,,,,,,,,,,,,,,,,,,,,,,,,,,,,,,,,,,,,,,,,,checkpoint_10 TEST,run/sthelar40x_klt_5class_slideind_foldA_fullft_lr1e-5_e10_seed43/log/2026-08-25T015318_sthelar40x_klt_5class_slideind_foldA_fullft_lr1e-5_e10_seed43/inference_results.json,"Rows=true, columns=predicted; paired matches only."
klt_confusion,KLT,CellViT-SAM-H,FullFT,Tonsil,A,,,43,,Melanocyte,Immune,0,,,,,,,,,,,,,,,,,,,,,,,,,,,,,,,,,,,,,,,,,,,,,,,,,,,,,,,,checkpoint_10 TEST,run/sthelar40x_klt_5class_slideind_foldA_fullft_lr1e-5_e10_seed43/log/2026-08-25T015318_sthelar40x_klt_5class_slideind_foldA_fullft_lr1e-5_e10_seed43/inference_results.json,"Rows=true, columns=predicted; paired matches only."
klt_confusion,KLT,CellViT-SAM-H,FullFT,Tonsil,A,,,43,,Melanocyte,Stromal,0,,,,,,,,,,,,,,,,,,,,,,,,,,,,,,,,,,,,,,,,,,,,,,,,,,,,,,,,checkpoint_10 TEST,run/sthelar40x_klt_5class_slideind_foldA_fullft_lr1e-5_e10_seed43/log/2026-08-25T015318_sthelar40x_klt_5class_slideind_foldA_fullft_lr1e-5_e10_seed43/inference_results.json,"Rows=true, columns=predicted; paired matches only."
klt_confusion,KLT,CellViT-SAM-H,FullFT,Tonsil,A,,,43,,Melanocyte,Epithelial,0,,,,,,,,,,,,,,,,,,,,,,,,,,,,,,,,,,,,,,,,,,,,,,,,,,,,,,,,checkpoint_10 TEST,run/sthelar40x_klt_5class_slideind_foldA_fullft_lr1e-5_e10_seed43/log/2026-08-25T015318_sthelar40x_klt_5class_slideind_foldA_fullft_lr1e-5_e10_seed43/inference_results.json,"Rows=true, columns=predicted; paired matches only."
klt_confusion,KLT,CellViT-SAM-H,FullFT,Tonsil,A,,,43,,Melanocyte,Melanocyte,0,,,,,,,,,,,,,,,,,,,,,,,,,,,,,,,,,,,,,,,,,,,,,,,,,,,,,,,,checkpoint_10 TEST,run/sthelar40x_klt_5class_slideind_foldA_fullft_lr1e-5_e10_seed43/log/2026-08-25T015318_sthelar40x_klt_5class_slideind_foldA_fullft_lr1e-5_e10_seed43/inference_results.json,"Rows=true, columns=predicted; paired matches only."
klt_confusion,KLT,CellViT-SAM-H,FullFT,Tonsil,A,,,43,,Melanocyte,Other,0,,,,,,,,,,,,,,,,,,,,,,,,,,,,,,,,,,,,,,,,,,,,,,,,,,,,,,,,checkpoint_10 TEST,run/sthelar40x_klt_5class_slideind_foldA_fullft_lr1e-5_e10_seed43/log/2026-08-25T015318_sthelar40x_klt_5class_slideind_foldA_fullft_lr1e-5_e10_seed43/inference_results.json,"Rows=true, columns=predicted; paired matches only."
klt_confusion,KLT,CellViT-SAM-H,FullFT,Tonsil,A,,,43,,Other,Background,126,,,,,,,,,,,,,,,,,,,,,,,,,,,,,,,,,,,,,,,,,,,,,,,,,,,,,,,,checkpoint_10 TEST,run/sthelar40x_klt_5class_slideind_foldA_fullft_lr1e-5_e10_seed43/log/2026-08-25T015318_sthelar40x_klt_5class_slideind_foldA_fullft_lr1e-5_e10_seed43/inference_results.json,"Rows=true, columns=predicted; paired matches only."
klt_confusion,KLT,CellViT-SAM-H,FullFT,Tonsil,A,,,43,,Other,Immune,5269,,,,,,,,,,,,,,,,,,,,,,,,,,,,,,,,,,,,,,,,,,,,,,,,,,,,,,,,checkpoint_10 TEST,run/sthelar40x_klt_5class_slideind_foldA_fullft_lr1e-5_e10_seed43/log/2026-08-25T015318_sthelar40x_klt_5class_slideind_foldA_fullft_lr1e-5_e10_seed43/inference_results.json,"Rows=true, columns=predicted; paired matches only."
klt_confusion,KLT,CellViT-SAM-H,FullFT,Tonsil,A,,,43,,Other,Stromal,9251,,,,,,,,,,,,,,,,,,,,,,,,,,,,,,,,,,,,,,,,,,,,,,,,,,,,,,,,checkpoint_10 TEST,run/sthelar40x_klt_5class_slideind_foldA_fullft_lr1e-5_e10_seed43/log/2026-08-25T015318_sthelar40x_klt_5class_slideind_foldA_fullft_lr1e-5_e10_seed43/inference_results.json,"Rows=true, columns=predicted; paired matches only."
klt_confusion,KLT,CellViT-SAM-H,FullFT,Tonsil,A,,,43,,Other,Epithelial,555,,,,,,,,,,,,,,,,,,,,,,,,,,,,,,,,,,,,,,,,,,,,,,,,,,,,,,,,checkpoint_10 TEST,run/sthelar40x_klt_5class_slideind_foldA_fullft_lr1e-5_e10_seed43/log/2026-08-25T015318_sthelar40x_klt_5class_slideind_foldA_fullft_lr1e-5_e10_seed43/inference_results.json,"Rows=true, columns=predicted; paired matches only."
klt_confusion,KLT,CellViT-SAM-H,FullFT,Tonsil,A,,,43,,Other,Melanocyte,0,,,,,,,,,,,,,,,,,,,,,,,,,,,,,,,,,,,,,,,,,,,,,,,,,,,,,,,,checkpoint_10 TEST,run/sthelar40x_klt_5class_slideind_foldA_fullft_lr1e-5_e10_seed43/log/2026-08-25T015318_sthelar40x_klt_5class_slideind_foldA_fullft_lr1e-5_e10_seed43/inference_results.json,"Rows=true, columns=predicted; paired matches only."
klt_confusion,KLT,CellViT-SAM-H,FullFT,Tonsil,A,,,43,,Other,Other,3334,,,,,,,,,,,,,,,,,,,,,,,,,,,,,,,,,,,,,,,,,,,,,,,,,,,,,,,,checkpoint_10 TEST,run/sthelar40x_klt_5class_slideind_foldA_fullft_lr1e-5_e10_seed43/log/2026-08-25T015318_sthelar40x_klt_5class_slideind_foldA_fullft_lr1e-5_e10_seed43/inference_results.json,"Rows=true, columns=predicted; paired matches only."
klt_seed_metric,KLT,CellViT-SAM-H,FullFT,Pooled KLT,A,,,43,,,,,23494,,,,,,,,,,,,,,,,,0.7969394174318452,0.6835143109879015,0.5253289084150643,0.21051384621159336,0.8372002112323488,0.4894429217433189,,,,,,,,,,,,,,,,,,,,,,,,,,,,,,,,,checkpoint_10 TEST,run/sthelar40x_klt_5class_slideind_foldA_fullft_lr1e-5_e10_seed43/log/2026-08-25T015318_sthelar40x_klt_5class_slideind_foldA_fullft_lr1e-5_e10_seed43/inference_results.json,
klt_per_class,KLT,CellViT-SAM-H,FullFT,Pooled KLT,A,,,43,Immune,,,,,,,,,,,,,,,,,,,,,,,,,,,,,,,,,,,,,,,,,,,,,0.717619301530283,,,532659,644433,530449,0.47914892079507526,,,,,,,,checkpoint_10 TEST,run/sthelar40x_klt_5class_slideind_foldA_fullft_lr1e-5_e10_seed43/log/2026-08-25T015318_sthelar40x_klt_5class_slideind_foldA_fullft_lr1e-5_e10_seed43/inference_results.json,
klt_per_class,KLT,CellViT-SAM-H,FullFT,Pooled KLT,A,,,43,Stromal,,,,,,,,,,,,,,,,,,,,,,,,,,,,,,,,,,,,,,,,,,,,,0.5328266899150217,,,200323,260055,373278,0.33717803381011957,,,,,,,,checkpoint_10 TEST,run/sthelar40x_klt_5class_slideind_foldA_fullft_lr1e-5_e10_seed43/log/2026-08-25T015318_sthelar40x_klt_5class_slideind_foldA_fullft_lr1e-5_e10_seed43/inference_results.json,
klt_per_class,KLT,CellViT-SAM-H,FullFT,Pooled KLT,A,,,43,Epithelial,,,,,,,,,,,,,,,,,,,,,,,,,,,,,,,,,,,,,,,,,,,,,0.5748996207896497,,,222317,276255,152861,0.13807770998089544,,,,,,,,checkpoint_10 TEST,run/sthelar40x_klt_5class_slideind_foldA_fullft_lr1e-5_e10_seed43/log/2026-08-25T015318_sthelar40x_klt_5class_slideind_foldA_fullft_lr1e-5_e10_seed43/inference_results.json,
klt_per_class,KLT,CellViT-SAM-H,FullFT,Pooled KLT,A,,,43,Melanocyte,,,,,,,,,,,,,,,,,,,,,,,,,,,,,,,,,,,,,,,,,,,,,,,,0,0,0,0.0,,,,,,,,checkpoint_10 TEST,run/sthelar40x_klt_5class_slideind_foldA_fullft_lr1e-5_e10_seed43/log/2026-08-25T015318_sthelar40x_klt_5class_slideind_foldA_fullft_lr1e-5_e10_seed43/inference_results.json,
klt_per_class,KLT,CellViT-SAM-H,FullFT,Pooled KLT,A,,,43,Other,,,,,,,,,,,,,,,,,,,,,,,,,,,,,,,,,,,,,,,,,,,,,0.13242607473832116,,,20092,41650,50477,0.045595335413909754,,,,,,,,checkpoint_10 TEST,run/sthelar40x_klt_5class_slideind_foldA_fullft_lr1e-5_e10_seed43/log/2026-08-25T015318_sthelar40x_klt_5class_slideind_foldA_fullft_lr1e-5_e10_seed43/inference_results.json,
klt_confusion,KLT,CellViT-SAM-H,FullFT,Pooled KLT,A,,,43,,Background,Background,10,,,,,,,,,,,,,,,,,,,,,,,,,,,,,,,,,,,,,,,,,,,,,,,,,,,,,,,,checkpoint_10 TEST,run/sthelar40x_klt_5class_slideind_foldA_fullft_lr1e-5_e10_seed43/log/2026-08-25T015318_sthelar40x_klt_5class_slideind_foldA_fullft_lr1e-5_e10_seed43/inference_results.json,"Rows=true, columns=predicted; paired matches only."
klt_confusion,KLT,CellViT-SAM-H,FullFT,Pooled KLT,A,,,43,,Background,Immune,0,,,,,,,,,,,,,,,,,,,,,,,,,,,,,,,,,,,,,,,,,,,,,,,,,,,,,,,,checkpoint_10 TEST,run/sthelar40x_klt_5class_slideind_foldA_fullft_lr1e-5_e10_seed43/log/2026-08-25T015318_sthelar40x_klt_5class_slideind_foldA_fullft_lr1e-5_e10_seed43/inference_results.json,"Rows=true, columns=predicted; paired matches only."
klt_confusion,KLT,CellViT-SAM-H,FullFT,Pooled KLT,A,,,43,,Background,Stromal,0,,,,,,,,,,,,,,,,,,,,,,,,,,,,,,,,,,,,,,,,,,,,,,,,,,,,,,,,checkpoint_10 TEST,run/sthelar40x_klt_5class_slideind_foldA_fullft_lr1e-5_e10_seed43/log/2026-08-25T015318_sthelar40x_klt_5class_slideind_foldA_fullft_lr1e-5_e10_seed43/inference_results.json,"Rows=true, columns=predicted; paired matches only."
klt_confusion,KLT,CellViT-SAM-H,FullFT,Pooled KLT,A,,,43,,Background,Epithelial,0,,,,,,,,,,,,,,,,,,,,,,,,,,,,,,,,,,,,,,,,,,,,,,,,,,,,,,,,checkpoint_10 TEST,run/sthelar40x_klt_5class_slideind_foldA_fullft_lr1e-5_e10_seed43/log/2026-08-25T015318_sthelar40x_klt_5class_slideind_foldA_fullft_lr1e-5_e10_seed43/inference_results.json,"Rows=true, columns=predicted; paired matches only."
klt_confusion,KLT,CellViT-SAM-H,FullFT,Pooled KLT,A,,,43,,Background,Melanocyte,0,,,,,,,,,,,,,,,,,,,,,,,,,,,,,,,,,,,,,,,,,,,,,,,,,,,,,,,,checkpoint_10 TEST,run/sthelar40x_klt_5class_slideind_foldA_fullft_lr1e-5_e10_seed43/log/2026-08-25T015318_sthelar40x_klt_5class_slideind_foldA_fullft_lr1e-5_e10_seed43/inference_results.json,"Rows=true, columns=predicted; paired matches only."
klt_confusion,KLT,CellViT-SAM-H,FullFT,Pooled KLT,A,,,43,,Background,Other,0,,,,,,,,,,,,,,,,,,,,,,,,,,,,,,,,,,,,,,,,,,,,,,,,,,,,,,,,checkpoint_10 TEST,run/sthelar40x_klt_5class_slideind_foldA_fullft_lr1e-5_e10_seed43/log/2026-08-25T015318_sthelar40x_klt_5class_slideind_foldA_fullft_lr1e-5_e10_seed43/inference_results.json,"Rows=true, columns=predicted; paired matches only."
klt_confusion,KLT,CellViT-SAM-H,FullFT,Pooled KLT,A,,,43,,Immune,Background,263,,,,,,,,,,,,,,,,,,,,,,,,,,,,,,,,,,,,,,,,,,,,,,,,,,,,,,,,checkpoint_10 TEST,run/sthelar40x_klt_5class_slideind_foldA_fullft_lr1e-5_e10_seed43/log/2026-08-25T015318_sthelar40x_klt_5class_slideind_foldA_fullft_lr1e-5_e10_seed43/inference_results.json,"Rows=true, columns=predicted; paired matches only."
klt_confusion,KLT,CellViT-SAM-H,FullFT,Pooled KLT,A,,,43,,Immune,Immune,357993,,,,,,,,,,,,,,,,,,,,,,,,,,,,,,,,,,,,,,,,,,,,,,,,,,,,,,,,checkpoint_10 TEST,run/sthelar40x_klt_5class_slideind_foldA_fullft_lr1e-5_e10_seed43/log/2026-08-25T015318_sthelar40x_klt_5class_slideind_foldA_fullft_lr1e-5_e10_seed43/inference_results.json,"Rows=true, columns=predicted; paired matches only."
klt_confusion,KLT,CellViT-SAM-H,FullFT,Pooled KLT,A,,,43,,Immune,Stromal,135670,,,,,,,,,,,,,,,,,,,,,,,,,,,,,,,,,,,,,,,,,,,,,,,,,,,,,,,,checkpoint_10 TEST,run/sthelar40x_klt_5class_slideind_foldA_fullft_lr1e-5_e10_seed43/log/2026-08-25T015318_sthelar40x_klt_5class_slideind_foldA_fullft_lr1e-5_e10_seed43/inference_results.json,"Rows=true, columns=predicted; paired matches only."
klt_confusion,KLT,CellViT-SAM-H,FullFT,Pooled KLT,A,,,43,,Immune,Epithelial,24642,,,,,,,,,,,,,,,,,,,,,,,,,,,,,,,,,,,,,,,,,,,,,,,,,,,,,,,,checkpoint_10 TEST,run/sthelar40x_klt_5class_slideind_foldA_fullft_lr1e-5_e10_seed43/log/2026-08-25T015318_sthelar40x_klt_5class_slideind_foldA_fullft_lr1e-5_e10_seed43/inference_results.json,"Rows=true, columns=predicted; paired matches only."
klt_confusion,KLT,CellViT-SAM-H,FullFT,Pooled KLT,A,,,43,,Immune,Melanocyte,0,,,,,,,,,,,,,,,,,,,,,,,,,,,,,,,,,,,,,,,,,,,,,,,,,,,,,,,,checkpoint_10 TEST,run/sthelar40x_klt_5class_slideind_foldA_fullft_lr1e-5_e10_seed43/log/2026-08-25T015318_sthelar40x_klt_5class_slideind_foldA_fullft_lr1e-5_e10_seed43/inference_results.json,"Rows=true, columns=predicted; paired matches only."
klt_confusion,KLT,CellViT-SAM-H,FullFT,Pooled KLT,A,,,43,,Immune,Other,14354,,,,,,,,,,,,,,,,,,,,,,,,,,,,,,,,,,,,,,,,,,,,,,,,,,,,,,,,checkpoint_10 TEST,run/sthelar40x_klt_5class_slideind_foldA_fullft_lr1e-5_e10_seed43/log/2026-08-25T015318_sthelar40x_klt_5class_slideind_foldA_fullft_lr1e-5_e10_seed43/inference_results.json,"Rows=true, columns=predicted; paired matches only."
klt_confusion,KLT,CellViT-SAM-H,FullFT,Pooled KLT,A,,,43,,Stromal,Background,233,,,,,,,,,,,,,,,,,,,,,,,,,,,,,,,,,,,,,,,,,,,,,,,,,,,,,,,,checkpoint_10 TEST,run/sthelar40x_klt_5class_slideind_foldA_fullft_lr1e-5_e10_seed43/log/2026-08-25T015318_sthelar40x_klt_5class_slideind_foldA_fullft_lr1e-5_e10_seed43/inference_results.json,"Rows=true, columns=predicted; paired matches only."
klt_confusion,KLT,CellViT-SAM-H,FullFT,Pooled KLT,A,,,43,,Stromal,Immune,39766,,,,,,,,,,,,,,,,,,,,,,,,,,,,,,,,,,,,,,,,,,,,,,,,,,,,,,,,checkpoint_10 TEST,run/sthelar40x_klt_5class_slideind_foldA_fullft_lr1e-5_e10_seed43/log/2026-08-25T015318_sthelar40x_klt_5class_slideind_foldA_fullft_lr1e-5_e10_seed43/inference_results.json,"Rows=true, columns=predicted; paired matches only."
klt_confusion,KLT,CellViT-SAM-H,FullFT,Pooled KLT,A,,,43,,Stromal,Stromal,141486,,,,,,,,,,,,,,,,,,,,,,,,,,,,,,,,,,,,,,,,,,,,,,,,,,,,,,,,checkpoint_10 TEST,run/sthelar40x_klt_5class_slideind_foldA_fullft_lr1e-5_e10_seed43/log/2026-08-25T015318_sthelar40x_klt_5class_slideind_foldA_fullft_lr1e-5_e10_seed43/inference_results.json,"Rows=true, columns=predicted; paired matches only."
klt_confusion,KLT,CellViT-SAM-H,FullFT,Pooled KLT,A,,,43,,Stromal,Epithelial,8003,,,,,,,,,,,,,,,,,,,,,,,,,,,,,,,,,,,,,,,,,,,,,,,,,,,,,,,,checkpoint_10 TEST,run/sthelar40x_klt_5class_slideind_foldA_fullft_lr1e-5_e10_seed43/log/2026-08-25T015318_sthelar40x_klt_5class_slideind_foldA_fullft_lr1e-5_e10_seed43/inference_results.json,"Rows=true, columns=predicted; paired matches only."
klt_confusion,KLT,CellViT-SAM-H,FullFT,Pooled KLT,A,,,43,,Stromal,Melanocyte,0,,,,,,,,,,,,,,,,,,,,,,,,,,,,,,,,,,,,,,,,,,,,,,,,,,,,,,,,checkpoint_10 TEST,run/sthelar40x_klt_5class_slideind_foldA_fullft_lr1e-5_e10_seed43/log/2026-08-25T015318_sthelar40x_klt_5class_slideind_foldA_fullft_lr1e-5_e10_seed43/inference_results.json,"Rows=true, columns=predicted; paired matches only."
klt_confusion,KLT,CellViT-SAM-H,FullFT,Pooled KLT,A,,,43,,Stromal,Other,11068,,,,,,,,,,,,,,,,,,,,,,,,,,,,,,,,,,,,,,,,,,,,,,,,,,,,,,,,checkpoint_10 TEST,run/sthelar40x_klt_5class_slideind_foldA_fullft_lr1e-5_e10_seed43/log/2026-08-25T015318_sthelar40x_klt_5class_slideind_foldA_fullft_lr1e-5_e10_seed43/inference_results.json,"Rows=true, columns=predicted; paired matches only."
klt_confusion,KLT,CellViT-SAM-H,FullFT,Pooled KLT,A,,,43,,Epithelial,Background,561,,,,,,,,,,,,,,,,,,,,,,,,,,,,,,,,,,,,,,,,,,,,,,,,,,,,,,,,checkpoint_10 TEST,run/sthelar40x_klt_5class_slideind_foldA_fullft_lr1e-5_e10_seed43/log/2026-08-25T015318_sthelar40x_klt_5class_slideind_foldA_fullft_lr1e-5_e10_seed43/inference_results.json,"Rows=true, columns=predicted; paired matches only."
klt_confusion,KLT,CellViT-SAM-H,FullFT,Pooled KLT,A,,,43,,Epithelial,Immune,61845,,,,,,,,,,,,,,,,,,,,,,,,,,,,,,,,,,,,,,,,,,,,,,,,,,,,,,,,checkpoint_10 TEST,run/sthelar40x_klt_5class_slideind_foldA_fullft_lr1e-5_e10_seed43/log/2026-08-25T015318_sthelar40x_klt_5class_slideind_foldA_fullft_lr1e-5_e10_seed43/inference_results.json,"Rows=true, columns=predicted; paired matches only."
klt_confusion,KLT,CellViT-SAM-H,FullFT,Pooled KLT,A,,,43,,Epithelial,Stromal,43748,,,,,,,,,,,,,,,,,,,,,,,,,,,,,,,,,,,,,,,,,,,,,,,,,,,,,,,,checkpoint_10 TEST,run/sthelar40x_klt_5class_slideind_foldA_fullft_lr1e-5_e10_seed43/log/2026-08-25T015318_sthelar40x_klt_5class_slideind_foldA_fullft_lr1e-5_e10_seed43/inference_results.json,"Rows=true, columns=predicted; paired matches only."
klt_confusion,KLT,CellViT-SAM-H,FullFT,Pooled KLT,A,,,43,,Epithelial,Epithelial,103091,,,,,,,,,,,,,,,,,,,,,,,,,,,,,,,,,,,,,,,,,,,,,,,,,,,,,,,,checkpoint_10 TEST,run/sthelar40x_klt_5class_slideind_foldA_fullft_lr1e-5_e10_seed43/log/2026-08-25T015318_sthelar40x_klt_5class_slideind_foldA_fullft_lr1e-5_e10_seed43/inference_results.json,"Rows=true, columns=predicted; paired matches only."
klt_confusion,KLT,CellViT-SAM-H,FullFT,Pooled KLT,A,,,43,,Epithelial,Melanocyte,0,,,,,,,,,,,,,,,,,,,,,,,,,,,,,,,,,,,,,,,,,,,,,,,,,,,,,,,,checkpoint_10 TEST,run/sthelar40x_klt_5class_slideind_foldA_fullft_lr1e-5_e10_seed43/log/2026-08-25T015318_sthelar40x_klt_5class_slideind_foldA_fullft_lr1e-5_e10_seed43/inference_results.json,"Rows=true, columns=predicted; paired matches only."
klt_confusion,KLT,CellViT-SAM-H,FullFT,Pooled KLT,A,,,43,,Epithelial,Other,13633,,,,,,,,,,,,,,,,,,,,,,,,,,,,,,,,,,,,,,,,,,,,,,,,,,,,,,,,checkpoint_10 TEST,run/sthelar40x_klt_5class_slideind_foldA_fullft_lr1e-5_e10_seed43/log/2026-08-25T015318_sthelar40x_klt_5class_slideind_foldA_fullft_lr1e-5_e10_seed43/inference_results.json,"Rows=true, columns=predicted; paired matches only."
klt_confusion,KLT,CellViT-SAM-H,FullFT,Pooled KLT,A,,,43,,Melanocyte,Background,0,,,,,,,,,,,,,,,,,,,,,,,,,,,,,,,,,,,,,,,,,,,,,,,,,,,,,,,,checkpoint_10 TEST,run/sthelar40x_klt_5class_slideind_foldA_fullft_lr1e-5_e10_seed43/log/2026-08-25T015318_sthelar40x_klt_5class_slideind_foldA_fullft_lr1e-5_e10_seed43/inference_results.json,"Rows=true, columns=predicted; paired matches only."
klt_confusion,KLT,CellViT-SAM-H,FullFT,Pooled KLT,A,,,43,,Melanocyte,Immune,0,,,,,,,,,,,,,,,,,,,,,,,,,,,,,,,,,,,,,,,,,,,,,,,,,,,,,,,,checkpoint_10 TEST,run/sthelar40x_klt_5class_slideind_foldA_fullft_lr1e-5_e10_seed43/log/2026-08-25T015318_sthelar40x_klt_5class_slideind_foldA_fullft_lr1e-5_e10_seed43/inference_results.json,"Rows=true, columns=predicted; paired matches only."
klt_confusion,KLT,CellViT-SAM-H,FullFT,Pooled KLT,A,,,43,,Melanocyte,Stromal,0,,,,,,,,,,,,,,,,,,,,,,,,,,,,,,,,,,,,,,,,,,,,,,,,,,,,,,,,checkpoint_10 TEST,run/sthelar40x_klt_5class_slideind_foldA_fullft_lr1e-5_e10_seed43/log/2026-08-25T015318_sthelar40x_klt_5class_slideind_foldA_fullft_lr1e-5_e10_seed43/inference_results.json,"Rows=true, columns=predicted; paired matches only."
klt_confusion,KLT,CellViT-SAM-H,FullFT,Pooled KLT,A,,,43,,Melanocyte,Epithelial,0,,,,,,,,,,,,,,,,,,,,,,,,,,,,,,,,,,,,,,,,,,,,,,,,,,,,,,,,checkpoint_10 TEST,run/sthelar40x_klt_5class_slideind_foldA_fullft_lr1e-5_e10_seed43/log/2026-08-25T015318_sthelar40x_klt_5class_slideind_foldA_fullft_lr1e-5_e10_seed43/inference_results.json,"Rows=true, columns=predicted; paired matches only."
klt_confusion,KLT,CellViT-SAM-H,FullFT,Pooled KLT,A,,,43,,Melanocyte,Melanocyte,0,,,,,,,,,,,,,,,,,,,,,,,,,,,,,,,,,,,,,,,,,,,,,,,,,,,,,,,,checkpoint_10 TEST,run/sthelar40x_klt_5class_slideind_foldA_fullft_lr1e-5_e10_seed43/log/2026-08-25T015318_sthelar40x_klt_5class_slideind_foldA_fullft_lr1e-5_e10_seed43/inference_results.json,"Rows=true, columns=predicted; paired matches only."
klt_confusion,KLT,CellViT-SAM-H,FullFT,Pooled KLT,A,,,43,,Melanocyte,Other,0,,,,,,,,,,,,,,,,,,,,,,,,,,,,,,,,,,,,,,,,,,,,,,,,,,,,,,,,checkpoint_10 TEST,run/sthelar40x_klt_5class_slideind_foldA_fullft_lr1e-5_e10_seed43/log/2026-08-25T015318_sthelar40x_klt_5class_slideind_foldA_fullft_lr1e-5_e10_seed43/inference_results.json,"Rows=true, columns=predicted; paired matches only."
klt_confusion,KLT,CellViT-SAM-H,FullFT,Pooled KLT,A,,,43,,Other,Background,126,,,,,,,,,,,,,,,,,,,,,,,,,,,,,,,,,,,,,,,,,,,,,,,,,,,,,,,,checkpoint_10 TEST,run/sthelar40x_klt_5class_slideind_foldA_fullft_lr1e-5_e10_seed43/log/2026-08-25T015318_sthelar40x_klt_5class_slideind_foldA_fullft_lr1e-5_e10_seed43/inference_results.json,"Rows=true, columns=predicted; paired matches only."
klt_confusion,KLT,CellViT-SAM-H,FullFT,Pooled KLT,A,,,43,,Other,Immune,5461,,,,,,,,,,,,,,,,,,,,,,,,,,,,,,,,,,,,,,,,,,,,,,,,,,,,,,,,checkpoint_10 TEST,run/sthelar40x_klt_5class_slideind_foldA_fullft_lr1e-5_e10_seed43/log/2026-08-25T015318_sthelar40x_klt_5class_slideind_foldA_fullft_lr1e-5_e10_seed43/inference_results.json,"Rows=true, columns=predicted; paired matches only."
klt_confusion,KLT,CellViT-SAM-H,FullFT,Pooled KLT,A,,,43,,Other,Stromal,9850,,,,,,,,,,,,,,,,,,,,,,,,,,,,,,,,,,,,,,,,,,,,,,,,,,,,,,,,checkpoint_10 TEST,run/sthelar40x_klt_5class_slideind_foldA_fullft_lr1e-5_e10_seed43/log/2026-08-25T015318_sthelar40x_klt_5class_slideind_foldA_fullft_lr1e-5_e10_seed43/inference_results.json,"Rows=true, columns=predicted; paired matches only."
klt_confusion,KLT,CellViT-SAM-H,FullFT,Pooled KLT,A,,,43,,Other,Epithelial,587,,,,,,,,,,,,,,,,,,,,,,,,,,,,,,,,,,,,,,,,,,,,,,,,,,,,,,,,checkpoint_10 TEST,run/sthelar40x_klt_5class_slideind_foldA_fullft_lr1e-5_e10_seed43/log/2026-08-25T015318_sthelar40x_klt_5class_slideind_foldA_fullft_lr1e-5_e10_seed43/inference_results.json,"Rows=true, columns=predicted; paired matches only."
klt_confusion,KLT,CellViT-SAM-H,FullFT,Pooled KLT,A,,,43,,Other,Melanocyte,0,,,,,,,,,,,,,,,,,,,,,,,,,,,,,,,,,,,,,,,,,,,,,,,,,,,,,,,,checkpoint_10 TEST,run/sthelar40x_klt_5class_slideind_foldA_fullft_lr1e-5_e10_seed43/log/2026-08-25T015318_sthelar40x_klt_5class_slideind_foldA_fullft_lr1e-5_e10_seed43/inference_results.json,"Rows=true, columns=predicted; paired matches only."
klt_confusion,KLT,CellViT-SAM-H,FullFT,Pooled KLT,A,,,43,,Other,Other,4194,,,,,,,,,,,,,,,,,,,,,,,,,,,,,,,,,,,,,,,,,,,,,,,,,,,,,,,,checkpoint_10 TEST,run/sthelar40x_klt_5class_slideind_foldA_fullft_lr1e-5_e10_seed43/log/2026-08-25T015318_sthelar40x_klt_5class_slideind_foldA_fullft_lr1e-5_e10_seed43/inference_results.json,"Rows=true, columns=predicted; paired matches only."
klt_seed_metric,KLT,CellViT-SAM-H,FullFT,Kidney,A,,,44,,,,,4449,,,,,,,,,,,,,,,,,0.8315234973956135,0.7291902394633603,0.6016979797392386,0.182721294044114,0.8655841249566263,0.32738562420332656,,,,,,,,,,,,,,,,,,,,,,,,,,,,,,,,,checkpoint_10 TEST,run/sthelar40x_klt_5class_slideind_foldA_fullft_lr1e-5_e10_seed44/log/2026-08-28T220820_sthelar40x_klt_5class_slideind_foldA_fullft_lr1e-5_e10_seed44/inference_results.json,
klt_per_class,KLT,CellViT-SAM-H,FullFT,Kidney,A,,,44,Immune,,,,,,,,,,,,,,,,,,,,,,,,,,,,,,,,,,,,,,,,,,,,,0.5113519436612189,,,51804,58435,24138,0.25715655462632503,,,,,,,,checkpoint_10 TEST,run/sthelar40x_klt_5class_slideind_foldA_fullft_lr1e-5_e10_seed44/log/2026-08-28T220820_sthelar40x_klt_5class_slideind_foldA_fullft_lr1e-5_e10_seed44/inference_results.json,
klt_per_class,KLT,CellViT-SAM-H,FullFT,Kidney,A,,,44,Stromal,,,,,,,,,,,,,,,,,,,,,,,,,,,,,,,,,,,,,,,,,,,,,0.4894755318402022,,,20566,26657,55644,0.5928088211793533,,,,,,,,checkpoint_10 TEST,run/sthelar40x_klt_5class_slideind_foldA_fullft_lr1e-5_e10_seed44/log/2026-08-28T220820_sthelar40x_klt_5class_slideind_foldA_fullft_lr1e-5_e10_seed44/inference_results.json,
klt_per_class,KLT,CellViT-SAM-H,FullFT,Kidney,A,,,44,Epithelial,,,,,,,,,,,,,,,,,,,,,,,,,,,,,,,,,,,,,,,,,,,,,0.17426123979928024,,,12588,17670,7913,0.08430192297448463,,,,,,,,checkpoint_10 TEST,run/sthelar40x_klt_5class_slideind_foldA_fullft_lr1e-5_e10_seed44/log/2026-08-28T220820_sthelar40x_klt_5class_slideind_foldA_fullft_lr1e-5_e10_seed44/inference_results.json,
klt_per_class,KLT,CellViT-SAM-H,FullFT,Kidney,A,,,44,Melanocyte,,,,,,,,,,,,,,,,,,,,,,,,,,,,,,,,,,,,,,,,,,,,,,,,0,0,0,0.0,,,,,,,,checkpoint_10 TEST,run/sthelar40x_klt_5class_slideind_foldA_fullft_lr1e-5_e10_seed44/log/2026-08-28T220820_sthelar40x_klt_5class_slideind_foldA_fullft_lr1e-5_e10_seed44/inference_results.json,
klt_per_class,KLT,CellViT-SAM-H,FullFT,Kidney,A,,,44,Other,,,,,,,,,,,,,,,,,,,,,,,,,,,,,,,,,,,,,,,,,,,,,0.13445378151260504,,,1084,2106,6170,0.065732701219837,,,,,,,,checkpoint_10 TEST,run/sthelar40x_klt_5class_slideind_foldA_fullft_lr1e-5_e10_seed44/log/2026-08-28T220820_sthelar40x_klt_5class_slideind_foldA_fullft_lr1e-5_e10_seed44/inference_results.json,
klt_confusion,KLT,CellViT-SAM-H,FullFT,Kidney,A,,,44,,Background,Background,3,,,,,,,,,,,,,,,,,,,,,,,,,,,,,,,,,,,,,,,,,,,,,,,,,,,,,,,,checkpoint_10 TEST,run/sthelar40x_klt_5class_slideind_foldA_fullft_lr1e-5_e10_seed44/log/2026-08-28T220820_sthelar40x_klt_5class_slideind_foldA_fullft_lr1e-5_e10_seed44/inference_results.json,"Rows=true, columns=predicted; paired matches only."
klt_confusion,KLT,CellViT-SAM-H,FullFT,Kidney,A,,,44,,Background,Immune,0,,,,,,,,,,,,,,,,,,,,,,,,,,,,,,,,,,,,,,,,,,,,,,,,,,,,,,,,checkpoint_10 TEST,run/sthelar40x_klt_5class_slideind_foldA_fullft_lr1e-5_e10_seed44/log/2026-08-28T220820_sthelar40x_klt_5class_slideind_foldA_fullft_lr1e-5_e10_seed44/inference_results.json,"Rows=true, columns=predicted; paired matches only."
klt_confusion,KLT,CellViT-SAM-H,FullFT,Kidney,A,,,44,,Background,Stromal,0,,,,,,,,,,,,,,,,,,,,,,,,,,,,,,,,,,,,,,,,,,,,,,,,,,,,,,,,checkpoint_10 TEST,run/sthelar40x_klt_5class_slideind_foldA_fullft_lr1e-5_e10_seed44/log/2026-08-28T220820_sthelar40x_klt_5class_slideind_foldA_fullft_lr1e-5_e10_seed44/inference_results.json,"Rows=true, columns=predicted; paired matches only."
klt_confusion,KLT,CellViT-SAM-H,FullFT,Kidney,A,,,44,,Background,Epithelial,0,,,,,,,,,,,,,,,,,,,,,,,,,,,,,,,,,,,,,,,,,,,,,,,,,,,,,,,,checkpoint_10 TEST,run/sthelar40x_klt_5class_slideind_foldA_fullft_lr1e-5_e10_seed44/log/2026-08-28T220820_sthelar40x_klt_5class_slideind_foldA_fullft_lr1e-5_e10_seed44/inference_results.json,"Rows=true, columns=predicted; paired matches only."
klt_confusion,KLT,CellViT-SAM-H,FullFT,Kidney,A,,,44,,Background,Melanocyte,0,,,,,,,,,,,,,,,,,,,,,,,,,,,,,,,,,,,,,,,,,,,,,,,,,,,,,,,,checkpoint_10 TEST,run/sthelar40x_klt_5class_slideind_foldA_fullft_lr1e-5_e10_seed44/log/2026-08-28T220820_sthelar40x_klt_5class_slideind_foldA_fullft_lr1e-5_e10_seed44/inference_results.json,"Rows=true, columns=predicted; paired matches only."
klt_confusion,KLT,CellViT-SAM-H,FullFT,Kidney,A,,,44,,Background,Other,0,,,,,,,,,,,,,,,,,,,,,,,,,,,,,,,,,,,,,,,,,,,,,,,,,,,,,,,,checkpoint_10 TEST,run/sthelar40x_klt_5class_slideind_foldA_fullft_lr1e-5_e10_seed44/log/2026-08-28T220820_sthelar40x_klt_5class_slideind_foldA_fullft_lr1e-5_e10_seed44/inference_results.json,"Rows=true, columns=predicted; paired matches only."
klt_confusion,KLT,CellViT-SAM-H,FullFT,Kidney,A,,,44,,Immune,Background,2,,,,,,,,,,,,,,,,,,,,,,,,,,,,,,,,,,,,,,,,,,,,,,,,,,,,,,,,checkpoint_10 TEST,run/sthelar40x_klt_5class_slideind_foldA_fullft_lr1e-5_e10_seed44/log/2026-08-28T220820_sthelar40x_klt_5class_slideind_foldA_fullft_lr1e-5_e10_seed44/inference_results.json,"Rows=true, columns=predicted; paired matches only."
klt_confusion,KLT,CellViT-SAM-H,FullFT,Kidney,A,,,44,,Immune,Immune,19133,,,,,,,,,,,,,,,,,,,,,,,,,,,,,,,,,,,,,,,,,,,,,,,,,,,,,,,,checkpoint_10 TEST,run/sthelar40x_klt_5class_slideind_foldA_fullft_lr1e-5_e10_seed44/log/2026-08-28T220820_sthelar40x_klt_5class_slideind_foldA_fullft_lr1e-5_e10_seed44/inference_results.json,"Rows=true, columns=predicted; paired matches only."
klt_confusion,KLT,CellViT-SAM-H,FullFT,Kidney,A,,,44,,Immune,Stromal,26247,,,,,,,,,,,,,,,,,,,,,,,,,,,,,,,,,,,,,,,,,,,,,,,,,,,,,,,,checkpoint_10 TEST,run/sthelar40x_klt_5class_slideind_foldA_fullft_lr1e-5_e10_seed44/log/2026-08-28T220820_sthelar40x_klt_5class_slideind_foldA_fullft_lr1e-5_e10_seed44/inference_results.json,"Rows=true, columns=predicted; paired matches only."
klt_confusion,KLT,CellViT-SAM-H,FullFT,Kidney,A,,,44,,Immune,Epithelial,4234,,,,,,,,,,,,,,,,,,,,,,,,,,,,,,,,,,,,,,,,,,,,,,,,,,,,,,,,checkpoint_10 TEST,run/sthelar40x_klt_5class_slideind_foldA_fullft_lr1e-5_e10_seed44/log/2026-08-28T220820_sthelar40x_klt_5class_slideind_foldA_fullft_lr1e-5_e10_seed44/inference_results.json,"Rows=true, columns=predicted; paired matches only."
klt_confusion,KLT,CellViT-SAM-H,FullFT,Kidney,A,,,44,,Immune,Melanocyte,0,,,,,,,,,,,,,,,,,,,,,,,,,,,,,,,,,,,,,,,,,,,,,,,,,,,,,,,,checkpoint_10 TEST,run/sthelar40x_klt_5class_slideind_foldA_fullft_lr1e-5_e10_seed44/log/2026-08-28T220820_sthelar40x_klt_5class_slideind_foldA_fullft_lr1e-5_e10_seed44/inference_results.json,"Rows=true, columns=predicted; paired matches only."
klt_confusion,KLT,CellViT-SAM-H,FullFT,Kidney,A,,,44,,Immune,Other,2190,,,,,,,,,,,,,,,,,,,,,,,,,,,,,,,,,,,,,,,,,,,,,,,,,,,,,,,,checkpoint_10 TEST,run/sthelar40x_klt_5class_slideind_foldA_fullft_lr1e-5_e10_seed44/log/2026-08-28T220820_sthelar40x_klt_5class_slideind_foldA_fullft_lr1e-5_e10_seed44/inference_results.json,"Rows=true, columns=predicted; paired matches only."
klt_confusion,KLT,CellViT-SAM-H,FullFT,Kidney,A,,,44,,Stromal,Background,4,,,,,,,,,,,,,,,,,,,,,,,,,,,,,,,,,,,,,,,,,,,,,,,,,,,,,,,,checkpoint_10 TEST,run/sthelar40x_klt_5class_slideind_foldA_fullft_lr1e-5_e10_seed44/log/2026-08-28T220820_sthelar40x_klt_5class_slideind_foldA_fullft_lr1e-5_e10_seed44/inference_results.json,"Rows=true, columns=predicted; paired matches only."
klt_confusion,KLT,CellViT-SAM-H,FullFT,Kidney,A,,,44,,Stromal,Immune,1255,,,,,,,,,,,,,,,,,,,,,,,,,,,,,,,,,,,,,,,,,,,,,,,,,,,,,,,,checkpoint_10 TEST,run/sthelar40x_klt_5class_slideind_foldA_fullft_lr1e-5_e10_seed44/log/2026-08-28T220820_sthelar40x_klt_5class_slideind_foldA_fullft_lr1e-5_e10_seed44/inference_results.json,"Rows=true, columns=predicted; paired matches only."
klt_confusion,KLT,CellViT-SAM-H,FullFT,Kidney,A,,,44,,Stromal,Stromal,17429,,,,,,,,,,,,,,,,,,,,,,,,,,,,,,,,,,,,,,,,,,,,,,,,,,,,,,,,checkpoint_10 TEST,run/sthelar40x_klt_5class_slideind_foldA_fullft_lr1e-5_e10_seed44/log/2026-08-28T220820_sthelar40x_klt_5class_slideind_foldA_fullft_lr1e-5_e10_seed44/inference_results.json,"Rows=true, columns=predicted; paired matches only."
klt_confusion,KLT,CellViT-SAM-H,FullFT,Kidney,A,,,44,,Stromal,Epithelial,1171,,,,,,,,,,,,,,,,,,,,,,,,,,,,,,,,,,,,,,,,,,,,,,,,,,,,,,,,checkpoint_10 TEST,run/sthelar40x_klt_5class_slideind_foldA_fullft_lr1e-5_e10_seed44/log/2026-08-28T220820_sthelar40x_klt_5class_slideind_foldA_fullft_lr1e-5_e10_seed44/inference_results.json,"Rows=true, columns=predicted; paired matches only."
klt_confusion,KLT,CellViT-SAM-H,FullFT,Kidney,A,,,44,,Stromal,Melanocyte,0,,,,,,,,,,,,,,,,,,,,,,,,,,,,,,,,,,,,,,,,,,,,,,,,,,,,,,,,checkpoint_10 TEST,run/sthelar40x_klt_5class_slideind_foldA_fullft_lr1e-5_e10_seed44/log/2026-08-28T220820_sthelar40x_klt_5class_slideind_foldA_fullft_lr1e-5_e10_seed44/inference_results.json,"Rows=true, columns=predicted; paired matches only."
klt_confusion,KLT,CellViT-SAM-H,FullFT,Kidney,A,,,44,,Stromal,Other,711,,,,,,,,,,,,,,,,,,,,,,,,,,,,,,,,,,,,,,,,,,,,,,,,,,,,,,,,checkpoint_10 TEST,run/sthelar40x_klt_5class_slideind_foldA_fullft_lr1e-5_e10_seed44/log/2026-08-28T220820_sthelar40x_klt_5class_slideind_foldA_fullft_lr1e-5_e10_seed44/inference_results.json,"Rows=true, columns=predicted; paired matches only."
klt_confusion,KLT,CellViT-SAM-H,FullFT,Kidney,A,,,44,,Epithelial,Background,11,,,,,,,,,,,,,,,,,,,,,,,,,,,,,,,,,,,,,,,,,,,,,,,,,,,,,,,,checkpoint_10 TEST,run/sthelar40x_klt_5class_slideind_foldA_fullft_lr1e-5_e10_seed44/log/2026-08-28T220820_sthelar40x_klt_5class_slideind_foldA_fullft_lr1e-5_e10_seed44/inference_results.json,"Rows=true, columns=predicted; paired matches only."
klt_confusion,KLT,CellViT-SAM-H,FullFT,Kidney,A,,,44,,Epithelial,Immune,2451,,,,,,,,,,,,,,,,,,,,,,,,,,,,,,,,,,,,,,,,,,,,,,,,,,,,,,,,checkpoint_10 TEST,run/sthelar40x_klt_5class_slideind_foldA_fullft_lr1e-5_e10_seed44/log/2026-08-28T220820_sthelar40x_klt_5class_slideind_foldA_fullft_lr1e-5_e10_seed44/inference_results.json,"Rows=true, columns=predicted; paired matches only."
klt_confusion,KLT,CellViT-SAM-H,FullFT,Kidney,A,,,44,,Epithelial,Stromal,6520,,,,,,,,,,,,,,,,,,,,,,,,,,,,,,,,,,,,,,,,,,,,,,,,,,,,,,,,checkpoint_10 TEST,run/sthelar40x_klt_5class_slideind_foldA_fullft_lr1e-5_e10_seed44/log/2026-08-28T220820_sthelar40x_klt_5class_slideind_foldA_fullft_lr1e-5_e10_seed44/inference_results.json,"Rows=true, columns=predicted; paired matches only."
klt_confusion,KLT,CellViT-SAM-H,FullFT,Kidney,A,,,44,,Epithelial,Epithelial,1719,,,,,,,,,,,,,,,,,,,,,,,,,,,,,,,,,,,,,,,,,,,,,,,,,,,,,,,,checkpoint_10 TEST,run/sthelar40x_klt_5class_slideind_foldA_fullft_lr1e-5_e10_seed44/log/2026-08-28T220820_sthelar40x_klt_5class_slideind_foldA_fullft_lr1e-5_e10_seed44/inference_results.json,"Rows=true, columns=predicted; paired matches only."
klt_confusion,KLT,CellViT-SAM-H,FullFT,Kidney,A,,,44,,Epithelial,Melanocyte,0,,,,,,,,,,,,,,,,,,,,,,,,,,,,,,,,,,,,,,,,,,,,,,,,,,,,,,,,checkpoint_10 TEST,run/sthelar40x_klt_5class_slideind_foldA_fullft_lr1e-5_e10_seed44/log/2026-08-28T220820_sthelar40x_klt_5class_slideind_foldA_fullft_lr1e-5_e10_seed44/inference_results.json,"Rows=true, columns=predicted; paired matches only."
klt_confusion,KLT,CellViT-SAM-H,FullFT,Kidney,A,,,44,,Epithelial,Other,1898,,,,,,,,,,,,,,,,,,,,,,,,,,,,,,,,,,,,,,,,,,,,,,,,,,,,,,,,checkpoint_10 TEST,run/sthelar40x_klt_5class_slideind_foldA_fullft_lr1e-5_e10_seed44/log/2026-08-28T220820_sthelar40x_klt_5class_slideind_foldA_fullft_lr1e-5_e10_seed44/inference_results.json,"Rows=true, columns=predicted; paired matches only."
klt_confusion,KLT,CellViT-SAM-H,FullFT,Kidney,A,,,44,,Melanocyte,Background,0,,,,,,,,,,,,,,,,,,,,,,,,,,,,,,,,,,,,,,,,,,,,,,,,,,,,,,,,checkpoint_10 TEST,run/sthelar40x_klt_5class_slideind_foldA_fullft_lr1e-5_e10_seed44/log/2026-08-28T220820_sthelar40x_klt_5class_slideind_foldA_fullft_lr1e-5_e10_seed44/inference_results.json,"Rows=true, columns=predicted; paired matches only."
klt_confusion,KLT,CellViT-SAM-H,FullFT,Kidney,A,,,44,,Melanocyte,Immune,0,,,,,,,,,,,,,,,,,,,,,,,,,,,,,,,,,,,,,,,,,,,,,,,,,,,,,,,,checkpoint_10 TEST,run/sthelar40x_klt_5class_slideind_foldA_fullft_lr1e-5_e10_seed44/log/2026-08-28T220820_sthelar40x_klt_5class_slideind_foldA_fullft_lr1e-5_e10_seed44/inference_results.json,"Rows=true, columns=predicted; paired matches only."
klt_confusion,KLT,CellViT-SAM-H,FullFT,Kidney,A,,,44,,Melanocyte,Stromal,0,,,,,,,,,,,,,,,,,,,,,,,,,,,,,,,,,,,,,,,,,,,,,,,,,,,,,,,,checkpoint_10 TEST,run/sthelar40x_klt_5class_slideind_foldA_fullft_lr1e-5_e10_seed44/log/2026-08-28T220820_sthelar40x_klt_5class_slideind_foldA_fullft_lr1e-5_e10_seed44/inference_results.json,"Rows=true, columns=predicted; paired matches only."
klt_confusion,KLT,CellViT-SAM-H,FullFT,Kidney,A,,,44,,Melanocyte,Epithelial,0,,,,,,,,,,,,,,,,,,,,,,,,,,,,,,,,,,,,,,,,,,,,,,,,,,,,,,,,checkpoint_10 TEST,run/sthelar40x_klt_5class_slideind_foldA_fullft_lr1e-5_e10_seed44/log/2026-08-28T220820_sthelar40x_klt_5class_slideind_foldA_fullft_lr1e-5_e10_seed44/inference_results.json,"Rows=true, columns=predicted; paired matches only."
klt_confusion,KLT,CellViT-SAM-H,FullFT,Kidney,A,,,44,,Melanocyte,Melanocyte,0,,,,,,,,,,,,,,,,,,,,,,,,,,,,,,,,,,,,,,,,,,,,,,,,,,,,,,,,checkpoint_10 TEST,run/sthelar40x_klt_5class_slideind_foldA_fullft_lr1e-5_e10_seed44/log/2026-08-28T220820_sthelar40x_klt_5class_slideind_foldA_fullft_lr1e-5_e10_seed44/inference_results.json,"Rows=true, columns=predicted; paired matches only."
klt_confusion,KLT,CellViT-SAM-H,FullFT,Kidney,A,,,44,,Melanocyte,Other,0,,,,,,,,,,,,,,,,,,,,,,,,,,,,,,,,,,,,,,,,,,,,,,,,,,,,,,,,checkpoint_10 TEST,run/sthelar40x_klt_5class_slideind_foldA_fullft_lr1e-5_e10_seed44/log/2026-08-28T220820_sthelar40x_klt_5class_slideind_foldA_fullft_lr1e-5_e10_seed44/inference_results.json,"Rows=true, columns=predicted; paired matches only."
klt_confusion,KLT,CellViT-SAM-H,FullFT,Kidney,A,,,44,,Other,Background,0,,,,,,,,,,,,,,,,,,,,,,,,,,,,,,,,,,,,,,,,,,,,,,,,,,,,,,,,checkpoint_10 TEST,run/sthelar40x_klt_5class_slideind_foldA_fullft_lr1e-5_e10_seed44/log/2026-08-28T220820_sthelar40x_klt_5class_slideind_foldA_fullft_lr1e-5_e10_seed44/inference_results.json,"Rows=true, columns=predicted; paired matches only."
klt_confusion,KLT,CellViT-SAM-H,FullFT,Kidney,A,,,44,,Other,Immune,190,,,,,,,,,,,,,,,,,,,,,,,,,,,,,,,,,,,,,,,,,,,,,,,,,,,,,,,,checkpoint_10 TEST,run/sthelar40x_klt_5class_slideind_foldA_fullft_lr1e-5_e10_seed44/log/2026-08-28T220820_sthelar40x_klt_5class_slideind_foldA_fullft_lr1e-5_e10_seed44/inference_results.json,"Rows=true, columns=predicted; paired matches only."
klt_confusion,KLT,CellViT-SAM-H,FullFT,Kidney,A,,,44,,Other,Stromal,453,,,,,,,,,,,,,,,,,,,,,,,,,,,,,,,,,,,,,,,,,,,,,,,,,,,,,,,,checkpoint_10 TEST,run/sthelar40x_klt_5class_slideind_foldA_fullft_lr1e-5_e10_seed44/log/2026-08-28T220820_sthelar40x_klt_5class_slideind_foldA_fullft_lr1e-5_e10_seed44/inference_results.json,"Rows=true, columns=predicted; paired matches only."
klt_confusion,KLT,CellViT-SAM-H,FullFT,Kidney,A,,,44,,Other,Epithelial,17,,,,,,,,,,,,,,,,,,,,,,,,,,,,,,,,,,,,,,,,,,,,,,,,,,,,,,,,checkpoint_10 TEST,run/sthelar40x_klt_5class_slideind_foldA_fullft_lr1e-5_e10_seed44/log/2026-08-28T220820_sthelar40x_klt_5class_slideind_foldA_fullft_lr1e-5_e10_seed44/inference_results.json,"Rows=true, columns=predicted; paired matches only."
klt_confusion,KLT,CellViT-SAM-H,FullFT,Kidney,A,,,44,,Other,Melanocyte,0,,,,,,,,,,,,,,,,,,,,,,,,,,,,,,,,,,,,,,,,,,,,,,,,,,,,,,,,checkpoint_10 TEST,run/sthelar40x_klt_5class_slideind_foldA_fullft_lr1e-5_e10_seed44/log/2026-08-28T220820_sthelar40x_klt_5class_slideind_foldA_fullft_lr1e-5_e10_seed44/inference_results.json,"Rows=true, columns=predicted; paired matches only."
klt_confusion,KLT,CellViT-SAM-H,FullFT,Kidney,A,,,44,,Other,Other,424,,,,,,,,,,,,,,,,,,,,,,,,,,,,,,,,,,,,,,,,,,,,,,,,,,,,,,,,checkpoint_10 TEST,run/sthelar40x_klt_5class_slideind_foldA_fullft_lr1e-5_e10_seed44/log/2026-08-28T220820_sthelar40x_klt_5class_slideind_foldA_fullft_lr1e-5_e10_seed44/inference_results.json,"Rows=true, columns=predicted; paired matches only."
klt_seed_metric,KLT,CellViT-SAM-H,FullFT,Liver,A,,,44,,,,,9166,,,,,,,,,,,,,,,,,0.8448118249000341,0.737682341586188,0.5815504768299223,0.18794287080273467,0.8742772519042767,0.2996391902816969,,,,,,,,,,,,,,,,,,,,,,,,,,,,,,,,,checkpoint_10 TEST,run/sthelar40x_klt_5class_slideind_foldA_fullft_lr1e-5_e10_seed44/log/2026-08-28T220820_sthelar40x_klt_5class_slideind_foldA_fullft_lr1e-5_e10_seed44/inference_results.json,
klt_per_class,KLT,CellViT-SAM-H,FullFT,Liver,A,,,44,Immune,,,,,,,,,,,,,,,,,,,,,,,,,,,,,,,,,,,,,,,,,,,,,0.13525787024746042,,,55691,66222,93339,0.3378787330316742,,,,,,,,checkpoint_10 TEST,run/sthelar40x_klt_5class_slideind_foldA_fullft_lr1e-5_e10_seed44/log/2026-08-28T220820_sthelar40x_klt_5class_slideind_foldA_fullft_lr1e-5_e10_seed44/inference_results.json,
klt_per_class,KLT,CellViT-SAM-H,FullFT,Liver,A,,,44,Stromal,,,,,,,,,,,,,,,,,,,,,,,,,,,,,,,,,,,,,,,,,,,,,0.579400169377683,,,58995,72688,119442,0.4323692307692308,,,,,,,,checkpoint_10 TEST,run/sthelar40x_klt_5class_slideind_foldA_fullft_lr1e-5_e10_seed44/log/2026-08-28T220820_sthelar40x_klt_5class_slideind_foldA_fullft_lr1e-5_e10_seed44/inference_results.json,
klt_per_class,KLT,CellViT-SAM-H,FullFT,Liver,A,,,44,Epithelial,,,,,,,,,,,,,,,,,,,,,,,,,,,,,,,,,,,,,,,,,,,,,0.4557360035758507,,,143759,176027,53877,0.19502986425339366,,,,,,,,checkpoint_10 TEST,run/sthelar40x_klt_5class_slideind_foldA_fullft_lr1e-5_e10_seed44/log/2026-08-28T220820_sthelar40x_klt_5class_slideind_foldA_fullft_lr1e-5_e10_seed44/inference_results.json,
klt_per_class,KLT,CellViT-SAM-H,FullFT,Liver,A,,,44,Melanocyte,,,,,,,,,,,,,,,,,,,,,,,,,,,,,,,,,,,,,,,,,,,,,,,,0,0,0,0.0,,,,,,,,checkpoint_10 TEST,run/sthelar40x_klt_5class_slideind_foldA_fullft_lr1e-5_e10_seed44/log/2026-08-28T220820_sthelar40x_klt_5class_slideind_foldA_fullft_lr1e-5_e10_seed44/inference_results.json,
klt_per_class,KLT,CellViT-SAM-H,FullFT,Liver,A,,,44,Other,,,,,,,,,,,,,,,,,,,,,,,,,,,,,,,,,,,,,,,,,,,,,0.028162717925793473,,,523,1124,9592,0.03472217194570136,,,,,,,,checkpoint_10 TEST,run/sthelar40x_klt_5class_slideind_foldA_fullft_lr1e-5_e10_seed44/log/2026-08-28T220820_sthelar40x_klt_5class_slideind_foldA_fullft_lr1e-5_e10_seed44/inference_results.json,
klt_confusion,KLT,CellViT-SAM-H,FullFT,Liver,A,,,44,,Background,Background,2,,,,,,,,,,,,,,,,,,,,,,,,,,,,,,,,,,,,,,,,,,,,,,,,,,,,,,,,checkpoint_10 TEST,run/sthelar40x_klt_5class_slideind_foldA_fullft_lr1e-5_e10_seed44/log/2026-08-28T220820_sthelar40x_klt_5class_slideind_foldA_fullft_lr1e-5_e10_seed44/inference_results.json,"Rows=true, columns=predicted; paired matches only."
klt_confusion,KLT,CellViT-SAM-H,FullFT,Liver,A,,,44,,Background,Immune,0,,,,,,,,,,,,,,,,,,,,,,,,,,,,,,,,,,,,,,,,,,,,,,,,,,,,,,,,checkpoint_10 TEST,run/sthelar40x_klt_5class_slideind_foldA_fullft_lr1e-5_e10_seed44/log/2026-08-28T220820_sthelar40x_klt_5class_slideind_foldA_fullft_lr1e-5_e10_seed44/inference_results.json,"Rows=true, columns=predicted; paired matches only."
klt_confusion,KLT,CellViT-SAM-H,FullFT,Liver,A,,,44,,Background,Stromal,0,,,,,,,,,,,,,,,,,,,,,,,,,,,,,,,,,,,,,,,,,,,,,,,,,,,,,,,,checkpoint_10 TEST,run/sthelar40x_klt_5class_slideind_foldA_fullft_lr1e-5_e10_seed44/log/2026-08-28T220820_sthelar40x_klt_5class_slideind_foldA_fullft_lr1e-5_e10_seed44/inference_results.json,"Rows=true, columns=predicted; paired matches only."
klt_confusion,KLT,CellViT-SAM-H,FullFT,Liver,A,,,44,,Background,Epithelial,0,,,,,,,,,,,,,,,,,,,,,,,,,,,,,,,,,,,,,,,,,,,,,,,,,,,,,,,,checkpoint_10 TEST,run/sthelar40x_klt_5class_slideind_foldA_fullft_lr1e-5_e10_seed44/log/2026-08-28T220820_sthelar40x_klt_5class_slideind_foldA_fullft_lr1e-5_e10_seed44/inference_results.json,"Rows=true, columns=predicted; paired matches only."
klt_confusion,KLT,CellViT-SAM-H,FullFT,Liver,A,,,44,,Background,Melanocyte,0,,,,,,,,,,,,,,,,,,,,,,,,,,,,,,,,,,,,,,,,,,,,,,,,,,,,,,,,checkpoint_10 TEST,run/sthelar40x_klt_5class_slideind_foldA_fullft_lr1e-5_e10_seed44/log/2026-08-28T220820_sthelar40x_klt_5class_slideind_foldA_fullft_lr1e-5_e10_seed44/inference_results.json,"Rows=true, columns=predicted; paired matches only."
klt_confusion,KLT,CellViT-SAM-H,FullFT,Liver,A,,,44,,Background,Other,0,,,,,,,,,,,,,,,,,,,,,,,,,,,,,,,,,,,,,,,,,,,,,,,,,,,,,,,,checkpoint_10 TEST,run/sthelar40x_klt_5class_slideind_foldA_fullft_lr1e-5_e10_seed44/log/2026-08-28T220820_sthelar40x_klt_5class_slideind_foldA_fullft_lr1e-5_e10_seed44/inference_results.json,"Rows=true, columns=predicted; paired matches only."
klt_confusion,KLT,CellViT-SAM-H,FullFT,Liver,A,,,44,,Immune,Background,7,,,,,,,,,,,,,,,,,,,,,,,,,,,,,,,,,,,,,,,,,,,,,,,,,,,,,,,,checkpoint_10 TEST,run/sthelar40x_klt_5class_slideind_foldA_fullft_lr1e-5_e10_seed44/log/2026-08-28T220820_sthelar40x_klt_5class_slideind_foldA_fullft_lr1e-5_e10_seed44/inference_results.json,"Rows=true, columns=predicted; paired matches only."
klt_confusion,KLT,CellViT-SAM-H,FullFT,Liver,A,,,44,,Immune,Immune,9680,,,,,,,,,,,,,,,,,,,,,,,,,,,,,,,,,,,,,,,,,,,,,,,,,,,,,,,,checkpoint_10 TEST,run/sthelar40x_klt_5class_slideind_foldA_fullft_lr1e-5_e10_seed44/log/2026-08-28T220820_sthelar40x_klt_5class_slideind_foldA_fullft_lr1e-5_e10_seed44/inference_results.json,"Rows=true, columns=predicted; paired matches only."
klt_confusion,KLT,CellViT-SAM-H,FullFT,Liver,A,,,44,,Immune,Stromal,40894,,,,,,,,,,,,,,,,,,,,,,,,,,,,,,,,,,,,,,,,,,,,,,,,,,,,,,,,checkpoint_10 TEST,run/sthelar40x_klt_5class_slideind_foldA_fullft_lr1e-5_e10_seed44/log/2026-08-28T220820_sthelar40x_klt_5class_slideind_foldA_fullft_lr1e-5_e10_seed44/inference_results.json,"Rows=true, columns=predicted; paired matches only."
klt_confusion,KLT,CellViT-SAM-H,FullFT,Liver,A,,,44,,Immune,Epithelial,2516,,,,,,,,,,,,,,,,,,,,,,,,,,,,,,,,,,,,,,,,,,,,,,,,,,,,,,,,checkpoint_10 TEST,run/sthelar40x_klt_5class_slideind_foldA_fullft_lr1e-5_e10_seed44/log/2026-08-28T220820_sthelar40x_klt_5class_slideind_foldA_fullft_lr1e-5_e10_seed44/inference_results.json,"Rows=true, columns=predicted; paired matches only."
klt_confusion,KLT,CellViT-SAM-H,FullFT,Liver,A,,,44,,Immune,Melanocyte,0,,,,,,,,,,,,,,,,,,,,,,,,,,,,,,,,,,,,,,,,,,,,,,,,,,,,,,,,checkpoint_10 TEST,run/sthelar40x_klt_5class_slideind_foldA_fullft_lr1e-5_e10_seed44/log/2026-08-28T220820_sthelar40x_klt_5class_slideind_foldA_fullft_lr1e-5_e10_seed44/inference_results.json,"Rows=true, columns=predicted; paired matches only."
klt_confusion,KLT,CellViT-SAM-H,FullFT,Liver,A,,,44,,Immune,Other,2601,,,,,,,,,,,,,,,,,,,,,,,,,,,,,,,,,,,,,,,,,,,,,,,,,,,,,,,,checkpoint_10 TEST,run/sthelar40x_klt_5class_slideind_foldA_fullft_lr1e-5_e10_seed44/log/2026-08-28T220820_sthelar40x_klt_5class_slideind_foldA_fullft_lr1e-5_e10_seed44/inference_results.json,"Rows=true, columns=predicted; paired matches only."
klt_confusion,KLT,CellViT-SAM-H,FullFT,Liver,A,,,44,,Stromal,Background,40,,,,,,,,,,,,,,,,,,,,,,,,,,,,,,,,,,,,,,,,,,,,,,,,,,,,,,,,checkpoint_10 TEST,run/sthelar40x_klt_5class_slideind_foldA_fullft_lr1e-5_e10_seed44/log/2026-08-28T220820_sthelar40x_klt_5class_slideind_foldA_fullft_lr1e-5_e10_seed44/inference_results.json,"Rows=true, columns=predicted; paired matches only."
klt_confusion,KLT,CellViT-SAM-H,FullFT,Liver,A,,,44,,Stromal,Immune,3367,,,,,,,,,,,,,,,,,,,,,,,,,,,,,,,,,,,,,,,,,,,,,,,,,,,,,,,,checkpoint_10 TEST,run/sthelar40x_klt_5class_slideind_foldA_fullft_lr1e-5_e10_seed44/log/2026-08-28T220820_sthelar40x_klt_5class_slideind_foldA_fullft_lr1e-5_e10_seed44/inference_results.json,"Rows=true, columns=predicted; paired matches only."
klt_confusion,KLT,CellViT-SAM-H,FullFT,Liver,A,,,44,,Stromal,Stromal,49601,,,,,,,,,,,,,,,,,,,,,,,,,,,,,,,,,,,,,,,,,,,,,,,,,,,,,,,,checkpoint_10 TEST,run/sthelar40x_klt_5class_slideind_foldA_fullft_lr1e-5_e10_seed44/log/2026-08-28T220820_sthelar40x_klt_5class_slideind_foldA_fullft_lr1e-5_e10_seed44/inference_results.json,"Rows=true, columns=predicted; paired matches only."
klt_confusion,KLT,CellViT-SAM-H,FullFT,Liver,A,,,44,,Stromal,Epithelial,3983,,,,,,,,,,,,,,,,,,,,,,,,,,,,,,,,,,,,,,,,,,,,,,,,,,,,,,,,checkpoint_10 TEST,run/sthelar40x_klt_5class_slideind_foldA_fullft_lr1e-5_e10_seed44/log/2026-08-28T220820_sthelar40x_klt_5class_slideind_foldA_fullft_lr1e-5_e10_seed44/inference_results.json,"Rows=true, columns=predicted; paired matches only."
klt_confusion,KLT,CellViT-SAM-H,FullFT,Liver,A,,,44,,Stromal,Melanocyte,0,,,,,,,,,,,,,,,,,,,,,,,,,,,,,,,,,,,,,,,,,,,,,,,,,,,,,,,,checkpoint_10 TEST,run/sthelar40x_klt_5class_slideind_foldA_fullft_lr1e-5_e10_seed44/log/2026-08-28T220820_sthelar40x_klt_5class_slideind_foldA_fullft_lr1e-5_e10_seed44/inference_results.json,"Rows=true, columns=predicted; paired matches only."
klt_confusion,KLT,CellViT-SAM-H,FullFT,Liver,A,,,44,,Stromal,Other,2044,,,,,,,,,,,,,,,,,,,,,,,,,,,,,,,,,,,,,,,,,,,,,,,,,,,,,,,,checkpoint_10 TEST,run/sthelar40x_klt_5class_slideind_foldA_fullft_lr1e-5_e10_seed44/log/2026-08-28T220820_sthelar40x_klt_5class_slideind_foldA_fullft_lr1e-5_e10_seed44/inference_results.json,"Rows=true, columns=predicted; paired matches only."
klt_confusion,KLT,CellViT-SAM-H,FullFT,Liver,A,,,44,,Epithelial,Background,151,,,,,,,,,,,,,,,,,,,,,,,,,,,,,,,,,,,,,,,,,,,,,,,,,,,,,,,,checkpoint_10 TEST,run/sthelar40x_klt_5class_slideind_foldA_fullft_lr1e-5_e10_seed44/log/2026-08-28T220820_sthelar40x_klt_5class_slideind_foldA_fullft_lr1e-5_e10_seed44/inference_results.json,"Rows=true, columns=predicted; paired matches only."
klt_confusion,KLT,CellViT-SAM-H,FullFT,Liver,A,,,44,,Epithelial,Immune,74330,,,,,,,,,,,,,,,,,,,,,,,,,,,,,,,,,,,,,,,,,,,,,,,,,,,,,,,,checkpoint_10 TEST,run/sthelar40x_klt_5class_slideind_foldA_fullft_lr1e-5_e10_seed44/log/2026-08-28T220820_sthelar40x_klt_5class_slideind_foldA_fullft_lr1e-5_e10_seed44/inference_results.json,"Rows=true, columns=predicted; paired matches only."
klt_confusion,KLT,CellViT-SAM-H,FullFT,Liver,A,,,44,,Epithelial,Stromal,21423,,,,,,,,,,,,,,,,,,,,,,,,,,,,,,,,,,,,,,,,,,,,,,,,,,,,,,,,checkpoint_10 TEST,run/sthelar40x_klt_5class_slideind_foldA_fullft_lr1e-5_e10_seed44/log/2026-08-28T220820_sthelar40x_klt_5class_slideind_foldA_fullft_lr1e-5_e10_seed44/inference_results.json,"Rows=true, columns=predicted; paired matches only."
klt_confusion,KLT,CellViT-SAM-H,FullFT,Liver,A,,,44,,Epithelial,Epithelial,44352,,,,,,,,,,,,,,,,,,,,,,,,,,,,,,,,,,,,,,,,,,,,,,,,,,,,,,,,checkpoint_10 TEST,run/sthelar40x_klt_5class_slideind_foldA_fullft_lr1e-5_e10_seed44/log/2026-08-28T220820_sthelar40x_klt_5class_slideind_foldA_fullft_lr1e-5_e10_seed44/inference_results.json,"Rows=true, columns=predicted; paired matches only."
klt_confusion,KLT,CellViT-SAM-H,FullFT,Liver,A,,,44,,Epithelial,Melanocyte,0,,,,,,,,,,,,,,,,,,,,,,,,,,,,,,,,,,,,,,,,,,,,,,,,,,,,,,,,checkpoint_10 TEST,run/sthelar40x_klt_5class_slideind_foldA_fullft_lr1e-5_e10_seed44/log/2026-08-28T220820_sthelar40x_klt_5class_slideind_foldA_fullft_lr1e-5_e10_seed44/inference_results.json,"Rows=true, columns=predicted; paired matches only."
klt_confusion,KLT,CellViT-SAM-H,FullFT,Liver,A,,,44,,Epithelial,Other,3654,,,,,,,,,,,,,,,,,,,,,,,,,,,,,,,,,,,,,,,,,,,,,,,,,,,,,,,,checkpoint_10 TEST,run/sthelar40x_klt_5class_slideind_foldA_fullft_lr1e-5_e10_seed44/log/2026-08-28T220820_sthelar40x_klt_5class_slideind_foldA_fullft_lr1e-5_e10_seed44/inference_results.json,"Rows=true, columns=predicted; paired matches only."
klt_confusion,KLT,CellViT-SAM-H,FullFT,Liver,A,,,44,,Melanocyte,Background,0,,,,,,,,,,,,,,,,,,,,,,,,,,,,,,,,,,,,,,,,,,,,,,,,,,,,,,,,checkpoint_10 TEST,run/sthelar40x_klt_5class_slideind_foldA_fullft_lr1e-5_e10_seed44/log/2026-08-28T220820_sthelar40x_klt_5class_slideind_foldA_fullft_lr1e-5_e10_seed44/inference_results.json,"Rows=true, columns=predicted; paired matches only."
klt_confusion,KLT,CellViT-SAM-H,FullFT,Liver,A,,,44,,Melanocyte,Immune,0,,,,,,,,,,,,,,,,,,,,,,,,,,,,,,,,,,,,,,,,,,,,,,,,,,,,,,,,checkpoint_10 TEST,run/sthelar40x_klt_5class_slideind_foldA_fullft_lr1e-5_e10_seed44/log/2026-08-28T220820_sthelar40x_klt_5class_slideind_foldA_fullft_lr1e-5_e10_seed44/inference_results.json,"Rows=true, columns=predicted; paired matches only."
klt_confusion,KLT,CellViT-SAM-H,FullFT,Liver,A,,,44,,Melanocyte,Stromal,0,,,,,,,,,,,,,,,,,,,,,,,,,,,,,,,,,,,,,,,,,,,,,,,,,,,,,,,,checkpoint_10 TEST,run/sthelar40x_klt_5class_slideind_foldA_fullft_lr1e-5_e10_seed44/log/2026-08-28T220820_sthelar40x_klt_5class_slideind_foldA_fullft_lr1e-5_e10_seed44/inference_results.json,"Rows=true, columns=predicted; paired matches only."
klt_confusion,KLT,CellViT-SAM-H,FullFT,Liver,A,,,44,,Melanocyte,Epithelial,0,,,,,,,,,,,,,,,,,,,,,,,,,,,,,,,,,,,,,,,,,,,,,,,,,,,,,,,,checkpoint_10 TEST,run/sthelar40x_klt_5class_slideind_foldA_fullft_lr1e-5_e10_seed44/log/2026-08-28T220820_sthelar40x_klt_5class_slideind_foldA_fullft_lr1e-5_e10_seed44/inference_results.json,"Rows=true, columns=predicted; paired matches only."
klt_confusion,KLT,CellViT-SAM-H,FullFT,Liver,A,,,44,,Melanocyte,Melanocyte,0,,,,,,,,,,,,,,,,,,,,,,,,,,,,,,,,,,,,,,,,,,,,,,,,,,,,,,,,checkpoint_10 TEST,run/sthelar40x_klt_5class_slideind_foldA_fullft_lr1e-5_e10_seed44/log/2026-08-28T220820_sthelar40x_klt_5class_slideind_foldA_fullft_lr1e-5_e10_seed44/inference_results.json,"Rows=true, columns=predicted; paired matches only."
klt_confusion,KLT,CellViT-SAM-H,FullFT,Liver,A,,,44,,Melanocyte,Other,0,,,,,,,,,,,,,,,,,,,,,,,,,,,,,,,,,,,,,,,,,,,,,,,,,,,,,,,,checkpoint_10 TEST,run/sthelar40x_klt_5class_slideind_foldA_fullft_lr1e-5_e10_seed44/log/2026-08-28T220820_sthelar40x_klt_5class_slideind_foldA_fullft_lr1e-5_e10_seed44/inference_results.json,"Rows=true, columns=predicted; paired matches only."
klt_confusion,KLT,CellViT-SAM-H,FullFT,Liver,A,,,44,,Other,Background,1,,,,,,,,,,,,,,,,,,,,,,,,,,,,,,,,,,,,,,,,,,,,,,,,,,,,,,,,checkpoint_10 TEST,run/sthelar40x_klt_5class_slideind_foldA_fullft_lr1e-5_e10_seed44/log/2026-08-28T220820_sthelar40x_klt_5class_slideind_foldA_fullft_lr1e-5_e10_seed44/inference_results.json,"Rows=true, columns=predicted; paired matches only."
klt_confusion,KLT,CellViT-SAM-H,FullFT,Liver,A,,,44,,Other,Immune,66,,,,,,,,,,,,,,,,,,,,,,,,,,,,,,,,,,,,,,,,,,,,,,,,,,,,,,,,checkpoint_10 TEST,run/sthelar40x_klt_5class_slideind_foldA_fullft_lr1e-5_e10_seed44/log/2026-08-28T220820_sthelar40x_klt_5class_slideind_foldA_fullft_lr1e-5_e10_seed44/inference_results.json,"Rows=true, columns=predicted; paired matches only."
klt_confusion,KLT,CellViT-SAM-H,FullFT,Liver,A,,,44,,Other,Stromal,302,,,,,,,,,,,,,,,,,,,,,,,,,,,,,,,,,,,,,,,,,,,,,,,,,,,,,,,,checkpoint_10 TEST,run/sthelar40x_klt_5class_slideind_foldA_fullft_lr1e-5_e10_seed44/log/2026-08-28T220820_sthelar40x_klt_5class_slideind_foldA_fullft_lr1e-5_e10_seed44/inference_results.json,"Rows=true, columns=predicted; paired matches only."
klt_confusion,KLT,CellViT-SAM-H,FullFT,Liver,A,,,44,,Other,Epithelial,29,,,,,,,,,,,,,,,,,,,,,,,,,,,,,,,,,,,,,,,,,,,,,,,,,,,,,,,,checkpoint_10 TEST,run/sthelar40x_klt_5class_slideind_foldA_fullft_lr1e-5_e10_seed44/log/2026-08-28T220820_sthelar40x_klt_5class_slideind_foldA_fullft_lr1e-5_e10_seed44/inference_results.json,"Rows=true, columns=predicted; paired matches only."
klt_confusion,KLT,CellViT-SAM-H,FullFT,Liver,A,,,44,,Other,Melanocyte,0,,,,,,,,,,,,,,,,,,,,,,,,,,,,,,,,,,,,,,,,,,,,,,,,,,,,,,,,checkpoint_10 TEST,run/sthelar40x_klt_5class_slideind_foldA_fullft_lr1e-5_e10_seed44/log/2026-08-28T220820_sthelar40x_klt_5class_slideind_foldA_fullft_lr1e-5_e10_seed44/inference_results.json,"Rows=true, columns=predicted; paired matches only."
klt_confusion,KLT,CellViT-SAM-H,FullFT,Liver,A,,,44,,Other,Other,126,,,,,,,,,,,,,,,,,,,,,,,,,,,,,,,,,,,,,,,,,,,,,,,,,,,,,,,,checkpoint_10 TEST,run/sthelar40x_klt_5class_slideind_foldA_fullft_lr1e-5_e10_seed44/log/2026-08-28T220820_sthelar40x_klt_5class_slideind_foldA_fullft_lr1e-5_e10_seed44/inference_results.json,"Rows=true, columns=predicted; paired matches only."
klt_seed_metric,KLT,CellViT-SAM-H,FullFT,Tonsil,A,,,44,,,,,9879,,,,,,,,,,,,,,,,,0.7353954735716837,0.6131484941165514,0.44433410199860884,0.23247215278635122,0.8219402701409687,0.5742222825636222,,,,,,,,,,,,,,,,,,,,,,,,,,,,,,,,,checkpoint_10 TEST,run/sthelar40x_klt_5class_slideind_foldA_fullft_lr1e-5_e10_seed44/log/2026-08-28T220820_sthelar40x_klt_5class_slideind_foldA_fullft_lr1e-5_e10_seed44/inference_results.json,
klt_per_class,KLT,CellViT-SAM-H,FullFT,Tonsil,A,,,44,Immune,,,,,,,,,,,,,,,,,,,,,,,,,,,,,,,,,,,,,,,,,,,,,0.8546115296922561,,,425768,519959,505055,0.6988117343310264,,,,,,,,checkpoint_10 TEST,run/sthelar40x_klt_5class_slideind_foldA_fullft_lr1e-5_e10_seed44/log/2026-08-28T220820_sthelar40x_klt_5class_slideind_foldA_fullft_lr1e-5_e10_seed44/inference_results.json,
klt_per_class,KLT,CellViT-SAM-H,FullFT,Tonsil,A,,,44,Stromal,,,,,,,,,,,,,,,,,,,,,,,,,,,,,,,,,,,,,,,,,,,,,0.5170865855138108,,,118747,160799,119967,0.16599053040261008,,,,,,,,checkpoint_10 TEST,run/sthelar40x_klt_5class_slideind_foldA_fullft_lr1e-5_e10_seed44/log/2026-08-28T220820_sthelar40x_klt_5class_slideind_foldA_fullft_lr1e-5_e10_seed44/inference_results.json,
klt_per_class,KLT,CellViT-SAM-H,FullFT,Tonsil,A,,,44,Epithelial,,,,,,,,,,,,,,,,,,,,,,,,,,,,,,,,,,,,,,,,,,,,,0.7239418825015793,,,64846,82894,89520,0.12386299800479844,,,,,,,,checkpoint_10 TEST,run/sthelar40x_klt_5class_slideind_foldA_fullft_lr1e-5_e10_seed44/log/2026-08-28T220820_sthelar40x_klt_5class_slideind_foldA_fullft_lr1e-5_e10_seed44/inference_results.json,
klt_per_class,KLT,CellViT-SAM-H,FullFT,Tonsil,A,,,44,Melanocyte,,,,,,,,,,,,,,,,,,,,,,,,,,,,,,,,,,,,,,,,,,,,,,,,0,0,0,0.0,,,,,,,,checkpoint_10 TEST,run/sthelar40x_klt_5class_slideind_foldA_fullft_lr1e-5_e10_seed44/log/2026-08-28T220820_sthelar40x_klt_5class_slideind_foldA_fullft_lr1e-5_e10_seed44/inference_results.json,
klt_per_class,KLT,CellViT-SAM-H,FullFT,Tonsil,A,,,44,Other,,,,,,,,,,,,,,,,,,,,,,,,,,,,,,,,,,,,,,,,,,,,,0.20124913254684246,,,17409,38465,8192,0.011334737261565113,,,,,,,,checkpoint_10 TEST,run/sthelar40x_klt_5class_slideind_foldA_fullft_lr1e-5_e10_seed44/log/2026-08-28T220820_sthelar40x_klt_5class_slideind_foldA_fullft_lr1e-5_e10_seed44/inference_results.json,
klt_confusion,KLT,CellViT-SAM-H,FullFT,Tonsil,A,,,44,,Background,Background,3,,,,,,,,,,,,,,,,,,,,,,,,,,,,,,,,,,,,,,,,,,,,,,,,,,,,,,,,checkpoint_10 TEST,run/sthelar40x_klt_5class_slideind_foldA_fullft_lr1e-5_e10_seed44/log/2026-08-28T220820_sthelar40x_klt_5class_slideind_foldA_fullft_lr1e-5_e10_seed44/inference_results.json,"Rows=true, columns=predicted; paired matches only."
klt_confusion,KLT,CellViT-SAM-H,FullFT,Tonsil,A,,,44,,Background,Immune,0,,,,,,,,,,,,,,,,,,,,,,,,,,,,,,,,,,,,,,,,,,,,,,,,,,,,,,,,checkpoint_10 TEST,run/sthelar40x_klt_5class_slideind_foldA_fullft_lr1e-5_e10_seed44/log/2026-08-28T220820_sthelar40x_klt_5class_slideind_foldA_fullft_lr1e-5_e10_seed44/inference_results.json,"Rows=true, columns=predicted; paired matches only."
klt_confusion,KLT,CellViT-SAM-H,FullFT,Tonsil,A,,,44,,Background,Stromal,0,,,,,,,,,,,,,,,,,,,,,,,,,,,,,,,,,,,,,,,,,,,,,,,,,,,,,,,,checkpoint_10 TEST,run/sthelar40x_klt_5class_slideind_foldA_fullft_lr1e-5_e10_seed44/log/2026-08-28T220820_sthelar40x_klt_5class_slideind_foldA_fullft_lr1e-5_e10_seed44/inference_results.json,"Rows=true, columns=predicted; paired matches only."
klt_confusion,KLT,CellViT-SAM-H,FullFT,Tonsil,A,,,44,,Background,Epithelial,0,,,,,,,,,,,,,,,,,,,,,,,,,,,,,,,,,,,,,,,,,,,,,,,,,,,,,,,,checkpoint_10 TEST,run/sthelar40x_klt_5class_slideind_foldA_fullft_lr1e-5_e10_seed44/log/2026-08-28T220820_sthelar40x_klt_5class_slideind_foldA_fullft_lr1e-5_e10_seed44/inference_results.json,"Rows=true, columns=predicted; paired matches only."
klt_confusion,KLT,CellViT-SAM-H,FullFT,Tonsil,A,,,44,,Background,Melanocyte,0,,,,,,,,,,,,,,,,,,,,,,,,,,,,,,,,,,,,,,,,,,,,,,,,,,,,,,,,checkpoint_10 TEST,run/sthelar40x_klt_5class_slideind_foldA_fullft_lr1e-5_e10_seed44/log/2026-08-28T220820_sthelar40x_klt_5class_slideind_foldA_fullft_lr1e-5_e10_seed44/inference_results.json,"Rows=true, columns=predicted; paired matches only."
klt_confusion,KLT,CellViT-SAM-H,FullFT,Tonsil,A,,,44,,Background,Other,0,,,,,,,,,,,,,,,,,,,,,,,,,,,,,,,,,,,,,,,,,,,,,,,,,,,,,,,,checkpoint_10 TEST,run/sthelar40x_klt_5class_slideind_foldA_fullft_lr1e-5_e10_seed44/log/2026-08-28T220820_sthelar40x_klt_5class_slideind_foldA_fullft_lr1e-5_e10_seed44/inference_results.json,"Rows=true, columns=predicted; paired matches only."
klt_confusion,KLT,CellViT-SAM-H,FullFT,Tonsil,A,,,44,,Immune,Background,71,,,,,,,,,,,,,,,,,,,,,,,,,,,,,,,,,,,,,,,,,,,,,,,,,,,,,,,,checkpoint_10 TEST,run/sthelar40x_klt_5class_slideind_foldA_fullft_lr1e-5_e10_seed44/log/2026-08-28T220820_sthelar40x_klt_5class_slideind_foldA_fullft_lr1e-5_e10_seed44/inference_results.json,"Rows=true, columns=predicted; paired matches only."
klt_confusion,KLT,CellViT-SAM-H,FullFT,Tonsil,A,,,44,,Immune,Immune,369205,,,,,,,,,,,,,,,,,,,,,,,,,,,,,,,,,,,,,,,,,,,,,,,,,,,,,,,,checkpoint_10 TEST,run/sthelar40x_klt_5class_slideind_foldA_fullft_lr1e-5_e10_seed44/log/2026-08-28T220820_sthelar40x_klt_5class_slideind_foldA_fullft_lr1e-5_e10_seed44/inference_results.json,"Rows=true, columns=predicted; paired matches only."
klt_confusion,KLT,CellViT-SAM-H,FullFT,Tonsil,A,,,44,,Immune,Stromal,36511,,,,,,,,,,,,,,,,,,,,,,,,,,,,,,,,,,,,,,,,,,,,,,,,,,,,,,,,checkpoint_10 TEST,run/sthelar40x_klt_5class_slideind_foldA_fullft_lr1e-5_e10_seed44/log/2026-08-28T220820_sthelar40x_klt_5class_slideind_foldA_fullft_lr1e-5_e10_seed44/inference_results.json,"Rows=true, columns=predicted; paired matches only."
klt_confusion,KLT,CellViT-SAM-H,FullFT,Tonsil,A,,,44,,Immune,Epithelial,18492,,,,,,,,,,,,,,,,,,,,,,,,,,,,,,,,,,,,,,,,,,,,,,,,,,,,,,,,checkpoint_10 TEST,run/sthelar40x_klt_5class_slideind_foldA_fullft_lr1e-5_e10_seed44/log/2026-08-28T220820_sthelar40x_klt_5class_slideind_foldA_fullft_lr1e-5_e10_seed44/inference_results.json,"Rows=true, columns=predicted; paired matches only."
klt_confusion,KLT,CellViT-SAM-H,FullFT,Tonsil,A,,,44,,Immune,Melanocyte,0,,,,,,,,,,,,,,,,,,,,,,,,,,,,,,,,,,,,,,,,,,,,,,,,,,,,,,,,checkpoint_10 TEST,run/sthelar40x_klt_5class_slideind_foldA_fullft_lr1e-5_e10_seed44/log/2026-08-28T220820_sthelar40x_klt_5class_slideind_foldA_fullft_lr1e-5_e10_seed44/inference_results.json,"Rows=true, columns=predicted; paired matches only."
klt_confusion,KLT,CellViT-SAM-H,FullFT,Tonsil,A,,,44,,Immune,Other,1560,,,,,,,,,,,,,,,,,,,,,,,,,,,,,,,,,,,,,,,,,,,,,,,,,,,,,,,,checkpoint_10 TEST,run/sthelar40x_klt_5class_slideind_foldA_fullft_lr1e-5_e10_seed44/log/2026-08-28T220820_sthelar40x_klt_5class_slideind_foldA_fullft_lr1e-5_e10_seed44/inference_results.json,"Rows=true, columns=predicted; paired matches only."
klt_confusion,KLT,CellViT-SAM-H,FullFT,Tonsil,A,,,44,,Stromal,Background,100,,,,,,,,,,,,,,,,,,,,,,,,,,,,,,,,,,,,,,,,,,,,,,,,,,,,,,,,checkpoint_10 TEST,run/sthelar40x_klt_5class_slideind_foldA_fullft_lr1e-5_e10_seed44/log/2026-08-28T220820_sthelar40x_klt_5class_slideind_foldA_fullft_lr1e-5_e10_seed44/inference_results.json,"Rows=true, columns=predicted; paired matches only."
klt_confusion,KLT,CellViT-SAM-H,FullFT,Tonsil,A,,,44,,Stromal,Immune,52689,,,,,,,,,,,,,,,,,,,,,,,,,,,,,,,,,,,,,,,,,,,,,,,,,,,,,,,,checkpoint_10 TEST,run/sthelar40x_klt_5class_slideind_foldA_fullft_lr1e-5_e10_seed44/log/2026-08-28T220820_sthelar40x_klt_5class_slideind_foldA_fullft_lr1e-5_e10_seed44/inference_results.json,"Rows=true, columns=predicted; paired matches only."
klt_confusion,KLT,CellViT-SAM-H,FullFT,Tonsil,A,,,44,,Stromal,Stromal,57537,,,,,,,,,,,,,,,,,,,,,,,,,,,,,,,,,,,,,,,,,,,,,,,,,,,,,,,,checkpoint_10 TEST,run/sthelar40x_klt_5class_slideind_foldA_fullft_lr1e-5_e10_seed44/log/2026-08-28T220820_sthelar40x_klt_5class_slideind_foldA_fullft_lr1e-5_e10_seed44/inference_results.json,"Rows=true, columns=predicted; paired matches only."
klt_confusion,KLT,CellViT-SAM-H,FullFT,Tonsil,A,,,44,,Stromal,Epithelial,6371,,,,,,,,,,,,,,,,,,,,,,,,,,,,,,,,,,,,,,,,,,,,,,,,,,,,,,,,checkpoint_10 TEST,run/sthelar40x_klt_5class_slideind_foldA_fullft_lr1e-5_e10_seed44/log/2026-08-28T220820_sthelar40x_klt_5class_slideind_foldA_fullft_lr1e-5_e10_seed44/inference_results.json,"Rows=true, columns=predicted; paired matches only."
klt_confusion,KLT,CellViT-SAM-H,FullFT,Tonsil,A,,,44,,Stromal,Melanocyte,0,,,,,,,,,,,,,,,,,,,,,,,,,,,,,,,,,,,,,,,,,,,,,,,,,,,,,,,,checkpoint_10 TEST,run/sthelar40x_klt_5class_slideind_foldA_fullft_lr1e-5_e10_seed44/log/2026-08-28T220820_sthelar40x_klt_5class_slideind_foldA_fullft_lr1e-5_e10_seed44/inference_results.json,"Rows=true, columns=predicted; paired matches only."
klt_confusion,KLT,CellViT-SAM-H,FullFT,Tonsil,A,,,44,,Stromal,Other,2150,,,,,,,,,,,,,,,,,,,,,,,,,,,,,,,,,,,,,,,,,,,,,,,,,,,,,,,,checkpoint_10 TEST,run/sthelar40x_klt_5class_slideind_foldA_fullft_lr1e-5_e10_seed44/log/2026-08-28T220820_sthelar40x_klt_5class_slideind_foldA_fullft_lr1e-5_e10_seed44/inference_results.json,"Rows=true, columns=predicted; paired matches only."
klt_confusion,KLT,CellViT-SAM-H,FullFT,Tonsil,A,,,44,,Epithelial,Background,63,,,,,,,,,,,,,,,,,,,,,,,,,,,,,,,,,,,,,,,,,,,,,,,,,,,,,,,,checkpoint_10 TEST,run/sthelar40x_klt_5class_slideind_foldA_fullft_lr1e-5_e10_seed44/log/2026-08-28T220820_sthelar40x_klt_5class_slideind_foldA_fullft_lr1e-5_e10_seed44/inference_results.json,"Rows=true, columns=predicted; paired matches only."
klt_confusion,KLT,CellViT-SAM-H,FullFT,Tonsil,A,,,44,,Epithelial,Immune,9778,,,,,,,,,,,,,,,,,,,,,,,,,,,,,,,,,,,,,,,,,,,,,,,,,,,,,,,,checkpoint_10 TEST,run/sthelar40x_klt_5class_slideind_foldA_fullft_lr1e-5_e10_seed44/log/2026-08-28T220820_sthelar40x_klt_5class_slideind_foldA_fullft_lr1e-5_e10_seed44/inference_results.json,"Rows=true, columns=predicted; paired matches only."
klt_confusion,KLT,CellViT-SAM-H,FullFT,Tonsil,A,,,44,,Epithelial,Stromal,2585,,,,,,,,,,,,,,,,,,,,,,,,,,,,,,,,,,,,,,,,,,,,,,,,,,,,,,,,checkpoint_10 TEST,run/sthelar40x_klt_5class_slideind_foldA_fullft_lr1e-5_e10_seed44/log/2026-08-28T220820_sthelar40x_klt_5class_slideind_foldA_fullft_lr1e-5_e10_seed44/inference_results.json,"Rows=true, columns=predicted; paired matches only."
klt_confusion,KLT,CellViT-SAM-H,FullFT,Tonsil,A,,,44,,Epithelial,Epithelial,51570,,,,,,,,,,,,,,,,,,,,,,,,,,,,,,,,,,,,,,,,,,,,,,,,,,,,,,,,checkpoint_10 TEST,run/sthelar40x_klt_5class_slideind_foldA_fullft_lr1e-5_e10_seed44/log/2026-08-28T220820_sthelar40x_klt_5class_slideind_foldA_fullft_lr1e-5_e10_seed44/inference_results.json,"Rows=true, columns=predicted; paired matches only."
klt_confusion,KLT,CellViT-SAM-H,FullFT,Tonsil,A,,,44,,Epithelial,Melanocyte,0,,,,,,,,,,,,,,,,,,,,,,,,,,,,,,,,,,,,,,,,,,,,,,,,,,,,,,,,checkpoint_10 TEST,run/sthelar40x_klt_5class_slideind_foldA_fullft_lr1e-5_e10_seed44/log/2026-08-28T220820_sthelar40x_klt_5class_slideind_foldA_fullft_lr1e-5_e10_seed44/inference_results.json,"Rows=true, columns=predicted; paired matches only."
klt_confusion,KLT,CellViT-SAM-H,FullFT,Tonsil,A,,,44,,Epithelial,Other,913,,,,,,,,,,,,,,,,,,,,,,,,,,,,,,,,,,,,,,,,,,,,,,,,,,,,,,,,checkpoint_10 TEST,run/sthelar40x_klt_5class_slideind_foldA_fullft_lr1e-5_e10_seed44/log/2026-08-28T220820_sthelar40x_klt_5class_slideind_foldA_fullft_lr1e-5_e10_seed44/inference_results.json,"Rows=true, columns=predicted; paired matches only."
klt_confusion,KLT,CellViT-SAM-H,FullFT,Tonsil,A,,,44,,Melanocyte,Background,0,,,,,,,,,,,,,,,,,,,,,,,,,,,,,,,,,,,,,,,,,,,,,,,,,,,,,,,,checkpoint_10 TEST,run/sthelar40x_klt_5class_slideind_foldA_fullft_lr1e-5_e10_seed44/log/2026-08-28T220820_sthelar40x_klt_5class_slideind_foldA_fullft_lr1e-5_e10_seed44/inference_results.json,"Rows=true, columns=predicted; paired matches only."
klt_confusion,KLT,CellViT-SAM-H,FullFT,Tonsil,A,,,44,,Melanocyte,Immune,0,,,,,,,,,,,,,,,,,,,,,,,,,,,,,,,,,,,,,,,,,,,,,,,,,,,,,,,,checkpoint_10 TEST,run/sthelar40x_klt_5class_slideind_foldA_fullft_lr1e-5_e10_seed44/log/2026-08-28T220820_sthelar40x_klt_5class_slideind_foldA_fullft_lr1e-5_e10_seed44/inference_results.json,"Rows=true, columns=predicted; paired matches only."
klt_confusion,KLT,CellViT-SAM-H,FullFT,Tonsil,A,,,44,,Melanocyte,Stromal,0,,,,,,,,,,,,,,,,,,,,,,,,,,,,,,,,,,,,,,,,,,,,,,,,,,,,,,,,checkpoint_10 TEST,run/sthelar40x_klt_5class_slideind_foldA_fullft_lr1e-5_e10_seed44/log/2026-08-28T220820_sthelar40x_klt_5class_slideind_foldA_fullft_lr1e-5_e10_seed44/inference_results.json,"Rows=true, columns=predicted; paired matches only."
klt_confusion,KLT,CellViT-SAM-H,FullFT,Tonsil,A,,,44,,Melanocyte,Epithelial,0,,,,,,,,,,,,,,,,,,,,,,,,,,,,,,,,,,,,,,,,,,,,,,,,,,,,,,,,checkpoint_10 TEST,run/sthelar40x_klt_5class_slideind_foldA_fullft_lr1e-5_e10_seed44/log/2026-08-28T220820_sthelar40x_klt_5class_slideind_foldA_fullft_lr1e-5_e10_seed44/inference_results.json,"Rows=true, columns=predicted; paired matches only."
klt_confusion,KLT,CellViT-SAM-H,FullFT,Tonsil,A,,,44,,Melanocyte,Melanocyte,0,,,,,,,,,,,,,,,,,,,,,,,,,,,,,,,,,,,,,,,,,,,,,,,,,,,,,,,,checkpoint_10 TEST,run/sthelar40x_klt_5class_slideind_foldA_fullft_lr1e-5_e10_seed44/log/2026-08-28T220820_sthelar40x_klt_5class_slideind_foldA_fullft_lr1e-5_e10_seed44/inference_results.json,"Rows=true, columns=predicted; paired matches only."
klt_confusion,KLT,CellViT-SAM-H,FullFT,Tonsil,A,,,44,,Melanocyte,Other,0,,,,,,,,,,,,,,,,,,,,,,,,,,,,,,,,,,,,,,,,,,,,,,,,,,,,,,,,checkpoint_10 TEST,run/sthelar40x_klt_5class_slideind_foldA_fullft_lr1e-5_e10_seed44/log/2026-08-28T220820_sthelar40x_klt_5class_slideind_foldA_fullft_lr1e-5_e10_seed44/inference_results.json,"Rows=true, columns=predicted; paired matches only."
klt_confusion,KLT,CellViT-SAM-H,FullFT,Tonsil,A,,,44,,Other,Background,80,,,,,,,,,,,,,,,,,,,,,,,,,,,,,,,,,,,,,,,,,,,,,,,,,,,,,,,,checkpoint_10 TEST,run/sthelar40x_klt_5class_slideind_foldA_fullft_lr1e-5_e10_seed44/log/2026-08-28T220820_sthelar40x_klt_5class_slideind_foldA_fullft_lr1e-5_e10_seed44/inference_results.json,"Rows=true, columns=predicted; paired matches only."
klt_confusion,KLT,CellViT-SAM-H,FullFT,Tonsil,A,,,44,,Other,Immune,6590,,,,,,,,,,,,,,,,,,,,,,,,,,,,,,,,,,,,,,,,,,,,,,,,,,,,,,,,checkpoint_10 TEST,run/sthelar40x_klt_5class_slideind_foldA_fullft_lr1e-5_e10_seed44/log/2026-08-28T220820_sthelar40x_klt_5class_slideind_foldA_fullft_lr1e-5_e10_seed44/inference_results.json,"Rows=true, columns=predicted; paired matches only."
klt_confusion,KLT,CellViT-SAM-H,FullFT,Tonsil,A,,,44,,Other,Stromal,7163,,,,,,,,,,,,,,,,,,,,,,,,,,,,,,,,,,,,,,,,,,,,,,,,,,,,,,,,checkpoint_10 TEST,run/sthelar40x_klt_5class_slideind_foldA_fullft_lr1e-5_e10_seed44/log/2026-08-28T220820_sthelar40x_klt_5class_slideind_foldA_fullft_lr1e-5_e10_seed44/inference_results.json,"Rows=true, columns=predicted; paired matches only."
klt_confusion,KLT,CellViT-SAM-H,FullFT,Tonsil,A,,,44,,Other,Epithelial,1191,,,,,,,,,,,,,,,,,,,,,,,,,,,,,,,,,,,,,,,,,,,,,,,,,,,,,,,,checkpoint_10 TEST,run/sthelar40x_klt_5class_slideind_foldA_fullft_lr1e-5_e10_seed44/log/2026-08-28T220820_sthelar40x_klt_5class_slideind_foldA_fullft_lr1e-5_e10_seed44/inference_results.json,"Rows=true, columns=predicted; paired matches only."
klt_confusion,KLT,CellViT-SAM-H,FullFT,Tonsil,A,,,44,,Other,Melanocyte,0,,,,,,,,,,,,,,,,,,,,,,,,,,,,,,,,,,,,,,,,,,,,,,,,,,,,,,,,checkpoint_10 TEST,run/sthelar40x_klt_5class_slideind_foldA_fullft_lr1e-5_e10_seed44/log/2026-08-28T220820_sthelar40x_klt_5class_slideind_foldA_fullft_lr1e-5_e10_seed44/inference_results.json,"Rows=true, columns=predicted; paired matches only."
klt_confusion,KLT,CellViT-SAM-H,FullFT,Tonsil,A,,,44,,Other,Other,2465,,,,,,,,,,,,,,,,,,,,,,,,,,,,,,,,,,,,,,,,,,,,,,,,,,,,,,,,checkpoint_10 TEST,run/sthelar40x_klt_5class_slideind_foldA_fullft_lr1e-5_e10_seed44/log/2026-08-28T220820_sthelar40x_klt_5class_slideind_foldA_fullft_lr1e-5_e10_seed44/inference_results.json,"Rows=true, columns=predicted; paired matches only."
klt_seed_metric,KLT,CellViT-SAM-H,FullFT,Pooled KLT,A,,,44,,,,,23494,,,,,,,,,,,,,,,,,0.7962869290185349,0.6837089338439133,0.5276675992222354,0.20567820670624376,0.839073541195004,0.4926150904002283,,,,,,,,,,,,,,,,,,,,,,,,,,,,,,,,,checkpoint_10 TEST,run/sthelar40x_klt_5class_slideind_foldA_fullft_lr1e-5_e10_seed44/log/2026-08-28T220820_sthelar40x_klt_5class_slideind_foldA_fullft_lr1e-5_e10_seed44/inference_results.json,
klt_per_class,KLT,CellViT-SAM-H,FullFT,Pooled KLT,A,,,44,Immune,,,,,,,,,,,,,,,,,,,,,,,,,,,,,,,,,,,,,,,,,,,,,0.7357099881053275,,,533263,644616,622532,0.5696413685696743,,,,,,,,checkpoint_10 TEST,run/sthelar40x_klt_5class_slideind_foldA_fullft_lr1e-5_e10_seed44/log/2026-08-28T220820_sthelar40x_klt_5class_slideind_foldA_fullft_lr1e-5_e10_seed44/inference_results.json,
klt_per_class,KLT,CellViT-SAM-H,FullFT,Pooled KLT,A,,,44,Stromal,,,,,,,,,,,,,,,,,,,,,,,,,,,,,,,,,,,,,,,,,,,,,0.5358031541616395,,,198308,260144,295053,0.26998514890895264,,,,,,,,checkpoint_10 TEST,run/sthelar40x_klt_5class_slideind_foldA_fullft_lr1e-5_e10_seed44/log/2026-08-28T220820_sthelar40x_klt_5class_slideind_foldA_fullft_lr1e-5_e10_seed44/inference_results.json,
klt_per_class,KLT,CellViT-SAM-H,FullFT,Pooled KLT,A,,,44,Epithelial,,,,,,,,,,,,,,,,,,,,,,,,,,,,,,,,,,,,,,,,,,,,,0.5472567383518572,,,221193,276591,151310,0.1384546263939483,,,,,,,,checkpoint_10 TEST,run/sthelar40x_klt_5class_slideind_foldA_fullft_lr1e-5_e10_seed44/log/2026-08-28T220820_sthelar40x_klt_5class_slideind_foldA_fullft_lr1e-5_e10_seed44/inference_results.json,
klt_per_class,KLT,CellViT-SAM-H,FullFT,Pooled KLT,A,,,44,Melanocyte,,,,,,,,,,,,,,,,,,,,,,,,,,,,,,,,,,,,,,,,,,,,,,,,0,0,0,0.0,,,,,,,,checkpoint_10 TEST,run/sthelar40x_klt_5class_slideind_foldA_fullft_lr1e-5_e10_seed44/log/2026-08-28T220820_sthelar40x_klt_5class_slideind_foldA_fullft_lr1e-5_e10_seed44/inference_results.json,
klt_per_class,KLT,CellViT-SAM-H,FullFT,Pooled KLT,A,,,44,Other,,,,,,,,,,,,,,,,,,,,,,,,,,,,,,,,,,,,,,,,,,,,,0.15169048098208895,,,19016,41695,23954,0.02191885612742474,,,,,,,,checkpoint_10 TEST,run/sthelar40x_klt_5class_slideind_foldA_fullft_lr1e-5_e10_seed44/log/2026-08-28T220820_sthelar40x_klt_5class_slideind_foldA_fullft_lr1e-5_e10_seed44/inference_results.json,
klt_confusion,KLT,CellViT-SAM-H,FullFT,Pooled KLT,A,,,44,,Background,Background,8,,,,,,,,,,,,,,,,,,,,,,,,,,,,,,,,,,,,,,,,,,,,,,,,,,,,,,,,checkpoint_10 TEST,run/sthelar40x_klt_5class_slideind_foldA_fullft_lr1e-5_e10_seed44/log/2026-08-28T220820_sthelar40x_klt_5class_slideind_foldA_fullft_lr1e-5_e10_seed44/inference_results.json,"Rows=true, columns=predicted; paired matches only."
klt_confusion,KLT,CellViT-SAM-H,FullFT,Pooled KLT,A,,,44,,Background,Immune,0,,,,,,,,,,,,,,,,,,,,,,,,,,,,,,,,,,,,,,,,,,,,,,,,,,,,,,,,checkpoint_10 TEST,run/sthelar40x_klt_5class_slideind_foldA_fullft_lr1e-5_e10_seed44/log/2026-08-28T220820_sthelar40x_klt_5class_slideind_foldA_fullft_lr1e-5_e10_seed44/inference_results.json,"Rows=true, columns=predicted; paired matches only."
klt_confusion,KLT,CellViT-SAM-H,FullFT,Pooled KLT,A,,,44,,Background,Stromal,0,,,,,,,,,,,,,,,,,,,,,,,,,,,,,,,,,,,,,,,,,,,,,,,,,,,,,,,,checkpoint_10 TEST,run/sthelar40x_klt_5class_slideind_foldA_fullft_lr1e-5_e10_seed44/log/2026-08-28T220820_sthelar40x_klt_5class_slideind_foldA_fullft_lr1e-5_e10_seed44/inference_results.json,"Rows=true, columns=predicted; paired matches only."
klt_confusion,KLT,CellViT-SAM-H,FullFT,Pooled KLT,A,,,44,,Background,Epithelial,0,,,,,,,,,,,,,,,,,,,,,,,,,,,,,,,,,,,,,,,,,,,,,,,,,,,,,,,,checkpoint_10 TEST,run/sthelar40x_klt_5class_slideind_foldA_fullft_lr1e-5_e10_seed44/log/2026-08-28T220820_sthelar40x_klt_5class_slideind_foldA_fullft_lr1e-5_e10_seed44/inference_results.json,"Rows=true, columns=predicted; paired matches only."
klt_confusion,KLT,CellViT-SAM-H,FullFT,Pooled KLT,A,,,44,,Background,Melanocyte,0,,,,,,,,,,,,,,,,,,,,,,,,,,,,,,,,,,,,,,,,,,,,,,,,,,,,,,,,checkpoint_10 TEST,run/sthelar40x_klt_5class_slideind_foldA_fullft_lr1e-5_e10_seed44/log/2026-08-28T220820_sthelar40x_klt_5class_slideind_foldA_fullft_lr1e-5_e10_seed44/inference_results.json,"Rows=true, columns=predicted; paired matches only."
klt_confusion,KLT,CellViT-SAM-H,FullFT,Pooled KLT,A,,,44,,Background,Other,0,,,,,,,,,,,,,,,,,,,,,,,,,,,,,,,,,,,,,,,,,,,,,,,,,,,,,,,,checkpoint_10 TEST,run/sthelar40x_klt_5class_slideind_foldA_fullft_lr1e-5_e10_seed44/log/2026-08-28T220820_sthelar40x_klt_5class_slideind_foldA_fullft_lr1e-5_e10_seed44/inference_results.json,"Rows=true, columns=predicted; paired matches only."
klt_confusion,KLT,CellViT-SAM-H,FullFT,Pooled KLT,A,,,44,,Immune,Background,80,,,,,,,,,,,,,,,,,,,,,,,,,,,,,,,,,,,,,,,,,,,,,,,,,,,,,,,,checkpoint_10 TEST,run/sthelar40x_klt_5class_slideind_foldA_fullft_lr1e-5_e10_seed44/log/2026-08-28T220820_sthelar40x_klt_5class_slideind_foldA_fullft_lr1e-5_e10_seed44/inference_results.json,"Rows=true, columns=predicted; paired matches only."
klt_confusion,KLT,CellViT-SAM-H,FullFT,Pooled KLT,A,,,44,,Immune,Immune,398018,,,,,,,,,,,,,,,,,,,,,,,,,,,,,,,,,,,,,,,,,,,,,,,,,,,,,,,,checkpoint_10 TEST,run/sthelar40x_klt_5class_slideind_foldA_fullft_lr1e-5_e10_seed44/log/2026-08-28T220820_sthelar40x_klt_5class_slideind_foldA_fullft_lr1e-5_e10_seed44/inference_results.json,"Rows=true, columns=predicted; paired matches only."
klt_confusion,KLT,CellViT-SAM-H,FullFT,Pooled KLT,A,,,44,,Immune,Stromal,103652,,,,,,,,,,,,,,,,,,,,,,,,,,,,,,,,,,,,,,,,,,,,,,,,,,,,,,,,checkpoint_10 TEST,run/sthelar40x_klt_5class_slideind_foldA_fullft_lr1e-5_e10_seed44/log/2026-08-28T220820_sthelar40x_klt_5class_slideind_foldA_fullft_lr1e-5_e10_seed44/inference_results.json,"Rows=true, columns=predicted; paired matches only."
klt_confusion,KLT,CellViT-SAM-H,FullFT,Pooled KLT,A,,,44,,Immune,Epithelial,25242,,,,,,,,,,,,,,,,,,,,,,,,,,,,,,,,,,,,,,,,,,,,,,,,,,,,,,,,checkpoint_10 TEST,run/sthelar40x_klt_5class_slideind_foldA_fullft_lr1e-5_e10_seed44/log/2026-08-28T220820_sthelar40x_klt_5class_slideind_foldA_fullft_lr1e-5_e10_seed44/inference_results.json,"Rows=true, columns=predicted; paired matches only."
klt_confusion,KLT,CellViT-SAM-H,FullFT,Pooled KLT,A,,,44,,Immune,Melanocyte,0,,,,,,,,,,,,,,,,,,,,,,,,,,,,,,,,,,,,,,,,,,,,,,,,,,,,,,,,checkpoint_10 TEST,run/sthelar40x_klt_5class_slideind_foldA_fullft_lr1e-5_e10_seed44/log/2026-08-28T220820_sthelar40x_klt_5class_slideind_foldA_fullft_lr1e-5_e10_seed44/inference_results.json,"Rows=true, columns=predicted; paired matches only."
klt_confusion,KLT,CellViT-SAM-H,FullFT,Pooled KLT,A,,,44,,Immune,Other,6351,,,,,,,,,,,,,,,,,,,,,,,,,,,,,,,,,,,,,,,,,,,,,,,,,,,,,,,,checkpoint_10 TEST,run/sthelar40x_klt_5class_slideind_foldA_fullft_lr1e-5_e10_seed44/log/2026-08-28T220820_sthelar40x_klt_5class_slideind_foldA_fullft_lr1e-5_e10_seed44/inference_results.json,"Rows=true, columns=predicted; paired matches only."
klt_confusion,KLT,CellViT-SAM-H,FullFT,Pooled KLT,A,,,44,,Stromal,Background,144,,,,,,,,,,,,,,,,,,,,,,,,,,,,,,,,,,,,,,,,,,,,,,,,,,,,,,,,checkpoint_10 TEST,run/sthelar40x_klt_5class_slideind_foldA_fullft_lr1e-5_e10_seed44/log/2026-08-28T220820_sthelar40x_klt_5class_slideind_foldA_fullft_lr1e-5_e10_seed44/inference_results.json,"Rows=true, columns=predicted; paired matches only."
klt_confusion,KLT,CellViT-SAM-H,FullFT,Pooled KLT,A,,,44,,Stromal,Immune,57311,,,,,,,,,,,,,,,,,,,,,,,,,,,,,,,,,,,,,,,,,,,,,,,,,,,,,,,,checkpoint_10 TEST,run/sthelar40x_klt_5class_slideind_foldA_fullft_lr1e-5_e10_seed44/log/2026-08-28T220820_sthelar40x_klt_5class_slideind_foldA_fullft_lr1e-5_e10_seed44/inference_results.json,"Rows=true, columns=predicted; paired matches only."
klt_confusion,KLT,CellViT-SAM-H,FullFT,Pooled KLT,A,,,44,,Stromal,Stromal,124567,,,,,,,,,,,,,,,,,,,,,,,,,,,,,,,,,,,,,,,,,,,,,,,,,,,,,,,,checkpoint_10 TEST,run/sthelar40x_klt_5class_slideind_foldA_fullft_lr1e-5_e10_seed44/log/2026-08-28T220820_sthelar40x_klt_5class_slideind_foldA_fullft_lr1e-5_e10_seed44/inference_results.json,"Rows=true, columns=predicted; paired matches only."
klt_confusion,KLT,CellViT-SAM-H,FullFT,Pooled KLT,A,,,44,,Stromal,Epithelial,11525,,,,,,,,,,,,,,,,,,,,,,,,,,,,,,,,,,,,,,,,,,,,,,,,,,,,,,,,checkpoint_10 TEST,run/sthelar40x_klt_5class_slideind_foldA_fullft_lr1e-5_e10_seed44/log/2026-08-28T220820_sthelar40x_klt_5class_slideind_foldA_fullft_lr1e-5_e10_seed44/inference_results.json,"Rows=true, columns=predicted; paired matches only."
klt_confusion,KLT,CellViT-SAM-H,FullFT,Pooled KLT,A,,,44,,Stromal,Melanocyte,0,,,,,,,,,,,,,,,,,,,,,,,,,,,,,,,,,,,,,,,,,,,,,,,,,,,,,,,,checkpoint_10 TEST,run/sthelar40x_klt_5class_slideind_foldA_fullft_lr1e-5_e10_seed44/log/2026-08-28T220820_sthelar40x_klt_5class_slideind_foldA_fullft_lr1e-5_e10_seed44/inference_results.json,"Rows=true, columns=predicted; paired matches only."
klt_confusion,KLT,CellViT-SAM-H,FullFT,Pooled KLT,A,,,44,,Stromal,Other,4905,,,,,,,,,,,,,,,,,,,,,,,,,,,,,,,,,,,,,,,,,,,,,,,,,,,,,,,,checkpoint_10 TEST,run/sthelar40x_klt_5class_slideind_foldA_fullft_lr1e-5_e10_seed44/log/2026-08-28T220820_sthelar40x_klt_5class_slideind_foldA_fullft_lr1e-5_e10_seed44/inference_results.json,"Rows=true, columns=predicted; paired matches only."
klt_confusion,KLT,CellViT-SAM-H,FullFT,Pooled KLT,A,,,44,,Epithelial,Background,225,,,,,,,,,,,,,,,,,,,,,,,,,,,,,,,,,,,,,,,,,,,,,,,,,,,,,,,,checkpoint_10 TEST,run/sthelar40x_klt_5class_slideind_foldA_fullft_lr1e-5_e10_seed44/log/2026-08-28T220820_sthelar40x_klt_5class_slideind_foldA_fullft_lr1e-5_e10_seed44/inference_results.json,"Rows=true, columns=predicted; paired matches only."
klt_confusion,KLT,CellViT-SAM-H,FullFT,Pooled KLT,A,,,44,,Epithelial,Immune,86559,,,,,,,,,,,,,,,,,,,,,,,,,,,,,,,,,,,,,,,,,,,,,,,,,,,,,,,,checkpoint_10 TEST,run/sthelar40x_klt_5class_slideind_foldA_fullft_lr1e-5_e10_seed44/log/2026-08-28T220820_sthelar40x_klt_5class_slideind_foldA_fullft_lr1e-5_e10_seed44/inference_results.json,"Rows=true, columns=predicted; paired matches only."
klt_confusion,KLT,CellViT-SAM-H,FullFT,Pooled KLT,A,,,44,,Epithelial,Stromal,30528,,,,,,,,,,,,,,,,,,,,,,,,,,,,,,,,,,,,,,,,,,,,,,,,,,,,,,,,checkpoint_10 TEST,run/sthelar40x_klt_5class_slideind_foldA_fullft_lr1e-5_e10_seed44/log/2026-08-28T220820_sthelar40x_klt_5class_slideind_foldA_fullft_lr1e-5_e10_seed44/inference_results.json,"Rows=true, columns=predicted; paired matches only."
klt_confusion,KLT,CellViT-SAM-H,FullFT,Pooled KLT,A,,,44,,Epithelial,Epithelial,97641,,,,,,,,,,,,,,,,,,,,,,,,,,,,,,,,,,,,,,,,,,,,,,,,,,,,,,,,checkpoint_10 TEST,run/sthelar40x_klt_5class_slideind_foldA_fullft_lr1e-5_e10_seed44/log/2026-08-28T220820_sthelar40x_klt_5class_slideind_foldA_fullft_lr1e-5_e10_seed44/inference_results.json,"Rows=true, columns=predicted; paired matches only."
klt_confusion,KLT,CellViT-SAM-H,FullFT,Pooled KLT,A,,,44,,Epithelial,Melanocyte,0,,,,,,,,,,,,,,,,,,,,,,,,,,,,,,,,,,,,,,,,,,,,,,,,,,,,,,,,checkpoint_10 TEST,run/sthelar40x_klt_5class_slideind_foldA_fullft_lr1e-5_e10_seed44/log/2026-08-28T220820_sthelar40x_klt_5class_slideind_foldA_fullft_lr1e-5_e10_seed44/inference_results.json,"Rows=true, columns=predicted; paired matches only."
klt_confusion,KLT,CellViT-SAM-H,FullFT,Pooled KLT,A,,,44,,Epithelial,Other,6465,,,,,,,,,,,,,,,,,,,,,,,,,,,,,,,,,,,,,,,,,,,,,,,,,,,,,,,,checkpoint_10 TEST,run/sthelar40x_klt_5class_slideind_foldA_fullft_lr1e-5_e10_seed44/log/2026-08-28T220820_sthelar40x_klt_5class_slideind_foldA_fullft_lr1e-5_e10_seed44/inference_results.json,"Rows=true, columns=predicted; paired matches only."
klt_confusion,KLT,CellViT-SAM-H,FullFT,Pooled KLT,A,,,44,,Melanocyte,Background,0,,,,,,,,,,,,,,,,,,,,,,,,,,,,,,,,,,,,,,,,,,,,,,,,,,,,,,,,checkpoint_10 TEST,run/sthelar40x_klt_5class_slideind_foldA_fullft_lr1e-5_e10_seed44/log/2026-08-28T220820_sthelar40x_klt_5class_slideind_foldA_fullft_lr1e-5_e10_seed44/inference_results.json,"Rows=true, columns=predicted; paired matches only."
klt_confusion,KLT,CellViT-SAM-H,FullFT,Pooled KLT,A,,,44,,Melanocyte,Immune,0,,,,,,,,,,,,,,,,,,,,,,,,,,,,,,,,,,,,,,,,,,,,,,,,,,,,,,,,checkpoint_10 TEST,run/sthelar40x_klt_5class_slideind_foldA_fullft_lr1e-5_e10_seed44/log/2026-08-28T220820_sthelar40x_klt_5class_slideind_foldA_fullft_lr1e-5_e10_seed44/inference_results.json,"Rows=true, columns=predicted; paired matches only."
klt_confusion,KLT,CellViT-SAM-H,FullFT,Pooled KLT,A,,,44,,Melanocyte,Stromal,0,,,,,,,,,,,,,,,,,,,,,,,,,,,,,,,,,,,,,,,,,,,,,,,,,,,,,,,,checkpoint_10 TEST,run/sthelar40x_klt_5class_slideind_foldA_fullft_lr1e-5_e10_seed44/log/2026-08-28T220820_sthelar40x_klt_5class_slideind_foldA_fullft_lr1e-5_e10_seed44/inference_results.json,"Rows=true, columns=predicted; paired matches only."
klt_confusion,KLT,CellViT-SAM-H,FullFT,Pooled KLT,A,,,44,,Melanocyte,Epithelial,0,,,,,,,,,,,,,,,,,,,,,,,,,,,,,,,,,,,,,,,,,,,,,,,,,,,,,,,,checkpoint_10 TEST,run/sthelar40x_klt_5class_slideind_foldA_fullft_lr1e-5_e10_seed44/log/2026-08-28T220820_sthelar40x_klt_5class_slideind_foldA_fullft_lr1e-5_e10_seed44/inference_results.json,"Rows=true, columns=predicted; paired matches only."
klt_confusion,KLT,CellViT-SAM-H,FullFT,Pooled KLT,A,,,44,,Melanocyte,Melanocyte,0,,,,,,,,,,,,,,,,,,,,,,,,,,,,,,,,,,,,,,,,,,,,,,,,,,,,,,,,checkpoint_10 TEST,run/sthelar40x_klt_5class_slideind_foldA_fullft_lr1e-5_e10_seed44/log/2026-08-28T220820_sthelar40x_klt_5class_slideind_foldA_fullft_lr1e-5_e10_seed44/inference_results.json,"Rows=true, columns=predicted; paired matches only."
klt_confusion,KLT,CellViT-SAM-H,FullFT,Pooled KLT,A,,,44,,Melanocyte,Other,0,,,,,,,,,,,,,,,,,,,,,,,,,,,,,,,,,,,,,,,,,,,,,,,,,,,,,,,,checkpoint_10 TEST,run/sthelar40x_klt_5class_slideind_foldA_fullft_lr1e-5_e10_seed44/log/2026-08-28T220820_sthelar40x_klt_5class_slideind_foldA_fullft_lr1e-5_e10_seed44/inference_results.json,"Rows=true, columns=predicted; paired matches only."
klt_confusion,KLT,CellViT-SAM-H,FullFT,Pooled KLT,A,,,44,,Other,Background,81,,,,,,,,,,,,,,,,,,,,,,,,,,,,,,,,,,,,,,,,,,,,,,,,,,,,,,,,checkpoint_10 TEST,run/sthelar40x_klt_5class_slideind_foldA_fullft_lr1e-5_e10_seed44/log/2026-08-28T220820_sthelar40x_klt_5class_slideind_foldA_fullft_lr1e-5_e10_seed44/inference_results.json,"Rows=true, columns=predicted; paired matches only."
klt_confusion,KLT,CellViT-SAM-H,FullFT,Pooled KLT,A,,,44,,Other,Immune,6846,,,,,,,,,,,,,,,,,,,,,,,,,,,,,,,,,,,,,,,,,,,,,,,,,,,,,,,,checkpoint_10 TEST,run/sthelar40x_klt_5class_slideind_foldA_fullft_lr1e-5_e10_seed44/log/2026-08-28T220820_sthelar40x_klt_5class_slideind_foldA_fullft_lr1e-5_e10_seed44/inference_results.json,"Rows=true, columns=predicted; paired matches only."
klt_confusion,KLT,CellViT-SAM-H,FullFT,Pooled KLT,A,,,44,,Other,Stromal,7918,,,,,,,,,,,,,,,,,,,,,,,,,,,,,,,,,,,,,,,,,,,,,,,,,,,,,,,,checkpoint_10 TEST,run/sthelar40x_klt_5class_slideind_foldA_fullft_lr1e-5_e10_seed44/log/2026-08-28T220820_sthelar40x_klt_5class_slideind_foldA_fullft_lr1e-5_e10_seed44/inference_results.json,"Rows=true, columns=predicted; paired matches only."
klt_confusion,KLT,CellViT-SAM-H,FullFT,Pooled KLT,A,,,44,,Other,Epithelial,1237,,,,,,,,,,,,,,,,,,,,,,,,,,,,,,,,,,,,,,,,,,,,,,,,,,,,,,,,checkpoint_10 TEST,run/sthelar40x_klt_5class_slideind_foldA_fullft_lr1e-5_e10_seed44/log/2026-08-28T220820_sthelar40x_klt_5class_slideind_foldA_fullft_lr1e-5_e10_seed44/inference_results.json,"Rows=true, columns=predicted; paired matches only."
klt_confusion,KLT,CellViT-SAM-H,FullFT,Pooled KLT,A,,,44,,Other,Melanocyte,0,,,,,,,,,,,,,,,,,,,,,,,,,,,,,,,,,,,,,,,,,,,,,,,,,,,,,,,,checkpoint_10 TEST,run/sthelar40x_klt_5class_slideind_foldA_fullft_lr1e-5_e10_seed44/log/2026-08-28T220820_sthelar40x_klt_5class_slideind_foldA_fullft_lr1e-5_e10_seed44/inference_results.json,"Rows=true, columns=predicted; paired matches only."
klt_confusion,KLT,CellViT-SAM-H,FullFT,Pooled KLT,A,,,44,,Other,Other,3015,,,,,,,,,,,,,,,,,,,,,,,,,,,,,,,,,,,,,,,,,,,,,,,,,,,,,,,,checkpoint_10 TEST,run/sthelar40x_klt_5class_slideind_foldA_fullft_lr1e-5_e10_seed44/log/2026-08-28T220820_sthelar40x_klt_5class_slideind_foldA_fullft_lr1e-5_e10_seed44/inference_results.json,"Rows=true, columns=predicted; paired matches only."
klt_seed_metric,KLT,CellViT-SAM-H,FullFT,Kidney,B,,,42,,,,,6723,,,,,,,,,,,,,,,,,0.8581410894824185,0.761622597514009,0.6475344105978289,0.22666541067351467,0.8996483412790283,0.38291325196824333,,,,,,,,,,,,,,,,,,,,,,,,,,,,,,,,,checkpoint_10 TEST,run/sthelar40x_klt_5class_slideind_foldB_fullft_lr1e-5_e10_seed42/log/2026-08-19T181004_sthelar40x_klt_5class_slideind_foldB_fullft_lr1e-5_e10_seed42/inference_results.json,
klt_per_class,KLT,CellViT-SAM-H,FullFT,Kidney,B,,,42,Immune,,,,,,,,,,,,,,,,,,,,,,,,,,,,,,,,,,,,,,,,,,,,,0.2618864440683182,,,16371,19732,23629,0.1369455729876031,,,,,,,,checkpoint_10 TEST,run/sthelar40x_klt_5class_slideind_foldB_fullft_lr1e-5_e10_seed42/log/2026-08-19T181004_sthelar40x_klt_5class_slideind_foldB_fullft_lr1e-5_e10_seed42/inference_results.json,
klt_per_class,KLT,CellViT-SAM-H,FullFT,Kidney,B,,,42,Stromal,,,,,,,,,,,,,,,,,,,,,,,,,,,,,,,,,,,,,,,,,,,,,0.4806191514000676,,,46619,55113,98019,0.5680844774925671,,,,,,,,checkpoint_10 TEST,run/sthelar40x_klt_5class_slideind_foldB_fullft_lr1e-5_e10_seed42/log/2026-08-19T181004_sthelar40x_klt_5class_slideind_foldB_fullft_lr1e-5_e10_seed42/inference_results.json,
klt_per_class,KLT,CellViT-SAM-H,FullFT,Kidney,B,,,42,Epithelial,,,,,,,,,,,,,,,,,,,,,,,,,,,,,,,,,,,,,,,,,,,,,0.5619304119959238,,,93871,106807,44855,0.2599641828413787,,,,,,,,checkpoint_10 TEST,run/sthelar40x_klt_5class_slideind_foldB_fullft_lr1e-5_e10_seed42/log/2026-08-19T181004_sthelar40x_klt_5class_slideind_foldB_fullft_lr1e-5_e10_seed42/inference_results.json,
klt_per_class,KLT,CellViT-SAM-H,FullFT,Kidney,B,,,42,Melanocyte,,,,,,,,,,,,,,,,,,,,,,,,,,,,,,,,,,,,,,,,,,,,,,,,0,0,0,0.0,,,,,,,,checkpoint_10 TEST,run/sthelar40x_klt_5class_slideind_foldB_fullft_lr1e-5_e10_seed42/log/2026-08-19T181004_sthelar40x_klt_5class_slideind_foldB_fullft_lr1e-5_e10_seed42/inference_results.json,
klt_per_class,KLT,CellViT-SAM-H,FullFT,Kidney,B,,,42,Other,,,,,,,,,,,,,,,,,,,,,,,,,,,,,,,,,,,,,,,,,,,,,0.22721700040866366,,,6958,9916,6040,0.03500576667845117,,,,,,,,checkpoint_10 TEST,run/sthelar40x_klt_5class_slideind_foldB_fullft_lr1e-5_e10_seed42/log/2026-08-19T181004_sthelar40x_klt_5class_slideind_foldB_fullft_lr1e-5_e10_seed42/inference_results.json,
klt_confusion,KLT,CellViT-SAM-H,FullFT,Kidney,B,,,42,,Background,Background,5,,,,,,,,,,,,,,,,,,,,,,,,,,,,,,,,,,,,,,,,,,,,,,,,,,,,,,,,checkpoint_10 TEST,run/sthelar40x_klt_5class_slideind_foldB_fullft_lr1e-5_e10_seed42/log/2026-08-19T181004_sthelar40x_klt_5class_slideind_foldB_fullft_lr1e-5_e10_seed42/inference_results.json,"Rows=true, columns=predicted; paired matches only."
klt_confusion,KLT,CellViT-SAM-H,FullFT,Kidney,B,,,42,,Background,Immune,0,,,,,,,,,,,,,,,,,,,,,,,,,,,,,,,,,,,,,,,,,,,,,,,,,,,,,,,,checkpoint_10 TEST,run/sthelar40x_klt_5class_slideind_foldB_fullft_lr1e-5_e10_seed42/log/2026-08-19T181004_sthelar40x_klt_5class_slideind_foldB_fullft_lr1e-5_e10_seed42/inference_results.json,"Rows=true, columns=predicted; paired matches only."
klt_confusion,KLT,CellViT-SAM-H,FullFT,Kidney,B,,,42,,Background,Stromal,0,,,,,,,,,,,,,,,,,,,,,,,,,,,,,,,,,,,,,,,,,,,,,,,,,,,,,,,,checkpoint_10 TEST,run/sthelar40x_klt_5class_slideind_foldB_fullft_lr1e-5_e10_seed42/log/2026-08-19T181004_sthelar40x_klt_5class_slideind_foldB_fullft_lr1e-5_e10_seed42/inference_results.json,"Rows=true, columns=predicted; paired matches only."
klt_confusion,KLT,CellViT-SAM-H,FullFT,Kidney,B,,,42,,Background,Epithelial,0,,,,,,,,,,,,,,,,,,,,,,,,,,,,,,,,,,,,,,,,,,,,,,,,,,,,,,,,checkpoint_10 TEST,run/sthelar40x_klt_5class_slideind_foldB_fullft_lr1e-5_e10_seed42/log/2026-08-19T181004_sthelar40x_klt_5class_slideind_foldB_fullft_lr1e-5_e10_seed42/inference_results.json,"Rows=true, columns=predicted; paired matches only."
klt_confusion,KLT,CellViT-SAM-H,FullFT,Kidney,B,,,42,,Background,Melanocyte,0,,,,,,,,,,,,,,,,,,,,,,,,,,,,,,,,,,,,,,,,,,,,,,,,,,,,,,,,checkpoint_10 TEST,run/sthelar40x_klt_5class_slideind_foldB_fullft_lr1e-5_e10_seed42/log/2026-08-19T181004_sthelar40x_klt_5class_slideind_foldB_fullft_lr1e-5_e10_seed42/inference_results.json,"Rows=true, columns=predicted; paired matches only."
klt_confusion,KLT,CellViT-SAM-H,FullFT,Kidney,B,,,42,,Background,Other,0,,,,,,,,,,,,,,,,,,,,,,,,,,,,,,,,,,,,,,,,,,,,,,,,,,,,,,,,checkpoint_10 TEST,run/sthelar40x_klt_5class_slideind_foldB_fullft_lr1e-5_e10_seed42/log/2026-08-19T181004_sthelar40x_klt_5class_slideind_foldB_fullft_lr1e-5_e10_seed42/inference_results.json,"Rows=true, columns=predicted; paired matches only."
klt_confusion,KLT,CellViT-SAM-H,FullFT,Kidney,B,,,42,,Immune,Background,9,,,,,,,,,,,,,,,,,,,,,,,,,,,,,,,,,,,,,,,,,,,,,,,,,,,,,,,,checkpoint_10 TEST,run/sthelar40x_klt_5class_slideind_foldB_fullft_lr1e-5_e10_seed42/log/2026-08-19T181004_sthelar40x_klt_5class_slideind_foldB_fullft_lr1e-5_e10_seed42/inference_results.json,"Rows=true, columns=predicted; paired matches only."
klt_confusion,KLT,CellViT-SAM-H,FullFT,Kidney,B,,,42,,Immune,Immune,5106,,,,,,,,,,,,,,,,,,,,,,,,,,,,,,,,,,,,,,,,,,,,,,,,,,,,,,,,checkpoint_10 TEST,run/sthelar40x_klt_5class_slideind_foldB_fullft_lr1e-5_e10_seed42/log/2026-08-19T181004_sthelar40x_klt_5class_slideind_foldB_fullft_lr1e-5_e10_seed42/inference_results.json,"Rows=true, columns=predicted; paired matches only."
klt_confusion,KLT,CellViT-SAM-H,FullFT,Kidney,B,,,42,,Immune,Stromal,8567,,,,,,,,,,,,,,,,,,,,,,,,,,,,,,,,,,,,,,,,,,,,,,,,,,,,,,,,checkpoint_10 TEST,run/sthelar40x_klt_5class_slideind_foldB_fullft_lr1e-5_e10_seed42/log/2026-08-19T181004_sthelar40x_klt_5class_slideind_foldB_fullft_lr1e-5_e10_seed42/inference_results.json,"Rows=true, columns=predicted; paired matches only."
klt_confusion,KLT,CellViT-SAM-H,FullFT,Kidney,B,,,42,,Immune,Epithelial,1322,,,,,,,,,,,,,,,,,,,,,,,,,,,,,,,,,,,,,,,,,,,,,,,,,,,,,,,,checkpoint_10 TEST,run/sthelar40x_klt_5class_slideind_foldB_fullft_lr1e-5_e10_seed42/log/2026-08-19T181004_sthelar40x_klt_5class_slideind_foldB_fullft_lr1e-5_e10_seed42/inference_results.json,"Rows=true, columns=predicted; paired matches only."
klt_confusion,KLT,CellViT-SAM-H,FullFT,Kidney,B,,,42,,Immune,Melanocyte,0,,,,,,,,,,,,,,,,,,,,,,,,,,,,,,,,,,,,,,,,,,,,,,,,,,,,,,,,checkpoint_10 TEST,run/sthelar40x_klt_5class_slideind_foldB_fullft_lr1e-5_e10_seed42/log/2026-08-19T181004_sthelar40x_klt_5class_slideind_foldB_fullft_lr1e-5_e10_seed42/inference_results.json,"Rows=true, columns=predicted; paired matches only."
klt_confusion,KLT,CellViT-SAM-H,FullFT,Kidney,B,,,42,,Immune,Other,1376,,,,,,,,,,,,,,,,,,,,,,,,,,,,,,,,,,,,,,,,,,,,,,,,,,,,,,,,checkpoint_10 TEST,run/sthelar40x_klt_5class_slideind_foldB_fullft_lr1e-5_e10_seed42/log/2026-08-19T181004_sthelar40x_klt_5class_slideind_foldB_fullft_lr1e-5_e10_seed42/inference_results.json,"Rows=true, columns=predicted; paired matches only."
klt_confusion,KLT,CellViT-SAM-H,FullFT,Kidney,B,,,42,,Stromal,Background,26,,,,,,,,,,,,,,,,,,,,,,,,,,,,,,,,,,,,,,,,,,,,,,,,,,,,,,,,checkpoint_10 TEST,run/sthelar40x_klt_5class_slideind_foldB_fullft_lr1e-5_e10_seed42/log/2026-08-19T181004_sthelar40x_klt_5class_slideind_foldB_fullft_lr1e-5_e10_seed42/inference_results.json,"Rows=true, columns=predicted; paired matches only."
klt_confusion,KLT,CellViT-SAM-H,FullFT,Kidney,B,,,42,,Stromal,Immune,8539,,,,,,,,,,,,,,,,,,,,,,,,,,,,,,,,,,,,,,,,,,,,,,,,,,,,,,,,checkpoint_10 TEST,run/sthelar40x_klt_5class_slideind_foldB_fullft_lr1e-5_e10_seed42/log/2026-08-19T181004_sthelar40x_klt_5class_slideind_foldB_fullft_lr1e-5_e10_seed42/inference_results.json,"Rows=true, columns=predicted; paired matches only."
klt_confusion,KLT,CellViT-SAM-H,FullFT,Kidney,B,,,42,,Stromal,Stromal,33410,,,,,,,,,,,,,,,,,,,,,,,,,,,,,,,,,,,,,,,,,,,,,,,,,,,,,,,,checkpoint_10 TEST,run/sthelar40x_klt_5class_slideind_foldB_fullft_lr1e-5_e10_seed42/log/2026-08-19T181004_sthelar40x_klt_5class_slideind_foldB_fullft_lr1e-5_e10_seed42/inference_results.json,"Rows=true, columns=predicted; paired matches only."
klt_confusion,KLT,CellViT-SAM-H,FullFT,Kidney,B,,,42,,Stromal,Epithelial,2917,,,,,,,,,,,,,,,,,,,,,,,,,,,,,,,,,,,,,,,,,,,,,,,,,,,,,,,,checkpoint_10 TEST,run/sthelar40x_klt_5class_slideind_foldB_fullft_lr1e-5_e10_seed42/log/2026-08-19T181004_sthelar40x_klt_5class_slideind_foldB_fullft_lr1e-5_e10_seed42/inference_results.json,"Rows=true, columns=predicted; paired matches only."
klt_confusion,KLT,CellViT-SAM-H,FullFT,Kidney,B,,,42,,Stromal,Melanocyte,0,,,,,,,,,,,,,,,,,,,,,,,,,,,,,,,,,,,,,,,,,,,,,,,,,,,,,,,,checkpoint_10 TEST,run/sthelar40x_klt_5class_slideind_foldB_fullft_lr1e-5_e10_seed42/log/2026-08-19T181004_sthelar40x_klt_5class_slideind_foldB_fullft_lr1e-5_e10_seed42/inference_results.json,"Rows=true, columns=predicted; paired matches only."
klt_confusion,KLT,CellViT-SAM-H,FullFT,Kidney,B,,,42,,Stromal,Other,1753,,,,,,,,,,,,,,,,,,,,,,,,,,,,,,,,,,,,,,,,,,,,,,,,,,,,,,,,checkpoint_10 TEST,run/sthelar40x_klt_5class_slideind_foldB_fullft_lr1e-5_e10_seed42/log/2026-08-19T181004_sthelar40x_klt_5class_slideind_foldB_fullft_lr1e-5_e10_seed42/inference_results.json,"Rows=true, columns=predicted; paired matches only."
klt_confusion,KLT,CellViT-SAM-H,FullFT,Kidney,B,,,42,,Epithelial,Background,117,,,,,,,,,,,,,,,,,,,,,,,,,,,,,,,,,,,,,,,,,,,,,,,,,,,,,,,,checkpoint_10 TEST,run/sthelar40x_klt_5class_slideind_foldB_fullft_lr1e-5_e10_seed42/log/2026-08-19T181004_sthelar40x_klt_5class_slideind_foldB_fullft_lr1e-5_e10_seed42/inference_results.json,"Rows=true, columns=predicted; paired matches only."
klt_confusion,KLT,CellViT-SAM-H,FullFT,Kidney,B,,,42,,Epithelial,Immune,8164,,,,,,,,,,,,,,,,,,,,,,,,,,,,,,,,,,,,,,,,,,,,,,,,,,,,,,,,checkpoint_10 TEST,run/sthelar40x_klt_5class_slideind_foldB_fullft_lr1e-5_e10_seed42/log/2026-08-19T181004_sthelar40x_klt_5class_slideind_foldB_fullft_lr1e-5_e10_seed42/inference_results.json,"Rows=true, columns=predicted; paired matches only."
klt_confusion,KLT,CellViT-SAM-H,FullFT,Kidney,B,,,42,,Epithelial,Stromal,46350,,,,,,,,,,,,,,,,,,,,,,,,,,,,,,,,,,,,,,,,,,,,,,,,,,,,,,,,checkpoint_10 TEST,run/sthelar40x_klt_5class_slideind_foldB_fullft_lr1e-5_e10_seed42/log/2026-08-19T181004_sthelar40x_klt_5class_slideind_foldB_fullft_lr1e-5_e10_seed42/inference_results.json,"Rows=true, columns=predicted; paired matches only."
klt_confusion,KLT,CellViT-SAM-H,FullFT,Kidney,B,,,42,,Epithelial,Epithelial,38599,,,,,,,,,,,,,,,,,,,,,,,,,,,,,,,,,,,,,,,,,,,,,,,,,,,,,,,,checkpoint_10 TEST,run/sthelar40x_klt_5class_slideind_foldB_fullft_lr1e-5_e10_seed42/log/2026-08-19T181004_sthelar40x_klt_5class_slideind_foldB_fullft_lr1e-5_e10_seed42/inference_results.json,"Rows=true, columns=predicted; paired matches only."
klt_confusion,KLT,CellViT-SAM-H,FullFT,Kidney,B,,,42,,Epithelial,Melanocyte,0,,,,,,,,,,,,,,,,,,,,,,,,,,,,,,,,,,,,,,,,,,,,,,,,,,,,,,,,checkpoint_10 TEST,run/sthelar40x_klt_5class_slideind_foldB_fullft_lr1e-5_e10_seed42/log/2026-08-19T181004_sthelar40x_klt_5class_slideind_foldB_fullft_lr1e-5_e10_seed42/inference_results.json,"Rows=true, columns=predicted; paired matches only."
klt_confusion,KLT,CellViT-SAM-H,FullFT,Kidney,B,,,42,,Epithelial,Other,758,,,,,,,,,,,,,,,,,,,,,,,,,,,,,,,,,,,,,,,,,,,,,,,,,,,,,,,,checkpoint_10 TEST,run/sthelar40x_klt_5class_slideind_foldB_fullft_lr1e-5_e10_seed42/log/2026-08-19T181004_sthelar40x_klt_5class_slideind_foldB_fullft_lr1e-5_e10_seed42/inference_results.json,"Rows=true, columns=predicted; paired matches only."
klt_confusion,KLT,CellViT-SAM-H,FullFT,Kidney,B,,,42,,Melanocyte,Background,0,,,,,,,,,,,,,,,,,,,,,,,,,,,,,,,,,,,,,,,,,,,,,,,,,,,,,,,,checkpoint_10 TEST,run/sthelar40x_klt_5class_slideind_foldB_fullft_lr1e-5_e10_seed42/log/2026-08-19T181004_sthelar40x_klt_5class_slideind_foldB_fullft_lr1e-5_e10_seed42/inference_results.json,"Rows=true, columns=predicted; paired matches only."
klt_confusion,KLT,CellViT-SAM-H,FullFT,Kidney,B,,,42,,Melanocyte,Immune,0,,,,,,,,,,,,,,,,,,,,,,,,,,,,,,,,,,,,,,,,,,,,,,,,,,,,,,,,checkpoint_10 TEST,run/sthelar40x_klt_5class_slideind_foldB_fullft_lr1e-5_e10_seed42/log/2026-08-19T181004_sthelar40x_klt_5class_slideind_foldB_fullft_lr1e-5_e10_seed42/inference_results.json,"Rows=true, columns=predicted; paired matches only."
klt_confusion,KLT,CellViT-SAM-H,FullFT,Kidney,B,,,42,,Melanocyte,Stromal,0,,,,,,,,,,,,,,,,,,,,,,,,,,,,,,,,,,,,,,,,,,,,,,,,,,,,,,,,checkpoint_10 TEST,run/sthelar40x_klt_5class_slideind_foldB_fullft_lr1e-5_e10_seed42/log/2026-08-19T181004_sthelar40x_klt_5class_slideind_foldB_fullft_lr1e-5_e10_seed42/inference_results.json,"Rows=true, columns=predicted; paired matches only."
klt_confusion,KLT,CellViT-SAM-H,FullFT,Kidney,B,,,42,,Melanocyte,Epithelial,0,,,,,,,,,,,,,,,,,,,,,,,,,,,,,,,,,,,,,,,,,,,,,,,,,,,,,,,,checkpoint_10 TEST,run/sthelar40x_klt_5class_slideind_foldB_fullft_lr1e-5_e10_seed42/log/2026-08-19T181004_sthelar40x_klt_5class_slideind_foldB_fullft_lr1e-5_e10_seed42/inference_results.json,"Rows=true, columns=predicted; paired matches only."
klt_confusion,KLT,CellViT-SAM-H,FullFT,Kidney,B,,,42,,Melanocyte,Melanocyte,0,,,,,,,,,,,,,,,,,,,,,,,,,,,,,,,,,,,,,,,,,,,,,,,,,,,,,,,,checkpoint_10 TEST,run/sthelar40x_klt_5class_slideind_foldB_fullft_lr1e-5_e10_seed42/log/2026-08-19T181004_sthelar40x_klt_5class_slideind_foldB_fullft_lr1e-5_e10_seed42/inference_results.json,"Rows=true, columns=predicted; paired matches only."
klt_confusion,KLT,CellViT-SAM-H,FullFT,Kidney,B,,,42,,Melanocyte,Other,0,,,,,,,,,,,,,,,,,,,,,,,,,,,,,,,,,,,,,,,,,,,,,,,,,,,,,,,,checkpoint_10 TEST,run/sthelar40x_klt_5class_slideind_foldB_fullft_lr1e-5_e10_seed42/log/2026-08-19T181004_sthelar40x_klt_5class_slideind_foldB_fullft_lr1e-5_e10_seed42/inference_results.json,"Rows=true, columns=predicted; paired matches only."
klt_confusion,KLT,CellViT-SAM-H,FullFT,Kidney,B,,,42,,Other,Background,11,,,,,,,,,,,,,,,,,,,,,,,,,,,,,,,,,,,,,,,,,,,,,,,,,,,,,,,,checkpoint_10 TEST,run/sthelar40x_klt_5class_slideind_foldB_fullft_lr1e-5_e10_seed42/log/2026-08-19T181004_sthelar40x_klt_5class_slideind_foldB_fullft_lr1e-5_e10_seed42/inference_results.json,"Rows=true, columns=predicted; paired matches only."
klt_confusion,KLT,CellViT-SAM-H,FullFT,Kidney,B,,,42,,Other,Immune,814,,,,,,,,,,,,,,,,,,,,,,,,,,,,,,,,,,,,,,,,,,,,,,,,,,,,,,,,checkpoint_10 TEST,run/sthelar40x_klt_5class_slideind_foldB_fullft_lr1e-5_e10_seed42/log/2026-08-19T181004_sthelar40x_klt_5class_slideind_foldB_fullft_lr1e-5_e10_seed42/inference_results.json,"Rows=true, columns=predicted; paired matches only."
klt_confusion,KLT,CellViT-SAM-H,FullFT,Kidney,B,,,42,,Other,Stromal,4083,,,,,,,,,,,,,,,,,,,,,,,,,,,,,,,,,,,,,,,,,,,,,,,,,,,,,,,,checkpoint_10 TEST,run/sthelar40x_klt_5class_slideind_foldB_fullft_lr1e-5_e10_seed42/log/2026-08-19T181004_sthelar40x_klt_5class_slideind_foldB_fullft_lr1e-5_e10_seed42/inference_results.json,"Rows=true, columns=predicted; paired matches only."
klt_confusion,KLT,CellViT-SAM-H,FullFT,Kidney,B,,,42,,Other,Epithelial,671,,,,,,,,,,,,,,,,,,,,,,,,,,,,,,,,,,,,,,,,,,,,,,,,,,,,,,,,checkpoint_10 TEST,run/sthelar40x_klt_5class_slideind_foldB_fullft_lr1e-5_e10_seed42/log/2026-08-19T181004_sthelar40x_klt_5class_slideind_foldB_fullft_lr1e-5_e10_seed42/inference_results.json,"Rows=true, columns=predicted; paired matches only."
klt_confusion,KLT,CellViT-SAM-H,FullFT,Kidney,B,,,42,,Other,Melanocyte,0,,,,,,,,,,,,,,,,,,,,,,,,,,,,,,,,,,,,,,,,,,,,,,,,,,,,,,,,checkpoint_10 TEST,run/sthelar40x_klt_5class_slideind_foldB_fullft_lr1e-5_e10_seed42/log/2026-08-19T181004_sthelar40x_klt_5class_slideind_foldB_fullft_lr1e-5_e10_seed42/inference_results.json,"Rows=true, columns=predicted; paired matches only."
klt_confusion,KLT,CellViT-SAM-H,FullFT,Kidney,B,,,42,,Other,Other,1390,,,,,,,,,,,,,,,,,,,,,,,,,,,,,,,,,,,,,,,,,,,,,,,,,,,,,,,,checkpoint_10 TEST,run/sthelar40x_klt_5class_slideind_foldB_fullft_lr1e-5_e10_seed42/log/2026-08-19T181004_sthelar40x_klt_5class_slideind_foldB_fullft_lr1e-5_e10_seed42/inference_results.json,"Rows=true, columns=predicted; paired matches only."
klt_seed_metric,KLT,CellViT-SAM-H,FullFT,Liver,B,,,42,,,,,9756,,,,,,,,,,,,,,,,,0.8279348072150948,0.7248223403279667,0.6120772161162319,0.1890723564348557,0.8978646178789889,0.34937124266917496,,,,,,,,,,,,,,,,,,,,,,,,,,,,,,,,,checkpoint_10 TEST,run/sthelar40x_klt_5class_slideind_foldB_fullft_lr1e-5_e10_seed42/log/2026-08-19T181004_sthelar40x_klt_5class_slideind_foldB_fullft_lr1e-5_e10_seed42/inference_results.json,
klt_per_class,KLT,CellViT-SAM-H,FullFT,Liver,B,,,42,Immune,,,,,,,,,,,,,,,,,,,,,,,,,,,,,,,,,,,,,,,,,,,,,0.05837390135912065,,,42808,50661,2811,0.013762882812308747,,,,,,,,checkpoint_10 TEST,run/sthelar40x_klt_5class_slideind_foldB_fullft_lr1e-5_e10_seed42/log/2026-08-19T181004_sthelar40x_klt_5class_slideind_foldB_fullft_lr1e-5_e10_seed42/inference_results.json,
klt_per_class,KLT,CellViT-SAM-H,FullFT,Liver,B,,,42,Stromal,,,,,,,,,,,,,,,,,,,,,,,,,,,,,,,,,,,,,,,,,,,,,0.31348380111601565,,,36230,46345,13629,0.06672868368870719,,,,,,,,checkpoint_10 TEST,run/sthelar40x_klt_5class_slideind_foldB_fullft_lr1e-5_e10_seed42/log/2026-08-19T181004_sthelar40x_klt_5class_slideind_foldB_fullft_lr1e-5_e10_seed42/inference_results.json,
klt_per_class,KLT,CellViT-SAM-H,FullFT,Liver,B,,,42,Epithelial,,,,,,,,,,,,,,,,,,,,,,,,,,,,,,,,,,,,,,,,,,,,,0.7646199828040342,,,114508,130067,185461,0.9080320203676957,,,,,,,,checkpoint_10 TEST,run/sthelar40x_klt_5class_slideind_foldB_fullft_lr1e-5_e10_seed42/log/2026-08-19T181004_sthelar40x_klt_5class_slideind_foldB_fullft_lr1e-5_e10_seed42/inference_results.json,
klt_per_class,KLT,CellViT-SAM-H,FullFT,Liver,B,,,42,Melanocyte,,,,,,,,,,,,,,,,,,,,,,,,,,,,,,,,,,,,,,,,,,,,,,,,0,0,0,0.0,,,,,,,,checkpoint_10 TEST,run/sthelar40x_klt_5class_slideind_foldB_fullft_lr1e-5_e10_seed42/log/2026-08-19T181004_sthelar40x_klt_5class_slideind_foldB_fullft_lr1e-5_e10_seed42/inference_results.json,
klt_per_class,KLT,CellViT-SAM-H,FullFT,Liver,B,,,42,Other,,,,,,,,,,,,,,,,,,,,,,,,,,,,,,,,,,,,,,,,,,,,,0.2610072853975293,,,1291,2567,2344,0.011476413131288403,,,,,,,,checkpoint_10 TEST,run/sthelar40x_klt_5class_slideind_foldB_fullft_lr1e-5_e10_seed42/log/2026-08-19T181004_sthelar40x_klt_5class_slideind_foldB_fullft_lr1e-5_e10_seed42/inference_results.json,
klt_confusion,KLT,CellViT-SAM-H,FullFT,Liver,B,,,42,,Background,Background,1,,,,,,,,,,,,,,,,,,,,,,,,,,,,,,,,,,,,,,,,,,,,,,,,,,,,,,,,checkpoint_10 TEST,run/sthelar40x_klt_5class_slideind_foldB_fullft_lr1e-5_e10_seed42/log/2026-08-19T181004_sthelar40x_klt_5class_slideind_foldB_fullft_lr1e-5_e10_seed42/inference_results.json,"Rows=true, columns=predicted; paired matches only."
klt_confusion,KLT,CellViT-SAM-H,FullFT,Liver,B,,,42,,Background,Immune,0,,,,,,,,,,,,,,,,,,,,,,,,,,,,,,,,,,,,,,,,,,,,,,,,,,,,,,,,checkpoint_10 TEST,run/sthelar40x_klt_5class_slideind_foldB_fullft_lr1e-5_e10_seed42/log/2026-08-19T181004_sthelar40x_klt_5class_slideind_foldB_fullft_lr1e-5_e10_seed42/inference_results.json,"Rows=true, columns=predicted; paired matches only."
klt_confusion,KLT,CellViT-SAM-H,FullFT,Liver,B,,,42,,Background,Stromal,0,,,,,,,,,,,,,,,,,,,,,,,,,,,,,,,,,,,,,,,,,,,,,,,,,,,,,,,,checkpoint_10 TEST,run/sthelar40x_klt_5class_slideind_foldB_fullft_lr1e-5_e10_seed42/log/2026-08-19T181004_sthelar40x_klt_5class_slideind_foldB_fullft_lr1e-5_e10_seed42/inference_results.json,"Rows=true, columns=predicted; paired matches only."
klt_confusion,KLT,CellViT-SAM-H,FullFT,Liver,B,,,42,,Background,Epithelial,0,,,,,,,,,,,,,,,,,,,,,,,,,,,,,,,,,,,,,,,,,,,,,,,,,,,,,,,,checkpoint_10 TEST,run/sthelar40x_klt_5class_slideind_foldB_fullft_lr1e-5_e10_seed42/log/2026-08-19T181004_sthelar40x_klt_5class_slideind_foldB_fullft_lr1e-5_e10_seed42/inference_results.json,"Rows=true, columns=predicted; paired matches only."
klt_confusion,KLT,CellViT-SAM-H,FullFT,Liver,B,,,42,,Background,Melanocyte,0,,,,,,,,,,,,,,,,,,,,,,,,,,,,,,,,,,,,,,,,,,,,,,,,,,,,,,,,checkpoint_10 TEST,run/sthelar40x_klt_5class_slideind_foldB_fullft_lr1e-5_e10_seed42/log/2026-08-19T181004_sthelar40x_klt_5class_slideind_foldB_fullft_lr1e-5_e10_seed42/inference_results.json,"Rows=true, columns=predicted; paired matches only."
klt_confusion,KLT,CellViT-SAM-H,FullFT,Liver,B,,,42,,Background,Other,0,,,,,,,,,,,,,,,,,,,,,,,,,,,,,,,,,,,,,,,,,,,,,,,,,,,,,,,,checkpoint_10 TEST,run/sthelar40x_klt_5class_slideind_foldB_fullft_lr1e-5_e10_seed42/log/2026-08-19T181004_sthelar40x_klt_5class_slideind_foldB_fullft_lr1e-5_e10_seed42/inference_results.json,"Rows=true, columns=predicted; paired matches only."
klt_confusion,KLT,CellViT-SAM-H,FullFT,Liver,B,,,42,,Immune,Background,20,,,,,,,,,,,,,,,,,,,,,,,,,,,,,,,,,,,,,,,,,,,,,,,,,,,,,,,,checkpoint_10 TEST,run/sthelar40x_klt_5class_slideind_foldB_fullft_lr1e-5_e10_seed42/log/2026-08-19T181004_sthelar40x_klt_5class_slideind_foldB_fullft_lr1e-5_e10_seed42/inference_results.json,"Rows=true, columns=predicted; paired matches only."
klt_confusion,KLT,CellViT-SAM-H,FullFT,Liver,B,,,42,,Immune,Immune,1325,,,,,,,,,,,,,,,,,,,,,,,,,,,,,,,,,,,,,,,,,,,,,,,,,,,,,,,,checkpoint_10 TEST,run/sthelar40x_klt_5class_slideind_foldB_fullft_lr1e-5_e10_seed42/log/2026-08-19T181004_sthelar40x_klt_5class_slideind_foldB_fullft_lr1e-5_e10_seed42/inference_results.json,"Rows=true, columns=predicted; paired matches only."
klt_confusion,KLT,CellViT-SAM-H,FullFT,Liver,B,,,42,,Immune,Stromal,2155,,,,,,,,,,,,,,,,,,,,,,,,,,,,,,,,,,,,,,,,,,,,,,,,,,,,,,,,checkpoint_10 TEST,run/sthelar40x_klt_5class_slideind_foldB_fullft_lr1e-5_e10_seed42/log/2026-08-19T181004_sthelar40x_klt_5class_slideind_foldB_fullft_lr1e-5_e10_seed42/inference_results.json,"Rows=true, columns=predicted; paired matches only."
klt_confusion,KLT,CellViT-SAM-H,FullFT,Liver,B,,,42,,Immune,Epithelial,38431,,,,,,,,,,,,,,,,,,,,,,,,,,,,,,,,,,,,,,,,,,,,,,,,,,,,,,,,checkpoint_10 TEST,run/sthelar40x_klt_5class_slideind_foldB_fullft_lr1e-5_e10_seed42/log/2026-08-19T181004_sthelar40x_klt_5class_slideind_foldB_fullft_lr1e-5_e10_seed42/inference_results.json,"Rows=true, columns=predicted; paired matches only."
klt_confusion,KLT,CellViT-SAM-H,FullFT,Liver,B,,,42,,Immune,Melanocyte,0,,,,,,,,,,,,,,,,,,,,,,,,,,,,,,,,,,,,,,,,,,,,,,,,,,,,,,,,checkpoint_10 TEST,run/sthelar40x_klt_5class_slideind_foldB_fullft_lr1e-5_e10_seed42/log/2026-08-19T181004_sthelar40x_klt_5class_slideind_foldB_fullft_lr1e-5_e10_seed42/inference_results.json,"Rows=true, columns=predicted; paired matches only."
klt_confusion,KLT,CellViT-SAM-H,FullFT,Liver,B,,,42,,Immune,Other,897,,,,,,,,,,,,,,,,,,,,,,,,,,,,,,,,,,,,,,,,,,,,,,,,,,,,,,,,checkpoint_10 TEST,run/sthelar40x_klt_5class_slideind_foldB_fullft_lr1e-5_e10_seed42/log/2026-08-19T181004_sthelar40x_klt_5class_slideind_foldB_fullft_lr1e-5_e10_seed42/inference_results.json,"Rows=true, columns=predicted; paired matches only."
klt_confusion,KLT,CellViT-SAM-H,FullFT,Liver,B,,,42,,Stromal,Background,36,,,,,,,,,,,,,,,,,,,,,,,,,,,,,,,,,,,,,,,,,,,,,,,,,,,,,,,,checkpoint_10 TEST,run/sthelar40x_klt_5class_slideind_foldB_fullft_lr1e-5_e10_seed42/log/2026-08-19T181004_sthelar40x_klt_5class_slideind_foldB_fullft_lr1e-5_e10_seed42/inference_results.json,"Rows=true, columns=predicted; paired matches only."
klt_confusion,KLT,CellViT-SAM-H,FullFT,Liver,B,,,42,,Stromal,Immune,746,,,,,,,,,,,,,,,,,,,,,,,,,,,,,,,,,,,,,,,,,,,,,,,,,,,,,,,,checkpoint_10 TEST,run/sthelar40x_klt_5class_slideind_foldB_fullft_lr1e-5_e10_seed42/log/2026-08-19T181004_sthelar40x_klt_5class_slideind_foldB_fullft_lr1e-5_e10_seed42/inference_results.json,"Rows=true, columns=predicted; paired matches only."
klt_confusion,KLT,CellViT-SAM-H,FullFT,Liver,B,,,42,,Stromal,Stromal,7528,,,,,,,,,,,,,,,,,,,,,,,,,,,,,,,,,,,,,,,,,,,,,,,,,,,,,,,,checkpoint_10 TEST,run/sthelar40x_klt_5class_slideind_foldB_fullft_lr1e-5_e10_seed42/log/2026-08-19T181004_sthelar40x_klt_5class_slideind_foldB_fullft_lr1e-5_e10_seed42/inference_results.json,"Rows=true, columns=predicted; paired matches only."
klt_confusion,KLT,CellViT-SAM-H,FullFT,Liver,B,,,42,,Stromal,Epithelial,27515,,,,,,,,,,,,,,,,,,,,,,,,,,,,,,,,,,,,,,,,,,,,,,,,,,,,,,,,checkpoint_10 TEST,run/sthelar40x_klt_5class_slideind_foldB_fullft_lr1e-5_e10_seed42/log/2026-08-19T181004_sthelar40x_klt_5class_slideind_foldB_fullft_lr1e-5_e10_seed42/inference_results.json,"Rows=true, columns=predicted; paired matches only."
klt_confusion,KLT,CellViT-SAM-H,FullFT,Liver,B,,,42,,Stromal,Melanocyte,0,,,,,,,,,,,,,,,,,,,,,,,,,,,,,,,,,,,,,,,,,,,,,,,,,,,,,,,,checkpoint_10 TEST,run/sthelar40x_klt_5class_slideind_foldB_fullft_lr1e-5_e10_seed42/log/2026-08-19T181004_sthelar40x_klt_5class_slideind_foldB_fullft_lr1e-5_e10_seed42/inference_results.json,"Rows=true, columns=predicted; paired matches only."
klt_confusion,KLT,CellViT-SAM-H,FullFT,Liver,B,,,42,,Stromal,Other,441,,,,,,,,,,,,,,,,,,,,,,,,,,,,,,,,,,,,,,,,,,,,,,,,,,,,,,,,checkpoint_10 TEST,run/sthelar40x_klt_5class_slideind_foldB_fullft_lr1e-5_e10_seed42/log/2026-08-19T181004_sthelar40x_klt_5class_slideind_foldB_fullft_lr1e-5_e10_seed42/inference_results.json,"Rows=true, columns=predicted; paired matches only."
klt_confusion,KLT,CellViT-SAM-H,FullFT,Liver,B,,,42,,Epithelial,Background,34,,,,,,,,,,,,,,,,,,,,,,,,,,,,,,,,,,,,,,,,,,,,,,,,,,,,,,,,checkpoint_10 TEST,run/sthelar40x_klt_5class_slideind_foldB_fullft_lr1e-5_e10_seed42/log/2026-08-19T181004_sthelar40x_klt_5class_slideind_foldB_fullft_lr1e-5_e10_seed42/inference_results.json,"Rows=true, columns=predicted; paired matches only."
klt_confusion,KLT,CellViT-SAM-H,FullFT,Liver,B,,,42,,Epithelial,Immune,403,,,,,,,,,,,,,,,,,,,,,,,,,,,,,,,,,,,,,,,,,,,,,,,,,,,,,,,,checkpoint_10 TEST,run/sthelar40x_klt_5class_slideind_foldB_fullft_lr1e-5_e10_seed42/log/2026-08-19T181004_sthelar40x_klt_5class_slideind_foldB_fullft_lr1e-5_e10_seed42/inference_results.json,"Rows=true, columns=predicted; paired matches only."
klt_confusion,KLT,CellViT-SAM-H,FullFT,Liver,B,,,42,,Epithelial,Stromal,1937,,,,,,,,,,,,,,,,,,,,,,,,,,,,,,,,,,,,,,,,,,,,,,,,,,,,,,,,checkpoint_10 TEST,run/sthelar40x_klt_5class_slideind_foldB_fullft_lr1e-5_e10_seed42/log/2026-08-19T181004_sthelar40x_klt_5class_slideind_foldB_fullft_lr1e-5_e10_seed42/inference_results.json,"Rows=true, columns=predicted; paired matches only."
klt_confusion,KLT,CellViT-SAM-H,FullFT,Liver,B,,,42,,Epithelial,Epithelial,112052,,,,,,,,,,,,,,,,,,,,,,,,,,,,,,,,,,,,,,,,,,,,,,,,,,,,,,,,checkpoint_10 TEST,run/sthelar40x_klt_5class_slideind_foldB_fullft_lr1e-5_e10_seed42/log/2026-08-19T181004_sthelar40x_klt_5class_slideind_foldB_fullft_lr1e-5_e10_seed42/inference_results.json,"Rows=true, columns=predicted; paired matches only."
klt_confusion,KLT,CellViT-SAM-H,FullFT,Liver,B,,,42,,Epithelial,Melanocyte,0,,,,,,,,,,,,,,,,,,,,,,,,,,,,,,,,,,,,,,,,,,,,,,,,,,,,,,,,checkpoint_10 TEST,run/sthelar40x_klt_5class_slideind_foldB_fullft_lr1e-5_e10_seed42/log/2026-08-19T181004_sthelar40x_klt_5class_slideind_foldB_fullft_lr1e-5_e10_seed42/inference_results.json,"Rows=true, columns=predicted; paired matches only."
klt_confusion,KLT,CellViT-SAM-H,FullFT,Liver,B,,,42,,Epithelial,Other,116,,,,,,,,,,,,,,,,,,,,,,,,,,,,,,,,,,,,,,,,,,,,,,,,,,,,,,,,checkpoint_10 TEST,run/sthelar40x_klt_5class_slideind_foldB_fullft_lr1e-5_e10_seed42/log/2026-08-19T181004_sthelar40x_klt_5class_slideind_foldB_fullft_lr1e-5_e10_seed42/inference_results.json,"Rows=true, columns=predicted; paired matches only."
klt_confusion,KLT,CellViT-SAM-H,FullFT,Liver,B,,,42,,Melanocyte,Background,0,,,,,,,,,,,,,,,,,,,,,,,,,,,,,,,,,,,,,,,,,,,,,,,,,,,,,,,,checkpoint_10 TEST,run/sthelar40x_klt_5class_slideind_foldB_fullft_lr1e-5_e10_seed42/log/2026-08-19T181004_sthelar40x_klt_5class_slideind_foldB_fullft_lr1e-5_e10_seed42/inference_results.json,"Rows=true, columns=predicted; paired matches only."
klt_confusion,KLT,CellViT-SAM-H,FullFT,Liver,B,,,42,,Melanocyte,Immune,0,,,,,,,,,,,,,,,,,,,,,,,,,,,,,,,,,,,,,,,,,,,,,,,,,,,,,,,,checkpoint_10 TEST,run/sthelar40x_klt_5class_slideind_foldB_fullft_lr1e-5_e10_seed42/log/2026-08-19T181004_sthelar40x_klt_5class_slideind_foldB_fullft_lr1e-5_e10_seed42/inference_results.json,"Rows=true, columns=predicted; paired matches only."
klt_confusion,KLT,CellViT-SAM-H,FullFT,Liver,B,,,42,,Melanocyte,Stromal,0,,,,,,,,,,,,,,,,,,,,,,,,,,,,,,,,,,,,,,,,,,,,,,,,,,,,,,,,checkpoint_10 TEST,run/sthelar40x_klt_5class_slideind_foldB_fullft_lr1e-5_e10_seed42/log/2026-08-19T181004_sthelar40x_klt_5class_slideind_foldB_fullft_lr1e-5_e10_seed42/inference_results.json,"Rows=true, columns=predicted; paired matches only."
klt_confusion,KLT,CellViT-SAM-H,FullFT,Liver,B,,,42,,Melanocyte,Epithelial,0,,,,,,,,,,,,,,,,,,,,,,,,,,,,,,,,,,,,,,,,,,,,,,,,,,,,,,,,checkpoint_10 TEST,run/sthelar40x_klt_5class_slideind_foldB_fullft_lr1e-5_e10_seed42/log/2026-08-19T181004_sthelar40x_klt_5class_slideind_foldB_fullft_lr1e-5_e10_seed42/inference_results.json,"Rows=true, columns=predicted; paired matches only."
klt_confusion,KLT,CellViT-SAM-H,FullFT,Liver,B,,,42,,Melanocyte,Melanocyte,0,,,,,,,,,,,,,,,,,,,,,,,,,,,,,,,,,,,,,,,,,,,,,,,,,,,,,,,,checkpoint_10 TEST,run/sthelar40x_klt_5class_slideind_foldB_fullft_lr1e-5_e10_seed42/log/2026-08-19T181004_sthelar40x_klt_5class_slideind_foldB_fullft_lr1e-5_e10_seed42/inference_results.json,"Rows=true, columns=predicted; paired matches only."
klt_confusion,KLT,CellViT-SAM-H,FullFT,Liver,B,,,42,,Melanocyte,Other,0,,,,,,,,,,,,,,,,,,,,,,,,,,,,,,,,,,,,,,,,,,,,,,,,,,,,,,,,checkpoint_10 TEST,run/sthelar40x_klt_5class_slideind_foldB_fullft_lr1e-5_e10_seed42/log/2026-08-19T181004_sthelar40x_klt_5class_slideind_foldB_fullft_lr1e-5_e10_seed42/inference_results.json,"Rows=true, columns=predicted; paired matches only."
klt_confusion,KLT,CellViT-SAM-H,FullFT,Liver,B,,,42,,Other,Background,2,,,,,,,,,,,,,,,,,,,,,,,,,,,,,,,,,,,,,,,,,,,,,,,,,,,,,,,,checkpoint_10 TEST,run/sthelar40x_klt_5class_slideind_foldB_fullft_lr1e-5_e10_seed42/log/2026-08-19T181004_sthelar40x_klt_5class_slideind_foldB_fullft_lr1e-5_e10_seed42/inference_results.json,"Rows=true, columns=predicted; paired matches only."
klt_confusion,KLT,CellViT-SAM-H,FullFT,Liver,B,,,42,,Other,Immune,115,,,,,,,,,,,,,,,,,,,,,,,,,,,,,,,,,,,,,,,,,,,,,,,,,,,,,,,,checkpoint_10 TEST,run/sthelar40x_klt_5class_slideind_foldB_fullft_lr1e-5_e10_seed42/log/2026-08-19T181004_sthelar40x_klt_5class_slideind_foldB_fullft_lr1e-5_e10_seed42/inference_results.json,"Rows=true, columns=predicted; paired matches only."
klt_confusion,KLT,CellViT-SAM-H,FullFT,Liver,B,,,42,,Other,Stromal,178,,,,,,,,,,,,,,,,,,,,,,,,,,,,,,,,,,,,,,,,,,,,,,,,,,,,,,,,checkpoint_10 TEST,run/sthelar40x_klt_5class_slideind_foldB_fullft_lr1e-5_e10_seed42/log/2026-08-19T181004_sthelar40x_klt_5class_slideind_foldB_fullft_lr1e-5_e10_seed42/inference_results.json,"Rows=true, columns=predicted; paired matches only."
klt_confusion,KLT,CellViT-SAM-H,FullFT,Liver,B,,,42,,Other,Epithelial,586,,,,,,,,,,,,,,,,,,,,,,,,,,,,,,,,,,,,,,,,,,,,,,,,,,,,,,,,checkpoint_10 TEST,run/sthelar40x_klt_5class_slideind_foldB_fullft_lr1e-5_e10_seed42/log/2026-08-19T181004_sthelar40x_klt_5class_slideind_foldB_fullft_lr1e-5_e10_seed42/inference_results.json,"Rows=true, columns=predicted; paired matches only."
klt_confusion,KLT,CellViT-SAM-H,FullFT,Liver,B,,,42,,Other,Melanocyte,0,,,,,,,,,,,,,,,,,,,,,,,,,,,,,,,,,,,,,,,,,,,,,,,,,,,,,,,,checkpoint_10 TEST,run/sthelar40x_klt_5class_slideind_foldB_fullft_lr1e-5_e10_seed42/log/2026-08-19T181004_sthelar40x_klt_5class_slideind_foldB_fullft_lr1e-5_e10_seed42/inference_results.json,"Rows=true, columns=predicted; paired matches only."
klt_confusion,KLT,CellViT-SAM-H,FullFT,Liver,B,,,42,,Other,Other,412,,,,,,,,,,,,,,,,,,,,,,,,,,,,,,,,,,,,,,,,,,,,,,,,,,,,,,,,checkpoint_10 TEST,run/sthelar40x_klt_5class_slideind_foldB_fullft_lr1e-5_e10_seed42/log/2026-08-19T181004_sthelar40x_klt_5class_slideind_foldB_fullft_lr1e-5_e10_seed42/inference_results.json,"Rows=true, columns=predicted; paired matches only."
klt_seed_metric,KLT,CellViT-SAM-H,FullFT,Tonsil,B,,,42,,,,,9856,,,,,,,,,,,,,,,,,0.8358156921794826,0.7237050759100243,0.5710322794710634,0.2660861122046017,0.8490891662130395,0.5285625372936894,,,,,,,,,,,,,,,,,,,,,,,,,,,,,,,,,checkpoint_10 TEST,run/sthelar40x_klt_5class_slideind_foldB_fullft_lr1e-5_e10_seed42/log/2026-08-19T181004_sthelar40x_klt_5class_slideind_foldB_fullft_lr1e-5_e10_seed42/inference_results.json,
klt_per_class,KLT,CellViT-SAM-H,FullFT,Tonsil,B,,,42,Immune,,,,,,,,,,,,,,,,,,,,,,,,,,,,,,,,,,,,,,,,,,,,,0.8711510993676931,,,662878,795897,884714,0.8177780489180119,,,,,,,,checkpoint_10 TEST,run/sthelar40x_klt_5class_slideind_foldB_fullft_lr1e-5_e10_seed42/log/2026-08-19T181004_sthelar40x_klt_5class_slideind_foldB_fullft_lr1e-5_e10_seed42/inference_results.json,
klt_per_class,KLT,CellViT-SAM-H,FullFT,Tonsil,B,,,42,Stromal,,,,,,,,,,,,,,,,,,,,,,,,,,,,,,,,,,,,,,,,,,,,,0.4273989898989899,,,157503,191173,110165,0.10183010414558012,,,,,,,,checkpoint_10 TEST,run/sthelar40x_klt_5class_slideind_foldB_fullft_lr1e-5_e10_seed42/log/2026-08-19T181004_sthelar40x_klt_5class_slideind_foldB_fullft_lr1e-5_e10_seed42/inference_results.json,
klt_per_class,KLT,CellViT-SAM-H,FullFT,Tonsil,B,,,42,Epithelial,,,,,,,,,,,,,,,,,,,,,,,,,,,,,,,,,,,,,,,,,,,,,0.6948382627456995,,,115829,140492,83358,0.07705127600750936,,,,,,,,checkpoint_10 TEST,run/sthelar40x_klt_5class_slideind_foldB_fullft_lr1e-5_e10_seed42/log/2026-08-19T181004_sthelar40x_klt_5class_slideind_foldB_fullft_lr1e-5_e10_seed42/inference_results.json,
klt_per_class,KLT,CellViT-SAM-H,FullFT,Tonsil,B,,,42,Melanocyte,,,,,,,,,,,,,,,,,,,,,,,,,,,,,,,,,,,,,,,,,,,,,,,,0,0,0,0.0,,,,,,,,checkpoint_10 TEST,run/sthelar40x_klt_5class_slideind_foldB_fullft_lr1e-5_e10_seed42/log/2026-08-19T181004_sthelar40x_klt_5class_slideind_foldB_fullft_lr1e-5_e10_seed42/inference_results.json,
klt_per_class,KLT,CellViT-SAM-H,FullFT,Tonsil,B,,,42,Other,,,,,,,,,,,,,,,,,,,,,,,,,,,,,,,,,,,,,,,,,,,,,0.1208617971623752,,,6557,11132,3614,0.0033405709288987116,,,,,,,,checkpoint_10 TEST,run/sthelar40x_klt_5class_slideind_foldB_fullft_lr1e-5_e10_seed42/log/2026-08-19T181004_sthelar40x_klt_5class_slideind_foldB_fullft_lr1e-5_e10_seed42/inference_results.json,
klt_confusion,KLT,CellViT-SAM-H,FullFT,Tonsil,B,,,42,,Background,Background,7,,,,,,,,,,,,,,,,,,,,,,,,,,,,,,,,,,,,,,,,,,,,,,,,,,,,,,,,checkpoint_10 TEST,run/sthelar40x_klt_5class_slideind_foldB_fullft_lr1e-5_e10_seed42/log/2026-08-19T181004_sthelar40x_klt_5class_slideind_foldB_fullft_lr1e-5_e10_seed42/inference_results.json,"Rows=true, columns=predicted; paired matches only."
klt_confusion,KLT,CellViT-SAM-H,FullFT,Tonsil,B,,,42,,Background,Immune,0,,,,,,,,,,,,,,,,,,,,,,,,,,,,,,,,,,,,,,,,,,,,,,,,,,,,,,,,checkpoint_10 TEST,run/sthelar40x_klt_5class_slideind_foldB_fullft_lr1e-5_e10_seed42/log/2026-08-19T181004_sthelar40x_klt_5class_slideind_foldB_fullft_lr1e-5_e10_seed42/inference_results.json,"Rows=true, columns=predicted; paired matches only."
klt_confusion,KLT,CellViT-SAM-H,FullFT,Tonsil,B,,,42,,Background,Stromal,0,,,,,,,,,,,,,,,,,,,,,,,,,,,,,,,,,,,,,,,,,,,,,,,,,,,,,,,,checkpoint_10 TEST,run/sthelar40x_klt_5class_slideind_foldB_fullft_lr1e-5_e10_seed42/log/2026-08-19T181004_sthelar40x_klt_5class_slideind_foldB_fullft_lr1e-5_e10_seed42/inference_results.json,"Rows=true, columns=predicted; paired matches only."
klt_confusion,KLT,CellViT-SAM-H,FullFT,Tonsil,B,,,42,,Background,Epithelial,0,,,,,,,,,,,,,,,,,,,,,,,,,,,,,,,,,,,,,,,,,,,,,,,,,,,,,,,,checkpoint_10 TEST,run/sthelar40x_klt_5class_slideind_foldB_fullft_lr1e-5_e10_seed42/log/2026-08-19T181004_sthelar40x_klt_5class_slideind_foldB_fullft_lr1e-5_e10_seed42/inference_results.json,"Rows=true, columns=predicted; paired matches only."
klt_confusion,KLT,CellViT-SAM-H,FullFT,Tonsil,B,,,42,,Background,Melanocyte,0,,,,,,,,,,,,,,,,,,,,,,,,,,,,,,,,,,,,,,,,,,,,,,,,,,,,,,,,checkpoint_10 TEST,run/sthelar40x_klt_5class_slideind_foldB_fullft_lr1e-5_e10_seed42/log/2026-08-19T181004_sthelar40x_klt_5class_slideind_foldB_fullft_lr1e-5_e10_seed42/inference_results.json,"Rows=true, columns=predicted; paired matches only."
klt_confusion,KLT,CellViT-SAM-H,FullFT,Tonsil,B,,,42,,Background,Other,0,,,,,,,,,,,,,,,,,,,,,,,,,,,,,,,,,,,,,,,,,,,,,,,,,,,,,,,,checkpoint_10 TEST,run/sthelar40x_klt_5class_slideind_foldB_fullft_lr1e-5_e10_seed42/log/2026-08-19T181004_sthelar40x_klt_5class_slideind_foldB_fullft_lr1e-5_e10_seed42/inference_results.json,"Rows=true, columns=predicted; paired matches only."
klt_confusion,KLT,CellViT-SAM-H,FullFT,Tonsil,B,,,42,,Immune,Background,22,,,,,,,,,,,,,,,,,,,,,,,,,,,,,,,,,,,,,,,,,,,,,,,,,,,,,,,,checkpoint_10 TEST,run/sthelar40x_klt_5class_slideind_foldB_fullft_lr1e-5_e10_seed42/log/2026-08-19T181004_sthelar40x_klt_5class_slideind_foldB_fullft_lr1e-5_e10_seed42/inference_results.json,"Rows=true, columns=predicted; paired matches only."
klt_confusion,KLT,CellViT-SAM-H,FullFT,Tonsil,B,,,42,,Immune,Immune,625767,,,,,,,,,,,,,,,,,,,,,,,,,,,,,,,,,,,,,,,,,,,,,,,,,,,,,,,,checkpoint_10 TEST,run/sthelar40x_klt_5class_slideind_foldB_fullft_lr1e-5_e10_seed42/log/2026-08-19T181004_sthelar40x_klt_5class_slideind_foldB_fullft_lr1e-5_e10_seed42/inference_results.json,"Rows=true, columns=predicted; paired matches only."
klt_confusion,KLT,CellViT-SAM-H,FullFT,Tonsil,B,,,42,,Immune,Stromal,28854,,,,,,,,,,,,,,,,,,,,,,,,,,,,,,,,,,,,,,,,,,,,,,,,,,,,,,,,checkpoint_10 TEST,run/sthelar40x_klt_5class_slideind_foldB_fullft_lr1e-5_e10_seed42/log/2026-08-19T181004_sthelar40x_klt_5class_slideind_foldB_fullft_lr1e-5_e10_seed42/inference_results.json,"Rows=true, columns=predicted; paired matches only."
klt_confusion,KLT,CellViT-SAM-H,FullFT,Tonsil,B,,,42,,Immune,Epithelial,6943,,,,,,,,,,,,,,,,,,,,,,,,,,,,,,,,,,,,,,,,,,,,,,,,,,,,,,,,checkpoint_10 TEST,run/sthelar40x_klt_5class_slideind_foldB_fullft_lr1e-5_e10_seed42/log/2026-08-19T181004_sthelar40x_klt_5class_slideind_foldB_fullft_lr1e-5_e10_seed42/inference_results.json,"Rows=true, columns=predicted; paired matches only."
klt_confusion,KLT,CellViT-SAM-H,FullFT,Tonsil,B,,,42,,Immune,Melanocyte,0,,,,,,,,,,,,,,,,,,,,,,,,,,,,,,,,,,,,,,,,,,,,,,,,,,,,,,,,checkpoint_10 TEST,run/sthelar40x_klt_5class_slideind_foldB_fullft_lr1e-5_e10_seed42/log/2026-08-19T181004_sthelar40x_klt_5class_slideind_foldB_fullft_lr1e-5_e10_seed42/inference_results.json,"Rows=true, columns=predicted; paired matches only."
klt_confusion,KLT,CellViT-SAM-H,FullFT,Tonsil,B,,,42,,Immune,Other,1314,,,,,,,,,,,,,,,,,,,,,,,,,,,,,,,,,,,,,,,,,,,,,,,,,,,,,,,,checkpoint_10 TEST,run/sthelar40x_klt_5class_slideind_foldB_fullft_lr1e-5_e10_seed42/log/2026-08-19T181004_sthelar40x_klt_5class_slideind_foldB_fullft_lr1e-5_e10_seed42/inference_results.json,"Rows=true, columns=predicted; paired matches only."
klt_confusion,KLT,CellViT-SAM-H,FullFT,Tonsil,B,,,42,,Stromal,Background,6,,,,,,,,,,,,,,,,,,,,,,,,,,,,,,,,,,,,,,,,,,,,,,,,,,,,,,,,checkpoint_10 TEST,run/sthelar40x_klt_5class_slideind_foldB_fullft_lr1e-5_e10_seed42/log/2026-08-19T181004_sthelar40x_klt_5class_slideind_foldB_fullft_lr1e-5_e10_seed42/inference_results.json,"Rows=true, columns=predicted; paired matches only."
klt_confusion,KLT,CellViT-SAM-H,FullFT,Tonsil,B,,,42,,Stromal,Immune,103006,,,,,,,,,,,,,,,,,,,,,,,,,,,,,,,,,,,,,,,,,,,,,,,,,,,,,,,,checkpoint_10 TEST,run/sthelar40x_klt_5class_slideind_foldB_fullft_lr1e-5_e10_seed42/log/2026-08-19T181004_sthelar40x_klt_5class_slideind_foldB_fullft_lr1e-5_e10_seed42/inference_results.json,"Rows=true, columns=predicted; paired matches only."
klt_confusion,KLT,CellViT-SAM-H,FullFT,Tonsil,B,,,42,,Stromal,Stromal,53483,,,,,,,,,,,,,,,,,,,,,,,,,,,,,,,,,,,,,,,,,,,,,,,,,,,,,,,,checkpoint_10 TEST,run/sthelar40x_klt_5class_slideind_foldB_fullft_lr1e-5_e10_seed42/log/2026-08-19T181004_sthelar40x_klt_5class_slideind_foldB_fullft_lr1e-5_e10_seed42/inference_results.json,"Rows=true, columns=predicted; paired matches only."
klt_confusion,KLT,CellViT-SAM-H,FullFT,Tonsil,B,,,42,,Stromal,Epithelial,499,,,,,,,,,,,,,,,,,,,,,,,,,,,,,,,,,,,,,,,,,,,,,,,,,,,,,,,,checkpoint_10 TEST,run/sthelar40x_klt_5class_slideind_foldB_fullft_lr1e-5_e10_seed42/log/2026-08-19T181004_sthelar40x_klt_5class_slideind_foldB_fullft_lr1e-5_e10_seed42/inference_results.json,"Rows=true, columns=predicted; paired matches only."
klt_confusion,KLT,CellViT-SAM-H,FullFT,Tonsil,B,,,42,,Stromal,Melanocyte,0,,,,,,,,,,,,,,,,,,,,,,,,,,,,,,,,,,,,,,,,,,,,,,,,,,,,,,,,checkpoint_10 TEST,run/sthelar40x_klt_5class_slideind_foldB_fullft_lr1e-5_e10_seed42/log/2026-08-19T181004_sthelar40x_klt_5class_slideind_foldB_fullft_lr1e-5_e10_seed42/inference_results.json,"Rows=true, columns=predicted; paired matches only."
klt_confusion,KLT,CellViT-SAM-H,FullFT,Tonsil,B,,,42,,Stromal,Other,515,,,,,,,,,,,,,,,,,,,,,,,,,,,,,,,,,,,,,,,,,,,,,,,,,,,,,,,,checkpoint_10 TEST,run/sthelar40x_klt_5class_slideind_foldB_fullft_lr1e-5_e10_seed42/log/2026-08-19T181004_sthelar40x_klt_5class_slideind_foldB_fullft_lr1e-5_e10_seed42/inference_results.json,"Rows=true, columns=predicted; paired matches only."
klt_confusion,KLT,CellViT-SAM-H,FullFT,Tonsil,B,,,42,,Epithelial,Background,98,,,,,,,,,,,,,,,,,,,,,,,,,,,,,,,,,,,,,,,,,,,,,,,,,,,,,,,,checkpoint_10 TEST,run/sthelar40x_klt_5class_slideind_foldB_fullft_lr1e-5_e10_seed42/log/2026-08-19T181004_sthelar40x_klt_5class_slideind_foldB_fullft_lr1e-5_e10_seed42/inference_results.json,"Rows=true, columns=predicted; paired matches only."
klt_confusion,KLT,CellViT-SAM-H,FullFT,Tonsil,B,,,42,,Epithelial,Immune,40321,,,,,,,,,,,,,,,,,,,,,,,,,,,,,,,,,,,,,,,,,,,,,,,,,,,,,,,,checkpoint_10 TEST,run/sthelar40x_klt_5class_slideind_foldB_fullft_lr1e-5_e10_seed42/log/2026-08-19T181004_sthelar40x_klt_5class_slideind_foldB_fullft_lr1e-5_e10_seed42/inference_results.json,"Rows=true, columns=predicted; paired matches only."
klt_confusion,KLT,CellViT-SAM-H,FullFT,Tonsil,B,,,42,,Epithelial,Stromal,9256,,,,,,,,,,,,,,,,,,,,,,,,,,,,,,,,,,,,,,,,,,,,,,,,,,,,,,,,checkpoint_10 TEST,run/sthelar40x_klt_5class_slideind_foldB_fullft_lr1e-5_e10_seed42/log/2026-08-19T181004_sthelar40x_klt_5class_slideind_foldB_fullft_lr1e-5_e10_seed42/inference_results.json,"Rows=true, columns=predicted; paired matches only."
klt_confusion,KLT,CellViT-SAM-H,FullFT,Tonsil,B,,,42,,Epithelial,Epithelial,65698,,,,,,,,,,,,,,,,,,,,,,,,,,,,,,,,,,,,,,,,,,,,,,,,,,,,,,,,checkpoint_10 TEST,run/sthelar40x_klt_5class_slideind_foldB_fullft_lr1e-5_e10_seed42/log/2026-08-19T181004_sthelar40x_klt_5class_slideind_foldB_fullft_lr1e-5_e10_seed42/inference_results.json,"Rows=true, columns=predicted; paired matches only."
klt_confusion,KLT,CellViT-SAM-H,FullFT,Tonsil,B,,,42,,Epithelial,Melanocyte,0,,,,,,,,,,,,,,,,,,,,,,,,,,,,,,,,,,,,,,,,,,,,,,,,,,,,,,,,checkpoint_10 TEST,run/sthelar40x_klt_5class_slideind_foldB_fullft_lr1e-5_e10_seed42/log/2026-08-19T181004_sthelar40x_klt_5class_slideind_foldB_fullft_lr1e-5_e10_seed42/inference_results.json,"Rows=true, columns=predicted; paired matches only."
klt_confusion,KLT,CellViT-SAM-H,FullFT,Tonsil,B,,,42,,Epithelial,Other,554,,,,,,,,,,,,,,,,,,,,,,,,,,,,,,,,,,,,,,,,,,,,,,,,,,,,,,,,checkpoint_10 TEST,run/sthelar40x_klt_5class_slideind_foldB_fullft_lr1e-5_e10_seed42/log/2026-08-19T181004_sthelar40x_klt_5class_slideind_foldB_fullft_lr1e-5_e10_seed42/inference_results.json,"Rows=true, columns=predicted; paired matches only."
klt_confusion,KLT,CellViT-SAM-H,FullFT,Tonsil,B,,,42,,Melanocyte,Background,0,,,,,,,,,,,,,,,,,,,,,,,,,,,,,,,,,,,,,,,,,,,,,,,,,,,,,,,,checkpoint_10 TEST,run/sthelar40x_klt_5class_slideind_foldB_fullft_lr1e-5_e10_seed42/log/2026-08-19T181004_sthelar40x_klt_5class_slideind_foldB_fullft_lr1e-5_e10_seed42/inference_results.json,"Rows=true, columns=predicted; paired matches only."
klt_confusion,KLT,CellViT-SAM-H,FullFT,Tonsil,B,,,42,,Melanocyte,Immune,0,,,,,,,,,,,,,,,,,,,,,,,,,,,,,,,,,,,,,,,,,,,,,,,,,,,,,,,,checkpoint_10 TEST,run/sthelar40x_klt_5class_slideind_foldB_fullft_lr1e-5_e10_seed42/log/2026-08-19T181004_sthelar40x_klt_5class_slideind_foldB_fullft_lr1e-5_e10_seed42/inference_results.json,"Rows=true, columns=predicted; paired matches only."
klt_confusion,KLT,CellViT-SAM-H,FullFT,Tonsil,B,,,42,,Melanocyte,Stromal,0,,,,,,,,,,,,,,,,,,,,,,,,,,,,,,,,,,,,,,,,,,,,,,,,,,,,,,,,checkpoint_10 TEST,run/sthelar40x_klt_5class_slideind_foldB_fullft_lr1e-5_e10_seed42/log/2026-08-19T181004_sthelar40x_klt_5class_slideind_foldB_fullft_lr1e-5_e10_seed42/inference_results.json,"Rows=true, columns=predicted; paired matches only."
klt_confusion,KLT,CellViT-SAM-H,FullFT,Tonsil,B,,,42,,Melanocyte,Epithelial,0,,,,,,,,,,,,,,,,,,,,,,,,,,,,,,,,,,,,,,,,,,,,,,,,,,,,,,,,checkpoint_10 TEST,run/sthelar40x_klt_5class_slideind_foldB_fullft_lr1e-5_e10_seed42/log/2026-08-19T181004_sthelar40x_klt_5class_slideind_foldB_fullft_lr1e-5_e10_seed42/inference_results.json,"Rows=true, columns=predicted; paired matches only."
klt_confusion,KLT,CellViT-SAM-H,FullFT,Tonsil,B,,,42,,Melanocyte,Melanocyte,0,,,,,,,,,,,,,,,,,,,,,,,,,,,,,,,,,,,,,,,,,,,,,,,,,,,,,,,,checkpoint_10 TEST,run/sthelar40x_klt_5class_slideind_foldB_fullft_lr1e-5_e10_seed42/log/2026-08-19T181004_sthelar40x_klt_5class_slideind_foldB_fullft_lr1e-5_e10_seed42/inference_results.json,"Rows=true, columns=predicted; paired matches only."
klt_confusion,KLT,CellViT-SAM-H,FullFT,Tonsil,B,,,42,,Melanocyte,Other,0,,,,,,,,,,,,,,,,,,,,,,,,,,,,,,,,,,,,,,,,,,,,,,,,,,,,,,,,checkpoint_10 TEST,run/sthelar40x_klt_5class_slideind_foldB_fullft_lr1e-5_e10_seed42/log/2026-08-19T181004_sthelar40x_klt_5class_slideind_foldB_fullft_lr1e-5_e10_seed42/inference_results.json,"Rows=true, columns=predicted; paired matches only."
klt_confusion,KLT,CellViT-SAM-H,FullFT,Tonsil,B,,,42,,Other,Background,8,,,,,,,,,,,,,,,,,,,,,,,,,,,,,,,,,,,,,,,,,,,,,,,,,,,,,,,,checkpoint_10 TEST,run/sthelar40x_klt_5class_slideind_foldB_fullft_lr1e-5_e10_seed42/log/2026-08-19T181004_sthelar40x_klt_5class_slideind_foldB_fullft_lr1e-5_e10_seed42/inference_results.json,"Rows=true, columns=predicted; paired matches only."
klt_confusion,KLT,CellViT-SAM-H,FullFT,Tonsil,B,,,42,,Other,Immune,4672,,,,,,,,,,,,,,,,,,,,,,,,,,,,,,,,,,,,,,,,,,,,,,,,,,,,,,,,checkpoint_10 TEST,run/sthelar40x_klt_5class_slideind_foldB_fullft_lr1e-5_e10_seed42/log/2026-08-19T181004_sthelar40x_klt_5class_slideind_foldB_fullft_lr1e-5_e10_seed42/inference_results.json,"Rows=true, columns=predicted; paired matches only."
klt_confusion,KLT,CellViT-SAM-H,FullFT,Tonsil,B,,,42,,Other,Stromal,1176,,,,,,,,,,,,,,,,,,,,,,,,,,,,,,,,,,,,,,,,,,,,,,,,,,,,,,,,checkpoint_10 TEST,run/sthelar40x_klt_5class_slideind_foldB_fullft_lr1e-5_e10_seed42/log/2026-08-19T181004_sthelar40x_klt_5class_slideind_foldB_fullft_lr1e-5_e10_seed42/inference_results.json,"Rows=true, columns=predicted; paired matches only."
klt_confusion,KLT,CellViT-SAM-H,FullFT,Tonsil,B,,,42,,Other,Epithelial,134,,,,,,,,,,,,,,,,,,,,,,,,,,,,,,,,,,,,,,,,,,,,,,,,,,,,,,,,checkpoint_10 TEST,run/sthelar40x_klt_5class_slideind_foldB_fullft_lr1e-5_e10_seed42/log/2026-08-19T181004_sthelar40x_klt_5class_slideind_foldB_fullft_lr1e-5_e10_seed42/inference_results.json,"Rows=true, columns=predicted; paired matches only."
klt_confusion,KLT,CellViT-SAM-H,FullFT,Tonsil,B,,,42,,Other,Melanocyte,0,,,,,,,,,,,,,,,,,,,,,,,,,,,,,,,,,,,,,,,,,,,,,,,,,,,,,,,,checkpoint_10 TEST,run/sthelar40x_klt_5class_slideind_foldB_fullft_lr1e-5_e10_seed42/log/2026-08-19T181004_sthelar40x_klt_5class_slideind_foldB_fullft_lr1e-5_e10_seed42/inference_results.json,"Rows=true, columns=predicted; paired matches only."
klt_confusion,KLT,CellViT-SAM-H,FullFT,Tonsil,B,,,42,,Other,Other,575,,,,,,,,,,,,,,,,,,,,,,,,,,,,,,,,,,,,,,,,,,,,,,,,,,,,,,,,checkpoint_10 TEST,run/sthelar40x_klt_5class_slideind_foldB_fullft_lr1e-5_e10_seed42/log/2026-08-19T181004_sthelar40x_klt_5class_slideind_foldB_fullft_lr1e-5_e10_seed42/inference_results.json,"Rows=true, columns=predicted; paired matches only."
klt_seed_metric,KLT,CellViT-SAM-H,FullFT,Pooled KLT,B,,,42,,,,,26335,,,,,,,,,,,,,,,,,0.8385955567078696,0.7337988495726419,0.6057677353083719,0.22749216583349272,0.8622062797851348,0.5380824595566482,,,,,,,,,,,,,,,,,,,,,,,,,,,,,,,,,checkpoint_10 TEST,run/sthelar40x_klt_5class_slideind_foldB_fullft_lr1e-5_e10_seed42/log/2026-08-19T181004_sthelar40x_klt_5class_slideind_foldB_fullft_lr1e-5_e10_seed42/inference_results.json,
klt_per_class,KLT,CellViT-SAM-H,FullFT,Pooled KLT,B,,,42,Immune,,,,,,,,,,,,,,,,,,,,,,,,,,,,,,,,,,,,,,,,,,,,,0.8312734420969932,,,722057,866290,911154,0.62466038546892,,,,,,,,checkpoint_10 TEST,run/sthelar40x_klt_5class_slideind_foldB_fullft_lr1e-5_e10_seed42/log/2026-08-19T181004_sthelar40x_klt_5class_slideind_foldB_fullft_lr1e-5_e10_seed42/inference_results.json,
klt_per_class,KLT,CellViT-SAM-H,FullFT,Pooled KLT,B,,,42,Stromal,,,,,,,,,,,,,,,,,,,,,,,,,,,,,,,,,,,,,,,,,,,,,0.4318076322402585,,,240352,292631,221813,0.1520684693059763,,,,,,,,checkpoint_10 TEST,run/sthelar40x_klt_5class_slideind_foldB_fullft_lr1e-5_e10_seed42/log/2026-08-19T181004_sthelar40x_klt_5class_slideind_foldB_fullft_lr1e-5_e10_seed42/inference_results.json,
klt_per_class,KLT,CellViT-SAM-H,FullFT,Pooled KLT,B,,,42,Epithelial,,,,,,,,,,,,,,,,,,,,,,,,,,,,,,,,,,,,,,,,,,,,,0.6983787273534278,,,324208,377366,313674,0.21504566928486074,,,,,,,,checkpoint_10 TEST,run/sthelar40x_klt_5class_slideind_foldB_fullft_lr1e-5_e10_seed42/log/2026-08-19T181004_sthelar40x_klt_5class_slideind_foldB_fullft_lr1e-5_e10_seed42/inference_results.json,
klt_per_class,KLT,CellViT-SAM-H,FullFT,Pooled KLT,B,,,42,Melanocyte,,,,,,,,,,,,,,,,,,,,,,,,,,,,,,,,,,,,,,,,,,,,,,,,0,0,0,0.0,,,,,,,,checkpoint_10 TEST,run/sthelar40x_klt_5class_slideind_foldB_fullft_lr1e-5_e10_seed42/log/2026-08-19T181004_sthelar40x_klt_5class_slideind_foldB_fullft_lr1e-5_e10_seed42/inference_results.json,
klt_per_class,KLT,CellViT-SAM-H,FullFT,Pooled KLT,B,,,42,Other,,,,,,,,,,,,,,,,,,,,,,,,,,,,,,,,,,,,,,,,,,,,,0.1908700365359136,,,14806,23615,11998,0.008225475940242925,,,,,,,,checkpoint_10 TEST,run/sthelar40x_klt_5class_slideind_foldB_fullft_lr1e-5_e10_seed42/log/2026-08-19T181004_sthelar40x_klt_5class_slideind_foldB_fullft_lr1e-5_e10_seed42/inference_results.json,
klt_confusion,KLT,CellViT-SAM-H,FullFT,Pooled KLT,B,,,42,,Background,Background,13,,,,,,,,,,,,,,,,,,,,,,,,,,,,,,,,,,,,,,,,,,,,,,,,,,,,,,,,checkpoint_10 TEST,run/sthelar40x_klt_5class_slideind_foldB_fullft_lr1e-5_e10_seed42/log/2026-08-19T181004_sthelar40x_klt_5class_slideind_foldB_fullft_lr1e-5_e10_seed42/inference_results.json,"Rows=true, columns=predicted; paired matches only."
klt_confusion,KLT,CellViT-SAM-H,FullFT,Pooled KLT,B,,,42,,Background,Immune,0,,,,,,,,,,,,,,,,,,,,,,,,,,,,,,,,,,,,,,,,,,,,,,,,,,,,,,,,checkpoint_10 TEST,run/sthelar40x_klt_5class_slideind_foldB_fullft_lr1e-5_e10_seed42/log/2026-08-19T181004_sthelar40x_klt_5class_slideind_foldB_fullft_lr1e-5_e10_seed42/inference_results.json,"Rows=true, columns=predicted; paired matches only."
klt_confusion,KLT,CellViT-SAM-H,FullFT,Pooled KLT,B,,,42,,Background,Stromal,0,,,,,,,,,,,,,,,,,,,,,,,,,,,,,,,,,,,,,,,,,,,,,,,,,,,,,,,,checkpoint_10 TEST,run/sthelar40x_klt_5class_slideind_foldB_fullft_lr1e-5_e10_seed42/log/2026-08-19T181004_sthelar40x_klt_5class_slideind_foldB_fullft_lr1e-5_e10_seed42/inference_results.json,"Rows=true, columns=predicted; paired matches only."
klt_confusion,KLT,CellViT-SAM-H,FullFT,Pooled KLT,B,,,42,,Background,Epithelial,0,,,,,,,,,,,,,,,,,,,,,,,,,,,,,,,,,,,,,,,,,,,,,,,,,,,,,,,,checkpoint_10 TEST,run/sthelar40x_klt_5class_slideind_foldB_fullft_lr1e-5_e10_seed42/log/2026-08-19T181004_sthelar40x_klt_5class_slideind_foldB_fullft_lr1e-5_e10_seed42/inference_results.json,"Rows=true, columns=predicted; paired matches only."
klt_confusion,KLT,CellViT-SAM-H,FullFT,Pooled KLT,B,,,42,,Background,Melanocyte,0,,,,,,,,,,,,,,,,,,,,,,,,,,,,,,,,,,,,,,,,,,,,,,,,,,,,,,,,checkpoint_10 TEST,run/sthelar40x_klt_5class_slideind_foldB_fullft_lr1e-5_e10_seed42/log/2026-08-19T181004_sthelar40x_klt_5class_slideind_foldB_fullft_lr1e-5_e10_seed42/inference_results.json,"Rows=true, columns=predicted; paired matches only."
klt_confusion,KLT,CellViT-SAM-H,FullFT,Pooled KLT,B,,,42,,Background,Other,0,,,,,,,,,,,,,,,,,,,,,,,,,,,,,,,,,,,,,,,,,,,,,,,,,,,,,,,,checkpoint_10 TEST,run/sthelar40x_klt_5class_slideind_foldB_fullft_lr1e-5_e10_seed42/log/2026-08-19T181004_sthelar40x_klt_5class_slideind_foldB_fullft_lr1e-5_e10_seed42/inference_results.json,"Rows=true, columns=predicted; paired matches only."
klt_confusion,KLT,CellViT-SAM-H,FullFT,Pooled KLT,B,,,42,,Immune,Background,51,,,,,,,,,,,,,,,,,,,,,,,,,,,,,,,,,,,,,,,,,,,,,,,,,,,,,,,,checkpoint_10 TEST,run/sthelar40x_klt_5class_slideind_foldB_fullft_lr1e-5_e10_seed42/log/2026-08-19T181004_sthelar40x_klt_5class_slideind_foldB_fullft_lr1e-5_e10_seed42/inference_results.json,"Rows=true, columns=predicted; paired matches only."
klt_confusion,KLT,CellViT-SAM-H,FullFT,Pooled KLT,B,,,42,,Immune,Immune,632198,,,,,,,,,,,,,,,,,,,,,,,,,,,,,,,,,,,,,,,,,,,,,,,,,,,,,,,,checkpoint_10 TEST,run/sthelar40x_klt_5class_slideind_foldB_fullft_lr1e-5_e10_seed42/log/2026-08-19T181004_sthelar40x_klt_5class_slideind_foldB_fullft_lr1e-5_e10_seed42/inference_results.json,"Rows=true, columns=predicted; paired matches only."
klt_confusion,KLT,CellViT-SAM-H,FullFT,Pooled KLT,B,,,42,,Immune,Stromal,39576,,,,,,,,,,,,,,,,,,,,,,,,,,,,,,,,,,,,,,,,,,,,,,,,,,,,,,,,checkpoint_10 TEST,run/sthelar40x_klt_5class_slideind_foldB_fullft_lr1e-5_e10_seed42/log/2026-08-19T181004_sthelar40x_klt_5class_slideind_foldB_fullft_lr1e-5_e10_seed42/inference_results.json,"Rows=true, columns=predicted; paired matches only."
klt_confusion,KLT,CellViT-SAM-H,FullFT,Pooled KLT,B,,,42,,Immune,Epithelial,46696,,,,,,,,,,,,,,,,,,,,,,,,,,,,,,,,,,,,,,,,,,,,,,,,,,,,,,,,checkpoint_10 TEST,run/sthelar40x_klt_5class_slideind_foldB_fullft_lr1e-5_e10_seed42/log/2026-08-19T181004_sthelar40x_klt_5class_slideind_foldB_fullft_lr1e-5_e10_seed42/inference_results.json,"Rows=true, columns=predicted; paired matches only."
klt_confusion,KLT,CellViT-SAM-H,FullFT,Pooled KLT,B,,,42,,Immune,Melanocyte,0,,,,,,,,,,,,,,,,,,,,,,,,,,,,,,,,,,,,,,,,,,,,,,,,,,,,,,,,checkpoint_10 TEST,run/sthelar40x_klt_5class_slideind_foldB_fullft_lr1e-5_e10_seed42/log/2026-08-19T181004_sthelar40x_klt_5class_slideind_foldB_fullft_lr1e-5_e10_seed42/inference_results.json,"Rows=true, columns=predicted; paired matches only."
klt_confusion,KLT,CellViT-SAM-H,FullFT,Pooled KLT,B,,,42,,Immune,Other,3587,,,,,,,,,,,,,,,,,,,,,,,,,,,,,,,,,,,,,,,,,,,,,,,,,,,,,,,,checkpoint_10 TEST,run/sthelar40x_klt_5class_slideind_foldB_fullft_lr1e-5_e10_seed42/log/2026-08-19T181004_sthelar40x_klt_5class_slideind_foldB_fullft_lr1e-5_e10_seed42/inference_results.json,"Rows=true, columns=predicted; paired matches only."
klt_confusion,KLT,CellViT-SAM-H,FullFT,Pooled KLT,B,,,42,,Stromal,Background,68,,,,,,,,,,,,,,,,,,,,,,,,,,,,,,,,,,,,,,,,,,,,,,,,,,,,,,,,checkpoint_10 TEST,run/sthelar40x_klt_5class_slideind_foldB_fullft_lr1e-5_e10_seed42/log/2026-08-19T181004_sthelar40x_klt_5class_slideind_foldB_fullft_lr1e-5_e10_seed42/inference_results.json,"Rows=true, columns=predicted; paired matches only."
klt_confusion,KLT,CellViT-SAM-H,FullFT,Pooled KLT,B,,,42,,Stromal,Immune,112291,,,,,,,,,,,,,,,,,,,,,,,,,,,,,,,,,,,,,,,,,,,,,,,,,,,,,,,,checkpoint_10 TEST,run/sthelar40x_klt_5class_slideind_foldB_fullft_lr1e-5_e10_seed42/log/2026-08-19T181004_sthelar40x_klt_5class_slideind_foldB_fullft_lr1e-5_e10_seed42/inference_results.json,"Rows=true, columns=predicted; paired matches only."
klt_confusion,KLT,CellViT-SAM-H,FullFT,Pooled KLT,B,,,42,,Stromal,Stromal,94421,,,,,,,,,,,,,,,,,,,,,,,,,,,,,,,,,,,,,,,,,,,,,,,,,,,,,,,,checkpoint_10 TEST,run/sthelar40x_klt_5class_slideind_foldB_fullft_lr1e-5_e10_seed42/log/2026-08-19T181004_sthelar40x_klt_5class_slideind_foldB_fullft_lr1e-5_e10_seed42/inference_results.json,"Rows=true, columns=predicted; paired matches only."
klt_confusion,KLT,CellViT-SAM-H,FullFT,Pooled KLT,B,,,42,,Stromal,Epithelial,30931,,,,,,,,,,,,,,,,,,,,,,,,,,,,,,,,,,,,,,,,,,,,,,,,,,,,,,,,checkpoint_10 TEST,run/sthelar40x_klt_5class_slideind_foldB_fullft_lr1e-5_e10_seed42/log/2026-08-19T181004_sthelar40x_klt_5class_slideind_foldB_fullft_lr1e-5_e10_seed42/inference_results.json,"Rows=true, columns=predicted; paired matches only."
klt_confusion,KLT,CellViT-SAM-H,FullFT,Pooled KLT,B,,,42,,Stromal,Melanocyte,0,,,,,,,,,,,,,,,,,,,,,,,,,,,,,,,,,,,,,,,,,,,,,,,,,,,,,,,,checkpoint_10 TEST,run/sthelar40x_klt_5class_slideind_foldB_fullft_lr1e-5_e10_seed42/log/2026-08-19T181004_sthelar40x_klt_5class_slideind_foldB_fullft_lr1e-5_e10_seed42/inference_results.json,"Rows=true, columns=predicted; paired matches only."
klt_confusion,KLT,CellViT-SAM-H,FullFT,Pooled KLT,B,,,42,,Stromal,Other,2709,,,,,,,,,,,,,,,,,,,,,,,,,,,,,,,,,,,,,,,,,,,,,,,,,,,,,,,,checkpoint_10 TEST,run/sthelar40x_klt_5class_slideind_foldB_fullft_lr1e-5_e10_seed42/log/2026-08-19T181004_sthelar40x_klt_5class_slideind_foldB_fullft_lr1e-5_e10_seed42/inference_results.json,"Rows=true, columns=predicted; paired matches only."
klt_confusion,KLT,CellViT-SAM-H,FullFT,Pooled KLT,B,,,42,,Epithelial,Background,249,,,,,,,,,,,,,,,,,,,,,,,,,,,,,,,,,,,,,,,,,,,,,,,,,,,,,,,,checkpoint_10 TEST,run/sthelar40x_klt_5class_slideind_foldB_fullft_lr1e-5_e10_seed42/log/2026-08-19T181004_sthelar40x_klt_5class_slideind_foldB_fullft_lr1e-5_e10_seed42/inference_results.json,"Rows=true, columns=predicted; paired matches only."
klt_confusion,KLT,CellViT-SAM-H,FullFT,Pooled KLT,B,,,42,,Epithelial,Immune,48888,,,,,,,,,,,,,,,,,,,,,,,,,,,,,,,,,,,,,,,,,,,,,,,,,,,,,,,,checkpoint_10 TEST,run/sthelar40x_klt_5class_slideind_foldB_fullft_lr1e-5_e10_seed42/log/2026-08-19T181004_sthelar40x_klt_5class_slideind_foldB_fullft_lr1e-5_e10_seed42/inference_results.json,"Rows=true, columns=predicted; paired matches only."
klt_confusion,KLT,CellViT-SAM-H,FullFT,Pooled KLT,B,,,42,,Epithelial,Stromal,57543,,,,,,,,,,,,,,,,,,,,,,,,,,,,,,,,,,,,,,,,,,,,,,,,,,,,,,,,checkpoint_10 TEST,run/sthelar40x_klt_5class_slideind_foldB_fullft_lr1e-5_e10_seed42/log/2026-08-19T181004_sthelar40x_klt_5class_slideind_foldB_fullft_lr1e-5_e10_seed42/inference_results.json,"Rows=true, columns=predicted; paired matches only."
klt_confusion,KLT,CellViT-SAM-H,FullFT,Pooled KLT,B,,,42,,Epithelial,Epithelial,216349,,,,,,,,,,,,,,,,,,,,,,,,,,,,,,,,,,,,,,,,,,,,,,,,,,,,,,,,checkpoint_10 TEST,run/sthelar40x_klt_5class_slideind_foldB_fullft_lr1e-5_e10_seed42/log/2026-08-19T181004_sthelar40x_klt_5class_slideind_foldB_fullft_lr1e-5_e10_seed42/inference_results.json,"Rows=true, columns=predicted; paired matches only."
klt_confusion,KLT,CellViT-SAM-H,FullFT,Pooled KLT,B,,,42,,Epithelial,Melanocyte,0,,,,,,,,,,,,,,,,,,,,,,,,,,,,,,,,,,,,,,,,,,,,,,,,,,,,,,,,checkpoint_10 TEST,run/sthelar40x_klt_5class_slideind_foldB_fullft_lr1e-5_e10_seed42/log/2026-08-19T181004_sthelar40x_klt_5class_slideind_foldB_fullft_lr1e-5_e10_seed42/inference_results.json,"Rows=true, columns=predicted; paired matches only."
klt_confusion,KLT,CellViT-SAM-H,FullFT,Pooled KLT,B,,,42,,Epithelial,Other,1428,,,,,,,,,,,,,,,,,,,,,,,,,,,,,,,,,,,,,,,,,,,,,,,,,,,,,,,,checkpoint_10 TEST,run/sthelar40x_klt_5class_slideind_foldB_fullft_lr1e-5_e10_seed42/log/2026-08-19T181004_sthelar40x_klt_5class_slideind_foldB_fullft_lr1e-5_e10_seed42/inference_results.json,"Rows=true, columns=predicted; paired matches only."
klt_confusion,KLT,CellViT-SAM-H,FullFT,Pooled KLT,B,,,42,,Melanocyte,Background,0,,,,,,,,,,,,,,,,,,,,,,,,,,,,,,,,,,,,,,,,,,,,,,,,,,,,,,,,checkpoint_10 TEST,run/sthelar40x_klt_5class_slideind_foldB_fullft_lr1e-5_e10_seed42/log/2026-08-19T181004_sthelar40x_klt_5class_slideind_foldB_fullft_lr1e-5_e10_seed42/inference_results.json,"Rows=true, columns=predicted; paired matches only."
klt_confusion,KLT,CellViT-SAM-H,FullFT,Pooled KLT,B,,,42,,Melanocyte,Immune,0,,,,,,,,,,,,,,,,,,,,,,,,,,,,,,,,,,,,,,,,,,,,,,,,,,,,,,,,checkpoint_10 TEST,run/sthelar40x_klt_5class_slideind_foldB_fullft_lr1e-5_e10_seed42/log/2026-08-19T181004_sthelar40x_klt_5class_slideind_foldB_fullft_lr1e-5_e10_seed42/inference_results.json,"Rows=true, columns=predicted; paired matches only."
klt_confusion,KLT,CellViT-SAM-H,FullFT,Pooled KLT,B,,,42,,Melanocyte,Stromal,0,,,,,,,,,,,,,,,,,,,,,,,,,,,,,,,,,,,,,,,,,,,,,,,,,,,,,,,,checkpoint_10 TEST,run/sthelar40x_klt_5class_slideind_foldB_fullft_lr1e-5_e10_seed42/log/2026-08-19T181004_sthelar40x_klt_5class_slideind_foldB_fullft_lr1e-5_e10_seed42/inference_results.json,"Rows=true, columns=predicted; paired matches only."
klt_confusion,KLT,CellViT-SAM-H,FullFT,Pooled KLT,B,,,42,,Melanocyte,Epithelial,0,,,,,,,,,,,,,,,,,,,,,,,,,,,,,,,,,,,,,,,,,,,,,,,,,,,,,,,,checkpoint_10 TEST,run/sthelar40x_klt_5class_slideind_foldB_fullft_lr1e-5_e10_seed42/log/2026-08-19T181004_sthelar40x_klt_5class_slideind_foldB_fullft_lr1e-5_e10_seed42/inference_results.json,"Rows=true, columns=predicted; paired matches only."
klt_confusion,KLT,CellViT-SAM-H,FullFT,Pooled KLT,B,,,42,,Melanocyte,Melanocyte,0,,,,,,,,,,,,,,,,,,,,,,,,,,,,,,,,,,,,,,,,,,,,,,,,,,,,,,,,checkpoint_10 TEST,run/sthelar40x_klt_5class_slideind_foldB_fullft_lr1e-5_e10_seed42/log/2026-08-19T181004_sthelar40x_klt_5class_slideind_foldB_fullft_lr1e-5_e10_seed42/inference_results.json,"Rows=true, columns=predicted; paired matches only."
klt_confusion,KLT,CellViT-SAM-H,FullFT,Pooled KLT,B,,,42,,Melanocyte,Other,0,,,,,,,,,,,,,,,,,,,,,,,,,,,,,,,,,,,,,,,,,,,,,,,,,,,,,,,,checkpoint_10 TEST,run/sthelar40x_klt_5class_slideind_foldB_fullft_lr1e-5_e10_seed42/log/2026-08-19T181004_sthelar40x_klt_5class_slideind_foldB_fullft_lr1e-5_e10_seed42/inference_results.json,"Rows=true, columns=predicted; paired matches only."
klt_confusion,KLT,CellViT-SAM-H,FullFT,Pooled KLT,B,,,42,,Other,Background,21,,,,,,,,,,,,,,,,,,,,,,,,,,,,,,,,,,,,,,,,,,,,,,,,,,,,,,,,checkpoint_10 TEST,run/sthelar40x_klt_5class_slideind_foldB_fullft_lr1e-5_e10_seed42/log/2026-08-19T181004_sthelar40x_klt_5class_slideind_foldB_fullft_lr1e-5_e10_seed42/inference_results.json,"Rows=true, columns=predicted; paired matches only."
klt_confusion,KLT,CellViT-SAM-H,FullFT,Pooled KLT,B,,,42,,Other,Immune,5601,,,,,,,,,,,,,,,,,,,,,,,,,,,,,,,,,,,,,,,,,,,,,,,,,,,,,,,,checkpoint_10 TEST,run/sthelar40x_klt_5class_slideind_foldB_fullft_lr1e-5_e10_seed42/log/2026-08-19T181004_sthelar40x_klt_5class_slideind_foldB_fullft_lr1e-5_e10_seed42/inference_results.json,"Rows=true, columns=predicted; paired matches only."
klt_confusion,KLT,CellViT-SAM-H,FullFT,Pooled KLT,B,,,42,,Other,Stromal,5437,,,,,,,,,,,,,,,,,,,,,,,,,,,,,,,,,,,,,,,,,,,,,,,,,,,,,,,,checkpoint_10 TEST,run/sthelar40x_klt_5class_slideind_foldB_fullft_lr1e-5_e10_seed42/log/2026-08-19T181004_sthelar40x_klt_5class_slideind_foldB_fullft_lr1e-5_e10_seed42/inference_results.json,"Rows=true, columns=predicted; paired matches only."
klt_confusion,KLT,CellViT-SAM-H,FullFT,Pooled KLT,B,,,42,,Other,Epithelial,1391,,,,,,,,,,,,,,,,,,,,,,,,,,,,,,,,,,,,,,,,,,,,,,,,,,,,,,,,checkpoint_10 TEST,run/sthelar40x_klt_5class_slideind_foldB_fullft_lr1e-5_e10_seed42/log/2026-08-19T181004_sthelar40x_klt_5class_slideind_foldB_fullft_lr1e-5_e10_seed42/inference_results.json,"Rows=true, columns=predicted; paired matches only."
klt_confusion,KLT,CellViT-SAM-H,FullFT,Pooled KLT,B,,,42,,Other,Melanocyte,0,,,,,,,,,,,,,,,,,,,,,,,,,,,,,,,,,,,,,,,,,,,,,,,,,,,,,,,,checkpoint_10 TEST,run/sthelar40x_klt_5class_slideind_foldB_fullft_lr1e-5_e10_seed42/log/2026-08-19T181004_sthelar40x_klt_5class_slideind_foldB_fullft_lr1e-5_e10_seed42/inference_results.json,"Rows=true, columns=predicted; paired matches only."
klt_confusion,KLT,CellViT-SAM-H,FullFT,Pooled KLT,B,,,42,,Other,Other,2377,,,,,,,,,,,,,,,,,,,,,,,,,,,,,,,,,,,,,,,,,,,,,,,,,,,,,,,,checkpoint_10 TEST,run/sthelar40x_klt_5class_slideind_foldB_fullft_lr1e-5_e10_seed42/log/2026-08-19T181004_sthelar40x_klt_5class_slideind_foldB_fullft_lr1e-5_e10_seed42/inference_results.json,"Rows=true, columns=predicted; paired matches only."
klt_seed_metric,KLT,CellViT-SAM-H,FullFT,Kidney,B,,,43,,,,,6723,,,,,,,,,,,,,,,,,0.859512756146556,0.7640598951400817,0.6502662806845336,0.24111393036829698,0.8979091332699325,0.39695592880437514,,,,,,,,,,,,,,,,,,,,,,,,,,,,,,,,,checkpoint_10 TEST,run/sthelar40x_klt_5class_slideind_foldB_fullft_lr1e-5_e10_seed43/log/2026-08-25T105706_sthelar40x_klt_5class_slideind_foldB_fullft_lr1e-5_e10_seed43/inference_results.json,
klt_per_class,KLT,CellViT-SAM-H,FullFT,Kidney,B,,,43,Immune,,,,,,,,,,,,,,,,,,,,,,,,,,,,,,,,,,,,,,,,,,,,,0.2662751035149481,,,16489,19736,40244,0.23004853175714685,,,,,,,,checkpoint_10 TEST,run/sthelar40x_klt_5class_slideind_foldB_fullft_lr1e-5_e10_seed43/log/2026-08-25T105706_sthelar40x_klt_5class_slideind_foldB_fullft_lr1e-5_e10_seed43/inference_results.json,
klt_per_class,KLT,CellViT-SAM-H,FullFT,Kidney,B,,,43,Stromal,,,,,,,,,,,,,,,,,,,,,,,,,,,,,,,,,,,,,,,,,,,,,0.4621471954269382,,,46863,55122,69714,0.39850917758964655,,,,,,,,checkpoint_10 TEST,run/sthelar40x_klt_5class_slideind_foldB_fullft_lr1e-5_e10_seed43/log/2026-08-25T105706_sthelar40x_klt_5class_slideind_foldB_fullft_lr1e-5_e10_seed43/inference_results.json,
klt_per_class,KLT,CellViT-SAM-H,FullFT,Kidney,B,,,43,Epithelial,,,,,,,,,,,,,,,,,,,,,,,,,,,,,,,,,,,,,,,,,,,,,0.6130576952018716,,,93983,106790,54230,0.30999731331850894,,,,,,,,checkpoint_10 TEST,run/sthelar40x_klt_5class_slideind_foldB_fullft_lr1e-5_e10_seed43/log/2026-08-25T105706_sthelar40x_klt_5class_slideind_foldB_fullft_lr1e-5_e10_seed43/inference_results.json,
klt_per_class,KLT,CellViT-SAM-H,FullFT,Kidney,B,,,43,Melanocyte,,,,,,,,,,,,,,,,,,,,,,,,,,,,,,,,,,,,,,,,,,,,,,,,0,0,0,0.0,,,,,,,,checkpoint_10 TEST,run/sthelar40x_klt_5class_slideind_foldB_fullft_lr1e-5_e10_seed43/log/2026-08-25T105706_sthelar40x_klt_5class_slideind_foldB_fullft_lr1e-5_e10_seed43/inference_results.json,
klt_per_class,KLT,CellViT-SAM-H,FullFT,Kidney,B,,,43,Other,,,,,,,,,,,,,,,,,,,,,,,,,,,,,,,,,,,,,,,,,,,,,0.24634372107374267,,,7250,9919,10749,0.061444977334697636,,,,,,,,checkpoint_10 TEST,run/sthelar40x_klt_5class_slideind_foldB_fullft_lr1e-5_e10_seed43/log/2026-08-25T105706_sthelar40x_klt_5class_slideind_foldB_fullft_lr1e-5_e10_seed43/inference_results.json,
klt_confusion,KLT,CellViT-SAM-H,FullFT,Kidney,B,,,43,,Background,Background,7,,,,,,,,,,,,,,,,,,,,,,,,,,,,,,,,,,,,,,,,,,,,,,,,,,,,,,,,checkpoint_10 TEST,run/sthelar40x_klt_5class_slideind_foldB_fullft_lr1e-5_e10_seed43/log/2026-08-25T105706_sthelar40x_klt_5class_slideind_foldB_fullft_lr1e-5_e10_seed43/inference_results.json,"Rows=true, columns=predicted; paired matches only."
klt_confusion,KLT,CellViT-SAM-H,FullFT,Kidney,B,,,43,,Background,Immune,0,,,,,,,,,,,,,,,,,,,,,,,,,,,,,,,,,,,,,,,,,,,,,,,,,,,,,,,,checkpoint_10 TEST,run/sthelar40x_klt_5class_slideind_foldB_fullft_lr1e-5_e10_seed43/log/2026-08-25T105706_sthelar40x_klt_5class_slideind_foldB_fullft_lr1e-5_e10_seed43/inference_results.json,"Rows=true, columns=predicted; paired matches only."
klt_confusion,KLT,CellViT-SAM-H,FullFT,Kidney,B,,,43,,Background,Stromal,0,,,,,,,,,,,,,,,,,,,,,,,,,,,,,,,,,,,,,,,,,,,,,,,,,,,,,,,,checkpoint_10 TEST,run/sthelar40x_klt_5class_slideind_foldB_fullft_lr1e-5_e10_seed43/log/2026-08-25T105706_sthelar40x_klt_5class_slideind_foldB_fullft_lr1e-5_e10_seed43/inference_results.json,"Rows=true, columns=predicted; paired matches only."
klt_confusion,KLT,CellViT-SAM-H,FullFT,Kidney,B,,,43,,Background,Epithelial,0,,,,,,,,,,,,,,,,,,,,,,,,,,,,,,,,,,,,,,,,,,,,,,,,,,,,,,,,checkpoint_10 TEST,run/sthelar40x_klt_5class_slideind_foldB_fullft_lr1e-5_e10_seed43/log/2026-08-25T105706_sthelar40x_klt_5class_slideind_foldB_fullft_lr1e-5_e10_seed43/inference_results.json,"Rows=true, columns=predicted; paired matches only."
klt_confusion,KLT,CellViT-SAM-H,FullFT,Kidney,B,,,43,,Background,Melanocyte,0,,,,,,,,,,,,,,,,,,,,,,,,,,,,,,,,,,,,,,,,,,,,,,,,,,,,,,,,checkpoint_10 TEST,run/sthelar40x_klt_5class_slideind_foldB_fullft_lr1e-5_e10_seed43/log/2026-08-25T105706_sthelar40x_klt_5class_slideind_foldB_fullft_lr1e-5_e10_seed43/inference_results.json,"Rows=true, columns=predicted; paired matches only."
klt_confusion,KLT,CellViT-SAM-H,FullFT,Kidney,B,,,43,,Background,Other,0,,,,,,,,,,,,,,,,,,,,,,,,,,,,,,,,,,,,,,,,,,,,,,,,,,,,,,,,checkpoint_10 TEST,run/sthelar40x_klt_5class_slideind_foldB_fullft_lr1e-5_e10_seed43/log/2026-08-25T105706_sthelar40x_klt_5class_slideind_foldB_fullft_lr1e-5_e10_seed43/inference_results.json,"Rows=true, columns=predicted; paired matches only."
klt_confusion,KLT,CellViT-SAM-H,FullFT,Kidney,B,,,43,,Immune,Background,5,,,,,,,,,,,,,,,,,,,,,,,,,,,,,,,,,,,,,,,,,,,,,,,,,,,,,,,,checkpoint_10 TEST,run/sthelar40x_klt_5class_slideind_foldB_fullft_lr1e-5_e10_seed43/log/2026-08-25T105706_sthelar40x_klt_5class_slideind_foldB_fullft_lr1e-5_e10_seed43/inference_results.json,"Rows=true, columns=predicted; paired matches only."
klt_confusion,KLT,CellViT-SAM-H,FullFT,Kidney,B,,,43,,Immune,Immune,7299,,,,,,,,,,,,,,,,,,,,,,,,,,,,,,,,,,,,,,,,,,,,,,,,,,,,,,,,checkpoint_10 TEST,run/sthelar40x_klt_5class_slideind_foldB_fullft_lr1e-5_e10_seed43/log/2026-08-25T105706_sthelar40x_klt_5class_slideind_foldB_fullft_lr1e-5_e10_seed43/inference_results.json,"Rows=true, columns=predicted; paired matches only."
klt_confusion,KLT,CellViT-SAM-H,FullFT,Kidney,B,,,43,,Immune,Stromal,5716,,,,,,,,,,,,,,,,,,,,,,,,,,,,,,,,,,,,,,,,,,,,,,,,,,,,,,,,checkpoint_10 TEST,run/sthelar40x_klt_5class_slideind_foldB_fullft_lr1e-5_e10_seed43/log/2026-08-25T105706_sthelar40x_klt_5class_slideind_foldB_fullft_lr1e-5_e10_seed43/inference_results.json,"Rows=true, columns=predicted; paired matches only."
klt_confusion,KLT,CellViT-SAM-H,FullFT,Kidney,B,,,43,,Immune,Epithelial,1703,,,,,,,,,,,,,,,,,,,,,,,,,,,,,,,,,,,,,,,,,,,,,,,,,,,,,,,,checkpoint_10 TEST,run/sthelar40x_klt_5class_slideind_foldB_fullft_lr1e-5_e10_seed43/log/2026-08-25T105706_sthelar40x_klt_5class_slideind_foldB_fullft_lr1e-5_e10_seed43/inference_results.json,"Rows=true, columns=predicted; paired matches only."
klt_confusion,KLT,CellViT-SAM-H,FullFT,Kidney,B,,,43,,Immune,Melanocyte,0,,,,,,,,,,,,,,,,,,,,,,,,,,,,,,,,,,,,,,,,,,,,,,,,,,,,,,,,checkpoint_10 TEST,run/sthelar40x_klt_5class_slideind_foldB_fullft_lr1e-5_e10_seed43/log/2026-08-25T105706_sthelar40x_klt_5class_slideind_foldB_fullft_lr1e-5_e10_seed43/inference_results.json,"Rows=true, columns=predicted; paired matches only."
klt_confusion,KLT,CellViT-SAM-H,FullFT,Kidney,B,,,43,,Immune,Other,1771,,,,,,,,,,,,,,,,,,,,,,,,,,,,,,,,,,,,,,,,,,,,,,,,,,,,,,,,checkpoint_10 TEST,run/sthelar40x_klt_5class_slideind_foldB_fullft_lr1e-5_e10_seed43/log/2026-08-25T105706_sthelar40x_klt_5class_slideind_foldB_fullft_lr1e-5_e10_seed43/inference_results.json,"Rows=true, columns=predicted; paired matches only."
klt_confusion,KLT,CellViT-SAM-H,FullFT,Kidney,B,,,43,,Stromal,Background,17,,,,,,,,,,,,,,,,,,,,,,,,,,,,,,,,,,,,,,,,,,,,,,,,,,,,,,,,checkpoint_10 TEST,run/sthelar40x_klt_5class_slideind_foldB_fullft_lr1e-5_e10_seed43/log/2026-08-25T105706_sthelar40x_klt_5class_slideind_foldB_fullft_lr1e-5_e10_seed43/inference_results.json,"Rows=true, columns=predicted; paired matches only."
klt_confusion,KLT,CellViT-SAM-H,FullFT,Kidney,B,,,43,,Stromal,Immune,13341,,,,,,,,,,,,,,,,,,,,,,,,,,,,,,,,,,,,,,,,,,,,,,,,,,,,,,,,checkpoint_10 TEST,run/sthelar40x_klt_5class_slideind_foldB_fullft_lr1e-5_e10_seed43/log/2026-08-25T105706_sthelar40x_klt_5class_slideind_foldB_fullft_lr1e-5_e10_seed43/inference_results.json,"Rows=true, columns=predicted; paired matches only."
klt_confusion,KLT,CellViT-SAM-H,FullFT,Kidney,B,,,43,,Stromal,Stromal,25871,,,,,,,,,,,,,,,,,,,,,,,,,,,,,,,,,,,,,,,,,,,,,,,,,,,,,,,,checkpoint_10 TEST,run/sthelar40x_klt_5class_slideind_foldB_fullft_lr1e-5_e10_seed43/log/2026-08-25T105706_sthelar40x_klt_5class_slideind_foldB_fullft_lr1e-5_e10_seed43/inference_results.json,"Rows=true, columns=predicted; paired matches only."
klt_confusion,KLT,CellViT-SAM-H,FullFT,Kidney,B,,,43,,Stromal,Epithelial,4637,,,,,,,,,,,,,,,,,,,,,,,,,,,,,,,,,,,,,,,,,,,,,,,,,,,,,,,,checkpoint_10 TEST,run/sthelar40x_klt_5class_slideind_foldB_fullft_lr1e-5_e10_seed43/log/2026-08-25T105706_sthelar40x_klt_5class_slideind_foldB_fullft_lr1e-5_e10_seed43/inference_results.json,"Rows=true, columns=predicted; paired matches only."
klt_confusion,KLT,CellViT-SAM-H,FullFT,Kidney,B,,,43,,Stromal,Melanocyte,0,,,,,,,,,,,,,,,,,,,,,,,,,,,,,,,,,,,,,,,,,,,,,,,,,,,,,,,,checkpoint_10 TEST,run/sthelar40x_klt_5class_slideind_foldB_fullft_lr1e-5_e10_seed43/log/2026-08-25T105706_sthelar40x_klt_5class_slideind_foldB_fullft_lr1e-5_e10_seed43/inference_results.json,"Rows=true, columns=predicted; paired matches only."
klt_confusion,KLT,CellViT-SAM-H,FullFT,Kidney,B,,,43,,Stromal,Other,3014,,,,,,,,,,,,,,,,,,,,,,,,,,,,,,,,,,,,,,,,,,,,,,,,,,,,,,,,checkpoint_10 TEST,run/sthelar40x_klt_5class_slideind_foldB_fullft_lr1e-5_e10_seed43/log/2026-08-25T105706_sthelar40x_klt_5class_slideind_foldB_fullft_lr1e-5_e10_seed43/inference_results.json,"Rows=true, columns=predicted; paired matches only."
klt_confusion,KLT,CellViT-SAM-H,FullFT,Kidney,B,,,43,,Epithelial,Background,134,,,,,,,,,,,,,,,,,,,,,,,,,,,,,,,,,,,,,,,,,,,,,,,,,,,,,,,,checkpoint_10 TEST,run/sthelar40x_klt_5class_slideind_foldB_fullft_lr1e-5_e10_seed43/log/2026-08-25T105706_sthelar40x_klt_5class_slideind_foldB_fullft_lr1e-5_e10_seed43/inference_results.json,"Rows=true, columns=predicted; paired matches only."
klt_confusion,KLT,CellViT-SAM-H,FullFT,Kidney,B,,,43,,Epithelial,Immune,16188,,,,,,,,,,,,,,,,,,,,,,,,,,,,,,,,,,,,,,,,,,,,,,,,,,,,,,,,checkpoint_10 TEST,run/sthelar40x_klt_5class_slideind_foldB_fullft_lr1e-5_e10_seed43/log/2026-08-25T105706_sthelar40x_klt_5class_slideind_foldB_fullft_lr1e-5_e10_seed43/inference_results.json,"Rows=true, columns=predicted; paired matches only."
klt_confusion,KLT,CellViT-SAM-H,FullFT,Kidney,B,,,43,,Epithelial,Stromal,30812,,,,,,,,,,,,,,,,,,,,,,,,,,,,,,,,,,,,,,,,,,,,,,,,,,,,,,,,checkpoint_10 TEST,run/sthelar40x_klt_5class_slideind_foldB_fullft_lr1e-5_e10_seed43/log/2026-08-25T105706_sthelar40x_klt_5class_slideind_foldB_fullft_lr1e-5_e10_seed43/inference_results.json,"Rows=true, columns=predicted; paired matches only."
klt_confusion,KLT,CellViT-SAM-H,FullFT,Kidney,B,,,43,,Epithelial,Epithelial,44809,,,,,,,,,,,,,,,,,,,,,,,,,,,,,,,,,,,,,,,,,,,,,,,,,,,,,,,,checkpoint_10 TEST,run/sthelar40x_klt_5class_slideind_foldB_fullft_lr1e-5_e10_seed43/log/2026-08-25T105706_sthelar40x_klt_5class_slideind_foldB_fullft_lr1e-5_e10_seed43/inference_results.json,"Rows=true, columns=predicted; paired matches only."
klt_confusion,KLT,CellViT-SAM-H,FullFT,Kidney,B,,,43,,Epithelial,Melanocyte,0,,,,,,,,,,,,,,,,,,,,,,,,,,,,,,,,,,,,,,,,,,,,,,,,,,,,,,,,checkpoint_10 TEST,run/sthelar40x_klt_5class_slideind_foldB_fullft_lr1e-5_e10_seed43/log/2026-08-25T105706_sthelar40x_klt_5class_slideind_foldB_fullft_lr1e-5_e10_seed43/inference_results.json,"Rows=true, columns=predicted; paired matches only."
klt_confusion,KLT,CellViT-SAM-H,FullFT,Kidney,B,,,43,,Epithelial,Other,2174,,,,,,,,,,,,,,,,,,,,,,,,,,,,,,,,,,,,,,,,,,,,,,,,,,,,,,,,checkpoint_10 TEST,run/sthelar40x_klt_5class_slideind_foldB_fullft_lr1e-5_e10_seed43/log/2026-08-25T105706_sthelar40x_klt_5class_slideind_foldB_fullft_lr1e-5_e10_seed43/inference_results.json,"Rows=true, columns=predicted; paired matches only."
klt_confusion,KLT,CellViT-SAM-H,FullFT,Kidney,B,,,43,,Melanocyte,Background,0,,,,,,,,,,,,,,,,,,,,,,,,,,,,,,,,,,,,,,,,,,,,,,,,,,,,,,,,checkpoint_10 TEST,run/sthelar40x_klt_5class_slideind_foldB_fullft_lr1e-5_e10_seed43/log/2026-08-25T105706_sthelar40x_klt_5class_slideind_foldB_fullft_lr1e-5_e10_seed43/inference_results.json,"Rows=true, columns=predicted; paired matches only."
klt_confusion,KLT,CellViT-SAM-H,FullFT,Kidney,B,,,43,,Melanocyte,Immune,0,,,,,,,,,,,,,,,,,,,,,,,,,,,,,,,,,,,,,,,,,,,,,,,,,,,,,,,,checkpoint_10 TEST,run/sthelar40x_klt_5class_slideind_foldB_fullft_lr1e-5_e10_seed43/log/2026-08-25T105706_sthelar40x_klt_5class_slideind_foldB_fullft_lr1e-5_e10_seed43/inference_results.json,"Rows=true, columns=predicted; paired matches only."
klt_confusion,KLT,CellViT-SAM-H,FullFT,Kidney,B,,,43,,Melanocyte,Stromal,0,,,,,,,,,,,,,,,,,,,,,,,,,,,,,,,,,,,,,,,,,,,,,,,,,,,,,,,,checkpoint_10 TEST,run/sthelar40x_klt_5class_slideind_foldB_fullft_lr1e-5_e10_seed43/log/2026-08-25T105706_sthelar40x_klt_5class_slideind_foldB_fullft_lr1e-5_e10_seed43/inference_results.json,"Rows=true, columns=predicted; paired matches only."
klt_confusion,KLT,CellViT-SAM-H,FullFT,Kidney,B,,,43,,Melanocyte,Epithelial,0,,,,,,,,,,,,,,,,,,,,,,,,,,,,,,,,,,,,,,,,,,,,,,,,,,,,,,,,checkpoint_10 TEST,run/sthelar40x_klt_5class_slideind_foldB_fullft_lr1e-5_e10_seed43/log/2026-08-25T105706_sthelar40x_klt_5class_slideind_foldB_fullft_lr1e-5_e10_seed43/inference_results.json,"Rows=true, columns=predicted; paired matches only."
klt_confusion,KLT,CellViT-SAM-H,FullFT,Kidney,B,,,43,,Melanocyte,Melanocyte,0,,,,,,,,,,,,,,,,,,,,,,,,,,,,,,,,,,,,,,,,,,,,,,,,,,,,,,,,checkpoint_10 TEST,run/sthelar40x_klt_5class_slideind_foldB_fullft_lr1e-5_e10_seed43/log/2026-08-25T105706_sthelar40x_klt_5class_slideind_foldB_fullft_lr1e-5_e10_seed43/inference_results.json,"Rows=true, columns=predicted; paired matches only."
klt_confusion,KLT,CellViT-SAM-H,FullFT,Kidney,B,,,43,,Melanocyte,Other,0,,,,,,,,,,,,,,,,,,,,,,,,,,,,,,,,,,,,,,,,,,,,,,,,,,,,,,,,checkpoint_10 TEST,run/sthelar40x_klt_5class_slideind_foldB_fullft_lr1e-5_e10_seed43/log/2026-08-25T105706_sthelar40x_klt_5class_slideind_foldB_fullft_lr1e-5_e10_seed43/inference_results.json,"Rows=true, columns=predicted; paired matches only."
klt_confusion,KLT,CellViT-SAM-H,FullFT,Kidney,B,,,43,,Other,Background,8,,,,,,,,,,,,,,,,,,,,,,,,,,,,,,,,,,,,,,,,,,,,,,,,,,,,,,,,checkpoint_10 TEST,run/sthelar40x_klt_5class_slideind_foldB_fullft_lr1e-5_e10_seed43/log/2026-08-25T105706_sthelar40x_klt_5class_slideind_foldB_fullft_lr1e-5_e10_seed43/inference_results.json,"Rows=true, columns=predicted; paired matches only."
klt_confusion,KLT,CellViT-SAM-H,FullFT,Kidney,B,,,43,,Other,Immune,1506,,,,,,,,,,,,,,,,,,,,,,,,,,,,,,,,,,,,,,,,,,,,,,,,,,,,,,,,checkpoint_10 TEST,run/sthelar40x_klt_5class_slideind_foldB_fullft_lr1e-5_e10_seed43/log/2026-08-25T105706_sthelar40x_klt_5class_slideind_foldB_fullft_lr1e-5_e10_seed43/inference_results.json,"Rows=true, columns=predicted; paired matches only."
klt_confusion,KLT,CellViT-SAM-H,FullFT,Kidney,B,,,43,,Other,Stromal,2698,,,,,,,,,,,,,,,,,,,,,,,,,,,,,,,,,,,,,,,,,,,,,,,,,,,,,,,,checkpoint_10 TEST,run/sthelar40x_klt_5class_slideind_foldB_fullft_lr1e-5_e10_seed43/log/2026-08-25T105706_sthelar40x_klt_5class_slideind_foldB_fullft_lr1e-5_e10_seed43/inference_results.json,"Rows=true, columns=predicted; paired matches only."
klt_confusion,KLT,CellViT-SAM-H,FullFT,Kidney,B,,,43,,Other,Epithelial,1050,,,,,,,,,,,,,,,,,,,,,,,,,,,,,,,,,,,,,,,,,,,,,,,,,,,,,,,,checkpoint_10 TEST,run/sthelar40x_klt_5class_slideind_foldB_fullft_lr1e-5_e10_seed43/log/2026-08-25T105706_sthelar40x_klt_5class_slideind_foldB_fullft_lr1e-5_e10_seed43/inference_results.json,"Rows=true, columns=predicted; paired matches only."
klt_confusion,KLT,CellViT-SAM-H,FullFT,Kidney,B,,,43,,Other,Melanocyte,0,,,,,,,,,,,,,,,,,,,,,,,,,,,,,,,,,,,,,,,,,,,,,,,,,,,,,,,,checkpoint_10 TEST,run/sthelar40x_klt_5class_slideind_foldB_fullft_lr1e-5_e10_seed43/log/2026-08-25T105706_sthelar40x_klt_5class_slideind_foldB_fullft_lr1e-5_e10_seed43/inference_results.json,"Rows=true, columns=predicted; paired matches only."
klt_confusion,KLT,CellViT-SAM-H,FullFT,Kidney,B,,,43,,Other,Other,1996,,,,,,,,,,,,,,,,,,,,,,,,,,,,,,,,,,,,,,,,,,,,,,,,,,,,,,,,checkpoint_10 TEST,run/sthelar40x_klt_5class_slideind_foldB_fullft_lr1e-5_e10_seed43/log/2026-08-25T105706_sthelar40x_klt_5class_slideind_foldB_fullft_lr1e-5_e10_seed43/inference_results.json,"Rows=true, columns=predicted; paired matches only."
klt_seed_metric,KLT,CellViT-SAM-H,FullFT,Liver,B,,,43,,,,,9756,,,,,,,,,,,,,,,,,0.8226611817106171,0.7167624192977583,0.6021258141197321,0.18415996557155392,0.8960257837135968,0.31199396602192214,,,,,,,,,,,,,,,,,,,,,,,,,,,,,,,,,checkpoint_10 TEST,run/sthelar40x_klt_5class_slideind_foldB_fullft_lr1e-5_e10_seed43/log/2026-08-25T105706_sthelar40x_klt_5class_slideind_foldB_fullft_lr1e-5_e10_seed43/inference_results.json,
klt_per_class,KLT,CellViT-SAM-H,FullFT,Liver,B,,,43,Immune,,,,,,,,,,,,,,,,,,,,,,,,,,,,,,,,,,,,,,,,,,,,,0.038753952768620065,,,42544,50671,2206,0.010955067339398513,,,,,,,,checkpoint_10 TEST,run/sthelar40x_klt_5class_slideind_foldB_fullft_lr1e-5_e10_seed43/log/2026-08-25T105706_sthelar40x_klt_5class_slideind_foldB_fullft_lr1e-5_e10_seed43/inference_results.json,
klt_per_class,KLT,CellViT-SAM-H,FullFT,Liver,B,,,43,Stromal,,,,,,,,,,,,,,,,,,,,,,,,,,,,,,,,,,,,,,,,,,,,,0.2431822369633315,,,35849,46351,8509,0.04225596917087124,,,,,,,,checkpoint_10 TEST,run/sthelar40x_klt_5class_slideind_foldB_fullft_lr1e-5_e10_seed43/log/2026-08-25T105706_sthelar40x_klt_5class_slideind_foldB_fullft_lr1e-5_e10_seed43/inference_results.json,
klt_per_class,KLT,CellViT-SAM-H,FullFT,Liver,B,,,43,Epithelial,,,,,,,,,,,,,,,,,,,,,,,,,,,,,,,,,,,,,,,,,,,,,0.7631730811914591,,,113469,130073,185455,0.9209755273926343,,,,,,,,checkpoint_10 TEST,run/sthelar40x_klt_5class_slideind_foldB_fullft_lr1e-5_e10_seed43/log/2026-08-25T105706_sthelar40x_klt_5class_slideind_foldB_fullft_lr1e-5_e10_seed43/inference_results.json,
klt_per_class,KLT,CellViT-SAM-H,FullFT,Liver,B,,,43,Melanocyte,,,,,,,,,,,,,,,,,,,,,,,,,,,,,,,,,,,,,,,,,,,,,,,,0,0,0,0.0,,,,,,,,checkpoint_10 TEST,run/sthelar40x_klt_5class_slideind_foldB_fullft_lr1e-5_e10_seed43/log/2026-08-25T105706_sthelar40x_klt_5class_slideind_foldB_fullft_lr1e-5_e10_seed43/inference_results.json,
klt_per_class,KLT,CellViT-SAM-H,FullFT,Liver,B,,,43,Other,,,,,,,,,,,,,,,,,,,,,,,,,,,,,,,,,,,,,,,,,,,,,0.20286659316427783,,,1287,2568,5198,0.025813436097095865,,,,,,,,checkpoint_10 TEST,run/sthelar40x_klt_5class_slideind_foldB_fullft_lr1e-5_e10_seed43/log/2026-08-25T105706_sthelar40x_klt_5class_slideind_foldB_fullft_lr1e-5_e10_seed43/inference_results.json,
klt_confusion,KLT,CellViT-SAM-H,FullFT,Liver,B,,,43,,Background,Background,1,,,,,,,,,,,,,,,,,,,,,,,,,,,,,,,,,,,,,,,,,,,,,,,,,,,,,,,,checkpoint_10 TEST,run/sthelar40x_klt_5class_slideind_foldB_fullft_lr1e-5_e10_seed43/log/2026-08-25T105706_sthelar40x_klt_5class_slideind_foldB_fullft_lr1e-5_e10_seed43/inference_results.json,"Rows=true, columns=predicted; paired matches only."
klt_confusion,KLT,CellViT-SAM-H,FullFT,Liver,B,,,43,,Background,Immune,0,,,,,,,,,,,,,,,,,,,,,,,,,,,,,,,,,,,,,,,,,,,,,,,,,,,,,,,,checkpoint_10 TEST,run/sthelar40x_klt_5class_slideind_foldB_fullft_lr1e-5_e10_seed43/log/2026-08-25T105706_sthelar40x_klt_5class_slideind_foldB_fullft_lr1e-5_e10_seed43/inference_results.json,"Rows=true, columns=predicted; paired matches only."
klt_confusion,KLT,CellViT-SAM-H,FullFT,Liver,B,,,43,,Background,Stromal,0,,,,,,,,,,,,,,,,,,,,,,,,,,,,,,,,,,,,,,,,,,,,,,,,,,,,,,,,checkpoint_10 TEST,run/sthelar40x_klt_5class_slideind_foldB_fullft_lr1e-5_e10_seed43/log/2026-08-25T105706_sthelar40x_klt_5class_slideind_foldB_fullft_lr1e-5_e10_seed43/inference_results.json,"Rows=true, columns=predicted; paired matches only."
klt_confusion,KLT,CellViT-SAM-H,FullFT,Liver,B,,,43,,Background,Epithelial,0,,,,,,,,,,,,,,,,,,,,,,,,,,,,,,,,,,,,,,,,,,,,,,,,,,,,,,,,checkpoint_10 TEST,run/sthelar40x_klt_5class_slideind_foldB_fullft_lr1e-5_e10_seed43/log/2026-08-25T105706_sthelar40x_klt_5class_slideind_foldB_fullft_lr1e-5_e10_seed43/inference_results.json,"Rows=true, columns=predicted; paired matches only."
klt_confusion,KLT,CellViT-SAM-H,FullFT,Liver,B,,,43,,Background,Melanocyte,0,,,,,,,,,,,,,,,,,,,,,,,,,,,,,,,,,,,,,,,,,,,,,,,,,,,,,,,,checkpoint_10 TEST,run/sthelar40x_klt_5class_slideind_foldB_fullft_lr1e-5_e10_seed43/log/2026-08-25T105706_sthelar40x_klt_5class_slideind_foldB_fullft_lr1e-5_e10_seed43/inference_results.json,"Rows=true, columns=predicted; paired matches only."
klt_confusion,KLT,CellViT-SAM-H,FullFT,Liver,B,,,43,,Background,Other,0,,,,,,,,,,,,,,,,,,,,,,,,,,,,,,,,,,,,,,,,,,,,,,,,,,,,,,,,checkpoint_10 TEST,run/sthelar40x_klt_5class_slideind_foldB_fullft_lr1e-5_e10_seed43/log/2026-08-25T105706_sthelar40x_klt_5class_slideind_foldB_fullft_lr1e-5_e10_seed43/inference_results.json,"Rows=true, columns=predicted; paired matches only."
klt_confusion,KLT,CellViT-SAM-H,FullFT,Liver,B,,,43,,Immune,Background,10,,,,,,,,,,,,,,,,,,,,,,,,,,,,,,,,,,,,,,,,,,,,,,,,,,,,,,,,checkpoint_10 TEST,run/sthelar40x_klt_5class_slideind_foldB_fullft_lr1e-5_e10_seed43/log/2026-08-25T105706_sthelar40x_klt_5class_slideind_foldB_fullft_lr1e-5_e10_seed43/inference_results.json,"Rows=true, columns=predicted; paired matches only."
klt_confusion,KLT,CellViT-SAM-H,FullFT,Liver,B,,,43,,Immune,Immune,864,,,,,,,,,,,,,,,,,,,,,,,,,,,,,,,,,,,,,,,,,,,,,,,,,,,,,,,,checkpoint_10 TEST,run/sthelar40x_klt_5class_slideind_foldB_fullft_lr1e-5_e10_seed43/log/2026-08-25T105706_sthelar40x_klt_5class_slideind_foldB_fullft_lr1e-5_e10_seed43/inference_results.json,"Rows=true, columns=predicted; paired matches only."
klt_confusion,KLT,CellViT-SAM-H,FullFT,Liver,B,,,43,,Immune,Stromal,1146,,,,,,,,,,,,,,,,,,,,,,,,,,,,,,,,,,,,,,,,,,,,,,,,,,,,,,,,checkpoint_10 TEST,run/sthelar40x_klt_5class_slideind_foldB_fullft_lr1e-5_e10_seed43/log/2026-08-25T105706_sthelar40x_klt_5class_slideind_foldB_fullft_lr1e-5_e10_seed43/inference_results.json,"Rows=true, columns=predicted; paired matches only."
klt_confusion,KLT,CellViT-SAM-H,FullFT,Liver,B,,,43,,Immune,Epithelial,39130,,,,,,,,,,,,,,,,,,,,,,,,,,,,,,,,,,,,,,,,,,,,,,,,,,,,,,,,checkpoint_10 TEST,run/sthelar40x_klt_5class_slideind_foldB_fullft_lr1e-5_e10_seed43/log/2026-08-25T105706_sthelar40x_klt_5class_slideind_foldB_fullft_lr1e-5_e10_seed43/inference_results.json,"Rows=true, columns=predicted; paired matches only."
klt_confusion,KLT,CellViT-SAM-H,FullFT,Liver,B,,,43,,Immune,Melanocyte,0,,,,,,,,,,,,,,,,,,,,,,,,,,,,,,,,,,,,,,,,,,,,,,,,,,,,,,,,checkpoint_10 TEST,run/sthelar40x_klt_5class_slideind_foldB_fullft_lr1e-5_e10_seed43/log/2026-08-25T105706_sthelar40x_klt_5class_slideind_foldB_fullft_lr1e-5_e10_seed43/inference_results.json,"Rows=true, columns=predicted; paired matches only."
klt_confusion,KLT,CellViT-SAM-H,FullFT,Liver,B,,,43,,Immune,Other,1404,,,,,,,,,,,,,,,,,,,,,,,,,,,,,,,,,,,,,,,,,,,,,,,,,,,,,,,,checkpoint_10 TEST,run/sthelar40x_klt_5class_slideind_foldB_fullft_lr1e-5_e10_seed43/log/2026-08-25T105706_sthelar40x_klt_5class_slideind_foldB_fullft_lr1e-5_e10_seed43/inference_results.json,"Rows=true, columns=predicted; paired matches only."
klt_confusion,KLT,CellViT-SAM-H,FullFT,Liver,B,,,43,,Stromal,Background,30,,,,,,,,,,,,,,,,,,,,,,,,,,,,,,,,,,,,,,,,,,,,,,,,,,,,,,,,checkpoint_10 TEST,run/sthelar40x_klt_5class_slideind_foldB_fullft_lr1e-5_e10_seed43/log/2026-08-25T105706_sthelar40x_klt_5class_slideind_foldB_fullft_lr1e-5_e10_seed43/inference_results.json,"Rows=true, columns=predicted; paired matches only."
klt_confusion,KLT,CellViT-SAM-H,FullFT,Liver,B,,,43,,Stromal,Immune,785,,,,,,,,,,,,,,,,,,,,,,,,,,,,,,,,,,,,,,,,,,,,,,,,,,,,,,,,checkpoint_10 TEST,run/sthelar40x_klt_5class_slideind_foldB_fullft_lr1e-5_e10_seed43/log/2026-08-25T105706_sthelar40x_klt_5class_slideind_foldB_fullft_lr1e-5_e10_seed43/inference_results.json,"Rows=true, columns=predicted; paired matches only."
klt_confusion,KLT,CellViT-SAM-H,FullFT,Liver,B,,,43,,Stromal,Stromal,5279,,,,,,,,,,,,,,,,,,,,,,,,,,,,,,,,,,,,,,,,,,,,,,,,,,,,,,,,checkpoint_10 TEST,run/sthelar40x_klt_5class_slideind_foldB_fullft_lr1e-5_e10_seed43/log/2026-08-25T105706_sthelar40x_klt_5class_slideind_foldB_fullft_lr1e-5_e10_seed43/inference_results.json,"Rows=true, columns=predicted; paired matches only."
klt_confusion,KLT,CellViT-SAM-H,FullFT,Liver,B,,,43,,Stromal,Epithelial,27865,,,,,,,,,,,,,,,,,,,,,,,,,,,,,,,,,,,,,,,,,,,,,,,,,,,,,,,,checkpoint_10 TEST,run/sthelar40x_klt_5class_slideind_foldB_fullft_lr1e-5_e10_seed43/log/2026-08-25T105706_sthelar40x_klt_5class_slideind_foldB_fullft_lr1e-5_e10_seed43/inference_results.json,"Rows=true, columns=predicted; paired matches only."
klt_confusion,KLT,CellViT-SAM-H,FullFT,Liver,B,,,43,,Stromal,Melanocyte,0,,,,,,,,,,,,,,,,,,,,,,,,,,,,,,,,,,,,,,,,,,,,,,,,,,,,,,,,checkpoint_10 TEST,run/sthelar40x_klt_5class_slideind_foldB_fullft_lr1e-5_e10_seed43/log/2026-08-25T105706_sthelar40x_klt_5class_slideind_foldB_fullft_lr1e-5_e10_seed43/inference_results.json,"Rows=true, columns=predicted; paired matches only."
klt_confusion,KLT,CellViT-SAM-H,FullFT,Liver,B,,,43,,Stromal,Other,1920,,,,,,,,,,,,,,,,,,,,,,,,,,,,,,,,,,,,,,,,,,,,,,,,,,,,,,,,checkpoint_10 TEST,run/sthelar40x_klt_5class_slideind_foldB_fullft_lr1e-5_e10_seed43/log/2026-08-25T105706_sthelar40x_klt_5class_slideind_foldB_fullft_lr1e-5_e10_seed43/inference_results.json,"Rows=true, columns=predicted; paired matches only."
klt_confusion,KLT,CellViT-SAM-H,FullFT,Liver,B,,,43,,Epithelial,Background,28,,,,,,,,,,,,,,,,,,,,,,,,,,,,,,,,,,,,,,,,,,,,,,,,,,,,,,,,checkpoint_10 TEST,run/sthelar40x_klt_5class_slideind_foldB_fullft_lr1e-5_e10_seed43/log/2026-08-25T105706_sthelar40x_klt_5class_slideind_foldB_fullft_lr1e-5_e10_seed43/inference_results.json,"Rows=true, columns=predicted; paired matches only."
klt_confusion,KLT,CellViT-SAM-H,FullFT,Liver,B,,,43,,Epithelial,Immune,343,,,,,,,,,,,,,,,,,,,,,,,,,,,,,,,,,,,,,,,,,,,,,,,,,,,,,,,,checkpoint_10 TEST,run/sthelar40x_klt_5class_slideind_foldB_fullft_lr1e-5_e10_seed43/log/2026-08-25T105706_sthelar40x_klt_5class_slideind_foldB_fullft_lr1e-5_e10_seed43/inference_results.json,"Rows=true, columns=predicted; paired matches only."
klt_confusion,KLT,CellViT-SAM-H,FullFT,Liver,B,,,43,,Epithelial,Stromal,1099,,,,,,,,,,,,,,,,,,,,,,,,,,,,,,,,,,,,,,,,,,,,,,,,,,,,,,,,checkpoint_10 TEST,run/sthelar40x_klt_5class_slideind_foldB_fullft_lr1e-5_e10_seed43/log/2026-08-25T105706_sthelar40x_klt_5class_slideind_foldB_fullft_lr1e-5_e10_seed43/inference_results.json,"Rows=true, columns=predicted; paired matches only."
klt_confusion,KLT,CellViT-SAM-H,FullFT,Liver,B,,,43,,Epithelial,Epithelial,111748,,,,,,,,,,,,,,,,,,,,,,,,,,,,,,,,,,,,,,,,,,,,,,,,,,,,,,,,checkpoint_10 TEST,run/sthelar40x_klt_5class_slideind_foldB_fullft_lr1e-5_e10_seed43/log/2026-08-25T105706_sthelar40x_klt_5class_slideind_foldB_fullft_lr1e-5_e10_seed43/inference_results.json,"Rows=true, columns=predicted; paired matches only."
klt_confusion,KLT,CellViT-SAM-H,FullFT,Liver,B,,,43,,Epithelial,Melanocyte,0,,,,,,,,,,,,,,,,,,,,,,,,,,,,,,,,,,,,,,,,,,,,,,,,,,,,,,,,checkpoint_10 TEST,run/sthelar40x_klt_5class_slideind_foldB_fullft_lr1e-5_e10_seed43/log/2026-08-25T105706_sthelar40x_klt_5class_slideind_foldB_fullft_lr1e-5_e10_seed43/inference_results.json,"Rows=true, columns=predicted; paired matches only."
klt_confusion,KLT,CellViT-SAM-H,FullFT,Liver,B,,,43,,Epithelial,Other,279,,,,,,,,,,,,,,,,,,,,,,,,,,,,,,,,,,,,,,,,,,,,,,,,,,,,,,,,checkpoint_10 TEST,run/sthelar40x_klt_5class_slideind_foldB_fullft_lr1e-5_e10_seed43/log/2026-08-25T105706_sthelar40x_klt_5class_slideind_foldB_fullft_lr1e-5_e10_seed43/inference_results.json,"Rows=true, columns=predicted; paired matches only."
klt_confusion,KLT,CellViT-SAM-H,FullFT,Liver,B,,,43,,Melanocyte,Background,0,,,,,,,,,,,,,,,,,,,,,,,,,,,,,,,,,,,,,,,,,,,,,,,,,,,,,,,,checkpoint_10 TEST,run/sthelar40x_klt_5class_slideind_foldB_fullft_lr1e-5_e10_seed43/log/2026-08-25T105706_sthelar40x_klt_5class_slideind_foldB_fullft_lr1e-5_e10_seed43/inference_results.json,"Rows=true, columns=predicted; paired matches only."
klt_confusion,KLT,CellViT-SAM-H,FullFT,Liver,B,,,43,,Melanocyte,Immune,0,,,,,,,,,,,,,,,,,,,,,,,,,,,,,,,,,,,,,,,,,,,,,,,,,,,,,,,,checkpoint_10 TEST,run/sthelar40x_klt_5class_slideind_foldB_fullft_lr1e-5_e10_seed43/log/2026-08-25T105706_sthelar40x_klt_5class_slideind_foldB_fullft_lr1e-5_e10_seed43/inference_results.json,"Rows=true, columns=predicted; paired matches only."
klt_confusion,KLT,CellViT-SAM-H,FullFT,Liver,B,,,43,,Melanocyte,Stromal,0,,,,,,,,,,,,,,,,,,,,,,,,,,,,,,,,,,,,,,,,,,,,,,,,,,,,,,,,checkpoint_10 TEST,run/sthelar40x_klt_5class_slideind_foldB_fullft_lr1e-5_e10_seed43/log/2026-08-25T105706_sthelar40x_klt_5class_slideind_foldB_fullft_lr1e-5_e10_seed43/inference_results.json,"Rows=true, columns=predicted; paired matches only."
klt_confusion,KLT,CellViT-SAM-H,FullFT,Liver,B,,,43,,Melanocyte,Epithelial,0,,,,,,,,,,,,,,,,,,,,,,,,,,,,,,,,,,,,,,,,,,,,,,,,,,,,,,,,checkpoint_10 TEST,run/sthelar40x_klt_5class_slideind_foldB_fullft_lr1e-5_e10_seed43/log/2026-08-25T105706_sthelar40x_klt_5class_slideind_foldB_fullft_lr1e-5_e10_seed43/inference_results.json,"Rows=true, columns=predicted; paired matches only."
klt_confusion,KLT,CellViT-SAM-H,FullFT,Liver,B,,,43,,Melanocyte,Melanocyte,0,,,,,,,,,,,,,,,,,,,,,,,,,,,,,,,,,,,,,,,,,,,,,,,,,,,,,,,,checkpoint_10 TEST,run/sthelar40x_klt_5class_slideind_foldB_fullft_lr1e-5_e10_seed43/log/2026-08-25T105706_sthelar40x_klt_5class_slideind_foldB_fullft_lr1e-5_e10_seed43/inference_results.json,"Rows=true, columns=predicted; paired matches only."
klt_confusion,KLT,CellViT-SAM-H,FullFT,Liver,B,,,43,,Melanocyte,Other,0,,,,,,,,,,,,,,,,,,,,,,,,,,,,,,,,,,,,,,,,,,,,,,,,,,,,,,,,checkpoint_10 TEST,run/sthelar40x_klt_5class_slideind_foldB_fullft_lr1e-5_e10_seed43/log/2026-08-25T105706_sthelar40x_klt_5class_slideind_foldB_fullft_lr1e-5_e10_seed43/inference_results.json,"Rows=true, columns=predicted; paired matches only."
klt_confusion,KLT,CellViT-SAM-H,FullFT,Liver,B,,,43,,Other,Background,1,,,,,,,,,,,,,,,,,,,,,,,,,,,,,,,,,,,,,,,,,,,,,,,,,,,,,,,,checkpoint_10 TEST,run/sthelar40x_klt_5class_slideind_foldB_fullft_lr1e-5_e10_seed43/log/2026-08-25T105706_sthelar40x_klt_5class_slideind_foldB_fullft_lr1e-5_e10_seed43/inference_results.json,"Rows=true, columns=predicted; paired matches only."
klt_confusion,KLT,CellViT-SAM-H,FullFT,Liver,B,,,43,,Other,Immune,53,,,,,,,,,,,,,,,,,,,,,,,,,,,,,,,,,,,,,,,,,,,,,,,,,,,,,,,,checkpoint_10 TEST,run/sthelar40x_klt_5class_slideind_foldB_fullft_lr1e-5_e10_seed43/log/2026-08-25T105706_sthelar40x_klt_5class_slideind_foldB_fullft_lr1e-5_e10_seed43/inference_results.json,"Rows=true, columns=predicted; paired matches only."
klt_confusion,KLT,CellViT-SAM-H,FullFT,Liver,B,,,43,,Other,Stromal,43,,,,,,,,,,,,,,,,,,,,,,,,,,,,,,,,,,,,,,,,,,,,,,,,,,,,,,,,checkpoint_10 TEST,run/sthelar40x_klt_5class_slideind_foldB_fullft_lr1e-5_e10_seed43/log/2026-08-25T105706_sthelar40x_klt_5class_slideind_foldB_fullft_lr1e-5_e10_seed43/inference_results.json,"Rows=true, columns=predicted; paired matches only."
klt_confusion,KLT,CellViT-SAM-H,FullFT,Liver,B,,,43,,Other,Epithelial,639,,,,,,,,,,,,,,,,,,,,,,,,,,,,,,,,,,,,,,,,,,,,,,,,,,,,,,,,checkpoint_10 TEST,run/sthelar40x_klt_5class_slideind_foldB_fullft_lr1e-5_e10_seed43/log/2026-08-25T105706_sthelar40x_klt_5class_slideind_foldB_fullft_lr1e-5_e10_seed43/inference_results.json,"Rows=true, columns=predicted; paired matches only."
klt_confusion,KLT,CellViT-SAM-H,FullFT,Liver,B,,,43,,Other,Melanocyte,0,,,,,,,,,,,,,,,,,,,,,,,,,,,,,,,,,,,,,,,,,,,,,,,,,,,,,,,,checkpoint_10 TEST,run/sthelar40x_klt_5class_slideind_foldB_fullft_lr1e-5_e10_seed43/log/2026-08-25T105706_sthelar40x_klt_5class_slideind_foldB_fullft_lr1e-5_e10_seed43/inference_results.json,"Rows=true, columns=predicted; paired matches only."
klt_confusion,KLT,CellViT-SAM-H,FullFT,Liver,B,,,43,,Other,Other,552,,,,,,,,,,,,,,,,,,,,,,,,,,,,,,,,,,,,,,,,,,,,,,,,,,,,,,,,checkpoint_10 TEST,run/sthelar40x_klt_5class_slideind_foldB_fullft_lr1e-5_e10_seed43/log/2026-08-25T105706_sthelar40x_klt_5class_slideind_foldB_fullft_lr1e-5_e10_seed43/inference_results.json,"Rows=true, columns=predicted; paired matches only."
klt_seed_metric,KLT,CellViT-SAM-H,FullFT,Tonsil,B,,,43,,,,,9856,,,,,,,,,,,,,,,,,0.8375781647922991,0.7263295981589275,0.5725206166170994,0.27524658868044893,0.8399460919340415,0.551338742927367,,,,,,,,,,,,,,,,,,,,,,,,,,,,,,,,,checkpoint_10 TEST,run/sthelar40x_klt_5class_slideind_foldB_fullft_lr1e-5_e10_seed43/log/2026-08-25T105706_sthelar40x_klt_5class_slideind_foldB_fullft_lr1e-5_e10_seed43/inference_results.json,
klt_per_class,KLT,CellViT-SAM-H,FullFT,Tonsil,B,,,43,Immune,,,,,,,,,,,,,,,,,,,,,,,,,,,,,,,,,,,,,,,,,,,,,0.8691436446595987,,,658338,795861,864297,0.7909990710785099,,,,,,,,checkpoint_10 TEST,run/sthelar40x_klt_5class_slideind_foldB_fullft_lr1e-5_e10_seed43/log/2026-08-25T105706_sthelar40x_klt_5class_slideind_foldB_fullft_lr1e-5_e10_seed43/inference_results.json,
klt_per_class,KLT,CellViT-SAM-H,FullFT,Tonsil,B,,,43,Stromal,,,,,,,,,,,,,,,,,,,,,,,,,,,,,,,,,,,,,,,,,,,,,0.43565002817339266,,,156835,191160,124081,0.11355813538458723,,,,,,,,checkpoint_10 TEST,run/sthelar40x_klt_5class_slideind_foldB_fullft_lr1e-5_e10_seed43/log/2026-08-25T105706_sthelar40x_klt_5class_slideind_foldB_fullft_lr1e-5_e10_seed43/inference_results.json,
klt_per_class,KLT,CellViT-SAM-H,FullFT,Tonsil,B,,,43,Epithelial,,,,,,,,,,,,,,,,,,,,,,,,,,,,,,,,,,,,,,,,,,,,,0.7269437955131681,,,115248,140467,94112,0.08613069879606283,,,,,,,,checkpoint_10 TEST,run/sthelar40x_klt_5class_slideind_foldB_fullft_lr1e-5_e10_seed43/log/2026-08-25T105706_sthelar40x_klt_5class_slideind_foldB_fullft_lr1e-5_e10_seed43/inference_results.json,
klt_per_class,KLT,CellViT-SAM-H,FullFT,Tonsil,B,,,43,Melanocyte,,,,,,,,,,,,,,,,,,,,,,,,,,,,,,,,,,,,,,,,,,,,,,,,0,0,0,0.0,,,,,,,,checkpoint_10 TEST,run/sthelar40x_klt_5class_slideind_foldB_fullft_lr1e-5_e10_seed43/log/2026-08-25T105706_sthelar40x_klt_5class_slideind_foldB_fullft_lr1e-5_e10_seed43/inference_results.json,
klt_per_class,KLT,CellViT-SAM-H,FullFT,Tonsil,B,,,43,Other,,,,,,,,,,,,,,,,,,,,,,,,,,,,,,,,,,,,,,,,,,,,,0.17361750336330808,,,6726,11136,10175,0.009312094740840056,,,,,,,,checkpoint_10 TEST,run/sthelar40x_klt_5class_slideind_foldB_fullft_lr1e-5_e10_seed43/log/2026-08-25T105706_sthelar40x_klt_5class_slideind_foldB_fullft_lr1e-5_e10_seed43/inference_results.json,
klt_confusion,KLT,CellViT-SAM-H,FullFT,Tonsil,B,,,43,,Background,Background,7,,,,,,,,,,,,,,,,,,,,,,,,,,,,,,,,,,,,,,,,,,,,,,,,,,,,,,,,checkpoint_10 TEST,run/sthelar40x_klt_5class_slideind_foldB_fullft_lr1e-5_e10_seed43/log/2026-08-25T105706_sthelar40x_klt_5class_slideind_foldB_fullft_lr1e-5_e10_seed43/inference_results.json,"Rows=true, columns=predicted; paired matches only."
klt_confusion,KLT,CellViT-SAM-H,FullFT,Tonsil,B,,,43,,Background,Immune,0,,,,,,,,,,,,,,,,,,,,,,,,,,,,,,,,,,,,,,,,,,,,,,,,,,,,,,,,checkpoint_10 TEST,run/sthelar40x_klt_5class_slideind_foldB_fullft_lr1e-5_e10_seed43/log/2026-08-25T105706_sthelar40x_klt_5class_slideind_foldB_fullft_lr1e-5_e10_seed43/inference_results.json,"Rows=true, columns=predicted; paired matches only."
klt_confusion,KLT,CellViT-SAM-H,FullFT,Tonsil,B,,,43,,Background,Stromal,0,,,,,,,,,,,,,,,,,,,,,,,,,,,,,,,,,,,,,,,,,,,,,,,,,,,,,,,,checkpoint_10 TEST,run/sthelar40x_klt_5class_slideind_foldB_fullft_lr1e-5_e10_seed43/log/2026-08-25T105706_sthelar40x_klt_5class_slideind_foldB_fullft_lr1e-5_e10_seed43/inference_results.json,"Rows=true, columns=predicted; paired matches only."
klt_confusion,KLT,CellViT-SAM-H,FullFT,Tonsil,B,,,43,,Background,Epithelial,0,,,,,,,,,,,,,,,,,,,,,,,,,,,,,,,,,,,,,,,,,,,,,,,,,,,,,,,,checkpoint_10 TEST,run/sthelar40x_klt_5class_slideind_foldB_fullft_lr1e-5_e10_seed43/log/2026-08-25T105706_sthelar40x_klt_5class_slideind_foldB_fullft_lr1e-5_e10_seed43/inference_results.json,"Rows=true, columns=predicted; paired matches only."
klt_confusion,KLT,CellViT-SAM-H,FullFT,Tonsil,B,,,43,,Background,Melanocyte,0,,,,,,,,,,,,,,,,,,,,,,,,,,,,,,,,,,,,,,,,,,,,,,,,,,,,,,,,checkpoint_10 TEST,run/sthelar40x_klt_5class_slideind_foldB_fullft_lr1e-5_e10_seed43/log/2026-08-25T105706_sthelar40x_klt_5class_slideind_foldB_fullft_lr1e-5_e10_seed43/inference_results.json,"Rows=true, columns=predicted; paired matches only."
klt_confusion,KLT,CellViT-SAM-H,FullFT,Tonsil,B,,,43,,Background,Other,0,,,,,,,,,,,,,,,,,,,,,,,,,,,,,,,,,,,,,,,,,,,,,,,,,,,,,,,,checkpoint_10 TEST,run/sthelar40x_klt_5class_slideind_foldB_fullft_lr1e-5_e10_seed43/log/2026-08-25T105706_sthelar40x_klt_5class_slideind_foldB_fullft_lr1e-5_e10_seed43/inference_results.json,"Rows=true, columns=predicted; paired matches only."
klt_confusion,KLT,CellViT-SAM-H,FullFT,Tonsil,B,,,43,,Immune,Background,58,,,,,,,,,,,,,,,,,,,,,,,,,,,,,,,,,,,,,,,,,,,,,,,,,,,,,,,,checkpoint_10 TEST,run/sthelar40x_klt_5class_slideind_foldB_fullft_lr1e-5_e10_seed43/log/2026-08-25T105706_sthelar40x_klt_5class_slideind_foldB_fullft_lr1e-5_e10_seed43/inference_results.json,"Rows=true, columns=predicted; paired matches only."
klt_confusion,KLT,CellViT-SAM-H,FullFT,Tonsil,B,,,43,,Immune,Immune,610792,,,,,,,,,,,,,,,,,,,,,,,,,,,,,,,,,,,,,,,,,,,,,,,,,,,,,,,,checkpoint_10 TEST,run/sthelar40x_klt_5class_slideind_foldB_fullft_lr1e-5_e10_seed43/log/2026-08-25T105706_sthelar40x_klt_5class_slideind_foldB_fullft_lr1e-5_e10_seed43/inference_results.json,"Rows=true, columns=predicted; paired matches only."
klt_confusion,KLT,CellViT-SAM-H,FullFT,Tonsil,B,,,43,,Immune,Stromal,34961,,,,,,,,,,,,,,,,,,,,,,,,,,,,,,,,,,,,,,,,,,,,,,,,,,,,,,,,checkpoint_10 TEST,run/sthelar40x_klt_5class_slideind_foldB_fullft_lr1e-5_e10_seed43/log/2026-08-25T105706_sthelar40x_klt_5class_slideind_foldB_fullft_lr1e-5_e10_seed43/inference_results.json,"Rows=true, columns=predicted; paired matches only."
klt_confusion,KLT,CellViT-SAM-H,FullFT,Tonsil,B,,,43,,Immune,Epithelial,9498,,,,,,,,,,,,,,,,,,,,,,,,,,,,,,,,,,,,,,,,,,,,,,,,,,,,,,,,checkpoint_10 TEST,run/sthelar40x_klt_5class_slideind_foldB_fullft_lr1e-5_e10_seed43/log/2026-08-25T105706_sthelar40x_klt_5class_slideind_foldB_fullft_lr1e-5_e10_seed43/inference_results.json,"Rows=true, columns=predicted; paired matches only."
klt_confusion,KLT,CellViT-SAM-H,FullFT,Tonsil,B,,,43,,Immune,Melanocyte,0,,,,,,,,,,,,,,,,,,,,,,,,,,,,,,,,,,,,,,,,,,,,,,,,,,,,,,,,checkpoint_10 TEST,run/sthelar40x_klt_5class_slideind_foldB_fullft_lr1e-5_e10_seed43/log/2026-08-25T105706_sthelar40x_klt_5class_slideind_foldB_fullft_lr1e-5_e10_seed43/inference_results.json,"Rows=true, columns=predicted; paired matches only."
klt_confusion,KLT,CellViT-SAM-H,FullFT,Tonsil,B,,,43,,Immune,Other,3087,,,,,,,,,,,,,,,,,,,,,,,,,,,,,,,,,,,,,,,,,,,,,,,,,,,,,,,,checkpoint_10 TEST,run/sthelar40x_klt_5class_slideind_foldB_fullft_lr1e-5_e10_seed43/log/2026-08-25T105706_sthelar40x_klt_5class_slideind_foldB_fullft_lr1e-5_e10_seed43/inference_results.json,"Rows=true, columns=predicted; paired matches only."
klt_confusion,KLT,CellViT-SAM-H,FullFT,Tonsil,B,,,43,,Stromal,Background,19,,,,,,,,,,,,,,,,,,,,,,,,,,,,,,,,,,,,,,,,,,,,,,,,,,,,,,,,checkpoint_10 TEST,run/sthelar40x_klt_5class_slideind_foldB_fullft_lr1e-5_e10_seed43/log/2026-08-25T105706_sthelar40x_klt_5class_slideind_foldB_fullft_lr1e-5_e10_seed43/inference_results.json,"Rows=true, columns=predicted; paired matches only."
klt_confusion,KLT,CellViT-SAM-H,FullFT,Tonsil,B,,,43,,Stromal,Immune,98416,,,,,,,,,,,,,,,,,,,,,,,,,,,,,,,,,,,,,,,,,,,,,,,,,,,,,,,,checkpoint_10 TEST,run/sthelar40x_klt_5class_slideind_foldB_fullft_lr1e-5_e10_seed43/log/2026-08-25T105706_sthelar40x_klt_5class_slideind_foldB_fullft_lr1e-5_e10_seed43/inference_results.json,"Rows=true, columns=predicted; paired matches only."
klt_confusion,KLT,CellViT-SAM-H,FullFT,Tonsil,B,,,43,,Stromal,Stromal,56054,,,,,,,,,,,,,,,,,,,,,,,,,,,,,,,,,,,,,,,,,,,,,,,,,,,,,,,,checkpoint_10 TEST,run/sthelar40x_klt_5class_slideind_foldB_fullft_lr1e-5_e10_seed43/log/2026-08-25T105706_sthelar40x_klt_5class_slideind_foldB_fullft_lr1e-5_e10_seed43/inference_results.json,"Rows=true, columns=predicted; paired matches only."
klt_confusion,KLT,CellViT-SAM-H,FullFT,Tonsil,B,,,43,,Stromal,Epithelial,639,,,,,,,,,,,,,,,,,,,,,,,,,,,,,,,,,,,,,,,,,,,,,,,,,,,,,,,,checkpoint_10 TEST,run/sthelar40x_klt_5class_slideind_foldB_fullft_lr1e-5_e10_seed43/log/2026-08-25T105706_sthelar40x_klt_5class_slideind_foldB_fullft_lr1e-5_e10_seed43/inference_results.json,"Rows=true, columns=predicted; paired matches only."
klt_confusion,KLT,CellViT-SAM-H,FullFT,Tonsil,B,,,43,,Stromal,Melanocyte,0,,,,,,,,,,,,,,,,,,,,,,,,,,,,,,,,,,,,,,,,,,,,,,,,,,,,,,,,checkpoint_10 TEST,run/sthelar40x_klt_5class_slideind_foldB_fullft_lr1e-5_e10_seed43/log/2026-08-25T105706_sthelar40x_klt_5class_slideind_foldB_fullft_lr1e-5_e10_seed43/inference_results.json,"Rows=true, columns=predicted; paired matches only."
klt_confusion,KLT,CellViT-SAM-H,FullFT,Tonsil,B,,,43,,Stromal,Other,1726,,,,,,,,,,,,,,,,,,,,,,,,,,,,,,,,,,,,,,,,,,,,,,,,,,,,,,,,checkpoint_10 TEST,run/sthelar40x_klt_5class_slideind_foldB_fullft_lr1e-5_e10_seed43/log/2026-08-25T105706_sthelar40x_klt_5class_slideind_foldB_fullft_lr1e-5_e10_seed43/inference_results.json,"Rows=true, columns=predicted; paired matches only."
klt_confusion,KLT,CellViT-SAM-H,FullFT,Tonsil,B,,,43,,Epithelial,Background,123,,,,,,,,,,,,,,,,,,,,,,,,,,,,,,,,,,,,,,,,,,,,,,,,,,,,,,,,checkpoint_10 TEST,run/sthelar40x_klt_5class_slideind_foldB_fullft_lr1e-5_e10_seed43/log/2026-08-25T105706_sthelar40x_klt_5class_slideind_foldB_fullft_lr1e-5_e10_seed43/inference_results.json,"Rows=true, columns=predicted; paired matches only."
klt_confusion,KLT,CellViT-SAM-H,FullFT,Tonsil,B,,,43,,Epithelial,Immune,33654,,,,,,,,,,,,,,,,,,,,,,,,,,,,,,,,,,,,,,,,,,,,,,,,,,,,,,,,checkpoint_10 TEST,run/sthelar40x_klt_5class_slideind_foldB_fullft_lr1e-5_e10_seed43/log/2026-08-25T105706_sthelar40x_klt_5class_slideind_foldB_fullft_lr1e-5_e10_seed43/inference_results.json,"Rows=true, columns=predicted; paired matches only."
klt_confusion,KLT,CellViT-SAM-H,FullFT,Tonsil,B,,,43,,Epithelial,Stromal,8511,,,,,,,,,,,,,,,,,,,,,,,,,,,,,,,,,,,,,,,,,,,,,,,,,,,,,,,,checkpoint_10 TEST,run/sthelar40x_klt_5class_slideind_foldB_fullft_lr1e-5_e10_seed43/log/2026-08-25T105706_sthelar40x_klt_5class_slideind_foldB_fullft_lr1e-5_e10_seed43/inference_results.json,"Rows=true, columns=predicted; paired matches only."
klt_confusion,KLT,CellViT-SAM-H,FullFT,Tonsil,B,,,43,,Epithelial,Epithelial,71725,,,,,,,,,,,,,,,,,,,,,,,,,,,,,,,,,,,,,,,,,,,,,,,,,,,,,,,,checkpoint_10 TEST,run/sthelar40x_klt_5class_slideind_foldB_fullft_lr1e-5_e10_seed43/log/2026-08-25T105706_sthelar40x_klt_5class_slideind_foldB_fullft_lr1e-5_e10_seed43/inference_results.json,"Rows=true, columns=predicted; paired matches only."
klt_confusion,KLT,CellViT-SAM-H,FullFT,Tonsil,B,,,43,,Epithelial,Melanocyte,0,,,,,,,,,,,,,,,,,,,,,,,,,,,,,,,,,,,,,,,,,,,,,,,,,,,,,,,,checkpoint_10 TEST,run/sthelar40x_klt_5class_slideind_foldB_fullft_lr1e-5_e10_seed43/log/2026-08-25T105706_sthelar40x_klt_5class_slideind_foldB_fullft_lr1e-5_e10_seed43/inference_results.json,"Rows=true, columns=predicted; paired matches only."
klt_confusion,KLT,CellViT-SAM-H,FullFT,Tonsil,B,,,43,,Epithelial,Other,1358,,,,,,,,,,,,,,,,,,,,,,,,,,,,,,,,,,,,,,,,,,,,,,,,,,,,,,,,checkpoint_10 TEST,run/sthelar40x_klt_5class_slideind_foldB_fullft_lr1e-5_e10_seed43/log/2026-08-25T105706_sthelar40x_klt_5class_slideind_foldB_fullft_lr1e-5_e10_seed43/inference_results.json,"Rows=true, columns=predicted; paired matches only."
klt_confusion,KLT,CellViT-SAM-H,FullFT,Tonsil,B,,,43,,Melanocyte,Background,0,,,,,,,,,,,,,,,,,,,,,,,,,,,,,,,,,,,,,,,,,,,,,,,,,,,,,,,,checkpoint_10 TEST,run/sthelar40x_klt_5class_slideind_foldB_fullft_lr1e-5_e10_seed43/log/2026-08-25T105706_sthelar40x_klt_5class_slideind_foldB_fullft_lr1e-5_e10_seed43/inference_results.json,"Rows=true, columns=predicted; paired matches only."
klt_confusion,KLT,CellViT-SAM-H,FullFT,Tonsil,B,,,43,,Melanocyte,Immune,0,,,,,,,,,,,,,,,,,,,,,,,,,,,,,,,,,,,,,,,,,,,,,,,,,,,,,,,,checkpoint_10 TEST,run/sthelar40x_klt_5class_slideind_foldB_fullft_lr1e-5_e10_seed43/log/2026-08-25T105706_sthelar40x_klt_5class_slideind_foldB_fullft_lr1e-5_e10_seed43/inference_results.json,"Rows=true, columns=predicted; paired matches only."
klt_confusion,KLT,CellViT-SAM-H,FullFT,Tonsil,B,,,43,,Melanocyte,Stromal,0,,,,,,,,,,,,,,,,,,,,,,,,,,,,,,,,,,,,,,,,,,,,,,,,,,,,,,,,checkpoint_10 TEST,run/sthelar40x_klt_5class_slideind_foldB_fullft_lr1e-5_e10_seed43/log/2026-08-25T105706_sthelar40x_klt_5class_slideind_foldB_fullft_lr1e-5_e10_seed43/inference_results.json,"Rows=true, columns=predicted; paired matches only."
klt_confusion,KLT,CellViT-SAM-H,FullFT,Tonsil,B,,,43,,Melanocyte,Epithelial,0,,,,,,,,,,,,,,,,,,,,,,,,,,,,,,,,,,,,,,,,,,,,,,,,,,,,,,,,checkpoint_10 TEST,run/sthelar40x_klt_5class_slideind_foldB_fullft_lr1e-5_e10_seed43/log/2026-08-25T105706_sthelar40x_klt_5class_slideind_foldB_fullft_lr1e-5_e10_seed43/inference_results.json,"Rows=true, columns=predicted; paired matches only."
klt_confusion,KLT,CellViT-SAM-H,FullFT,Tonsil,B,,,43,,Melanocyte,Melanocyte,0,,,,,,,,,,,,,,,,,,,,,,,,,,,,,,,,,,,,,,,,,,,,,,,,,,,,,,,,checkpoint_10 TEST,run/sthelar40x_klt_5class_slideind_foldB_fullft_lr1e-5_e10_seed43/log/2026-08-25T105706_sthelar40x_klt_5class_slideind_foldB_fullft_lr1e-5_e10_seed43/inference_results.json,"Rows=true, columns=predicted; paired matches only."
klt_confusion,KLT,CellViT-SAM-H,FullFT,Tonsil,B,,,43,,Melanocyte,Other,0,,,,,,,,,,,,,,,,,,,,,,,,,,,,,,,,,,,,,,,,,,,,,,,,,,,,,,,,checkpoint_10 TEST,run/sthelar40x_klt_5class_slideind_foldB_fullft_lr1e-5_e10_seed43/log/2026-08-25T105706_sthelar40x_klt_5class_slideind_foldB_fullft_lr1e-5_e10_seed43/inference_results.json,"Rows=true, columns=predicted; paired matches only."
klt_confusion,KLT,CellViT-SAM-H,FullFT,Tonsil,B,,,43,,Other,Background,4,,,,,,,,,,,,,,,,,,,,,,,,,,,,,,,,,,,,,,,,,,,,,,,,,,,,,,,,checkpoint_10 TEST,run/sthelar40x_klt_5class_slideind_foldB_fullft_lr1e-5_e10_seed43/log/2026-08-25T105706_sthelar40x_klt_5class_slideind_foldB_fullft_lr1e-5_e10_seed43/inference_results.json,"Rows=true, columns=predicted; paired matches only."
klt_confusion,KLT,CellViT-SAM-H,FullFT,Tonsil,B,,,43,,Other,Immune,4303,,,,,,,,,,,,,,,,,,,,,,,,,,,,,,,,,,,,,,,,,,,,,,,,,,,,,,,,checkpoint_10 TEST,run/sthelar40x_klt_5class_slideind_foldB_fullft_lr1e-5_e10_seed43/log/2026-08-25T105706_sthelar40x_klt_5class_slideind_foldB_fullft_lr1e-5_e10_seed43/inference_results.json,"Rows=true, columns=predicted; paired matches only."
klt_confusion,KLT,CellViT-SAM-H,FullFT,Tonsil,B,,,43,,Other,Stromal,974,,,,,,,,,,,,,,,,,,,,,,,,,,,,,,,,,,,,,,,,,,,,,,,,,,,,,,,,checkpoint_10 TEST,run/sthelar40x_klt_5class_slideind_foldB_fullft_lr1e-5_e10_seed43/log/2026-08-25T105706_sthelar40x_klt_5class_slideind_foldB_fullft_lr1e-5_e10_seed43/inference_results.json,"Rows=true, columns=predicted; paired matches only."
klt_confusion,KLT,CellViT-SAM-H,FullFT,Tonsil,B,,,43,,Other,Epithelial,223,,,,,,,,,,,,,,,,,,,,,,,,,,,,,,,,,,,,,,,,,,,,,,,,,,,,,,,,checkpoint_10 TEST,run/sthelar40x_klt_5class_slideind_foldB_fullft_lr1e-5_e10_seed43/log/2026-08-25T105706_sthelar40x_klt_5class_slideind_foldB_fullft_lr1e-5_e10_seed43/inference_results.json,"Rows=true, columns=predicted; paired matches only."
klt_confusion,KLT,CellViT-SAM-H,FullFT,Tonsil,B,,,43,,Other,Melanocyte,0,,,,,,,,,,,,,,,,,,,,,,,,,,,,,,,,,,,,,,,,,,,,,,,,,,,,,,,,checkpoint_10 TEST,run/sthelar40x_klt_5class_slideind_foldB_fullft_lr1e-5_e10_seed43/log/2026-08-25T105706_sthelar40x_klt_5class_slideind_foldB_fullft_lr1e-5_e10_seed43/inference_results.json,"Rows=true, columns=predicted; paired matches only."
klt_confusion,KLT,CellViT-SAM-H,FullFT,Tonsil,B,,,43,,Other,Other,1226,,,,,,,,,,,,,,,,,,,,,,,,,,,,,,,,,,,,,,,,,,,,,,,,,,,,,,,,checkpoint_10 TEST,run/sthelar40x_klt_5class_slideind_foldB_fullft_lr1e-5_e10_seed43/log/2026-08-25T105706_sthelar40x_klt_5class_slideind_foldB_fullft_lr1e-5_e10_seed43/inference_results.json,"Rows=true, columns=predicted; paired matches only."
klt_seed_metric,KLT,CellViT-SAM-H,FullFT,Pooled KLT,B,,,43,,,,,26335,,,,,,,,,,,,,,,,,0.8376516856098339,0.7324174428384314,0.6033355931259675,0.23278921420226514,0.8549474375496048,0.5434097491665055,,,,,,,,,,,,,,,,,,,,,,,,,,,,,,,,,checkpoint_10 TEST,run/sthelar40x_klt_5class_slideind_foldB_fullft_lr1e-5_e10_seed43/log/2026-08-25T105706_sthelar40x_klt_5class_slideind_foldB_fullft_lr1e-5_e10_seed43/inference_results.json,
klt_per_class,KLT,CellViT-SAM-H,FullFT,Pooled KLT,B,,,43,Immune,,,,,,,,,,,,,,,,,,,,,,,,,,,,,,,,,,,,,,,,,,,,,0.8225780193565749,,,717371,866268,906747,0.6172672008277909,,,,,,,,checkpoint_10 TEST,run/sthelar40x_klt_5class_slideind_foldB_fullft_lr1e-5_e10_seed43/log/2026-08-25T105706_sthelar40x_klt_5class_slideind_foldB_fullft_lr1e-5_e10_seed43/inference_results.json,
klt_per_class,KLT,CellViT-SAM-H,FullFT,Pooled KLT,B,,,43,Stromal,,,,,,,,,,,,,,,,,,,,,,,,,,,,,,,,,,,,,,,,,,,,,0.4225911109711154,,,239547,292633,202304,0.13771826517900299,,,,,,,,checkpoint_10 TEST,run/sthelar40x_klt_5class_slideind_foldB_fullft_lr1e-5_e10_seed43/log/2026-08-25T105706_sthelar40x_klt_5class_slideind_foldB_fullft_lr1e-5_e10_seed43/inference_results.json,
klt_per_class,KLT,CellViT-SAM-H,FullFT,Pooled KLT,B,,,43,Epithelial,,,,,,,,,,,,,,,,,,,,,,,,,,,,,,,,,,,,,,,,,,,,,0.7174550494526735,,,322700,377330,333797,0.2272320060995119,,,,,,,,checkpoint_10 TEST,run/sthelar40x_klt_5class_slideind_foldB_fullft_lr1e-5_e10_seed43/log/2026-08-25T105706_sthelar40x_klt_5class_slideind_foldB_fullft_lr1e-5_e10_seed43/inference_results.json,
klt_per_class,KLT,CellViT-SAM-H,FullFT,Pooled KLT,B,,,43,Melanocyte,,,,,,,,,,,,,,,,,,,,,,,,,,,,,,,,,,,,,,,,,,,,,,,,0,0,0,0.0,,,,,,,,checkpoint_10 TEST,run/sthelar40x_klt_5class_slideind_foldB_fullft_lr1e-5_e10_seed43/log/2026-08-25T105706_sthelar40x_klt_5class_slideind_foldB_fullft_lr1e-5_e10_seed43/inference_results.json,
klt_per_class,KLT,CellViT-SAM-H,FullFT,Pooled KLT,B,,,43,Other,,,,,,,,,,,,,,,,,,,,,,,,,,,,,,,,,,,,,,,,,,,,,0.21101481688565837,,,15263,23623,26122,0.017782527893694222,,,,,,,,checkpoint_10 TEST,run/sthelar40x_klt_5class_slideind_foldB_fullft_lr1e-5_e10_seed43/log/2026-08-25T105706_sthelar40x_klt_5class_slideind_foldB_fullft_lr1e-5_e10_seed43/inference_results.json,
klt_confusion,KLT,CellViT-SAM-H,FullFT,Pooled KLT,B,,,43,,Background,Background,15,,,,,,,,,,,,,,,,,,,,,,,,,,,,,,,,,,,,,,,,,,,,,,,,,,,,,,,,checkpoint_10 TEST,run/sthelar40x_klt_5class_slideind_foldB_fullft_lr1e-5_e10_seed43/log/2026-08-25T105706_sthelar40x_klt_5class_slideind_foldB_fullft_lr1e-5_e10_seed43/inference_results.json,"Rows=true, columns=predicted; paired matches only."
klt_confusion,KLT,CellViT-SAM-H,FullFT,Pooled KLT,B,,,43,,Background,Immune,0,,,,,,,,,,,,,,,,,,,,,,,,,,,,,,,,,,,,,,,,,,,,,,,,,,,,,,,,checkpoint_10 TEST,run/sthelar40x_klt_5class_slideind_foldB_fullft_lr1e-5_e10_seed43/log/2026-08-25T105706_sthelar40x_klt_5class_slideind_foldB_fullft_lr1e-5_e10_seed43/inference_results.json,"Rows=true, columns=predicted; paired matches only."
klt_confusion,KLT,CellViT-SAM-H,FullFT,Pooled KLT,B,,,43,,Background,Stromal,0,,,,,,,,,,,,,,,,,,,,,,,,,,,,,,,,,,,,,,,,,,,,,,,,,,,,,,,,checkpoint_10 TEST,run/sthelar40x_klt_5class_slideind_foldB_fullft_lr1e-5_e10_seed43/log/2026-08-25T105706_sthelar40x_klt_5class_slideind_foldB_fullft_lr1e-5_e10_seed43/inference_results.json,"Rows=true, columns=predicted; paired matches only."
klt_confusion,KLT,CellViT-SAM-H,FullFT,Pooled KLT,B,,,43,,Background,Epithelial,0,,,,,,,,,,,,,,,,,,,,,,,,,,,,,,,,,,,,,,,,,,,,,,,,,,,,,,,,checkpoint_10 TEST,run/sthelar40x_klt_5class_slideind_foldB_fullft_lr1e-5_e10_seed43/log/2026-08-25T105706_sthelar40x_klt_5class_slideind_foldB_fullft_lr1e-5_e10_seed43/inference_results.json,"Rows=true, columns=predicted; paired matches only."
klt_confusion,KLT,CellViT-SAM-H,FullFT,Pooled KLT,B,,,43,,Background,Melanocyte,0,,,,,,,,,,,,,,,,,,,,,,,,,,,,,,,,,,,,,,,,,,,,,,,,,,,,,,,,checkpoint_10 TEST,run/sthelar40x_klt_5class_slideind_foldB_fullft_lr1e-5_e10_seed43/log/2026-08-25T105706_sthelar40x_klt_5class_slideind_foldB_fullft_lr1e-5_e10_seed43/inference_results.json,"Rows=true, columns=predicted; paired matches only."
klt_confusion,KLT,CellViT-SAM-H,FullFT,Pooled KLT,B,,,43,,Background,Other,0,,,,,,,,,,,,,,,,,,,,,,,,,,,,,,,,,,,,,,,,,,,,,,,,,,,,,,,,checkpoint_10 TEST,run/sthelar40x_klt_5class_slideind_foldB_fullft_lr1e-5_e10_seed43/log/2026-08-25T105706_sthelar40x_klt_5class_slideind_foldB_fullft_lr1e-5_e10_seed43/inference_results.json,"Rows=true, columns=predicted; paired matches only."
klt_confusion,KLT,CellViT-SAM-H,FullFT,Pooled KLT,B,,,43,,Immune,Background,73,,,,,,,,,,,,,,,,,,,,,,,,,,,,,,,,,,,,,,,,,,,,,,,,,,,,,,,,checkpoint_10 TEST,run/sthelar40x_klt_5class_slideind_foldB_fullft_lr1e-5_e10_seed43/log/2026-08-25T105706_sthelar40x_klt_5class_slideind_foldB_fullft_lr1e-5_e10_seed43/inference_results.json,"Rows=true, columns=predicted; paired matches only."
klt_confusion,KLT,CellViT-SAM-H,FullFT,Pooled KLT,B,,,43,,Immune,Immune,618955,,,,,,,,,,,,,,,,,,,,,,,,,,,,,,,,,,,,,,,,,,,,,,,,,,,,,,,,checkpoint_10 TEST,run/sthelar40x_klt_5class_slideind_foldB_fullft_lr1e-5_e10_seed43/log/2026-08-25T105706_sthelar40x_klt_5class_slideind_foldB_fullft_lr1e-5_e10_seed43/inference_results.json,"Rows=true, columns=predicted; paired matches only."
klt_confusion,KLT,CellViT-SAM-H,FullFT,Pooled KLT,B,,,43,,Immune,Stromal,41823,,,,,,,,,,,,,,,,,,,,,,,,,,,,,,,,,,,,,,,,,,,,,,,,,,,,,,,,checkpoint_10 TEST,run/sthelar40x_klt_5class_slideind_foldB_fullft_lr1e-5_e10_seed43/log/2026-08-25T105706_sthelar40x_klt_5class_slideind_foldB_fullft_lr1e-5_e10_seed43/inference_results.json,"Rows=true, columns=predicted; paired matches only."
klt_confusion,KLT,CellViT-SAM-H,FullFT,Pooled KLT,B,,,43,,Immune,Epithelial,50331,,,,,,,,,,,,,,,,,,,,,,,,,,,,,,,,,,,,,,,,,,,,,,,,,,,,,,,,checkpoint_10 TEST,run/sthelar40x_klt_5class_slideind_foldB_fullft_lr1e-5_e10_seed43/log/2026-08-25T105706_sthelar40x_klt_5class_slideind_foldB_fullft_lr1e-5_e10_seed43/inference_results.json,"Rows=true, columns=predicted; paired matches only."
klt_confusion,KLT,CellViT-SAM-H,FullFT,Pooled KLT,B,,,43,,Immune,Melanocyte,0,,,,,,,,,,,,,,,,,,,,,,,,,,,,,,,,,,,,,,,,,,,,,,,,,,,,,,,,checkpoint_10 TEST,run/sthelar40x_klt_5class_slideind_foldB_fullft_lr1e-5_e10_seed43/log/2026-08-25T105706_sthelar40x_klt_5class_slideind_foldB_fullft_lr1e-5_e10_seed43/inference_results.json,"Rows=true, columns=predicted; paired matches only."
klt_confusion,KLT,CellViT-SAM-H,FullFT,Pooled KLT,B,,,43,,Immune,Other,6262,,,,,,,,,,,,,,,,,,,,,,,,,,,,,,,,,,,,,,,,,,,,,,,,,,,,,,,,checkpoint_10 TEST,run/sthelar40x_klt_5class_slideind_foldB_fullft_lr1e-5_e10_seed43/log/2026-08-25T105706_sthelar40x_klt_5class_slideind_foldB_fullft_lr1e-5_e10_seed43/inference_results.json,"Rows=true, columns=predicted; paired matches only."
klt_confusion,KLT,CellViT-SAM-H,FullFT,Pooled KLT,B,,,43,,Stromal,Background,66,,,,,,,,,,,,,,,,,,,,,,,,,,,,,,,,,,,,,,,,,,,,,,,,,,,,,,,,checkpoint_10 TEST,run/sthelar40x_klt_5class_slideind_foldB_fullft_lr1e-5_e10_seed43/log/2026-08-25T105706_sthelar40x_klt_5class_slideind_foldB_fullft_lr1e-5_e10_seed43/inference_results.json,"Rows=true, columns=predicted; paired matches only."
klt_confusion,KLT,CellViT-SAM-H,FullFT,Pooled KLT,B,,,43,,Stromal,Immune,112542,,,,,,,,,,,,,,,,,,,,,,,,,,,,,,,,,,,,,,,,,,,,,,,,,,,,,,,,checkpoint_10 TEST,run/sthelar40x_klt_5class_slideind_foldB_fullft_lr1e-5_e10_seed43/log/2026-08-25T105706_sthelar40x_klt_5class_slideind_foldB_fullft_lr1e-5_e10_seed43/inference_results.json,"Rows=true, columns=predicted; paired matches only."
klt_confusion,KLT,CellViT-SAM-H,FullFT,Pooled KLT,B,,,43,,Stromal,Stromal,87204,,,,,,,,,,,,,,,,,,,,,,,,,,,,,,,,,,,,,,,,,,,,,,,,,,,,,,,,checkpoint_10 TEST,run/sthelar40x_klt_5class_slideind_foldB_fullft_lr1e-5_e10_seed43/log/2026-08-25T105706_sthelar40x_klt_5class_slideind_foldB_fullft_lr1e-5_e10_seed43/inference_results.json,"Rows=true, columns=predicted; paired matches only."
klt_confusion,KLT,CellViT-SAM-H,FullFT,Pooled KLT,B,,,43,,Stromal,Epithelial,33141,,,,,,,,,,,,,,,,,,,,,,,,,,,,,,,,,,,,,,,,,,,,,,,,,,,,,,,,checkpoint_10 TEST,run/sthelar40x_klt_5class_slideind_foldB_fullft_lr1e-5_e10_seed43/log/2026-08-25T105706_sthelar40x_klt_5class_slideind_foldB_fullft_lr1e-5_e10_seed43/inference_results.json,"Rows=true, columns=predicted; paired matches only."
klt_confusion,KLT,CellViT-SAM-H,FullFT,Pooled KLT,B,,,43,,Stromal,Melanocyte,0,,,,,,,,,,,,,,,,,,,,,,,,,,,,,,,,,,,,,,,,,,,,,,,,,,,,,,,,checkpoint_10 TEST,run/sthelar40x_klt_5class_slideind_foldB_fullft_lr1e-5_e10_seed43/log/2026-08-25T105706_sthelar40x_klt_5class_slideind_foldB_fullft_lr1e-5_e10_seed43/inference_results.json,"Rows=true, columns=predicted; paired matches only."
klt_confusion,KLT,CellViT-SAM-H,FullFT,Pooled KLT,B,,,43,,Stromal,Other,6660,,,,,,,,,,,,,,,,,,,,,,,,,,,,,,,,,,,,,,,,,,,,,,,,,,,,,,,,checkpoint_10 TEST,run/sthelar40x_klt_5class_slideind_foldB_fullft_lr1e-5_e10_seed43/log/2026-08-25T105706_sthelar40x_klt_5class_slideind_foldB_fullft_lr1e-5_e10_seed43/inference_results.json,"Rows=true, columns=predicted; paired matches only."
klt_confusion,KLT,CellViT-SAM-H,FullFT,Pooled KLT,B,,,43,,Epithelial,Background,285,,,,,,,,,,,,,,,,,,,,,,,,,,,,,,,,,,,,,,,,,,,,,,,,,,,,,,,,checkpoint_10 TEST,run/sthelar40x_klt_5class_slideind_foldB_fullft_lr1e-5_e10_seed43/log/2026-08-25T105706_sthelar40x_klt_5class_slideind_foldB_fullft_lr1e-5_e10_seed43/inference_results.json,"Rows=true, columns=predicted; paired matches only."
klt_confusion,KLT,CellViT-SAM-H,FullFT,Pooled KLT,B,,,43,,Epithelial,Immune,50185,,,,,,,,,,,,,,,,,,,,,,,,,,,,,,,,,,,,,,,,,,,,,,,,,,,,,,,,checkpoint_10 TEST,run/sthelar40x_klt_5class_slideind_foldB_fullft_lr1e-5_e10_seed43/log/2026-08-25T105706_sthelar40x_klt_5class_slideind_foldB_fullft_lr1e-5_e10_seed43/inference_results.json,"Rows=true, columns=predicted; paired matches only."
klt_confusion,KLT,CellViT-SAM-H,FullFT,Pooled KLT,B,,,43,,Epithelial,Stromal,40422,,,,,,,,,,,,,,,,,,,,,,,,,,,,,,,,,,,,,,,,,,,,,,,,,,,,,,,,checkpoint_10 TEST,run/sthelar40x_klt_5class_slideind_foldB_fullft_lr1e-5_e10_seed43/log/2026-08-25T105706_sthelar40x_klt_5class_slideind_foldB_fullft_lr1e-5_e10_seed43/inference_results.json,"Rows=true, columns=predicted; paired matches only."
klt_confusion,KLT,CellViT-SAM-H,FullFT,Pooled KLT,B,,,43,,Epithelial,Epithelial,228282,,,,,,,,,,,,,,,,,,,,,,,,,,,,,,,,,,,,,,,,,,,,,,,,,,,,,,,,checkpoint_10 TEST,run/sthelar40x_klt_5class_slideind_foldB_fullft_lr1e-5_e10_seed43/log/2026-08-25T105706_sthelar40x_klt_5class_slideind_foldB_fullft_lr1e-5_e10_seed43/inference_results.json,"Rows=true, columns=predicted; paired matches only."
klt_confusion,KLT,CellViT-SAM-H,FullFT,Pooled KLT,B,,,43,,Epithelial,Melanocyte,0,,,,,,,,,,,,,,,,,,,,,,,,,,,,,,,,,,,,,,,,,,,,,,,,,,,,,,,,checkpoint_10 TEST,run/sthelar40x_klt_5class_slideind_foldB_fullft_lr1e-5_e10_seed43/log/2026-08-25T105706_sthelar40x_klt_5class_slideind_foldB_fullft_lr1e-5_e10_seed43/inference_results.json,"Rows=true, columns=predicted; paired matches only."
klt_confusion,KLT,CellViT-SAM-H,FullFT,Pooled KLT,B,,,43,,Epithelial,Other,3811,,,,,,,,,,,,,,,,,,,,,,,,,,,,,,,,,,,,,,,,,,,,,,,,,,,,,,,,checkpoint_10 TEST,run/sthelar40x_klt_5class_slideind_foldB_fullft_lr1e-5_e10_seed43/log/2026-08-25T105706_sthelar40x_klt_5class_slideind_foldB_fullft_lr1e-5_e10_seed43/inference_results.json,"Rows=true, columns=predicted; paired matches only."
klt_confusion,KLT,CellViT-SAM-H,FullFT,Pooled KLT,B,,,43,,Melanocyte,Background,0,,,,,,,,,,,,,,,,,,,,,,,,,,,,,,,,,,,,,,,,,,,,,,,,,,,,,,,,checkpoint_10 TEST,run/sthelar40x_klt_5class_slideind_foldB_fullft_lr1e-5_e10_seed43/log/2026-08-25T105706_sthelar40x_klt_5class_slideind_foldB_fullft_lr1e-5_e10_seed43/inference_results.json,"Rows=true, columns=predicted; paired matches only."
klt_confusion,KLT,CellViT-SAM-H,FullFT,Pooled KLT,B,,,43,,Melanocyte,Immune,0,,,,,,,,,,,,,,,,,,,,,,,,,,,,,,,,,,,,,,,,,,,,,,,,,,,,,,,,checkpoint_10 TEST,run/sthelar40x_klt_5class_slideind_foldB_fullft_lr1e-5_e10_seed43/log/2026-08-25T105706_sthelar40x_klt_5class_slideind_foldB_fullft_lr1e-5_e10_seed43/inference_results.json,"Rows=true, columns=predicted; paired matches only."
klt_confusion,KLT,CellViT-SAM-H,FullFT,Pooled KLT,B,,,43,,Melanocyte,Stromal,0,,,,,,,,,,,,,,,,,,,,,,,,,,,,,,,,,,,,,,,,,,,,,,,,,,,,,,,,checkpoint_10 TEST,run/sthelar40x_klt_5class_slideind_foldB_fullft_lr1e-5_e10_seed43/log/2026-08-25T105706_sthelar40x_klt_5class_slideind_foldB_fullft_lr1e-5_e10_seed43/inference_results.json,"Rows=true, columns=predicted; paired matches only."
klt_confusion,KLT,CellViT-SAM-H,FullFT,Pooled KLT,B,,,43,,Melanocyte,Epithelial,0,,,,,,,,,,,,,,,,,,,,,,,,,,,,,,,,,,,,,,,,,,,,,,,,,,,,,,,,checkpoint_10 TEST,run/sthelar40x_klt_5class_slideind_foldB_fullft_lr1e-5_e10_seed43/log/2026-08-25T105706_sthelar40x_klt_5class_slideind_foldB_fullft_lr1e-5_e10_seed43/inference_results.json,"Rows=true, columns=predicted; paired matches only."
klt_confusion,KLT,CellViT-SAM-H,FullFT,Pooled KLT,B,,,43,,Melanocyte,Melanocyte,0,,,,,,,,,,,,,,,,,,,,,,,,,,,,,,,,,,,,,,,,,,,,,,,,,,,,,,,,checkpoint_10 TEST,run/sthelar40x_klt_5class_slideind_foldB_fullft_lr1e-5_e10_seed43/log/2026-08-25T105706_sthelar40x_klt_5class_slideind_foldB_fullft_lr1e-5_e10_seed43/inference_results.json,"Rows=true, columns=predicted; paired matches only."
klt_confusion,KLT,CellViT-SAM-H,FullFT,Pooled KLT,B,,,43,,Melanocyte,Other,0,,,,,,,,,,,,,,,,,,,,,,,,,,,,,,,,,,,,,,,,,,,,,,,,,,,,,,,,checkpoint_10 TEST,run/sthelar40x_klt_5class_slideind_foldB_fullft_lr1e-5_e10_seed43/log/2026-08-25T105706_sthelar40x_klt_5class_slideind_foldB_fullft_lr1e-5_e10_seed43/inference_results.json,"Rows=true, columns=predicted; paired matches only."
klt_confusion,KLT,CellViT-SAM-H,FullFT,Pooled KLT,B,,,43,,Other,Background,13,,,,,,,,,,,,,,,,,,,,,,,,,,,,,,,,,,,,,,,,,,,,,,,,,,,,,,,,checkpoint_10 TEST,run/sthelar40x_klt_5class_slideind_foldB_fullft_lr1e-5_e10_seed43/log/2026-08-25T105706_sthelar40x_klt_5class_slideind_foldB_fullft_lr1e-5_e10_seed43/inference_results.json,"Rows=true, columns=predicted; paired matches only."
klt_confusion,KLT,CellViT-SAM-H,FullFT,Pooled KLT,B,,,43,,Other,Immune,5862,,,,,,,,,,,,,,,,,,,,,,,,,,,,,,,,,,,,,,,,,,,,,,,,,,,,,,,,checkpoint_10 TEST,run/sthelar40x_klt_5class_slideind_foldB_fullft_lr1e-5_e10_seed43/log/2026-08-25T105706_sthelar40x_klt_5class_slideind_foldB_fullft_lr1e-5_e10_seed43/inference_results.json,"Rows=true, columns=predicted; paired matches only."
klt_confusion,KLT,CellViT-SAM-H,FullFT,Pooled KLT,B,,,43,,Other,Stromal,3715,,,,,,,,,,,,,,,,,,,,,,,,,,,,,,,,,,,,,,,,,,,,,,,,,,,,,,,,checkpoint_10 TEST,run/sthelar40x_klt_5class_slideind_foldB_fullft_lr1e-5_e10_seed43/log/2026-08-25T105706_sthelar40x_klt_5class_slideind_foldB_fullft_lr1e-5_e10_seed43/inference_results.json,"Rows=true, columns=predicted; paired matches only."
klt_confusion,KLT,CellViT-SAM-H,FullFT,Pooled KLT,B,,,43,,Other,Epithelial,1912,,,,,,,,,,,,,,,,,,,,,,,,,,,,,,,,,,,,,,,,,,,,,,,,,,,,,,,,checkpoint_10 TEST,run/sthelar40x_klt_5class_slideind_foldB_fullft_lr1e-5_e10_seed43/log/2026-08-25T105706_sthelar40x_klt_5class_slideind_foldB_fullft_lr1e-5_e10_seed43/inference_results.json,"Rows=true, columns=predicted; paired matches only."
klt_confusion,KLT,CellViT-SAM-H,FullFT,Pooled KLT,B,,,43,,Other,Melanocyte,0,,,,,,,,,,,,,,,,,,,,,,,,,,,,,,,,,,,,,,,,,,,,,,,,,,,,,,,,checkpoint_10 TEST,run/sthelar40x_klt_5class_slideind_foldB_fullft_lr1e-5_e10_seed43/log/2026-08-25T105706_sthelar40x_klt_5class_slideind_foldB_fullft_lr1e-5_e10_seed43/inference_results.json,"Rows=true, columns=predicted; paired matches only."
klt_confusion,KLT,CellViT-SAM-H,FullFT,Pooled KLT,B,,,43,,Other,Other,3774,,,,,,,,,,,,,,,,,,,,,,,,,,,,,,,,,,,,,,,,,,,,,,,,,,,,,,,,checkpoint_10 TEST,run/sthelar40x_klt_5class_slideind_foldB_fullft_lr1e-5_e10_seed43/log/2026-08-25T105706_sthelar40x_klt_5class_slideind_foldB_fullft_lr1e-5_e10_seed43/inference_results.json,"Rows=true, columns=predicted; paired matches only."
klt_seed_metric,KLT,CellViT-SAM-H,FullFT,Kidney,B,,,44,,,,,6723,,,,,,,,,,,,,,,,,0.8586634326845055,0.7634859752077174,0.6486143057732097,0.24578385573121925,0.8974196473936964,0.4135578689640703,,,,,,,,,,,,,,,,,,,,,,,,,,,,,,,,,checkpoint_10 TEST,run/sthelar40x_klt_5class_slideind_foldB_fullft_lr1e-5_e10_seed44/log/2026-08-28T224255_sthelar40x_klt_5class_slideind_foldB_fullft_lr1e-5_e10_seed44/inference_results.json,
klt_per_class,KLT,CellViT-SAM-H,FullFT,Kidney,B,,,44,Immune,,,,,,,,,,,,,,,,,,,,,,,,,,,,,,,,,,,,,,,,,,,,,0.3044218094667466,,,16409,19741,26669,0.15304231058367143,,,,,,,,checkpoint_10 TEST,run/sthelar40x_klt_5class_slideind_foldB_fullft_lr1e-5_e10_seed44/log/2026-08-28T224255_sthelar40x_klt_5class_slideind_foldB_fullft_lr1e-5_e10_seed44/inference_results.json,
klt_per_class,KLT,CellViT-SAM-H,FullFT,Kidney,B,,,44,Stromal,,,,,,,,,,,,,,,,,,,,,,,,,,,,,,,,,,,,,,,,,,,,,0.45483673964511895,,,46463,55139,78262,0.44911310176231933,,,,,,,,checkpoint_10 TEST,run/sthelar40x_klt_5class_slideind_foldB_fullft_lr1e-5_e10_seed44/log/2026-08-28T224255_sthelar40x_klt_5class_slideind_foldB_fullft_lr1e-5_e10_seed44/inference_results.json,
klt_per_class,KLT,CellViT-SAM-H,FullFT,Kidney,B,,,44,Epithelial,,,,,,,,,,,,,,,,,,,,,,,,,,,,,,,,,,,,,,,,,,,,,0.6602275528340318,,,94286,106920,62323,0.35764580308621075,,,,,,,,checkpoint_10 TEST,run/sthelar40x_klt_5class_slideind_foldB_fullft_lr1e-5_e10_seed44/log/2026-08-28T224255_sthelar40x_klt_5class_slideind_foldB_fullft_lr1e-5_e10_seed44/inference_results.json,
klt_per_class,KLT,CellViT-SAM-H,FullFT,Kidney,B,,,44,Melanocyte,,,,,,,,,,,,,,,,,,,,,,,,,,,,,,,,,,,,,,,,,,,,,,,,0,0,0,0.0,,,,,,,,checkpoint_10 TEST,run/sthelar40x_klt_5class_slideind_foldB_fullft_lr1e-5_e10_seed44/log/2026-08-28T224255_sthelar40x_klt_5class_slideind_foldB_fullft_lr1e-5_e10_seed44/inference_results.json,
klt_per_class,KLT,CellViT-SAM-H,FullFT,Kidney,B,,,44,Other,,,,,,,,,,,,,,,,,,,,,,,,,,,,,,,,,,,,,,,,,,,,,0.23474537391038386,,,7091,9927,7005,0.040198784567798504,,,,,,,,checkpoint_10 TEST,run/sthelar40x_klt_5class_slideind_foldB_fullft_lr1e-5_e10_seed44/log/2026-08-28T224255_sthelar40x_klt_5class_slideind_foldB_fullft_lr1e-5_e10_seed44/inference_results.json,
klt_confusion,KLT,CellViT-SAM-H,FullFT,Kidney,B,,,44,,Background,Background,8,,,,,,,,,,,,,,,,,,,,,,,,,,,,,,,,,,,,,,,,,,,,,,,,,,,,,,,,checkpoint_10 TEST,run/sthelar40x_klt_5class_slideind_foldB_fullft_lr1e-5_e10_seed44/log/2026-08-28T224255_sthelar40x_klt_5class_slideind_foldB_fullft_lr1e-5_e10_seed44/inference_results.json,"Rows=true, columns=predicted; paired matches only."
klt_confusion,KLT,CellViT-SAM-H,FullFT,Kidney,B,,,44,,Background,Immune,0,,,,,,,,,,,,,,,,,,,,,,,,,,,,,,,,,,,,,,,,,,,,,,,,,,,,,,,,checkpoint_10 TEST,run/sthelar40x_klt_5class_slideind_foldB_fullft_lr1e-5_e10_seed44/log/2026-08-28T224255_sthelar40x_klt_5class_slideind_foldB_fullft_lr1e-5_e10_seed44/inference_results.json,"Rows=true, columns=predicted; paired matches only."
klt_confusion,KLT,CellViT-SAM-H,FullFT,Kidney,B,,,44,,Background,Stromal,0,,,,,,,,,,,,,,,,,,,,,,,,,,,,,,,,,,,,,,,,,,,,,,,,,,,,,,,,checkpoint_10 TEST,run/sthelar40x_klt_5class_slideind_foldB_fullft_lr1e-5_e10_seed44/log/2026-08-28T224255_sthelar40x_klt_5class_slideind_foldB_fullft_lr1e-5_e10_seed44/inference_results.json,"Rows=true, columns=predicted; paired matches only."
klt_confusion,KLT,CellViT-SAM-H,FullFT,Kidney,B,,,44,,Background,Epithelial,0,,,,,,,,,,,,,,,,,,,,,,,,,,,,,,,,,,,,,,,,,,,,,,,,,,,,,,,,checkpoint_10 TEST,run/sthelar40x_klt_5class_slideind_foldB_fullft_lr1e-5_e10_seed44/log/2026-08-28T224255_sthelar40x_klt_5class_slideind_foldB_fullft_lr1e-5_e10_seed44/inference_results.json,"Rows=true, columns=predicted; paired matches only."
klt_confusion,KLT,CellViT-SAM-H,FullFT,Kidney,B,,,44,,Background,Melanocyte,0,,,,,,,,,,,,,,,,,,,,,,,,,,,,,,,,,,,,,,,,,,,,,,,,,,,,,,,,checkpoint_10 TEST,run/sthelar40x_klt_5class_slideind_foldB_fullft_lr1e-5_e10_seed44/log/2026-08-28T224255_sthelar40x_klt_5class_slideind_foldB_fullft_lr1e-5_e10_seed44/inference_results.json,"Rows=true, columns=predicted; paired matches only."
klt_confusion,KLT,CellViT-SAM-H,FullFT,Kidney,B,,,44,,Background,Other,0,,,,,,,,,,,,,,,,,,,,,,,,,,,,,,,,,,,,,,,,,,,,,,,,,,,,,,,,checkpoint_10 TEST,run/sthelar40x_klt_5class_slideind_foldB_fullft_lr1e-5_e10_seed44/log/2026-08-28T224255_sthelar40x_klt_5class_slideind_foldB_fullft_lr1e-5_e10_seed44/inference_results.json,"Rows=true, columns=predicted; paired matches only."
klt_confusion,KLT,CellViT-SAM-H,FullFT,Kidney,B,,,44,,Immune,Background,0,,,,,,,,,,,,,,,,,,,,,,,,,,,,,,,,,,,,,,,,,,,,,,,,,,,,,,,,checkpoint_10 TEST,run/sthelar40x_klt_5class_slideind_foldB_fullft_lr1e-5_e10_seed44/log/2026-08-28T224255_sthelar40x_klt_5class_slideind_foldB_fullft_lr1e-5_e10_seed44/inference_results.json,"Rows=true, columns=predicted; paired matches only."
klt_confusion,KLT,CellViT-SAM-H,FullFT,Kidney,B,,,44,,Immune,Immune,6351,,,,,,,,,,,,,,,,,,,,,,,,,,,,,,,,,,,,,,,,,,,,,,,,,,,,,,,,checkpoint_10 TEST,run/sthelar40x_klt_5class_slideind_foldB_fullft_lr1e-5_e10_seed44/log/2026-08-28T224255_sthelar40x_klt_5class_slideind_foldB_fullft_lr1e-5_e10_seed44/inference_results.json,"Rows=true, columns=predicted; paired matches only."
klt_confusion,KLT,CellViT-SAM-H,FullFT,Kidney,B,,,44,,Immune,Stromal,6529,,,,,,,,,,,,,,,,,,,,,,,,,,,,,,,,,,,,,,,,,,,,,,,,,,,,,,,,checkpoint_10 TEST,run/sthelar40x_klt_5class_slideind_foldB_fullft_lr1e-5_e10_seed44/log/2026-08-28T224255_sthelar40x_klt_5class_slideind_foldB_fullft_lr1e-5_e10_seed44/inference_results.json,"Rows=true, columns=predicted; paired matches only."
klt_confusion,KLT,CellViT-SAM-H,FullFT,Kidney,B,,,44,,Immune,Epithelial,2173,,,,,,,,,,,,,,,,,,,,,,,,,,,,,,,,,,,,,,,,,,,,,,,,,,,,,,,,checkpoint_10 TEST,run/sthelar40x_klt_5class_slideind_foldB_fullft_lr1e-5_e10_seed44/log/2026-08-28T224255_sthelar40x_klt_5class_slideind_foldB_fullft_lr1e-5_e10_seed44/inference_results.json,"Rows=true, columns=predicted; paired matches only."
klt_confusion,KLT,CellViT-SAM-H,FullFT,Kidney,B,,,44,,Immune,Melanocyte,0,,,,,,,,,,,,,,,,,,,,,,,,,,,,,,,,,,,,,,,,,,,,,,,,,,,,,,,,checkpoint_10 TEST,run/sthelar40x_klt_5class_slideind_foldB_fullft_lr1e-5_e10_seed44/log/2026-08-28T224255_sthelar40x_klt_5class_slideind_foldB_fullft_lr1e-5_e10_seed44/inference_results.json,"Rows=true, columns=predicted; paired matches only."
klt_confusion,KLT,CellViT-SAM-H,FullFT,Kidney,B,,,44,,Immune,Other,1356,,,,,,,,,,,,,,,,,,,,,,,,,,,,,,,,,,,,,,,,,,,,,,,,,,,,,,,,checkpoint_10 TEST,run/sthelar40x_klt_5class_slideind_foldB_fullft_lr1e-5_e10_seed44/log/2026-08-28T224255_sthelar40x_klt_5class_slideind_foldB_fullft_lr1e-5_e10_seed44/inference_results.json,"Rows=true, columns=predicted; paired matches only."
klt_confusion,KLT,CellViT-SAM-H,FullFT,Kidney,B,,,44,,Stromal,Background,0,,,,,,,,,,,,,,,,,,,,,,,,,,,,,,,,,,,,,,,,,,,,,,,,,,,,,,,,checkpoint_10 TEST,run/sthelar40x_klt_5class_slideind_foldB_fullft_lr1e-5_e10_seed44/log/2026-08-28T224255_sthelar40x_klt_5class_slideind_foldB_fullft_lr1e-5_e10_seed44/inference_results.json,"Rows=true, columns=predicted; paired matches only."
klt_confusion,KLT,CellViT-SAM-H,FullFT,Kidney,B,,,44,,Stromal,Immune,11587,,,,,,,,,,,,,,,,,,,,,,,,,,,,,,,,,,,,,,,,,,,,,,,,,,,,,,,,checkpoint_10 TEST,run/sthelar40x_klt_5class_slideind_foldB_fullft_lr1e-5_e10_seed44/log/2026-08-28T224255_sthelar40x_klt_5class_slideind_foldB_fullft_lr1e-5_e10_seed44/inference_results.json,"Rows=true, columns=predicted; paired matches only."
klt_confusion,KLT,CellViT-SAM-H,FullFT,Kidney,B,,,44,,Stromal,Stromal,27184,,,,,,,,,,,,,,,,,,,,,,,,,,,,,,,,,,,,,,,,,,,,,,,,,,,,,,,,checkpoint_10 TEST,run/sthelar40x_klt_5class_slideind_foldB_fullft_lr1e-5_e10_seed44/log/2026-08-28T224255_sthelar40x_klt_5class_slideind_foldB_fullft_lr1e-5_e10_seed44/inference_results.json,"Rows=true, columns=predicted; paired matches only."
klt_confusion,KLT,CellViT-SAM-H,FullFT,Kidney,B,,,44,,Stromal,Epithelial,5557,,,,,,,,,,,,,,,,,,,,,,,,,,,,,,,,,,,,,,,,,,,,,,,,,,,,,,,,checkpoint_10 TEST,run/sthelar40x_klt_5class_slideind_foldB_fullft_lr1e-5_e10_seed44/log/2026-08-28T224255_sthelar40x_klt_5class_slideind_foldB_fullft_lr1e-5_e10_seed44/inference_results.json,"Rows=true, columns=predicted; paired matches only."
klt_confusion,KLT,CellViT-SAM-H,FullFT,Kidney,B,,,44,,Stromal,Melanocyte,0,,,,,,,,,,,,,,,,,,,,,,,,,,,,,,,,,,,,,,,,,,,,,,,,,,,,,,,,checkpoint_10 TEST,run/sthelar40x_klt_5class_slideind_foldB_fullft_lr1e-5_e10_seed44/log/2026-08-28T224255_sthelar40x_klt_5class_slideind_foldB_fullft_lr1e-5_e10_seed44/inference_results.json,"Rows=true, columns=predicted; paired matches only."
klt_confusion,KLT,CellViT-SAM-H,FullFT,Kidney,B,,,44,,Stromal,Other,2135,,,,,,,,,,,,,,,,,,,,,,,,,,,,,,,,,,,,,,,,,,,,,,,,,,,,,,,,checkpoint_10 TEST,run/sthelar40x_klt_5class_slideind_foldB_fullft_lr1e-5_e10_seed44/log/2026-08-28T224255_sthelar40x_klt_5class_slideind_foldB_fullft_lr1e-5_e10_seed44/inference_results.json,"Rows=true, columns=predicted; paired matches only."
klt_confusion,KLT,CellViT-SAM-H,FullFT,Kidney,B,,,44,,Epithelial,Background,4,,,,,,,,,,,,,,,,,,,,,,,,,,,,,,,,,,,,,,,,,,,,,,,,,,,,,,,,checkpoint_10 TEST,run/sthelar40x_klt_5class_slideind_foldB_fullft_lr1e-5_e10_seed44/log/2026-08-28T224255_sthelar40x_klt_5class_slideind_foldB_fullft_lr1e-5_e10_seed44/inference_results.json,"Rows=true, columns=predicted; paired matches only."
klt_confusion,KLT,CellViT-SAM-H,FullFT,Kidney,B,,,44,,Epithelial,Immune,6210,,,,,,,,,,,,,,,,,,,,,,,,,,,,,,,,,,,,,,,,,,,,,,,,,,,,,,,,checkpoint_10 TEST,run/sthelar40x_klt_5class_slideind_foldB_fullft_lr1e-5_e10_seed44/log/2026-08-28T224255_sthelar40x_klt_5class_slideind_foldB_fullft_lr1e-5_e10_seed44/inference_results.json,"Rows=true, columns=predicted; paired matches only."
klt_confusion,KLT,CellViT-SAM-H,FullFT,Kidney,B,,,44,,Epithelial,Stromal,36224,,,,,,,,,,,,,,,,,,,,,,,,,,,,,,,,,,,,,,,,,,,,,,,,,,,,,,,,checkpoint_10 TEST,run/sthelar40x_klt_5class_slideind_foldB_fullft_lr1e-5_e10_seed44/log/2026-08-28T224255_sthelar40x_klt_5class_slideind_foldB_fullft_lr1e-5_e10_seed44/inference_results.json,"Rows=true, columns=predicted; paired matches only."
klt_confusion,KLT,CellViT-SAM-H,FullFT,Kidney,B,,,44,,Epithelial,Epithelial,50891,,,,,,,,,,,,,,,,,,,,,,,,,,,,,,,,,,,,,,,,,,,,,,,,,,,,,,,,checkpoint_10 TEST,run/sthelar40x_klt_5class_slideind_foldB_fullft_lr1e-5_e10_seed44/log/2026-08-28T224255_sthelar40x_klt_5class_slideind_foldB_fullft_lr1e-5_e10_seed44/inference_results.json,"Rows=true, columns=predicted; paired matches only."
klt_confusion,KLT,CellViT-SAM-H,FullFT,Kidney,B,,,44,,Epithelial,Melanocyte,0,,,,,,,,,,,,,,,,,,,,,,,,,,,,,,,,,,,,,,,,,,,,,,,,,,,,,,,,checkpoint_10 TEST,run/sthelar40x_klt_5class_slideind_foldB_fullft_lr1e-5_e10_seed44/log/2026-08-28T224255_sthelar40x_klt_5class_slideind_foldB_fullft_lr1e-5_e10_seed44/inference_results.json,"Rows=true, columns=predicted; paired matches only."
klt_confusion,KLT,CellViT-SAM-H,FullFT,Kidney,B,,,44,,Epithelial,Other,961,,,,,,,,,,,,,,,,,,,,,,,,,,,,,,,,,,,,,,,,,,,,,,,,,,,,,,,,checkpoint_10 TEST,run/sthelar40x_klt_5class_slideind_foldB_fullft_lr1e-5_e10_seed44/log/2026-08-28T224255_sthelar40x_klt_5class_slideind_foldB_fullft_lr1e-5_e10_seed44/inference_results.json,"Rows=true, columns=predicted; paired matches only."
klt_confusion,KLT,CellViT-SAM-H,FullFT,Kidney,B,,,44,,Melanocyte,Background,0,,,,,,,,,,,,,,,,,,,,,,,,,,,,,,,,,,,,,,,,,,,,,,,,,,,,,,,,checkpoint_10 TEST,run/sthelar40x_klt_5class_slideind_foldB_fullft_lr1e-5_e10_seed44/log/2026-08-28T224255_sthelar40x_klt_5class_slideind_foldB_fullft_lr1e-5_e10_seed44/inference_results.json,"Rows=true, columns=predicted; paired matches only."
klt_confusion,KLT,CellViT-SAM-H,FullFT,Kidney,B,,,44,,Melanocyte,Immune,0,,,,,,,,,,,,,,,,,,,,,,,,,,,,,,,,,,,,,,,,,,,,,,,,,,,,,,,,checkpoint_10 TEST,run/sthelar40x_klt_5class_slideind_foldB_fullft_lr1e-5_e10_seed44/log/2026-08-28T224255_sthelar40x_klt_5class_slideind_foldB_fullft_lr1e-5_e10_seed44/inference_results.json,"Rows=true, columns=predicted; paired matches only."
klt_confusion,KLT,CellViT-SAM-H,FullFT,Kidney,B,,,44,,Melanocyte,Stromal,0,,,,,,,,,,,,,,,,,,,,,,,,,,,,,,,,,,,,,,,,,,,,,,,,,,,,,,,,checkpoint_10 TEST,run/sthelar40x_klt_5class_slideind_foldB_fullft_lr1e-5_e10_seed44/log/2026-08-28T224255_sthelar40x_klt_5class_slideind_foldB_fullft_lr1e-5_e10_seed44/inference_results.json,"Rows=true, columns=predicted; paired matches only."
klt_confusion,KLT,CellViT-SAM-H,FullFT,Kidney,B,,,44,,Melanocyte,Epithelial,0,,,,,,,,,,,,,,,,,,,,,,,,,,,,,,,,,,,,,,,,,,,,,,,,,,,,,,,,checkpoint_10 TEST,run/sthelar40x_klt_5class_slideind_foldB_fullft_lr1e-5_e10_seed44/log/2026-08-28T224255_sthelar40x_klt_5class_slideind_foldB_fullft_lr1e-5_e10_seed44/inference_results.json,"Rows=true, columns=predicted; paired matches only."
klt_confusion,KLT,CellViT-SAM-H,FullFT,Kidney,B,,,44,,Melanocyte,Melanocyte,0,,,,,,,,,,,,,,,,,,,,,,,,,,,,,,,,,,,,,,,,,,,,,,,,,,,,,,,,checkpoint_10 TEST,run/sthelar40x_klt_5class_slideind_foldB_fullft_lr1e-5_e10_seed44/log/2026-08-28T224255_sthelar40x_klt_5class_slideind_foldB_fullft_lr1e-5_e10_seed44/inference_results.json,"Rows=true, columns=predicted; paired matches only."
klt_confusion,KLT,CellViT-SAM-H,FullFT,Kidney,B,,,44,,Melanocyte,Other,0,,,,,,,,,,,,,,,,,,,,,,,,,,,,,,,,,,,,,,,,,,,,,,,,,,,,,,,,checkpoint_10 TEST,run/sthelar40x_klt_5class_slideind_foldB_fullft_lr1e-5_e10_seed44/log/2026-08-28T224255_sthelar40x_klt_5class_slideind_foldB_fullft_lr1e-5_e10_seed44/inference_results.json,"Rows=true, columns=predicted; paired matches only."
klt_confusion,KLT,CellViT-SAM-H,FullFT,Kidney,B,,,44,,Other,Background,0,,,,,,,,,,,,,,,,,,,,,,,,,,,,,,,,,,,,,,,,,,,,,,,,,,,,,,,,checkpoint_10 TEST,run/sthelar40x_klt_5class_slideind_foldB_fullft_lr1e-5_e10_seed44/log/2026-08-28T224255_sthelar40x_klt_5class_slideind_foldB_fullft_lr1e-5_e10_seed44/inference_results.json,"Rows=true, columns=predicted; paired matches only."
klt_confusion,KLT,CellViT-SAM-H,FullFT,Kidney,B,,,44,,Other,Immune,1168,,,,,,,,,,,,,,,,,,,,,,,,,,,,,,,,,,,,,,,,,,,,,,,,,,,,,,,,checkpoint_10 TEST,run/sthelar40x_klt_5class_slideind_foldB_fullft_lr1e-5_e10_seed44/log/2026-08-28T224255_sthelar40x_klt_5class_slideind_foldB_fullft_lr1e-5_e10_seed44/inference_results.json,"Rows=true, columns=predicted; paired matches only."
klt_confusion,KLT,CellViT-SAM-H,FullFT,Kidney,B,,,44,,Other,Stromal,3133,,,,,,,,,,,,,,,,,,,,,,,,,,,,,,,,,,,,,,,,,,,,,,,,,,,,,,,,checkpoint_10 TEST,run/sthelar40x_klt_5class_slideind_foldB_fullft_lr1e-5_e10_seed44/log/2026-08-28T224255_sthelar40x_klt_5class_slideind_foldB_fullft_lr1e-5_e10_seed44/inference_results.json,"Rows=true, columns=predicted; paired matches only."
klt_confusion,KLT,CellViT-SAM-H,FullFT,Kidney,B,,,44,,Other,Epithelial,1255,,,,,,,,,,,,,,,,,,,,,,,,,,,,,,,,,,,,,,,,,,,,,,,,,,,,,,,,checkpoint_10 TEST,run/sthelar40x_klt_5class_slideind_foldB_fullft_lr1e-5_e10_seed44/log/2026-08-28T224255_sthelar40x_klt_5class_slideind_foldB_fullft_lr1e-5_e10_seed44/inference_results.json,"Rows=true, columns=predicted; paired matches only."
klt_confusion,KLT,CellViT-SAM-H,FullFT,Kidney,B,,,44,,Other,Melanocyte,0,,,,,,,,,,,,,,,,,,,,,,,,,,,,,,,,,,,,,,,,,,,,,,,,,,,,,,,,checkpoint_10 TEST,run/sthelar40x_klt_5class_slideind_foldB_fullft_lr1e-5_e10_seed44/log/2026-08-28T224255_sthelar40x_klt_5class_slideind_foldB_fullft_lr1e-5_e10_seed44/inference_results.json,"Rows=true, columns=predicted; paired matches only."
klt_confusion,KLT,CellViT-SAM-H,FullFT,Kidney,B,,,44,,Other,Other,1535,,,,,,,,,,,,,,,,,,,,,,,,,,,,,,,,,,,,,,,,,,,,,,,,,,,,,,,,checkpoint_10 TEST,run/sthelar40x_klt_5class_slideind_foldB_fullft_lr1e-5_e10_seed44/log/2026-08-28T224255_sthelar40x_klt_5class_slideind_foldB_fullft_lr1e-5_e10_seed44/inference_results.json,"Rows=true, columns=predicted; paired matches only."
klt_seed_metric,KLT,CellViT-SAM-H,FullFT,Liver,B,,,44,,,,,9756,,,,,,,,,,,,,,,,,0.8231438799705773,0.7178187838392985,0.6031870150305227,0.18242302947521125,0.897886508664203,0.30984882990004775,,,,,,,,,,,,,,,,,,,,,,,,,,,,,,,,,checkpoint_10 TEST,run/sthelar40x_klt_5class_slideind_foldB_fullft_lr1e-5_e10_seed44/log/2026-08-28T224255_sthelar40x_klt_5class_slideind_foldB_fullft_lr1e-5_e10_seed44/inference_results.json,
klt_per_class,KLT,CellViT-SAM-H,FullFT,Liver,B,,,44,Immune,,,,,,,,,,,,,,,,,,,,,,,,,,,,,,,,,,,,,,,,,,,,,0.02615841132161607,,,42710,50679,1167,0.005775883829010082,,,,,,,,checkpoint_10 TEST,run/sthelar40x_klt_5class_slideind_foldB_fullft_lr1e-5_e10_seed44/log/2026-08-28T224255_sthelar40x_klt_5class_slideind_foldB_fullft_lr1e-5_e10_seed44/inference_results.json,
klt_per_class,KLT,CellViT-SAM-H,FullFT,Liver,B,,,44,Stromal,,,,,,,,,,,,,,,,,,,,,,,,,,,,,,,,,,,,,,,,,,,,,0.23068314292375844,,,36117,46378,7775,0.0384811454760526,,,,,,,,checkpoint_10 TEST,run/sthelar40x_klt_5class_slideind_foldB_fullft_lr1e-5_e10_seed44/log/2026-08-28T224255_sthelar40x_klt_5class_slideind_foldB_fullft_lr1e-5_e10_seed44/inference_results.json,
klt_per_class,KLT,CellViT-SAM-H,FullFT,Liver,B,,,44,Epithelial,,,,,,,,,,,,,,,,,,,,,,,,,,,,,,,,,,,,,,,,,,,,,0.7611209648811635,,,113780,130094,188555,0.9332234579083085,,,,,,,,checkpoint_10 TEST,run/sthelar40x_klt_5class_slideind_foldB_fullft_lr1e-5_e10_seed44/log/2026-08-28T224255_sthelar40x_klt_5class_slideind_foldB_fullft_lr1e-5_e10_seed44/inference_results.json,
klt_per_class,KLT,CellViT-SAM-H,FullFT,Liver,B,,,44,Melanocyte,,,,,,,,,,,,,,,,,,,,,,,,,,,,,,,,,,,,,,,,,,,,,,,,0,0,0,0.0,,,,,,,,checkpoint_10 TEST,run/sthelar40x_klt_5class_slideind_foldB_fullft_lr1e-5_e10_seed44/log/2026-08-28T224255_sthelar40x_klt_5class_slideind_foldB_fullft_lr1e-5_e10_seed44/inference_results.json,
klt_per_class,KLT,CellViT-SAM-H,FullFT,Liver,B,,,44,Other,,,,,,,,,,,,,,,,,,,,,,,,,,,,,,,,,,,,,,,,,,,,,0.22143280047365305,,,1274,2569,4550,0.022519512786628854,,,,,,,,checkpoint_10 TEST,run/sthelar40x_klt_5class_slideind_foldB_fullft_lr1e-5_e10_seed44/log/2026-08-28T224255_sthelar40x_klt_5class_slideind_foldB_fullft_lr1e-5_e10_seed44/inference_results.json,
klt_confusion,KLT,CellViT-SAM-H,FullFT,Liver,B,,,44,,Background,Background,2,,,,,,,,,,,,,,,,,,,,,,,,,,,,,,,,,,,,,,,,,,,,,,,,,,,,,,,,checkpoint_10 TEST,run/sthelar40x_klt_5class_slideind_foldB_fullft_lr1e-5_e10_seed44/log/2026-08-28T224255_sthelar40x_klt_5class_slideind_foldB_fullft_lr1e-5_e10_seed44/inference_results.json,"Rows=true, columns=predicted; paired matches only."
klt_confusion,KLT,CellViT-SAM-H,FullFT,Liver,B,,,44,,Background,Immune,0,,,,,,,,,,,,,,,,,,,,,,,,,,,,,,,,,,,,,,,,,,,,,,,,,,,,,,,,checkpoint_10 TEST,run/sthelar40x_klt_5class_slideind_foldB_fullft_lr1e-5_e10_seed44/log/2026-08-28T224255_sthelar40x_klt_5class_slideind_foldB_fullft_lr1e-5_e10_seed44/inference_results.json,"Rows=true, columns=predicted; paired matches only."
klt_confusion,KLT,CellViT-SAM-H,FullFT,Liver,B,,,44,,Background,Stromal,0,,,,,,,,,,,,,,,,,,,,,,,,,,,,,,,,,,,,,,,,,,,,,,,,,,,,,,,,checkpoint_10 TEST,run/sthelar40x_klt_5class_slideind_foldB_fullft_lr1e-5_e10_seed44/log/2026-08-28T224255_sthelar40x_klt_5class_slideind_foldB_fullft_lr1e-5_e10_seed44/inference_results.json,"Rows=true, columns=predicted; paired matches only."
klt_confusion,KLT,CellViT-SAM-H,FullFT,Liver,B,,,44,,Background,Epithelial,0,,,,,,,,,,,,,,,,,,,,,,,,,,,,,,,,,,,,,,,,,,,,,,,,,,,,,,,,checkpoint_10 TEST,run/sthelar40x_klt_5class_slideind_foldB_fullft_lr1e-5_e10_seed44/log/2026-08-28T224255_sthelar40x_klt_5class_slideind_foldB_fullft_lr1e-5_e10_seed44/inference_results.json,"Rows=true, columns=predicted; paired matches only."
klt_confusion,KLT,CellViT-SAM-H,FullFT,Liver,B,,,44,,Background,Melanocyte,0,,,,,,,,,,,,,,,,,,,,,,,,,,,,,,,,,,,,,,,,,,,,,,,,,,,,,,,,checkpoint_10 TEST,run/sthelar40x_klt_5class_slideind_foldB_fullft_lr1e-5_e10_seed44/log/2026-08-28T224255_sthelar40x_klt_5class_slideind_foldB_fullft_lr1e-5_e10_seed44/inference_results.json,"Rows=true, columns=predicted; paired matches only."
klt_confusion,KLT,CellViT-SAM-H,FullFT,Liver,B,,,44,,Background,Other,0,,,,,,,,,,,,,,,,,,,,,,,,,,,,,,,,,,,,,,,,,,,,,,,,,,,,,,,,checkpoint_10 TEST,run/sthelar40x_klt_5class_slideind_foldB_fullft_lr1e-5_e10_seed44/log/2026-08-28T224255_sthelar40x_klt_5class_slideind_foldB_fullft_lr1e-5_e10_seed44/inference_results.json,"Rows=true, columns=predicted; paired matches only."
klt_confusion,KLT,CellViT-SAM-H,FullFT,Liver,B,,,44,,Immune,Background,2,,,,,,,,,,,,,,,,,,,,,,,,,,,,,,,,,,,,,,,,,,,,,,,,,,,,,,,,checkpoint_10 TEST,run/sthelar40x_klt_5class_slideind_foldB_fullft_lr1e-5_e10_seed44/log/2026-08-28T224255_sthelar40x_klt_5class_slideind_foldB_fullft_lr1e-5_e10_seed44/inference_results.json,"Rows=true, columns=predicted; paired matches only."
klt_confusion,KLT,CellViT-SAM-H,FullFT,Liver,B,,,44,,Immune,Immune,573,,,,,,,,,,,,,,,,,,,,,,,,,,,,,,,,,,,,,,,,,,,,,,,,,,,,,,,,checkpoint_10 TEST,run/sthelar40x_klt_5class_slideind_foldB_fullft_lr1e-5_e10_seed44/log/2026-08-28T224255_sthelar40x_klt_5class_slideind_foldB_fullft_lr1e-5_e10_seed44/inference_results.json,"Rows=true, columns=predicted; paired matches only."
klt_confusion,KLT,CellViT-SAM-H,FullFT,Liver,B,,,44,,Immune,Stromal,1029,,,,,,,,,,,,,,,,,,,,,,,,,,,,,,,,,,,,,,,,,,,,,,,,,,,,,,,,checkpoint_10 TEST,run/sthelar40x_klt_5class_slideind_foldB_fullft_lr1e-5_e10_seed44/log/2026-08-28T224255_sthelar40x_klt_5class_slideind_foldB_fullft_lr1e-5_e10_seed44/inference_results.json,"Rows=true, columns=predicted; paired matches only."
klt_confusion,KLT,CellViT-SAM-H,FullFT,Liver,B,,,44,,Immune,Epithelial,39444,,,,,,,,,,,,,,,,,,,,,,,,,,,,,,,,,,,,,,,,,,,,,,,,,,,,,,,,checkpoint_10 TEST,run/sthelar40x_klt_5class_slideind_foldB_fullft_lr1e-5_e10_seed44/log/2026-08-28T224255_sthelar40x_klt_5class_slideind_foldB_fullft_lr1e-5_e10_seed44/inference_results.json,"Rows=true, columns=predicted; paired matches only."
klt_confusion,KLT,CellViT-SAM-H,FullFT,Liver,B,,,44,,Immune,Melanocyte,0,,,,,,,,,,,,,,,,,,,,,,,,,,,,,,,,,,,,,,,,,,,,,,,,,,,,,,,,checkpoint_10 TEST,run/sthelar40x_klt_5class_slideind_foldB_fullft_lr1e-5_e10_seed44/log/2026-08-28T224255_sthelar40x_klt_5class_slideind_foldB_fullft_lr1e-5_e10_seed44/inference_results.json,"Rows=true, columns=predicted; paired matches only."
klt_confusion,KLT,CellViT-SAM-H,FullFT,Liver,B,,,44,,Immune,Other,1664,,,,,,,,,,,,,,,,,,,,,,,,,,,,,,,,,,,,,,,,,,,,,,,,,,,,,,,,checkpoint_10 TEST,run/sthelar40x_klt_5class_slideind_foldB_fullft_lr1e-5_e10_seed44/log/2026-08-28T224255_sthelar40x_klt_5class_slideind_foldB_fullft_lr1e-5_e10_seed44/inference_results.json,"Rows=true, columns=predicted; paired matches only."
klt_confusion,KLT,CellViT-SAM-H,FullFT,Liver,B,,,44,,Stromal,Background,3,,,,,,,,,,,,,,,,,,,,,,,,,,,,,,,,,,,,,,,,,,,,,,,,,,,,,,,,checkpoint_10 TEST,run/sthelar40x_klt_5class_slideind_foldB_fullft_lr1e-5_e10_seed44/log/2026-08-28T224255_sthelar40x_klt_5class_slideind_foldB_fullft_lr1e-5_e10_seed44/inference_results.json,"Rows=true, columns=predicted; paired matches only."
klt_confusion,KLT,CellViT-SAM-H,FullFT,Liver,B,,,44,,Stromal,Immune,356,,,,,,,,,,,,,,,,,,,,,,,,,,,,,,,,,,,,,,,,,,,,,,,,,,,,,,,,checkpoint_10 TEST,run/sthelar40x_klt_5class_slideind_foldB_fullft_lr1e-5_e10_seed44/log/2026-08-28T224255_sthelar40x_klt_5class_slideind_foldB_fullft_lr1e-5_e10_seed44/inference_results.json,"Rows=true, columns=predicted; paired matches only."
klt_confusion,KLT,CellViT-SAM-H,FullFT,Liver,B,,,44,,Stromal,Stromal,4947,,,,,,,,,,,,,,,,,,,,,,,,,,,,,,,,,,,,,,,,,,,,,,,,,,,,,,,,checkpoint_10 TEST,run/sthelar40x_klt_5class_slideind_foldB_fullft_lr1e-5_e10_seed44/log/2026-08-28T224255_sthelar40x_klt_5class_slideind_foldB_fullft_lr1e-5_e10_seed44/inference_results.json,"Rows=true, columns=predicted; paired matches only."
klt_confusion,KLT,CellViT-SAM-H,FullFT,Liver,B,,,44,,Stromal,Epithelial,29499,,,,,,,,,,,,,,,,,,,,,,,,,,,,,,,,,,,,,,,,,,,,,,,,,,,,,,,,checkpoint_10 TEST,run/sthelar40x_klt_5class_slideind_foldB_fullft_lr1e-5_e10_seed44/log/2026-08-28T224255_sthelar40x_klt_5class_slideind_foldB_fullft_lr1e-5_e10_seed44/inference_results.json,"Rows=true, columns=predicted; paired matches only."
klt_confusion,KLT,CellViT-SAM-H,FullFT,Liver,B,,,44,,Stromal,Melanocyte,0,,,,,,,,,,,,,,,,,,,,,,,,,,,,,,,,,,,,,,,,,,,,,,,,,,,,,,,,checkpoint_10 TEST,run/sthelar40x_klt_5class_slideind_foldB_fullft_lr1e-5_e10_seed44/log/2026-08-28T224255_sthelar40x_klt_5class_slideind_foldB_fullft_lr1e-5_e10_seed44/inference_results.json,"Rows=true, columns=predicted; paired matches only."
klt_confusion,KLT,CellViT-SAM-H,FullFT,Liver,B,,,44,,Stromal,Other,1315,,,,,,,,,,,,,,,,,,,,,,,,,,,,,,,,,,,,,,,,,,,,,,,,,,,,,,,,checkpoint_10 TEST,run/sthelar40x_klt_5class_slideind_foldB_fullft_lr1e-5_e10_seed44/log/2026-08-28T224255_sthelar40x_klt_5class_slideind_foldB_fullft_lr1e-5_e10_seed44/inference_results.json,"Rows=true, columns=predicted; paired matches only."
klt_confusion,KLT,CellViT-SAM-H,FullFT,Liver,B,,,44,,Epithelial,Background,7,,,,,,,,,,,,,,,,,,,,,,,,,,,,,,,,,,,,,,,,,,,,,,,,,,,,,,,,checkpoint_10 TEST,run/sthelar40x_klt_5class_slideind_foldB_fullft_lr1e-5_e10_seed44/log/2026-08-28T224255_sthelar40x_klt_5class_slideind_foldB_fullft_lr1e-5_e10_seed44/inference_results.json,"Rows=true, columns=predicted; paired matches only."
klt_confusion,KLT,CellViT-SAM-H,FullFT,Liver,B,,,44,,Epithelial,Immune,140,,,,,,,,,,,,,,,,,,,,,,,,,,,,,,,,,,,,,,,,,,,,,,,,,,,,,,,,checkpoint_10 TEST,run/sthelar40x_klt_5class_slideind_foldB_fullft_lr1e-5_e10_seed44/log/2026-08-28T224255_sthelar40x_klt_5class_slideind_foldB_fullft_lr1e-5_e10_seed44/inference_results.json,"Rows=true, columns=predicted; paired matches only."
klt_confusion,KLT,CellViT-SAM-H,FullFT,Liver,B,,,44,,Epithelial,Stromal,743,,,,,,,,,,,,,,,,,,,,,,,,,,,,,,,,,,,,,,,,,,,,,,,,,,,,,,,,checkpoint_10 TEST,run/sthelar40x_klt_5class_slideind_foldB_fullft_lr1e-5_e10_seed44/log/2026-08-28T224255_sthelar40x_klt_5class_slideind_foldB_fullft_lr1e-5_e10_seed44/inference_results.json,"Rows=true, columns=predicted; paired matches only."
klt_confusion,KLT,CellViT-SAM-H,FullFT,Liver,B,,,44,,Epithelial,Epithelial,112644,,,,,,,,,,,,,,,,,,,,,,,,,,,,,,,,,,,,,,,,,,,,,,,,,,,,,,,,checkpoint_10 TEST,run/sthelar40x_klt_5class_slideind_foldB_fullft_lr1e-5_e10_seed44/log/2026-08-28T224255_sthelar40x_klt_5class_slideind_foldB_fullft_lr1e-5_e10_seed44/inference_results.json,"Rows=true, columns=predicted; paired matches only."
klt_confusion,KLT,CellViT-SAM-H,FullFT,Liver,B,,,44,,Epithelial,Melanocyte,0,,,,,,,,,,,,,,,,,,,,,,,,,,,,,,,,,,,,,,,,,,,,,,,,,,,,,,,,checkpoint_10 TEST,run/sthelar40x_klt_5class_slideind_foldB_fullft_lr1e-5_e10_seed44/log/2026-08-28T224255_sthelar40x_klt_5class_slideind_foldB_fullft_lr1e-5_e10_seed44/inference_results.json,"Rows=true, columns=predicted; paired matches only."
klt_confusion,KLT,CellViT-SAM-H,FullFT,Liver,B,,,44,,Epithelial,Other,253,,,,,,,,,,,,,,,,,,,,,,,,,,,,,,,,,,,,,,,,,,,,,,,,,,,,,,,,checkpoint_10 TEST,run/sthelar40x_klt_5class_slideind_foldB_fullft_lr1e-5_e10_seed44/log/2026-08-28T224255_sthelar40x_klt_5class_slideind_foldB_fullft_lr1e-5_e10_seed44/inference_results.json,"Rows=true, columns=predicted; paired matches only."
klt_confusion,KLT,CellViT-SAM-H,FullFT,Liver,B,,,44,,Melanocyte,Background,0,,,,,,,,,,,,,,,,,,,,,,,,,,,,,,,,,,,,,,,,,,,,,,,,,,,,,,,,checkpoint_10 TEST,run/sthelar40x_klt_5class_slideind_foldB_fullft_lr1e-5_e10_seed44/log/2026-08-28T224255_sthelar40x_klt_5class_slideind_foldB_fullft_lr1e-5_e10_seed44/inference_results.json,"Rows=true, columns=predicted; paired matches only."
klt_confusion,KLT,CellViT-SAM-H,FullFT,Liver,B,,,44,,Melanocyte,Immune,0,,,,,,,,,,,,,,,,,,,,,,,,,,,,,,,,,,,,,,,,,,,,,,,,,,,,,,,,checkpoint_10 TEST,run/sthelar40x_klt_5class_slideind_foldB_fullft_lr1e-5_e10_seed44/log/2026-08-28T224255_sthelar40x_klt_5class_slideind_foldB_fullft_lr1e-5_e10_seed44/inference_results.json,"Rows=true, columns=predicted; paired matches only."
klt_confusion,KLT,CellViT-SAM-H,FullFT,Liver,B,,,44,,Melanocyte,Stromal,0,,,,,,,,,,,,,,,,,,,,,,,,,,,,,,,,,,,,,,,,,,,,,,,,,,,,,,,,checkpoint_10 TEST,run/sthelar40x_klt_5class_slideind_foldB_fullft_lr1e-5_e10_seed44/log/2026-08-28T224255_sthelar40x_klt_5class_slideind_foldB_fullft_lr1e-5_e10_seed44/inference_results.json,"Rows=true, columns=predicted; paired matches only."
klt_confusion,KLT,CellViT-SAM-H,FullFT,Liver,B,,,44,,Melanocyte,Epithelial,0,,,,,,,,,,,,,,,,,,,,,,,,,,,,,,,,,,,,,,,,,,,,,,,,,,,,,,,,checkpoint_10 TEST,run/sthelar40x_klt_5class_slideind_foldB_fullft_lr1e-5_e10_seed44/log/2026-08-28T224255_sthelar40x_klt_5class_slideind_foldB_fullft_lr1e-5_e10_seed44/inference_results.json,"Rows=true, columns=predicted; paired matches only."
klt_confusion,KLT,CellViT-SAM-H,FullFT,Liver,B,,,44,,Melanocyte,Melanocyte,0,,,,,,,,,,,,,,,,,,,,,,,,,,,,,,,,,,,,,,,,,,,,,,,,,,,,,,,,checkpoint_10 TEST,run/sthelar40x_klt_5class_slideind_foldB_fullft_lr1e-5_e10_seed44/log/2026-08-28T224255_sthelar40x_klt_5class_slideind_foldB_fullft_lr1e-5_e10_seed44/inference_results.json,"Rows=true, columns=predicted; paired matches only."
klt_confusion,KLT,CellViT-SAM-H,FullFT,Liver,B,,,44,,Melanocyte,Other,0,,,,,,,,,,,,,,,,,,,,,,,,,,,,,,,,,,,,,,,,,,,,,,,,,,,,,,,,checkpoint_10 TEST,run/sthelar40x_klt_5class_slideind_foldB_fullft_lr1e-5_e10_seed44/log/2026-08-28T224255_sthelar40x_klt_5class_slideind_foldB_fullft_lr1e-5_e10_seed44/inference_results.json,"Rows=true, columns=predicted; paired matches only."
klt_confusion,KLT,CellViT-SAM-H,FullFT,Liver,B,,,44,,Other,Background,0,,,,,,,,,,,,,,,,,,,,,,,,,,,,,,,,,,,,,,,,,,,,,,,,,,,,,,,,checkpoint_10 TEST,run/sthelar40x_klt_5class_slideind_foldB_fullft_lr1e-5_e10_seed44/log/2026-08-28T224255_sthelar40x_klt_5class_slideind_foldB_fullft_lr1e-5_e10_seed44/inference_results.json,"Rows=true, columns=predicted; paired matches only."
klt_confusion,KLT,CellViT-SAM-H,FullFT,Liver,B,,,44,,Other,Immune,31,,,,,,,,,,,,,,,,,,,,,,,,,,,,,,,,,,,,,,,,,,,,,,,,,,,,,,,,checkpoint_10 TEST,run/sthelar40x_klt_5class_slideind_foldB_fullft_lr1e-5_e10_seed44/log/2026-08-28T224255_sthelar40x_klt_5class_slideind_foldB_fullft_lr1e-5_e10_seed44/inference_results.json,"Rows=true, columns=predicted; paired matches only."
klt_confusion,KLT,CellViT-SAM-H,FullFT,Liver,B,,,44,,Other,Stromal,54,,,,,,,,,,,,,,,,,,,,,,,,,,,,,,,,,,,,,,,,,,,,,,,,,,,,,,,,checkpoint_10 TEST,run/sthelar40x_klt_5class_slideind_foldB_fullft_lr1e-5_e10_seed44/log/2026-08-28T224255_sthelar40x_klt_5class_slideind_foldB_fullft_lr1e-5_e10_seed44/inference_results.json,"Rows=true, columns=predicted; paired matches only."
klt_confusion,KLT,CellViT-SAM-H,FullFT,Liver,B,,,44,,Other,Epithelial,628,,,,,,,,,,,,,,,,,,,,,,,,,,,,,,,,,,,,,,,,,,,,,,,,,,,,,,,,checkpoint_10 TEST,run/sthelar40x_klt_5class_slideind_foldB_fullft_lr1e-5_e10_seed44/log/2026-08-28T224255_sthelar40x_klt_5class_slideind_foldB_fullft_lr1e-5_e10_seed44/inference_results.json,"Rows=true, columns=predicted; paired matches only."
klt_confusion,KLT,CellViT-SAM-H,FullFT,Liver,B,,,44,,Other,Melanocyte,0,,,,,,,,,,,,,,,,,,,,,,,,,,,,,,,,,,,,,,,,,,,,,,,,,,,,,,,,checkpoint_10 TEST,run/sthelar40x_klt_5class_slideind_foldB_fullft_lr1e-5_e10_seed44/log/2026-08-28T224255_sthelar40x_klt_5class_slideind_foldB_fullft_lr1e-5_e10_seed44/inference_results.json,"Rows=true, columns=predicted; paired matches only."
klt_confusion,KLT,CellViT-SAM-H,FullFT,Liver,B,,,44,,Other,Other,561,,,,,,,,,,,,,,,,,,,,,,,,,,,,,,,,,,,,,,,,,,,,,,,,,,,,,,,,checkpoint_10 TEST,run/sthelar40x_klt_5class_slideind_foldB_fullft_lr1e-5_e10_seed44/log/2026-08-28T224255_sthelar40x_klt_5class_slideind_foldB_fullft_lr1e-5_e10_seed44/inference_results.json,"Rows=true, columns=predicted; paired matches only."
klt_seed_metric,KLT,CellViT-SAM-H,FullFT,Tonsil,B,,,44,,,,,9856,,,,,,,,,,,,,,,,,0.8338785163155612,0.7208829527102258,0.5675628567626755,0.2662678109816975,0.8504973193412527,0.5486268116580669,,,,,,,,,,,,,,,,,,,,,,,,,,,,,,,,,checkpoint_10 TEST,run/sthelar40x_klt_5class_slideind_foldB_fullft_lr1e-5_e10_seed44/log/2026-08-28T224255_sthelar40x_klt_5class_slideind_foldB_fullft_lr1e-5_e10_seed44/inference_results.json,
klt_per_class,KLT,CellViT-SAM-H,FullFT,Tonsil,B,,,44,Immune,,,,,,,,,,,,,,,,,,,,,,,,,,,,,,,,,,,,,,,,,,,,,0.8744143690762908,,,661019,795892,858850,0.8024153275949216,,,,,,,,checkpoint_10 TEST,run/sthelar40x_klt_5class_slideind_foldB_fullft_lr1e-5_e10_seed44/log/2026-08-28T224255_sthelar40x_klt_5class_slideind_foldB_fullft_lr1e-5_e10_seed44/inference_results.json,
klt_per_class,KLT,CellViT-SAM-H,FullFT,Tonsil,B,,,44,Stromal,,,,,,,,,,,,,,,,,,,,,,,,,,,,,,,,,,,,,,,,,,,,,0.41086513375892353,,,156880,191170,97138,0.09075510286070383,,,,,,,,checkpoint_10 TEST,run/sthelar40x_klt_5class_slideind_foldB_fullft_lr1e-5_e10_seed44/log/2026-08-28T224255_sthelar40x_klt_5class_slideind_foldB_fullft_lr1e-5_e10_seed44/inference_results.json,
klt_per_class,KLT,CellViT-SAM-H,FullFT,Tonsil,B,,,44,Epithelial,,,,,,,,,,,,,,,,,,,,,,,,,,,,,,,,,,,,,,,,,,,,,0.7432825778518876,,,115144,140571,101901,0.09520512813325971,,,,,,,,checkpoint_10 TEST,run/sthelar40x_klt_5class_slideind_foldB_fullft_lr1e-5_e10_seed44/log/2026-08-28T224255_sthelar40x_klt_5class_slideind_foldB_fullft_lr1e-5_e10_seed44/inference_results.json,
klt_per_class,KLT,CellViT-SAM-H,FullFT,Tonsil,B,,,44,Melanocyte,,,,,,,,,,,,,,,,,,,,,,,,,,,,,,,,,,,,,,,,,,,,,,,,0,0,0,0.0,,,,,,,,checkpoint_10 TEST,run/sthelar40x_klt_5class_slideind_foldB_fullft_lr1e-5_e10_seed44/log/2026-08-28T224255_sthelar40x_klt_5class_slideind_foldB_fullft_lr1e-5_e10_seed44/inference_results.json,
klt_per_class,KLT,CellViT-SAM-H,FullFT,Tonsil,B,,,44,Other,,,,,,,,,,,,,,,,,,,,,,,,,,,,,,,,,,,,,,,,,,,,,0.16594516594516595,,,6415,11139,12442,0.01162444141111488,,,,,,,,checkpoint_10 TEST,run/sthelar40x_klt_5class_slideind_foldB_fullft_lr1e-5_e10_seed44/log/2026-08-28T224255_sthelar40x_klt_5class_slideind_foldB_fullft_lr1e-5_e10_seed44/inference_results.json,
klt_confusion,KLT,CellViT-SAM-H,FullFT,Tonsil,B,,,44,,Background,Background,7,,,,,,,,,,,,,,,,,,,,,,,,,,,,,,,,,,,,,,,,,,,,,,,,,,,,,,,,checkpoint_10 TEST,run/sthelar40x_klt_5class_slideind_foldB_fullft_lr1e-5_e10_seed44/log/2026-08-28T224255_sthelar40x_klt_5class_slideind_foldB_fullft_lr1e-5_e10_seed44/inference_results.json,"Rows=true, columns=predicted; paired matches only."
klt_confusion,KLT,CellViT-SAM-H,FullFT,Tonsil,B,,,44,,Background,Immune,0,,,,,,,,,,,,,,,,,,,,,,,,,,,,,,,,,,,,,,,,,,,,,,,,,,,,,,,,checkpoint_10 TEST,run/sthelar40x_klt_5class_slideind_foldB_fullft_lr1e-5_e10_seed44/log/2026-08-28T224255_sthelar40x_klt_5class_slideind_foldB_fullft_lr1e-5_e10_seed44/inference_results.json,"Rows=true, columns=predicted; paired matches only."
klt_confusion,KLT,CellViT-SAM-H,FullFT,Tonsil,B,,,44,,Background,Stromal,0,,,,,,,,,,,,,,,,,,,,,,,,,,,,,,,,,,,,,,,,,,,,,,,,,,,,,,,,checkpoint_10 TEST,run/sthelar40x_klt_5class_slideind_foldB_fullft_lr1e-5_e10_seed44/log/2026-08-28T224255_sthelar40x_klt_5class_slideind_foldB_fullft_lr1e-5_e10_seed44/inference_results.json,"Rows=true, columns=predicted; paired matches only."
klt_confusion,KLT,CellViT-SAM-H,FullFT,Tonsil,B,,,44,,Background,Epithelial,0,,,,,,,,,,,,,,,,,,,,,,,,,,,,,,,,,,,,,,,,,,,,,,,,,,,,,,,,checkpoint_10 TEST,run/sthelar40x_klt_5class_slideind_foldB_fullft_lr1e-5_e10_seed44/log/2026-08-28T224255_sthelar40x_klt_5class_slideind_foldB_fullft_lr1e-5_e10_seed44/inference_results.json,"Rows=true, columns=predicted; paired matches only."
klt_confusion,KLT,CellViT-SAM-H,FullFT,Tonsil,B,,,44,,Background,Melanocyte,0,,,,,,,,,,,,,,,,,,,,,,,,,,,,,,,,,,,,,,,,,,,,,,,,,,,,,,,,checkpoint_10 TEST,run/sthelar40x_klt_5class_slideind_foldB_fullft_lr1e-5_e10_seed44/log/2026-08-28T224255_sthelar40x_klt_5class_slideind_foldB_fullft_lr1e-5_e10_seed44/inference_results.json,"Rows=true, columns=predicted; paired matches only."
klt_confusion,KLT,CellViT-SAM-H,FullFT,Tonsil,B,,,44,,Background,Other,0,,,,,,,,,,,,,,,,,,,,,,,,,,,,,,,,,,,,,,,,,,,,,,,,,,,,,,,,checkpoint_10 TEST,run/sthelar40x_klt_5class_slideind_foldB_fullft_lr1e-5_e10_seed44/log/2026-08-28T224255_sthelar40x_klt_5class_slideind_foldB_fullft_lr1e-5_e10_seed44/inference_results.json,"Rows=true, columns=predicted; paired matches only."
klt_confusion,KLT,CellViT-SAM-H,FullFT,Tonsil,B,,,44,,Immune,Background,27,,,,,,,,,,,,,,,,,,,,,,,,,,,,,,,,,,,,,,,,,,,,,,,,,,,,,,,,checkpoint_10 TEST,run/sthelar40x_klt_5class_slideind_foldB_fullft_lr1e-5_e10_seed44/log/2026-08-28T224255_sthelar40x_klt_5class_slideind_foldB_fullft_lr1e-5_e10_seed44/inference_results.json,"Rows=true, columns=predicted; paired matches only."
klt_confusion,KLT,CellViT-SAM-H,FullFT,Tonsil,B,,,44,,Immune,Immune,620296,,,,,,,,,,,,,,,,,,,,,,,,,,,,,,,,,,,,,,,,,,,,,,,,,,,,,,,,checkpoint_10 TEST,run/sthelar40x_klt_5class_slideind_foldB_fullft_lr1e-5_e10_seed44/log/2026-08-28T224255_sthelar40x_klt_5class_slideind_foldB_fullft_lr1e-5_e10_seed44/inference_results.json,"Rows=true, columns=predicted; paired matches only."
klt_confusion,KLT,CellViT-SAM-H,FullFT,Tonsil,B,,,44,,Immune,Stromal,24003,,,,,,,,,,,,,,,,,,,,,,,,,,,,,,,,,,,,,,,,,,,,,,,,,,,,,,,,checkpoint_10 TEST,run/sthelar40x_klt_5class_slideind_foldB_fullft_lr1e-5_e10_seed44/log/2026-08-28T224255_sthelar40x_klt_5class_slideind_foldB_fullft_lr1e-5_e10_seed44/inference_results.json,"Rows=true, columns=predicted; paired matches only."
klt_confusion,KLT,CellViT-SAM-H,FullFT,Tonsil,B,,,44,,Immune,Epithelial,12353,,,,,,,,,,,,,,,,,,,,,,,,,,,,,,,,,,,,,,,,,,,,,,,,,,,,,,,,checkpoint_10 TEST,run/sthelar40x_klt_5class_slideind_foldB_fullft_lr1e-5_e10_seed44/log/2026-08-28T224255_sthelar40x_klt_5class_slideind_foldB_fullft_lr1e-5_e10_seed44/inference_results.json,"Rows=true, columns=predicted; paired matches only."
klt_confusion,KLT,CellViT-SAM-H,FullFT,Tonsil,B,,,44,,Immune,Melanocyte,0,,,,,,,,,,,,,,,,,,,,,,,,,,,,,,,,,,,,,,,,,,,,,,,,,,,,,,,,checkpoint_10 TEST,run/sthelar40x_klt_5class_slideind_foldB_fullft_lr1e-5_e10_seed44/log/2026-08-28T224255_sthelar40x_klt_5class_slideind_foldB_fullft_lr1e-5_e10_seed44/inference_results.json,"Rows=true, columns=predicted; paired matches only."
klt_confusion,KLT,CellViT-SAM-H,FullFT,Tonsil,B,,,44,,Immune,Other,4367,,,,,,,,,,,,,,,,,,,,,,,,,,,,,,,,,,,,,,,,,,,,,,,,,,,,,,,,checkpoint_10 TEST,run/sthelar40x_klt_5class_slideind_foldB_fullft_lr1e-5_e10_seed44/log/2026-08-28T224255_sthelar40x_klt_5class_slideind_foldB_fullft_lr1e-5_e10_seed44/inference_results.json,"Rows=true, columns=predicted; paired matches only."
klt_confusion,KLT,CellViT-SAM-H,FullFT,Tonsil,B,,,44,,Stromal,Background,9,,,,,,,,,,,,,,,,,,,,,,,,,,,,,,,,,,,,,,,,,,,,,,,,,,,,,,,,checkpoint_10 TEST,run/sthelar40x_klt_5class_slideind_foldB_fullft_lr1e-5_e10_seed44/log/2026-08-28T224255_sthelar40x_klt_5class_slideind_foldB_fullft_lr1e-5_e10_seed44/inference_results.json,"Rows=true, columns=predicted; paired matches only."
klt_confusion,KLT,CellViT-SAM-H,FullFT,Tonsil,B,,,44,,Stromal,Immune,104581,,,,,,,,,,,,,,,,,,,,,,,,,,,,,,,,,,,,,,,,,,,,,,,,,,,,,,,,checkpoint_10 TEST,run/sthelar40x_klt_5class_slideind_foldB_fullft_lr1e-5_e10_seed44/log/2026-08-28T224255_sthelar40x_klt_5class_slideind_foldB_fullft_lr1e-5_e10_seed44/inference_results.json,"Rows=true, columns=predicted; paired matches only."
klt_confusion,KLT,CellViT-SAM-H,FullFT,Tonsil,B,,,44,,Stromal,Stromal,48978,,,,,,,,,,,,,,,,,,,,,,,,,,,,,,,,,,,,,,,,,,,,,,,,,,,,,,,,checkpoint_10 TEST,run/sthelar40x_klt_5class_slideind_foldB_fullft_lr1e-5_e10_seed44/log/2026-08-28T224255_sthelar40x_klt_5class_slideind_foldB_fullft_lr1e-5_e10_seed44/inference_results.json,"Rows=true, columns=predicted; paired matches only."
klt_confusion,KLT,CellViT-SAM-H,FullFT,Tonsil,B,,,44,,Stromal,Epithelial,1181,,,,,,,,,,,,,,,,,,,,,,,,,,,,,,,,,,,,,,,,,,,,,,,,,,,,,,,,checkpoint_10 TEST,run/sthelar40x_klt_5class_slideind_foldB_fullft_lr1e-5_e10_seed44/log/2026-08-28T224255_sthelar40x_klt_5class_slideind_foldB_fullft_lr1e-5_e10_seed44/inference_results.json,"Rows=true, columns=predicted; paired matches only."
klt_confusion,KLT,CellViT-SAM-H,FullFT,Tonsil,B,,,44,,Stromal,Melanocyte,0,,,,,,,,,,,,,,,,,,,,,,,,,,,,,,,,,,,,,,,,,,,,,,,,,,,,,,,,checkpoint_10 TEST,run/sthelar40x_klt_5class_slideind_foldB_fullft_lr1e-5_e10_seed44/log/2026-08-28T224255_sthelar40x_klt_5class_slideind_foldB_fullft_lr1e-5_e10_seed44/inference_results.json,"Rows=true, columns=predicted; paired matches only."
klt_confusion,KLT,CellViT-SAM-H,FullFT,Tonsil,B,,,44,,Stromal,Other,2140,,,,,,,,,,,,,,,,,,,,,,,,,,,,,,,,,,,,,,,,,,,,,,,,,,,,,,,,checkpoint_10 TEST,run/sthelar40x_klt_5class_slideind_foldB_fullft_lr1e-5_e10_seed44/log/2026-08-28T224255_sthelar40x_klt_5class_slideind_foldB_fullft_lr1e-5_e10_seed44/inference_results.json,"Rows=true, columns=predicted; paired matches only."
klt_confusion,KLT,CellViT-SAM-H,FullFT,Tonsil,B,,,44,,Epithelial,Background,19,,,,,,,,,,,,,,,,,,,,,,,,,,,,,,,,,,,,,,,,,,,,,,,,,,,,,,,,checkpoint_10 TEST,run/sthelar40x_klt_5class_slideind_foldB_fullft_lr1e-5_e10_seed44/log/2026-08-28T224255_sthelar40x_klt_5class_slideind_foldB_fullft_lr1e-5_e10_seed44/inference_results.json,"Rows=true, columns=predicted; paired matches only."
klt_confusion,KLT,CellViT-SAM-H,FullFT,Tonsil,B,,,44,,Epithelial,Immune,28890,,,,,,,,,,,,,,,,,,,,,,,,,,,,,,,,,,,,,,,,,,,,,,,,,,,,,,,,checkpoint_10 TEST,run/sthelar40x_klt_5class_slideind_foldB_fullft_lr1e-5_e10_seed44/log/2026-08-28T224255_sthelar40x_klt_5class_slideind_foldB_fullft_lr1e-5_e10_seed44/inference_results.json,"Rows=true, columns=predicted; paired matches only."
klt_confusion,KLT,CellViT-SAM-H,FullFT,Tonsil,B,,,44,,Epithelial,Stromal,7700,,,,,,,,,,,,,,,,,,,,,,,,,,,,,,,,,,,,,,,,,,,,,,,,,,,,,,,,checkpoint_10 TEST,run/sthelar40x_klt_5class_slideind_foldB_fullft_lr1e-5_e10_seed44/log/2026-08-28T224255_sthelar40x_klt_5class_slideind_foldB_fullft_lr1e-5_e10_seed44/inference_results.json,"Rows=true, columns=predicted; paired matches only."
klt_confusion,KLT,CellViT-SAM-H,FullFT,Tonsil,B,,,44,,Epithelial,Epithelial,76224,,,,,,,,,,,,,,,,,,,,,,,,,,,,,,,,,,,,,,,,,,,,,,,,,,,,,,,,checkpoint_10 TEST,run/sthelar40x_klt_5class_slideind_foldB_fullft_lr1e-5_e10_seed44/log/2026-08-28T224255_sthelar40x_klt_5class_slideind_foldB_fullft_lr1e-5_e10_seed44/inference_results.json,"Rows=true, columns=predicted; paired matches only."
klt_confusion,KLT,CellViT-SAM-H,FullFT,Tonsil,B,,,44,,Epithelial,Melanocyte,0,,,,,,,,,,,,,,,,,,,,,,,,,,,,,,,,,,,,,,,,,,,,,,,,,,,,,,,,checkpoint_10 TEST,run/sthelar40x_klt_5class_slideind_foldB_fullft_lr1e-5_e10_seed44/log/2026-08-28T224255_sthelar40x_klt_5class_slideind_foldB_fullft_lr1e-5_e10_seed44/inference_results.json,"Rows=true, columns=predicted; paired matches only."
klt_confusion,KLT,CellViT-SAM-H,FullFT,Tonsil,B,,,44,,Epithelial,Other,2330,,,,,,,,,,,,,,,,,,,,,,,,,,,,,,,,,,,,,,,,,,,,,,,,,,,,,,,,checkpoint_10 TEST,run/sthelar40x_klt_5class_slideind_foldB_fullft_lr1e-5_e10_seed44/log/2026-08-28T224255_sthelar40x_klt_5class_slideind_foldB_fullft_lr1e-5_e10_seed44/inference_results.json,"Rows=true, columns=predicted; paired matches only."
klt_confusion,KLT,CellViT-SAM-H,FullFT,Tonsil,B,,,44,,Melanocyte,Background,0,,,,,,,,,,,,,,,,,,,,,,,,,,,,,,,,,,,,,,,,,,,,,,,,,,,,,,,,checkpoint_10 TEST,run/sthelar40x_klt_5class_slideind_foldB_fullft_lr1e-5_e10_seed44/log/2026-08-28T224255_sthelar40x_klt_5class_slideind_foldB_fullft_lr1e-5_e10_seed44/inference_results.json,"Rows=true, columns=predicted; paired matches only."
klt_confusion,KLT,CellViT-SAM-H,FullFT,Tonsil,B,,,44,,Melanocyte,Immune,0,,,,,,,,,,,,,,,,,,,,,,,,,,,,,,,,,,,,,,,,,,,,,,,,,,,,,,,,checkpoint_10 TEST,run/sthelar40x_klt_5class_slideind_foldB_fullft_lr1e-5_e10_seed44/log/2026-08-28T224255_sthelar40x_klt_5class_slideind_foldB_fullft_lr1e-5_e10_seed44/inference_results.json,"Rows=true, columns=predicted; paired matches only."
klt_confusion,KLT,CellViT-SAM-H,FullFT,Tonsil,B,,,44,,Melanocyte,Stromal,0,,,,,,,,,,,,,,,,,,,,,,,,,,,,,,,,,,,,,,,,,,,,,,,,,,,,,,,,checkpoint_10 TEST,run/sthelar40x_klt_5class_slideind_foldB_fullft_lr1e-5_e10_seed44/log/2026-08-28T224255_sthelar40x_klt_5class_slideind_foldB_fullft_lr1e-5_e10_seed44/inference_results.json,"Rows=true, columns=predicted; paired matches only."
klt_confusion,KLT,CellViT-SAM-H,FullFT,Tonsil,B,,,44,,Melanocyte,Epithelial,0,,,,,,,,,,,,,,,,,,,,,,,,,,,,,,,,,,,,,,,,,,,,,,,,,,,,,,,,checkpoint_10 TEST,run/sthelar40x_klt_5class_slideind_foldB_fullft_lr1e-5_e10_seed44/log/2026-08-28T224255_sthelar40x_klt_5class_slideind_foldB_fullft_lr1e-5_e10_seed44/inference_results.json,"Rows=true, columns=predicted; paired matches only."
klt_confusion,KLT,CellViT-SAM-H,FullFT,Tonsil,B,,,44,,Melanocyte,Melanocyte,0,,,,,,,,,,,,,,,,,,,,,,,,,,,,,,,,,,,,,,,,,,,,,,,,,,,,,,,,checkpoint_10 TEST,run/sthelar40x_klt_5class_slideind_foldB_fullft_lr1e-5_e10_seed44/log/2026-08-28T224255_sthelar40x_klt_5class_slideind_foldB_fullft_lr1e-5_e10_seed44/inference_results.json,"Rows=true, columns=predicted; paired matches only."
klt_confusion,KLT,CellViT-SAM-H,FullFT,Tonsil,B,,,44,,Melanocyte,Other,0,,,,,,,,,,,,,,,,,,,,,,,,,,,,,,,,,,,,,,,,,,,,,,,,,,,,,,,,checkpoint_10 TEST,run/sthelar40x_klt_5class_slideind_foldB_fullft_lr1e-5_e10_seed44/log/2026-08-28T224255_sthelar40x_klt_5class_slideind_foldB_fullft_lr1e-5_e10_seed44/inference_results.json,"Rows=true, columns=predicted; paired matches only."
klt_confusion,KLT,CellViT-SAM-H,FullFT,Tonsil,B,,,44,,Other,Background,1,,,,,,,,,,,,,,,,,,,,,,,,,,,,,,,,,,,,,,,,,,,,,,,,,,,,,,,,checkpoint_10 TEST,run/sthelar40x_klt_5class_slideind_foldB_fullft_lr1e-5_e10_seed44/log/2026-08-28T224255_sthelar40x_klt_5class_slideind_foldB_fullft_lr1e-5_e10_seed44/inference_results.json,"Rows=true, columns=predicted; paired matches only."
klt_confusion,KLT,CellViT-SAM-H,FullFT,Tonsil,B,,,44,,Other,Immune,3983,,,,,,,,,,,,,,,,,,,,,,,,,,,,,,,,,,,,,,,,,,,,,,,,,,,,,,,,checkpoint_10 TEST,run/sthelar40x_klt_5class_slideind_foldB_fullft_lr1e-5_e10_seed44/log/2026-08-28T224255_sthelar40x_klt_5class_slideind_foldB_fullft_lr1e-5_e10_seed44/inference_results.json,"Rows=true, columns=predicted; paired matches only."
klt_confusion,KLT,CellViT-SAM-H,FullFT,Tonsil,B,,,44,,Other,Stromal,853,,,,,,,,,,,,,,,,,,,,,,,,,,,,,,,,,,,,,,,,,,,,,,,,,,,,,,,,checkpoint_10 TEST,run/sthelar40x_klt_5class_slideind_foldB_fullft_lr1e-5_e10_seed44/log/2026-08-28T224255_sthelar40x_klt_5class_slideind_foldB_fullft_lr1e-5_e10_seed44/inference_results.json,"Rows=true, columns=predicted; paired matches only."
klt_confusion,KLT,CellViT-SAM-H,FullFT,Tonsil,B,,,44,,Other,Epithelial,199,,,,,,,,,,,,,,,,,,,,,,,,,,,,,,,,,,,,,,,,,,,,,,,,,,,,,,,,checkpoint_10 TEST,run/sthelar40x_klt_5class_slideind_foldB_fullft_lr1e-5_e10_seed44/log/2026-08-28T224255_sthelar40x_klt_5class_slideind_foldB_fullft_lr1e-5_e10_seed44/inference_results.json,"Rows=true, columns=predicted; paired matches only."
klt_confusion,KLT,CellViT-SAM-H,FullFT,Tonsil,B,,,44,,Other,Melanocyte,0,,,,,,,,,,,,,,,,,,,,,,,,,,,,,,,,,,,,,,,,,,,,,,,,,,,,,,,,checkpoint_10 TEST,run/sthelar40x_klt_5class_slideind_foldB_fullft_lr1e-5_e10_seed44/log/2026-08-28T224255_sthelar40x_klt_5class_slideind_foldB_fullft_lr1e-5_e10_seed44/inference_results.json,"Rows=true, columns=predicted; paired matches only."
klt_confusion,KLT,CellViT-SAM-H,FullFT,Tonsil,B,,,44,,Other,Other,1380,,,,,,,,,,,,,,,,,,,,,,,,,,,,,,,,,,,,,,,,,,,,,,,,,,,,,,,,checkpoint_10 TEST,run/sthelar40x_klt_5class_slideind_foldB_fullft_lr1e-5_e10_seed44/log/2026-08-28T224255_sthelar40x_klt_5class_slideind_foldB_fullft_lr1e-5_e10_seed44/inference_results.json,"Rows=true, columns=predicted; paired matches only."
klt_seed_metric,KLT,CellViT-SAM-H,FullFT,Pooled KLT,B,,,44,,,,,26335,,,,,,,,,,,,,,,,,0.8362290718715418,0.7306238332397823,0.601451528862884,0.2299775767107178,0.8630148328523388,0.542575324096379,,,,,,,,,,,,,,,,,,,,,,,,,,,,,,,,,checkpoint_10 TEST,run/sthelar40x_klt_5class_slideind_foldB_fullft_lr1e-5_e10_seed44/log/2026-08-28T224255_sthelar40x_klt_5class_slideind_foldB_fullft_lr1e-5_e10_seed44/inference_results.json,
klt_per_class,KLT,CellViT-SAM-H,FullFT,Pooled KLT,B,,,44,Immune,,,,,,,,,,,,,,,,,,,,,,,,,,,,,,,,,,,,,,,,,,,,,0.8339005945606739,,,720138,866312,886686,0.6129291591463512,,,,,,,,checkpoint_10 TEST,run/sthelar40x_klt_5class_slideind_foldB_fullft_lr1e-5_e10_seed44/log/2026-08-28T224255_sthelar40x_klt_5class_slideind_foldB_fullft_lr1e-5_e10_seed44/inference_results.json,
klt_per_class,KLT,CellViT-SAM-H,FullFT,Pooled KLT,B,,,44,Stromal,,,,,,,,,,,,,,,,,,,,,,,,,,,,,,,,,,,,,,,,,,,,,0.4046981690811976,,,239460,292687,183175,0.12662126020556644,,,,,,,,checkpoint_10 TEST,run/sthelar40x_klt_5class_slideind_foldB_fullft_lr1e-5_e10_seed44/log/2026-08-28T224255_sthelar40x_klt_5class_slideind_foldB_fullft_lr1e-5_e10_seed44/inference_results.json,
klt_per_class,KLT,CellViT-SAM-H,FullFT,Pooled KLT,B,,,44,Epithelial,,,,,,,,,,,,,,,,,,,,,,,,,,,,,,,,,,,,,,,,,,,,,0.7318002985083738,,,323210,377585,352779,0.24386145245835686,,,,,,,,checkpoint_10 TEST,run/sthelar40x_klt_5class_slideind_foldB_fullft_lr1e-5_e10_seed44/log/2026-08-28T224255_sthelar40x_klt_5class_slideind_foldB_fullft_lr1e-5_e10_seed44/inference_results.json,
klt_per_class,KLT,CellViT-SAM-H,FullFT,Pooled KLT,B,,,44,Melanocyte,,,,,,,,,,,,,,,,,,,,,,,,,,,,,,,,,,,,,,,,,,,,,,,,0,0,0,0.0,,,,,,,,checkpoint_10 TEST,run/sthelar40x_klt_5class_slideind_foldB_fullft_lr1e-5_e10_seed44/log/2026-08-28T224255_sthelar40x_klt_5class_slideind_foldB_fullft_lr1e-5_e10_seed44/inference_results.json,
klt_per_class,KLT,CellViT-SAM-H,FullFT,Pooled KLT,B,,,44,Other,,,,,,,,,,,,,,,,,,,,,,,,,,,,,,,,,,,,,,,,,,,,,0.19990223423527043,,,14780,23635,23997,0.01658812818972555,,,,,,,,checkpoint_10 TEST,run/sthelar40x_klt_5class_slideind_foldB_fullft_lr1e-5_e10_seed44/log/2026-08-28T224255_sthelar40x_klt_5class_slideind_foldB_fullft_lr1e-5_e10_seed44/inference_results.json,
klt_confusion,KLT,CellViT-SAM-H,FullFT,Pooled KLT,B,,,44,,Background,Background,17,,,,,,,,,,,,,,,,,,,,,,,,,,,,,,,,,,,,,,,,,,,,,,,,,,,,,,,,checkpoint_10 TEST,run/sthelar40x_klt_5class_slideind_foldB_fullft_lr1e-5_e10_seed44/log/2026-08-28T224255_sthelar40x_klt_5class_slideind_foldB_fullft_lr1e-5_e10_seed44/inference_results.json,"Rows=true, columns=predicted; paired matches only."
klt_confusion,KLT,CellViT-SAM-H,FullFT,Pooled KLT,B,,,44,,Background,Immune,0,,,,,,,,,,,,,,,,,,,,,,,,,,,,,,,,,,,,,,,,,,,,,,,,,,,,,,,,checkpoint_10 TEST,run/sthelar40x_klt_5class_slideind_foldB_fullft_lr1e-5_e10_seed44/log/2026-08-28T224255_sthelar40x_klt_5class_slideind_foldB_fullft_lr1e-5_e10_seed44/inference_results.json,"Rows=true, columns=predicted; paired matches only."
klt_confusion,KLT,CellViT-SAM-H,FullFT,Pooled KLT,B,,,44,,Background,Stromal,0,,,,,,,,,,,,,,,,,,,,,,,,,,,,,,,,,,,,,,,,,,,,,,,,,,,,,,,,checkpoint_10 TEST,run/sthelar40x_klt_5class_slideind_foldB_fullft_lr1e-5_e10_seed44/log/2026-08-28T224255_sthelar40x_klt_5class_slideind_foldB_fullft_lr1e-5_e10_seed44/inference_results.json,"Rows=true, columns=predicted; paired matches only."
klt_confusion,KLT,CellViT-SAM-H,FullFT,Pooled KLT,B,,,44,,Background,Epithelial,0,,,,,,,,,,,,,,,,,,,,,,,,,,,,,,,,,,,,,,,,,,,,,,,,,,,,,,,,checkpoint_10 TEST,run/sthelar40x_klt_5class_slideind_foldB_fullft_lr1e-5_e10_seed44/log/2026-08-28T224255_sthelar40x_klt_5class_slideind_foldB_fullft_lr1e-5_e10_seed44/inference_results.json,"Rows=true, columns=predicted; paired matches only."
klt_confusion,KLT,CellViT-SAM-H,FullFT,Pooled KLT,B,,,44,,Background,Melanocyte,0,,,,,,,,,,,,,,,,,,,,,,,,,,,,,,,,,,,,,,,,,,,,,,,,,,,,,,,,checkpoint_10 TEST,run/sthelar40x_klt_5class_slideind_foldB_fullft_lr1e-5_e10_seed44/log/2026-08-28T224255_sthelar40x_klt_5class_slideind_foldB_fullft_lr1e-5_e10_seed44/inference_results.json,"Rows=true, columns=predicted; paired matches only."
klt_confusion,KLT,CellViT-SAM-H,FullFT,Pooled KLT,B,,,44,,Background,Other,0,,,,,,,,,,,,,,,,,,,,,,,,,,,,,,,,,,,,,,,,,,,,,,,,,,,,,,,,checkpoint_10 TEST,run/sthelar40x_klt_5class_slideind_foldB_fullft_lr1e-5_e10_seed44/log/2026-08-28T224255_sthelar40x_klt_5class_slideind_foldB_fullft_lr1e-5_e10_seed44/inference_results.json,"Rows=true, columns=predicted; paired matches only."
klt_confusion,KLT,CellViT-SAM-H,FullFT,Pooled KLT,B,,,44,,Immune,Background,29,,,,,,,,,,,,,,,,,,,,,,,,,,,,,,,,,,,,,,,,,,,,,,,,,,,,,,,,checkpoint_10 TEST,run/sthelar40x_klt_5class_slideind_foldB_fullft_lr1e-5_e10_seed44/log/2026-08-28T224255_sthelar40x_klt_5class_slideind_foldB_fullft_lr1e-5_e10_seed44/inference_results.json,"Rows=true, columns=predicted; paired matches only."
klt_confusion,KLT,CellViT-SAM-H,FullFT,Pooled KLT,B,,,44,,Immune,Immune,627220,,,,,,,,,,,,,,,,,,,,,,,,,,,,,,,,,,,,,,,,,,,,,,,,,,,,,,,,checkpoint_10 TEST,run/sthelar40x_klt_5class_slideind_foldB_fullft_lr1e-5_e10_seed44/log/2026-08-28T224255_sthelar40x_klt_5class_slideind_foldB_fullft_lr1e-5_e10_seed44/inference_results.json,"Rows=true, columns=predicted; paired matches only."
klt_confusion,KLT,CellViT-SAM-H,FullFT,Pooled KLT,B,,,44,,Immune,Stromal,31561,,,,,,,,,,,,,,,,,,,,,,,,,,,,,,,,,,,,,,,,,,,,,,,,,,,,,,,,checkpoint_10 TEST,run/sthelar40x_klt_5class_slideind_foldB_fullft_lr1e-5_e10_seed44/log/2026-08-28T224255_sthelar40x_klt_5class_slideind_foldB_fullft_lr1e-5_e10_seed44/inference_results.json,"Rows=true, columns=predicted; paired matches only."
klt_confusion,KLT,CellViT-SAM-H,FullFT,Pooled KLT,B,,,44,,Immune,Epithelial,53970,,,,,,,,,,,,,,,,,,,,,,,,,,,,,,,,,,,,,,,,,,,,,,,,,,,,,,,,checkpoint_10 TEST,run/sthelar40x_klt_5class_slideind_foldB_fullft_lr1e-5_e10_seed44/log/2026-08-28T224255_sthelar40x_klt_5class_slideind_foldB_fullft_lr1e-5_e10_seed44/inference_results.json,"Rows=true, columns=predicted; paired matches only."
klt_confusion,KLT,CellViT-SAM-H,FullFT,Pooled KLT,B,,,44,,Immune,Melanocyte,0,,,,,,,,,,,,,,,,,,,,,,,,,,,,,,,,,,,,,,,,,,,,,,,,,,,,,,,,checkpoint_10 TEST,run/sthelar40x_klt_5class_slideind_foldB_fullft_lr1e-5_e10_seed44/log/2026-08-28T224255_sthelar40x_klt_5class_slideind_foldB_fullft_lr1e-5_e10_seed44/inference_results.json,"Rows=true, columns=predicted; paired matches only."
klt_confusion,KLT,CellViT-SAM-H,FullFT,Pooled KLT,B,,,44,,Immune,Other,7387,,,,,,,,,,,,,,,,,,,,,,,,,,,,,,,,,,,,,,,,,,,,,,,,,,,,,,,,checkpoint_10 TEST,run/sthelar40x_klt_5class_slideind_foldB_fullft_lr1e-5_e10_seed44/log/2026-08-28T224255_sthelar40x_klt_5class_slideind_foldB_fullft_lr1e-5_e10_seed44/inference_results.json,"Rows=true, columns=predicted; paired matches only."
klt_confusion,KLT,CellViT-SAM-H,FullFT,Pooled KLT,B,,,44,,Stromal,Background,12,,,,,,,,,,,,,,,,,,,,,,,,,,,,,,,,,,,,,,,,,,,,,,,,,,,,,,,,checkpoint_10 TEST,run/sthelar40x_klt_5class_slideind_foldB_fullft_lr1e-5_e10_seed44/log/2026-08-28T224255_sthelar40x_klt_5class_slideind_foldB_fullft_lr1e-5_e10_seed44/inference_results.json,"Rows=true, columns=predicted; paired matches only."
klt_confusion,KLT,CellViT-SAM-H,FullFT,Pooled KLT,B,,,44,,Stromal,Immune,116524,,,,,,,,,,,,,,,,,,,,,,,,,,,,,,,,,,,,,,,,,,,,,,,,,,,,,,,,checkpoint_10 TEST,run/sthelar40x_klt_5class_slideind_foldB_fullft_lr1e-5_e10_seed44/log/2026-08-28T224255_sthelar40x_klt_5class_slideind_foldB_fullft_lr1e-5_e10_seed44/inference_results.json,"Rows=true, columns=predicted; paired matches only."
klt_confusion,KLT,CellViT-SAM-H,FullFT,Pooled KLT,B,,,44,,Stromal,Stromal,81109,,,,,,,,,,,,,,,,,,,,,,,,,,,,,,,,,,,,,,,,,,,,,,,,,,,,,,,,checkpoint_10 TEST,run/sthelar40x_klt_5class_slideind_foldB_fullft_lr1e-5_e10_seed44/log/2026-08-28T224255_sthelar40x_klt_5class_slideind_foldB_fullft_lr1e-5_e10_seed44/inference_results.json,"Rows=true, columns=predicted; paired matches only."
klt_confusion,KLT,CellViT-SAM-H,FullFT,Pooled KLT,B,,,44,,Stromal,Epithelial,36237,,,,,,,,,,,,,,,,,,,,,,,,,,,,,,,,,,,,,,,,,,,,,,,,,,,,,,,,checkpoint_10 TEST,run/sthelar40x_klt_5class_slideind_foldB_fullft_lr1e-5_e10_seed44/log/2026-08-28T224255_sthelar40x_klt_5class_slideind_foldB_fullft_lr1e-5_e10_seed44/inference_results.json,"Rows=true, columns=predicted; paired matches only."
klt_confusion,KLT,CellViT-SAM-H,FullFT,Pooled KLT,B,,,44,,Stromal,Melanocyte,0,,,,,,,,,,,,,,,,,,,,,,,,,,,,,,,,,,,,,,,,,,,,,,,,,,,,,,,,checkpoint_10 TEST,run/sthelar40x_klt_5class_slideind_foldB_fullft_lr1e-5_e10_seed44/log/2026-08-28T224255_sthelar40x_klt_5class_slideind_foldB_fullft_lr1e-5_e10_seed44/inference_results.json,"Rows=true, columns=predicted; paired matches only."
klt_confusion,KLT,CellViT-SAM-H,FullFT,Pooled KLT,B,,,44,,Stromal,Other,5590,,,,,,,,,,,,,,,,,,,,,,,,,,,,,,,,,,,,,,,,,,,,,,,,,,,,,,,,checkpoint_10 TEST,run/sthelar40x_klt_5class_slideind_foldB_fullft_lr1e-5_e10_seed44/log/2026-08-28T224255_sthelar40x_klt_5class_slideind_foldB_fullft_lr1e-5_e10_seed44/inference_results.json,"Rows=true, columns=predicted; paired matches only."
klt_confusion,KLT,CellViT-SAM-H,FullFT,Pooled KLT,B,,,44,,Epithelial,Background,30,,,,,,,,,,,,,,,,,,,,,,,,,,,,,,,,,,,,,,,,,,,,,,,,,,,,,,,,checkpoint_10 TEST,run/sthelar40x_klt_5class_slideind_foldB_fullft_lr1e-5_e10_seed44/log/2026-08-28T224255_sthelar40x_klt_5class_slideind_foldB_fullft_lr1e-5_e10_seed44/inference_results.json,"Rows=true, columns=predicted; paired matches only."
klt_confusion,KLT,CellViT-SAM-H,FullFT,Pooled KLT,B,,,44,,Epithelial,Immune,35240,,,,,,,,,,,,,,,,,,,,,,,,,,,,,,,,,,,,,,,,,,,,,,,,,,,,,,,,checkpoint_10 TEST,run/sthelar40x_klt_5class_slideind_foldB_fullft_lr1e-5_e10_seed44/log/2026-08-28T224255_sthelar40x_klt_5class_slideind_foldB_fullft_lr1e-5_e10_seed44/inference_results.json,"Rows=true, columns=predicted; paired matches only."
klt_confusion,KLT,CellViT-SAM-H,FullFT,Pooled KLT,B,,,44,,Epithelial,Stromal,44667,,,,,,,,,,,,,,,,,,,,,,,,,,,,,,,,,,,,,,,,,,,,,,,,,,,,,,,,checkpoint_10 TEST,run/sthelar40x_klt_5class_slideind_foldB_fullft_lr1e-5_e10_seed44/log/2026-08-28T224255_sthelar40x_klt_5class_slideind_foldB_fullft_lr1e-5_e10_seed44/inference_results.json,"Rows=true, columns=predicted; paired matches only."
klt_confusion,KLT,CellViT-SAM-H,FullFT,Pooled KLT,B,,,44,,Epithelial,Epithelial,239759,,,,,,,,,,,,,,,,,,,,,,,,,,,,,,,,,,,,,,,,,,,,,,,,,,,,,,,,checkpoint_10 TEST,run/sthelar40x_klt_5class_slideind_foldB_fullft_lr1e-5_e10_seed44/log/2026-08-28T224255_sthelar40x_klt_5class_slideind_foldB_fullft_lr1e-5_e10_seed44/inference_results.json,"Rows=true, columns=predicted; paired matches only."
klt_confusion,KLT,CellViT-SAM-H,FullFT,Pooled KLT,B,,,44,,Epithelial,Melanocyte,0,,,,,,,,,,,,,,,,,,,,,,,,,,,,,,,,,,,,,,,,,,,,,,,,,,,,,,,,checkpoint_10 TEST,run/sthelar40x_klt_5class_slideind_foldB_fullft_lr1e-5_e10_seed44/log/2026-08-28T224255_sthelar40x_klt_5class_slideind_foldB_fullft_lr1e-5_e10_seed44/inference_results.json,"Rows=true, columns=predicted; paired matches only."
klt_confusion,KLT,CellViT-SAM-H,FullFT,Pooled KLT,B,,,44,,Epithelial,Other,3544,,,,,,,,,,,,,,,,,,,,,,,,,,,,,,,,,,,,,,,,,,,,,,,,,,,,,,,,checkpoint_10 TEST,run/sthelar40x_klt_5class_slideind_foldB_fullft_lr1e-5_e10_seed44/log/2026-08-28T224255_sthelar40x_klt_5class_slideind_foldB_fullft_lr1e-5_e10_seed44/inference_results.json,"Rows=true, columns=predicted; paired matches only."
klt_confusion,KLT,CellViT-SAM-H,FullFT,Pooled KLT,B,,,44,,Melanocyte,Background,0,,,,,,,,,,,,,,,,,,,,,,,,,,,,,,,,,,,,,,,,,,,,,,,,,,,,,,,,checkpoint_10 TEST,run/sthelar40x_klt_5class_slideind_foldB_fullft_lr1e-5_e10_seed44/log/2026-08-28T224255_sthelar40x_klt_5class_slideind_foldB_fullft_lr1e-5_e10_seed44/inference_results.json,"Rows=true, columns=predicted; paired matches only."
klt_confusion,KLT,CellViT-SAM-H,FullFT,Pooled KLT,B,,,44,,Melanocyte,Immune,0,,,,,,,,,,,,,,,,,,,,,,,,,,,,,,,,,,,,,,,,,,,,,,,,,,,,,,,,checkpoint_10 TEST,run/sthelar40x_klt_5class_slideind_foldB_fullft_lr1e-5_e10_seed44/log/2026-08-28T224255_sthelar40x_klt_5class_slideind_foldB_fullft_lr1e-5_e10_seed44/inference_results.json,"Rows=true, columns=predicted; paired matches only."
klt_confusion,KLT,CellViT-SAM-H,FullFT,Pooled KLT,B,,,44,,Melanocyte,Stromal,0,,,,,,,,,,,,,,,,,,,,,,,,,,,,,,,,,,,,,,,,,,,,,,,,,,,,,,,,checkpoint_10 TEST,run/sthelar40x_klt_5class_slideind_foldB_fullft_lr1e-5_e10_seed44/log/2026-08-28T224255_sthelar40x_klt_5class_slideind_foldB_fullft_lr1e-5_e10_seed44/inference_results.json,"Rows=true, columns=predicted; paired matches only."
klt_confusion,KLT,CellViT-SAM-H,FullFT,Pooled KLT,B,,,44,,Melanocyte,Epithelial,0,,,,,,,,,,,,,,,,,,,,,,,,,,,,,,,,,,,,,,,,,,,,,,,,,,,,,,,,checkpoint_10 TEST,run/sthelar40x_klt_5class_slideind_foldB_fullft_lr1e-5_e10_seed44/log/2026-08-28T224255_sthelar40x_klt_5class_slideind_foldB_fullft_lr1e-5_e10_seed44/inference_results.json,"Rows=true, columns=predicted; paired matches only."
klt_confusion,KLT,CellViT-SAM-H,FullFT,Pooled KLT,B,,,44,,Melanocyte,Melanocyte,0,,,,,,,,,,,,,,,,,,,,,,,,,,,,,,,,,,,,,,,,,,,,,,,,,,,,,,,,checkpoint_10 TEST,run/sthelar40x_klt_5class_slideind_foldB_fullft_lr1e-5_e10_seed44/log/2026-08-28T224255_sthelar40x_klt_5class_slideind_foldB_fullft_lr1e-5_e10_seed44/inference_results.json,"Rows=true, columns=predicted; paired matches only."
klt_confusion,KLT,CellViT-SAM-H,FullFT,Pooled KLT,B,,,44,,Melanocyte,Other,0,,,,,,,,,,,,,,,,,,,,,,,,,,,,,,,,,,,,,,,,,,,,,,,,,,,,,,,,checkpoint_10 TEST,run/sthelar40x_klt_5class_slideind_foldB_fullft_lr1e-5_e10_seed44/log/2026-08-28T224255_sthelar40x_klt_5class_slideind_foldB_fullft_lr1e-5_e10_seed44/inference_results.json,"Rows=true, columns=predicted; paired matches only."
klt_confusion,KLT,CellViT-SAM-H,FullFT,Pooled KLT,B,,,44,,Other,Background,1,,,,,,,,,,,,,,,,,,,,,,,,,,,,,,,,,,,,,,,,,,,,,,,,,,,,,,,,checkpoint_10 TEST,run/sthelar40x_klt_5class_slideind_foldB_fullft_lr1e-5_e10_seed44/log/2026-08-28T224255_sthelar40x_klt_5class_slideind_foldB_fullft_lr1e-5_e10_seed44/inference_results.json,"Rows=true, columns=predicted; paired matches only."
klt_confusion,KLT,CellViT-SAM-H,FullFT,Pooled KLT,B,,,44,,Other,Immune,5182,,,,,,,,,,,,,,,,,,,,,,,,,,,,,,,,,,,,,,,,,,,,,,,,,,,,,,,,checkpoint_10 TEST,run/sthelar40x_klt_5class_slideind_foldB_fullft_lr1e-5_e10_seed44/log/2026-08-28T224255_sthelar40x_klt_5class_slideind_foldB_fullft_lr1e-5_e10_seed44/inference_results.json,"Rows=true, columns=predicted; paired matches only."
klt_confusion,KLT,CellViT-SAM-H,FullFT,Pooled KLT,B,,,44,,Other,Stromal,4040,,,,,,,,,,,,,,,,,,,,,,,,,,,,,,,,,,,,,,,,,,,,,,,,,,,,,,,,checkpoint_10 TEST,run/sthelar40x_klt_5class_slideind_foldB_fullft_lr1e-5_e10_seed44/log/2026-08-28T224255_sthelar40x_klt_5class_slideind_foldB_fullft_lr1e-5_e10_seed44/inference_results.json,"Rows=true, columns=predicted; paired matches only."
klt_confusion,KLT,CellViT-SAM-H,FullFT,Pooled KLT,B,,,44,,Other,Epithelial,2082,,,,,,,,,,,,,,,,,,,,,,,,,,,,,,,,,,,,,,,,,,,,,,,,,,,,,,,,checkpoint_10 TEST,run/sthelar40x_klt_5class_slideind_foldB_fullft_lr1e-5_e10_seed44/log/2026-08-28T224255_sthelar40x_klt_5class_slideind_foldB_fullft_lr1e-5_e10_seed44/inference_results.json,"Rows=true, columns=predicted; paired matches only."
klt_confusion,KLT,CellViT-SAM-H,FullFT,Pooled KLT,B,,,44,,Other,Melanocyte,0,,,,,,,,,,,,,,,,,,,,,,,,,,,,,,,,,,,,,,,,,,,,,,,,,,,,,,,,checkpoint_10 TEST,run/sthelar40x_klt_5class_slideind_foldB_fullft_lr1e-5_e10_seed44/log/2026-08-28T224255_sthelar40x_klt_5class_slideind_foldB_fullft_lr1e-5_e10_seed44/inference_results.json,"Rows=true, columns=predicted; paired matches only."
klt_confusion,KLT,CellViT-SAM-H,FullFT,Pooled KLT,B,,,44,,Other,Other,3476,,,,,,,,,,,,,,,,,,,,,,,,,,,,,,,,,,,,,,,,,,,,,,,,,,,,,,,,checkpoint_10 TEST,run/sthelar40x_klt_5class_slideind_foldB_fullft_lr1e-5_e10_seed44/log/2026-08-28T224255_sthelar40x_klt_5class_slideind_foldB_fullft_lr1e-5_e10_seed44/inference_results.json,"Rows=true, columns=predicted; paired matches only."
klt_seed_metric,KLT,CellViT-SAM-H,Selected PEFT,Kidney,A,,,42,,,,,4449,,,,,,,,,,,,,,,,,0.8139053066582439,0.7038656784055948,0.5766296185990581,0.18261175879441435,0.8669268129456399,0.30108950291111286,,,,,,,,,,,,,,,,,,,,,,,,,,,,,,,,,checkpoint_10 TEST,run/sthelar40x_klt_5class_slideind_foldA_lora_adaptformer_r8_a8_red16_heads_e10_seed42/log/2026-08-19T105648_sthelar40x_klt_5class_slideind_foldA_lora_adaptformer_r8_a8_red16_heads_e10_seed42/inference_results.json,
klt_per_class,KLT,CellViT-SAM-H,Selected PEFT,Kidney,A,,,42,Immune,,,,,,,,,,,,,,,,,,,,,,,,,,,,,,,,,,,,,,,,,,,,,0.55422839234245,,,52308,58432,29062,0.29593800596723113,,,,,,,,checkpoint_10 TEST,run/sthelar40x_klt_5class_slideind_foldA_lora_adaptformer_r8_a8_red16_heads_e10_seed42/log/2026-08-19T105648_sthelar40x_klt_5class_slideind_foldA_lora_adaptformer_r8_a8_red16_heads_e10_seed42/inference_results.json,
klt_per_class,KLT,CellViT-SAM-H,Selected PEFT,Kidney,A,,,42,Stromal,,,,,,,,,,,,,,,,,,,,,,,,,,,,,,,,,,,,,,,,,,,,,0.4968418310868008,,,21500,26658,62599,0.6374448845758276,,,,,,,,checkpoint_10 TEST,run/sthelar40x_klt_5class_slideind_foldA_lora_adaptformer_r8_a8_red16_heads_e10_seed42/log/2026-08-19T105648_sthelar40x_klt_5class_slideind_foldA_lora_adaptformer_r8_a8_red16_heads_e10_seed42/inference_results.json,
klt_per_class,KLT,CellViT-SAM-H,Selected PEFT,Kidney,A,,,42,Epithelial,,,,,,,,,,,,,,,,,,,,,,,,,,,,,,,,,,,,,,,,,,,,,0.15328778821520067,,,13101,17674,6531,0.06650509658564402,,,,,,,,checkpoint_10 TEST,run/sthelar40x_klt_5class_slideind_foldA_lora_adaptformer_r8_a8_red16_heads_e10_seed42/log/2026-08-19T105648_sthelar40x_klt_5class_slideind_foldA_lora_adaptformer_r8_a8_red16_heads_e10_seed42/inference_results.json,
klt_per_class,KLT,CellViT-SAM-H,Selected PEFT,Kidney,A,,,42,Melanocyte,,,,,,,,,,,,,,,,,,,,,,,,,,,,,,,,,,,,,,,,,,,,,,,,0,0,0,0.0,,,,,,,,checkpoint_10 TEST,run/sthelar40x_klt_5class_slideind_foldA_lora_adaptformer_r8_a8_red16_heads_e10_seed42/log/2026-08-19T105648_sthelar40x_klt_5class_slideind_foldA_lora_adaptformer_r8_a8_red16_heads_e10_seed42/inference_results.json,
klt_per_class,KLT,CellViT-SAM-H,Selected PEFT,Kidney,A,,,42,Other,,,,,,,,,,,,,,,,,,,,,,,,,,,,,,,,,,,,,,,,,,,,,0.0,,,1158,2105,11,0.00011201287129721088,,,,,,,,checkpoint_10 TEST,run/sthelar40x_klt_5class_slideind_foldA_lora_adaptformer_r8_a8_red16_heads_e10_seed42/log/2026-08-19T105648_sthelar40x_klt_5class_slideind_foldA_lora_adaptformer_r8_a8_red16_heads_e10_seed42/inference_results.json,
klt_confusion,KLT,CellViT-SAM-H,Selected PEFT,Kidney,A,,,42,,Background,Background,5,,,,,,,,,,,,,,,,,,,,,,,,,,,,,,,,,,,,,,,,,,,,,,,,,,,,,,,,checkpoint_10 TEST,run/sthelar40x_klt_5class_slideind_foldA_lora_adaptformer_r8_a8_red16_heads_e10_seed42/log/2026-08-19T105648_sthelar40x_klt_5class_slideind_foldA_lora_adaptformer_r8_a8_red16_heads_e10_seed42/inference_results.json,"Rows=true, columns=predicted; paired matches only."
klt_confusion,KLT,CellViT-SAM-H,Selected PEFT,Kidney,A,,,42,,Background,Immune,0,,,,,,,,,,,,,,,,,,,,,,,,,,,,,,,,,,,,,,,,,,,,,,,,,,,,,,,,checkpoint_10 TEST,run/sthelar40x_klt_5class_slideind_foldA_lora_adaptformer_r8_a8_red16_heads_e10_seed42/log/2026-08-19T105648_sthelar40x_klt_5class_slideind_foldA_lora_adaptformer_r8_a8_red16_heads_e10_seed42/inference_results.json,"Rows=true, columns=predicted; paired matches only."
klt_confusion,KLT,CellViT-SAM-H,Selected PEFT,Kidney,A,,,42,,Background,Stromal,0,,,,,,,,,,,,,,,,,,,,,,,,,,,,,,,,,,,,,,,,,,,,,,,,,,,,,,,,checkpoint_10 TEST,run/sthelar40x_klt_5class_slideind_foldA_lora_adaptformer_r8_a8_red16_heads_e10_seed42/log/2026-08-19T105648_sthelar40x_klt_5class_slideind_foldA_lora_adaptformer_r8_a8_red16_heads_e10_seed42/inference_results.json,"Rows=true, columns=predicted; paired matches only."
klt_confusion,KLT,CellViT-SAM-H,Selected PEFT,Kidney,A,,,42,,Background,Epithelial,0,,,,,,,,,,,,,,,,,,,,,,,,,,,,,,,,,,,,,,,,,,,,,,,,,,,,,,,,checkpoint_10 TEST,run/sthelar40x_klt_5class_slideind_foldA_lora_adaptformer_r8_a8_red16_heads_e10_seed42/log/2026-08-19T105648_sthelar40x_klt_5class_slideind_foldA_lora_adaptformer_r8_a8_red16_heads_e10_seed42/inference_results.json,"Rows=true, columns=predicted; paired matches only."
klt_confusion,KLT,CellViT-SAM-H,Selected PEFT,Kidney,A,,,42,,Background,Melanocyte,0,,,,,,,,,,,,,,,,,,,,,,,,,,,,,,,,,,,,,,,,,,,,,,,,,,,,,,,,checkpoint_10 TEST,run/sthelar40x_klt_5class_slideind_foldA_lora_adaptformer_r8_a8_red16_heads_e10_seed42/log/2026-08-19T105648_sthelar40x_klt_5class_slideind_foldA_lora_adaptformer_r8_a8_red16_heads_e10_seed42/inference_results.json,"Rows=true, columns=predicted; paired matches only."
klt_confusion,KLT,CellViT-SAM-H,Selected PEFT,Kidney,A,,,42,,Background,Other,0,,,,,,,,,,,,,,,,,,,,,,,,,,,,,,,,,,,,,,,,,,,,,,,,,,,,,,,,checkpoint_10 TEST,run/sthelar40x_klt_5class_slideind_foldA_lora_adaptformer_r8_a8_red16_heads_e10_seed42/log/2026-08-19T105648_sthelar40x_klt_5class_slideind_foldA_lora_adaptformer_r8_a8_red16_heads_e10_seed42/inference_results.json,"Rows=true, columns=predicted; paired matches only."
klt_confusion,KLT,CellViT-SAM-H,Selected PEFT,Kidney,A,,,42,,Immune,Background,5,,,,,,,,,,,,,,,,,,,,,,,,,,,,,,,,,,,,,,,,,,,,,,,,,,,,,,,,checkpoint_10 TEST,run/sthelar40x_klt_5class_slideind_foldA_lora_adaptformer_r8_a8_red16_heads_e10_seed42/log/2026-08-19T105648_sthelar40x_klt_5class_slideind_foldA_lora_adaptformer_r8_a8_red16_heads_e10_seed42/inference_results.json,"Rows=true, columns=predicted; paired matches only."
klt_confusion,KLT,CellViT-SAM-H,Selected PEFT,Kidney,A,,,42,,Immune,Immune,22017,,,,,,,,,,,,,,,,,,,,,,,,,,,,,,,,,,,,,,,,,,,,,,,,,,,,,,,,checkpoint_10 TEST,run/sthelar40x_klt_5class_slideind_foldA_lora_adaptformer_r8_a8_red16_heads_e10_seed42/log/2026-08-19T105648_sthelar40x_klt_5class_slideind_foldA_lora_adaptformer_r8_a8_red16_heads_e10_seed42/inference_results.json,"Rows=true, columns=predicted; paired matches only."
klt_confusion,KLT,CellViT-SAM-H,Selected PEFT,Kidney,A,,,42,,Immune,Stromal,27204,,,,,,,,,,,,,,,,,,,,,,,,,,,,,,,,,,,,,,,,,,,,,,,,,,,,,,,,checkpoint_10 TEST,run/sthelar40x_klt_5class_slideind_foldA_lora_adaptformer_r8_a8_red16_heads_e10_seed42/log/2026-08-19T105648_sthelar40x_klt_5class_slideind_foldA_lora_adaptformer_r8_a8_red16_heads_e10_seed42/inference_results.json,"Rows=true, columns=predicted; paired matches only."
klt_confusion,KLT,CellViT-SAM-H,Selected PEFT,Kidney,A,,,42,,Immune,Epithelial,3086,,,,,,,,,,,,,,,,,,,,,,,,,,,,,,,,,,,,,,,,,,,,,,,,,,,,,,,,checkpoint_10 TEST,run/sthelar40x_klt_5class_slideind_foldA_lora_adaptformer_r8_a8_red16_heads_e10_seed42/log/2026-08-19T105648_sthelar40x_klt_5class_slideind_foldA_lora_adaptformer_r8_a8_red16_heads_e10_seed42/inference_results.json,"Rows=true, columns=predicted; paired matches only."
klt_confusion,KLT,CellViT-SAM-H,Selected PEFT,Kidney,A,,,42,,Immune,Melanocyte,0,,,,,,,,,,,,,,,,,,,,,,,,,,,,,,,,,,,,,,,,,,,,,,,,,,,,,,,,checkpoint_10 TEST,run/sthelar40x_klt_5class_slideind_foldA_lora_adaptformer_r8_a8_red16_heads_e10_seed42/log/2026-08-19T105648_sthelar40x_klt_5class_slideind_foldA_lora_adaptformer_r8_a8_red16_heads_e10_seed42/inference_results.json,"Rows=true, columns=predicted; paired matches only."
klt_confusion,KLT,CellViT-SAM-H,Selected PEFT,Kidney,A,,,42,,Immune,Other,1,,,,,,,,,,,,,,,,,,,,,,,,,,,,,,,,,,,,,,,,,,,,,,,,,,,,,,,,checkpoint_10 TEST,run/sthelar40x_klt_5class_slideind_foldA_lora_adaptformer_r8_a8_red16_heads_e10_seed42/log/2026-08-19T105648_sthelar40x_klt_5class_slideind_foldA_lora_adaptformer_r8_a8_red16_heads_e10_seed42/inference_results.json,"Rows=true, columns=predicted; paired matches only."
klt_confusion,KLT,CellViT-SAM-H,Selected PEFT,Kidney,A,,,42,,Stromal,Background,3,,,,,,,,,,,,,,,,,,,,,,,,,,,,,,,,,,,,,,,,,,,,,,,,,,,,,,,,checkpoint_10 TEST,run/sthelar40x_klt_5class_slideind_foldA_lora_adaptformer_r8_a8_red16_heads_e10_seed42/log/2026-08-19T105648_sthelar40x_klt_5class_slideind_foldA_lora_adaptformer_r8_a8_red16_heads_e10_seed42/inference_results.json,"Rows=true, columns=predicted; paired matches only."
klt_confusion,KLT,CellViT-SAM-H,Selected PEFT,Kidney,A,,,42,,Stromal,Immune,1337,,,,,,,,,,,,,,,,,,,,,,,,,,,,,,,,,,,,,,,,,,,,,,,,,,,,,,,,checkpoint_10 TEST,run/sthelar40x_klt_5class_slideind_foldA_lora_adaptformer_r8_a8_red16_heads_e10_seed42/log/2026-08-19T105648_sthelar40x_klt_5class_slideind_foldA_lora_adaptformer_r8_a8_red16_heads_e10_seed42/inference_results.json,"Rows=true, columns=predicted; paired matches only."
klt_confusion,KLT,CellViT-SAM-H,Selected PEFT,Kidney,A,,,42,,Stromal,Stromal,19075,,,,,,,,,,,,,,,,,,,,,,,,,,,,,,,,,,,,,,,,,,,,,,,,,,,,,,,,checkpoint_10 TEST,run/sthelar40x_klt_5class_slideind_foldA_lora_adaptformer_r8_a8_red16_heads_e10_seed42/log/2026-08-19T105648_sthelar40x_klt_5class_slideind_foldA_lora_adaptformer_r8_a8_red16_heads_e10_seed42/inference_results.json,"Rows=true, columns=predicted; paired matches only."
klt_confusion,KLT,CellViT-SAM-H,Selected PEFT,Kidney,A,,,42,,Stromal,Epithelial,1085,,,,,,,,,,,,,,,,,,,,,,,,,,,,,,,,,,,,,,,,,,,,,,,,,,,,,,,,checkpoint_10 TEST,run/sthelar40x_klt_5class_slideind_foldA_lora_adaptformer_r8_a8_red16_heads_e10_seed42/log/2026-08-19T105648_sthelar40x_klt_5class_slideind_foldA_lora_adaptformer_r8_a8_red16_heads_e10_seed42/inference_results.json,"Rows=true, columns=predicted; paired matches only."
klt_confusion,KLT,CellViT-SAM-H,Selected PEFT,Kidney,A,,,42,,Stromal,Melanocyte,0,,,,,,,,,,,,,,,,,,,,,,,,,,,,,,,,,,,,,,,,,,,,,,,,,,,,,,,,checkpoint_10 TEST,run/sthelar40x_klt_5class_slideind_foldA_lora_adaptformer_r8_a8_red16_heads_e10_seed42/log/2026-08-19T105648_sthelar40x_klt_5class_slideind_foldA_lora_adaptformer_r8_a8_red16_heads_e10_seed42/inference_results.json,"Rows=true, columns=predicted; paired matches only."
klt_confusion,KLT,CellViT-SAM-H,Selected PEFT,Kidney,A,,,42,,Stromal,Other,3,,,,,,,,,,,,,,,,,,,,,,,,,,,,,,,,,,,,,,,,,,,,,,,,,,,,,,,,checkpoint_10 TEST,run/sthelar40x_klt_5class_slideind_foldA_lora_adaptformer_r8_a8_red16_heads_e10_seed42/log/2026-08-19T105648_sthelar40x_klt_5class_slideind_foldA_lora_adaptformer_r8_a8_red16_heads_e10_seed42/inference_results.json,"Rows=true, columns=predicted; paired matches only."
klt_confusion,KLT,CellViT-SAM-H,Selected PEFT,Kidney,A,,,42,,Epithelial,Background,7,,,,,,,,,,,,,,,,,,,,,,,,,,,,,,,,,,,,,,,,,,,,,,,,,,,,,,,,checkpoint_10 TEST,run/sthelar40x_klt_5class_slideind_foldA_lora_adaptformer_r8_a8_red16_heads_e10_seed42/log/2026-08-19T105648_sthelar40x_klt_5class_slideind_foldA_lora_adaptformer_r8_a8_red16_heads_e10_seed42/inference_results.json,"Rows=true, columns=predicted; paired matches only."
klt_confusion,KLT,CellViT-SAM-H,Selected PEFT,Kidney,A,,,42,,Epithelial,Immune,3417,,,,,,,,,,,,,,,,,,,,,,,,,,,,,,,,,,,,,,,,,,,,,,,,,,,,,,,,checkpoint_10 TEST,run/sthelar40x_klt_5class_slideind_foldA_lora_adaptformer_r8_a8_red16_heads_e10_seed42/log/2026-08-19T105648_sthelar40x_klt_5class_slideind_foldA_lora_adaptformer_r8_a8_red16_heads_e10_seed42/inference_results.json,"Rows=true, columns=predicted; paired matches only."
klt_confusion,KLT,CellViT-SAM-H,Selected PEFT,Kidney,A,,,42,,Epithelial,Stromal,8248,,,,,,,,,,,,,,,,,,,,,,,,,,,,,,,,,,,,,,,,,,,,,,,,,,,,,,,,checkpoint_10 TEST,run/sthelar40x_klt_5class_slideind_foldA_lora_adaptformer_r8_a8_red16_heads_e10_seed42/log/2026-08-19T105648_sthelar40x_klt_5class_slideind_foldA_lora_adaptformer_r8_a8_red16_heads_e10_seed42/inference_results.json,"Rows=true, columns=predicted; paired matches only."
klt_confusion,KLT,CellViT-SAM-H,Selected PEFT,Kidney,A,,,42,,Epithelial,Epithelial,1436,,,,,,,,,,,,,,,,,,,,,,,,,,,,,,,,,,,,,,,,,,,,,,,,,,,,,,,,checkpoint_10 TEST,run/sthelar40x_klt_5class_slideind_foldA_lora_adaptformer_r8_a8_red16_heads_e10_seed42/log/2026-08-19T105648_sthelar40x_klt_5class_slideind_foldA_lora_adaptformer_r8_a8_red16_heads_e10_seed42/inference_results.json,"Rows=true, columns=predicted; paired matches only."
klt_confusion,KLT,CellViT-SAM-H,Selected PEFT,Kidney,A,,,42,,Epithelial,Melanocyte,0,,,,,,,,,,,,,,,,,,,,,,,,,,,,,,,,,,,,,,,,,,,,,,,,,,,,,,,,checkpoint_10 TEST,run/sthelar40x_klt_5class_slideind_foldA_lora_adaptformer_r8_a8_red16_heads_e10_seed42/log/2026-08-19T105648_sthelar40x_klt_5class_slideind_foldA_lora_adaptformer_r8_a8_red16_heads_e10_seed42/inference_results.json,"Rows=true, columns=predicted; paired matches only."
klt_confusion,KLT,CellViT-SAM-H,Selected PEFT,Kidney,A,,,42,,Epithelial,Other,0,,,,,,,,,,,,,,,,,,,,,,,,,,,,,,,,,,,,,,,,,,,,,,,,,,,,,,,,checkpoint_10 TEST,run/sthelar40x_klt_5class_slideind_foldA_lora_adaptformer_r8_a8_red16_heads_e10_seed42/log/2026-08-19T105648_sthelar40x_klt_5class_slideind_foldA_lora_adaptformer_r8_a8_red16_heads_e10_seed42/inference_results.json,"Rows=true, columns=predicted; paired matches only."
klt_confusion,KLT,CellViT-SAM-H,Selected PEFT,Kidney,A,,,42,,Melanocyte,Background,0,,,,,,,,,,,,,,,,,,,,,,,,,,,,,,,,,,,,,,,,,,,,,,,,,,,,,,,,checkpoint_10 TEST,run/sthelar40x_klt_5class_slideind_foldA_lora_adaptformer_r8_a8_red16_heads_e10_seed42/log/2026-08-19T105648_sthelar40x_klt_5class_slideind_foldA_lora_adaptformer_r8_a8_red16_heads_e10_seed42/inference_results.json,"Rows=true, columns=predicted; paired matches only."
klt_confusion,KLT,CellViT-SAM-H,Selected PEFT,Kidney,A,,,42,,Melanocyte,Immune,0,,,,,,,,,,,,,,,,,,,,,,,,,,,,,,,,,,,,,,,,,,,,,,,,,,,,,,,,checkpoint_10 TEST,run/sthelar40x_klt_5class_slideind_foldA_lora_adaptformer_r8_a8_red16_heads_e10_seed42/log/2026-08-19T105648_sthelar40x_klt_5class_slideind_foldA_lora_adaptformer_r8_a8_red16_heads_e10_seed42/inference_results.json,"Rows=true, columns=predicted; paired matches only."
klt_confusion,KLT,CellViT-SAM-H,Selected PEFT,Kidney,A,,,42,,Melanocyte,Stromal,0,,,,,,,,,,,,,,,,,,,,,,,,,,,,,,,,,,,,,,,,,,,,,,,,,,,,,,,,checkpoint_10 TEST,run/sthelar40x_klt_5class_slideind_foldA_lora_adaptformer_r8_a8_red16_heads_e10_seed42/log/2026-08-19T105648_sthelar40x_klt_5class_slideind_foldA_lora_adaptformer_r8_a8_red16_heads_e10_seed42/inference_results.json,"Rows=true, columns=predicted; paired matches only."
klt_confusion,KLT,CellViT-SAM-H,Selected PEFT,Kidney,A,,,42,,Melanocyte,Epithelial,0,,,,,,,,,,,,,,,,,,,,,,,,,,,,,,,,,,,,,,,,,,,,,,,,,,,,,,,,checkpoint_10 TEST,run/sthelar40x_klt_5class_slideind_foldA_lora_adaptformer_r8_a8_red16_heads_e10_seed42/log/2026-08-19T105648_sthelar40x_klt_5class_slideind_foldA_lora_adaptformer_r8_a8_red16_heads_e10_seed42/inference_results.json,"Rows=true, columns=predicted; paired matches only."
klt_confusion,KLT,CellViT-SAM-H,Selected PEFT,Kidney,A,,,42,,Melanocyte,Melanocyte,0,,,,,,,,,,,,,,,,,,,,,,,,,,,,,,,,,,,,,,,,,,,,,,,,,,,,,,,,checkpoint_10 TEST,run/sthelar40x_klt_5class_slideind_foldA_lora_adaptformer_r8_a8_red16_heads_e10_seed42/log/2026-08-19T105648_sthelar40x_klt_5class_slideind_foldA_lora_adaptformer_r8_a8_red16_heads_e10_seed42/inference_results.json,"Rows=true, columns=predicted; paired matches only."
klt_confusion,KLT,CellViT-SAM-H,Selected PEFT,Kidney,A,,,42,,Melanocyte,Other,0,,,,,,,,,,,,,,,,,,,,,,,,,,,,,,,,,,,,,,,,,,,,,,,,,,,,,,,,checkpoint_10 TEST,run/sthelar40x_klt_5class_slideind_foldA_lora_adaptformer_r8_a8_red16_heads_e10_seed42/log/2026-08-19T105648_sthelar40x_klt_5class_slideind_foldA_lora_adaptformer_r8_a8_red16_heads_e10_seed42/inference_results.json,"Rows=true, columns=predicted; paired matches only."
klt_confusion,KLT,CellViT-SAM-H,Selected PEFT,Kidney,A,,,42,,Other,Background,1,,,,,,,,,,,,,,,,,,,,,,,,,,,,,,,,,,,,,,,,,,,,,,,,,,,,,,,,checkpoint_10 TEST,run/sthelar40x_klt_5class_slideind_foldA_lora_adaptformer_r8_a8_red16_heads_e10_seed42/log/2026-08-19T105648_sthelar40x_klt_5class_slideind_foldA_lora_adaptformer_r8_a8_red16_heads_e10_seed42/inference_results.json,"Rows=true, columns=predicted; paired matches only."
klt_confusion,KLT,CellViT-SAM-H,Selected PEFT,Kidney,A,,,42,,Other,Immune,372,,,,,,,,,,,,,,,,,,,,,,,,,,,,,,,,,,,,,,,,,,,,,,,,,,,,,,,,checkpoint_10 TEST,run/sthelar40x_klt_5class_slideind_foldA_lora_adaptformer_r8_a8_red16_heads_e10_seed42/log/2026-08-19T105648_sthelar40x_klt_5class_slideind_foldA_lora_adaptformer_r8_a8_red16_heads_e10_seed42/inference_results.json,"Rows=true, columns=predicted; paired matches only."
klt_confusion,KLT,CellViT-SAM-H,Selected PEFT,Kidney,A,,,42,,Other,Stromal,758,,,,,,,,,,,,,,,,,,,,,,,,,,,,,,,,,,,,,,,,,,,,,,,,,,,,,,,,checkpoint_10 TEST,run/sthelar40x_klt_5class_slideind_foldA_lora_adaptformer_r8_a8_red16_heads_e10_seed42/log/2026-08-19T105648_sthelar40x_klt_5class_slideind_foldA_lora_adaptformer_r8_a8_red16_heads_e10_seed42/inference_results.json,"Rows=true, columns=predicted; paired matches only."
klt_confusion,KLT,CellViT-SAM-H,Selected PEFT,Kidney,A,,,42,,Other,Epithelial,28,,,,,,,,,,,,,,,,,,,,,,,,,,,,,,,,,,,,,,,,,,,,,,,,,,,,,,,,checkpoint_10 TEST,run/sthelar40x_klt_5class_slideind_foldA_lora_adaptformer_r8_a8_red16_heads_e10_seed42/log/2026-08-19T105648_sthelar40x_klt_5class_slideind_foldA_lora_adaptformer_r8_a8_red16_heads_e10_seed42/inference_results.json,"Rows=true, columns=predicted; paired matches only."
klt_confusion,KLT,CellViT-SAM-H,Selected PEFT,Kidney,A,,,42,,Other,Melanocyte,0,,,,,,,,,,,,,,,,,,,,,,,,,,,,,,,,,,,,,,,,,,,,,,,,,,,,,,,,checkpoint_10 TEST,run/sthelar40x_klt_5class_slideind_foldA_lora_adaptformer_r8_a8_red16_heads_e10_seed42/log/2026-08-19T105648_sthelar40x_klt_5class_slideind_foldA_lora_adaptformer_r8_a8_red16_heads_e10_seed42/inference_results.json,"Rows=true, columns=predicted; paired matches only."
klt_confusion,KLT,CellViT-SAM-H,Selected PEFT,Kidney,A,,,42,,Other,Other,0,,,,,,,,,,,,,,,,,,,,,,,,,,,,,,,,,,,,,,,,,,,,,,,,,,,,,,,,checkpoint_10 TEST,run/sthelar40x_klt_5class_slideind_foldA_lora_adaptformer_r8_a8_red16_heads_e10_seed42/log/2026-08-19T105648_sthelar40x_klt_5class_slideind_foldA_lora_adaptformer_r8_a8_red16_heads_e10_seed42/inference_results.json,"Rows=true, columns=predicted; paired matches only."
klt_seed_metric,KLT,CellViT-SAM-H,Selected PEFT,Liver,A,,,42,,,,,9166,,,,,,,,,,,,,,,,,0.8405503593482762,0.7318852103857668,0.5773691043120575,0.23163658241244775,0.8721990867008014,0.3595158732296437,,,,,,,,,,,,,,,,,,,,,,,,,,,,,,,,,checkpoint_10 TEST,run/sthelar40x_klt_5class_slideind_foldA_lora_adaptformer_r8_a8_red16_heads_e10_seed42/log/2026-08-19T105648_sthelar40x_klt_5class_slideind_foldA_lora_adaptformer_r8_a8_red16_heads_e10_seed42/inference_results.json,
klt_per_class,KLT,CellViT-SAM-H,Selected PEFT,Liver,A,,,42,Immune,,,,,,,,,,,,,,,,,,,,,,,,,,,,,,,,,,,,,,,,,,,,,0.19733525387108392,,,56187,66225,58472,0.20134362227065966,,,,,,,,checkpoint_10 TEST,run/sthelar40x_klt_5class_slideind_foldA_lora_adaptformer_r8_a8_red16_heads_e10_seed42/log/2026-08-19T105648_sthelar40x_klt_5class_slideind_foldA_lora_adaptformer_r8_a8_red16_heads_e10_seed42/inference_results.json,
klt_per_class,KLT,CellViT-SAM-H,Selected PEFT,Liver,A,,,42,Stromal,,,,,,,,,,,,,,,,,,,,,,,,,,,,,,,,,,,,,,,,,,,,,0.5752594789239568,,,60899,72718,139453,0.48019517301461045,,,,,,,,checkpoint_10 TEST,run/sthelar40x_klt_5class_slideind_foldA_lora_adaptformer_r8_a8_red16_heads_e10_seed42/log/2026-08-19T105648_sthelar40x_klt_5class_slideind_foldA_lora_adaptformer_r8_a8_red16_heads_e10_seed42/inference_results.json,
klt_per_class,KLT,CellViT-SAM-H,Selected PEFT,Liver,A,,,42,Epithelial,,,,,,,,,,,,,,,,,,,,,,,,,,,,,,,,,,,,,,,,,,,,,0.6654687601235341,,,146973,176168,92475,0.31843021393965065,,,,,,,,checkpoint_10 TEST,run/sthelar40x_klt_5class_slideind_foldA_lora_adaptformer_r8_a8_red16_heads_e10_seed42/log/2026-08-19T105648_sthelar40x_klt_5class_slideind_foldA_lora_adaptformer_r8_a8_red16_heads_e10_seed42/inference_results.json,
klt_per_class,KLT,CellViT-SAM-H,Selected PEFT,Liver,A,,,42,Melanocyte,,,,,,,,,,,,,,,,,,,,,,,,,,,,,,,,,,,,,,,,,,,,,,,,0,0,0,0.0,,,,,,,,checkpoint_10 TEST,run/sthelar40x_klt_5class_slideind_foldA_lora_adaptformer_r8_a8_red16_heads_e10_seed42/log/2026-08-19T105648_sthelar40x_klt_5class_slideind_foldA_lora_adaptformer_r8_a8_red16_heads_e10_seed42/inference_results.json,
klt_per_class,KLT,CellViT-SAM-H,Selected PEFT,Liver,A,,,42,Other,,,,,,,,,,,,,,,,,,,,,,,,,,,,,,,,,,,,,,,,,,,,,0.0,,,545,1125,9,3.099077507928473e-05,,,,,,,,checkpoint_10 TEST,run/sthelar40x_klt_5class_slideind_foldA_lora_adaptformer_r8_a8_red16_heads_e10_seed42/log/2026-08-19T105648_sthelar40x_klt_5class_slideind_foldA_lora_adaptformer_r8_a8_red16_heads_e10_seed42/inference_results.json,
klt_confusion,KLT,CellViT-SAM-H,Selected PEFT,Liver,A,,,42,,Background,Background,2,,,,,,,,,,,,,,,,,,,,,,,,,,,,,,,,,,,,,,,,,,,,,,,,,,,,,,,,checkpoint_10 TEST,run/sthelar40x_klt_5class_slideind_foldA_lora_adaptformer_r8_a8_red16_heads_e10_seed42/log/2026-08-19T105648_sthelar40x_klt_5class_slideind_foldA_lora_adaptformer_r8_a8_red16_heads_e10_seed42/inference_results.json,"Rows=true, columns=predicted; paired matches only."
klt_confusion,KLT,CellViT-SAM-H,Selected PEFT,Liver,A,,,42,,Background,Immune,0,,,,,,,,,,,,,,,,,,,,,,,,,,,,,,,,,,,,,,,,,,,,,,,,,,,,,,,,checkpoint_10 TEST,run/sthelar40x_klt_5class_slideind_foldA_lora_adaptformer_r8_a8_red16_heads_e10_seed42/log/2026-08-19T105648_sthelar40x_klt_5class_slideind_foldA_lora_adaptformer_r8_a8_red16_heads_e10_seed42/inference_results.json,"Rows=true, columns=predicted; paired matches only."
klt_confusion,KLT,CellViT-SAM-H,Selected PEFT,Liver,A,,,42,,Background,Stromal,0,,,,,,,,,,,,,,,,,,,,,,,,,,,,,,,,,,,,,,,,,,,,,,,,,,,,,,,,checkpoint_10 TEST,run/sthelar40x_klt_5class_slideind_foldA_lora_adaptformer_r8_a8_red16_heads_e10_seed42/log/2026-08-19T105648_sthelar40x_klt_5class_slideind_foldA_lora_adaptformer_r8_a8_red16_heads_e10_seed42/inference_results.json,"Rows=true, columns=predicted; paired matches only."
klt_confusion,KLT,CellViT-SAM-H,Selected PEFT,Liver,A,,,42,,Background,Epithelial,0,,,,,,,,,,,,,,,,,,,,,,,,,,,,,,,,,,,,,,,,,,,,,,,,,,,,,,,,checkpoint_10 TEST,run/sthelar40x_klt_5class_slideind_foldA_lora_adaptformer_r8_a8_red16_heads_e10_seed42/log/2026-08-19T105648_sthelar40x_klt_5class_slideind_foldA_lora_adaptformer_r8_a8_red16_heads_e10_seed42/inference_results.json,"Rows=true, columns=predicted; paired matches only."
klt_confusion,KLT,CellViT-SAM-H,Selected PEFT,Liver,A,,,42,,Background,Melanocyte,0,,,,,,,,,,,,,,,,,,,,,,,,,,,,,,,,,,,,,,,,,,,,,,,,,,,,,,,,checkpoint_10 TEST,run/sthelar40x_klt_5class_slideind_foldA_lora_adaptformer_r8_a8_red16_heads_e10_seed42/log/2026-08-19T105648_sthelar40x_klt_5class_slideind_foldA_lora_adaptformer_r8_a8_red16_heads_e10_seed42/inference_results.json,"Rows=true, columns=predicted; paired matches only."
klt_confusion,KLT,CellViT-SAM-H,Selected PEFT,Liver,A,,,42,,Background,Other,0,,,,,,,,,,,,,,,,,,,,,,,,,,,,,,,,,,,,,,,,,,,,,,,,,,,,,,,,checkpoint_10 TEST,run/sthelar40x_klt_5class_slideind_foldA_lora_adaptformer_r8_a8_red16_heads_e10_seed42/log/2026-08-19T105648_sthelar40x_klt_5class_slideind_foldA_lora_adaptformer_r8_a8_red16_heads_e10_seed42/inference_results.json,"Rows=true, columns=predicted; paired matches only."
klt_confusion,KLT,CellViT-SAM-H,Selected PEFT,Liver,A,,,42,,Immune,Background,4,,,,,,,,,,,,,,,,,,,,,,,,,,,,,,,,,,,,,,,,,,,,,,,,,,,,,,,,checkpoint_10 TEST,run/sthelar40x_klt_5class_slideind_foldA_lora_adaptformer_r8_a8_red16_heads_e10_seed42/log/2026-08-19T105648_sthelar40x_klt_5class_slideind_foldA_lora_adaptformer_r8_a8_red16_heads_e10_seed42/inference_results.json,"Rows=true, columns=predicted; paired matches only."
klt_confusion,KLT,CellViT-SAM-H,Selected PEFT,Liver,A,,,42,,Immune,Immune,10686,,,,,,,,,,,,,,,,,,,,,,,,,,,,,,,,,,,,,,,,,,,,,,,,,,,,,,,,checkpoint_10 TEST,run/sthelar40x_klt_5class_slideind_foldA_lora_adaptformer_r8_a8_red16_heads_e10_seed42/log/2026-08-19T105648_sthelar40x_klt_5class_slideind_foldA_lora_adaptformer_r8_a8_red16_heads_e10_seed42/inference_results.json,"Rows=true, columns=predicted; paired matches only."
klt_confusion,KLT,CellViT-SAM-H,Selected PEFT,Liver,A,,,42,,Immune,Stromal,42358,,,,,,,,,,,,,,,,,,,,,,,,,,,,,,,,,,,,,,,,,,,,,,,,,,,,,,,,checkpoint_10 TEST,run/sthelar40x_klt_5class_slideind_foldA_lora_adaptformer_r8_a8_red16_heads_e10_seed42/log/2026-08-19T105648_sthelar40x_klt_5class_slideind_foldA_lora_adaptformer_r8_a8_red16_heads_e10_seed42/inference_results.json,"Rows=true, columns=predicted; paired matches only."
klt_confusion,KLT,CellViT-SAM-H,Selected PEFT,Liver,A,,,42,,Immune,Epithelial,3143,,,,,,,,,,,,,,,,,,,,,,,,,,,,,,,,,,,,,,,,,,,,,,,,,,,,,,,,checkpoint_10 TEST,run/sthelar40x_klt_5class_slideind_foldA_lora_adaptformer_r8_a8_red16_heads_e10_seed42/log/2026-08-19T105648_sthelar40x_klt_5class_slideind_foldA_lora_adaptformer_r8_a8_red16_heads_e10_seed42/inference_results.json,"Rows=true, columns=predicted; paired matches only."
klt_confusion,KLT,CellViT-SAM-H,Selected PEFT,Liver,A,,,42,,Immune,Melanocyte,0,,,,,,,,,,,,,,,,,,,,,,,,,,,,,,,,,,,,,,,,,,,,,,,,,,,,,,,,checkpoint_10 TEST,run/sthelar40x_klt_5class_slideind_foldA_lora_adaptformer_r8_a8_red16_heads_e10_seed42/log/2026-08-19T105648_sthelar40x_klt_5class_slideind_foldA_lora_adaptformer_r8_a8_red16_heads_e10_seed42/inference_results.json,"Rows=true, columns=predicted; paired matches only."
klt_confusion,KLT,CellViT-SAM-H,Selected PEFT,Liver,A,,,42,,Immune,Other,0,,,,,,,,,,,,,,,,,,,,,,,,,,,,,,,,,,,,,,,,,,,,,,,,,,,,,,,,checkpoint_10 TEST,run/sthelar40x_klt_5class_slideind_foldA_lora_adaptformer_r8_a8_red16_heads_e10_seed42/log/2026-08-19T105648_sthelar40x_klt_5class_slideind_foldA_lora_adaptformer_r8_a8_red16_heads_e10_seed42/inference_results.json,"Rows=true, columns=predicted; paired matches only."
klt_confusion,KLT,CellViT-SAM-H,Selected PEFT,Liver,A,,,42,,Stromal,Background,10,,,,,,,,,,,,,,,,,,,,,,,,,,,,,,,,,,,,,,,,,,,,,,,,,,,,,,,,checkpoint_10 TEST,run/sthelar40x_klt_5class_slideind_foldA_lora_adaptformer_r8_a8_red16_heads_e10_seed42/log/2026-08-19T105648_sthelar40x_klt_5class_slideind_foldA_lora_adaptformer_r8_a8_red16_heads_e10_seed42/inference_results.json,"Rows=true, columns=predicted; paired matches only."
klt_confusion,KLT,CellViT-SAM-H,Selected PEFT,Liver,A,,,42,,Stromal,Immune,2252,,,,,,,,,,,,,,,,,,,,,,,,,,,,,,,,,,,,,,,,,,,,,,,,,,,,,,,,checkpoint_10 TEST,run/sthelar40x_klt_5class_slideind_foldA_lora_adaptformer_r8_a8_red16_heads_e10_seed42/log/2026-08-19T105648_sthelar40x_klt_5class_slideind_foldA_lora_adaptformer_r8_a8_red16_heads_e10_seed42/inference_results.json,"Rows=true, columns=predicted; paired matches only."
klt_confusion,KLT,CellViT-SAM-H,Selected PEFT,Liver,A,,,42,,Stromal,Stromal,54316,,,,,,,,,,,,,,,,,,,,,,,,,,,,,,,,,,,,,,,,,,,,,,,,,,,,,,,,checkpoint_10 TEST,run/sthelar40x_klt_5class_slideind_foldA_lora_adaptformer_r8_a8_red16_heads_e10_seed42/log/2026-08-19T105648_sthelar40x_klt_5class_slideind_foldA_lora_adaptformer_r8_a8_red16_heads_e10_seed42/inference_results.json,"Rows=true, columns=predicted; paired matches only."
klt_confusion,KLT,CellViT-SAM-H,Selected PEFT,Liver,A,,,42,,Stromal,Epithelial,4330,,,,,,,,,,,,,,,,,,,,,,,,,,,,,,,,,,,,,,,,,,,,,,,,,,,,,,,,checkpoint_10 TEST,run/sthelar40x_klt_5class_slideind_foldA_lora_adaptformer_r8_a8_red16_heads_e10_seed42/log/2026-08-19T105648_sthelar40x_klt_5class_slideind_foldA_lora_adaptformer_r8_a8_red16_heads_e10_seed42/inference_results.json,"Rows=true, columns=predicted; paired matches only."
klt_confusion,KLT,CellViT-SAM-H,Selected PEFT,Liver,A,,,42,,Stromal,Melanocyte,0,,,,,,,,,,,,,,,,,,,,,,,,,,,,,,,,,,,,,,,,,,,,,,,,,,,,,,,,checkpoint_10 TEST,run/sthelar40x_klt_5class_slideind_foldA_lora_adaptformer_r8_a8_red16_heads_e10_seed42/log/2026-08-19T105648_sthelar40x_klt_5class_slideind_foldA_lora_adaptformer_r8_a8_red16_heads_e10_seed42/inference_results.json,"Rows=true, columns=predicted; paired matches only."
klt_confusion,KLT,CellViT-SAM-H,Selected PEFT,Liver,A,,,42,,Stromal,Other,1,,,,,,,,,,,,,,,,,,,,,,,,,,,,,,,,,,,,,,,,,,,,,,,,,,,,,,,,checkpoint_10 TEST,run/sthelar40x_klt_5class_slideind_foldA_lora_adaptformer_r8_a8_red16_heads_e10_seed42/log/2026-08-19T105648_sthelar40x_klt_5class_slideind_foldA_lora_adaptformer_r8_a8_red16_heads_e10_seed42/inference_results.json,"Rows=true, columns=predicted; paired matches only."
klt_confusion,KLT,CellViT-SAM-H,Selected PEFT,Liver,A,,,42,,Epithelial,Background,10,,,,,,,,,,,,,,,,,,,,,,,,,,,,,,,,,,,,,,,,,,,,,,,,,,,,,,,,checkpoint_10 TEST,run/sthelar40x_klt_5class_slideind_foldA_lora_adaptformer_r8_a8_red16_heads_e10_seed42/log/2026-08-19T105648_sthelar40x_klt_5class_slideind_foldA_lora_adaptformer_r8_a8_red16_heads_e10_seed42/inference_results.json,"Rows=true, columns=predicted; paired matches only."
klt_confusion,KLT,CellViT-SAM-H,Selected PEFT,Liver,A,,,42,,Epithelial,Immune,39102,,,,,,,,,,,,,,,,,,,,,,,,,,,,,,,,,,,,,,,,,,,,,,,,,,,,,,,,checkpoint_10 TEST,run/sthelar40x_klt_5class_slideind_foldA_lora_adaptformer_r8_a8_red16_heads_e10_seed42/log/2026-08-19T105648_sthelar40x_klt_5class_slideind_foldA_lora_adaptformer_r8_a8_red16_heads_e10_seed42/inference_results.json,"Rows=true, columns=predicted; paired matches only."
klt_confusion,KLT,CellViT-SAM-H,Selected PEFT,Liver,A,,,42,,Epithelial,Stromal,30834,,,,,,,,,,,,,,,,,,,,,,,,,,,,,,,,,,,,,,,,,,,,,,,,,,,,,,,,checkpoint_10 TEST,run/sthelar40x_klt_5class_slideind_foldA_lora_adaptformer_r8_a8_red16_heads_e10_seed42/log/2026-08-19T105648_sthelar40x_klt_5class_slideind_foldA_lora_adaptformer_r8_a8_red16_heads_e10_seed42/inference_results.json,"Rows=true, columns=predicted; paired matches only."
klt_confusion,KLT,CellViT-SAM-H,Selected PEFT,Liver,A,,,42,,Epithelial,Epithelial,77033,,,,,,,,,,,,,,,,,,,,,,,,,,,,,,,,,,,,,,,,,,,,,,,,,,,,,,,,checkpoint_10 TEST,run/sthelar40x_klt_5class_slideind_foldA_lora_adaptformer_r8_a8_red16_heads_e10_seed42/log/2026-08-19T105648_sthelar40x_klt_5class_slideind_foldA_lora_adaptformer_r8_a8_red16_heads_e10_seed42/inference_results.json,"Rows=true, columns=predicted; paired matches only."
klt_confusion,KLT,CellViT-SAM-H,Selected PEFT,Liver,A,,,42,,Epithelial,Melanocyte,0,,,,,,,,,,,,,,,,,,,,,,,,,,,,,,,,,,,,,,,,,,,,,,,,,,,,,,,,checkpoint_10 TEST,run/sthelar40x_klt_5class_slideind_foldA_lora_adaptformer_r8_a8_red16_heads_e10_seed42/log/2026-08-19T105648_sthelar40x_klt_5class_slideind_foldA_lora_adaptformer_r8_a8_red16_heads_e10_seed42/inference_results.json,"Rows=true, columns=predicted; paired matches only."
klt_confusion,KLT,CellViT-SAM-H,Selected PEFT,Liver,A,,,42,,Epithelial,Other,4,,,,,,,,,,,,,,,,,,,,,,,,,,,,,,,,,,,,,,,,,,,,,,,,,,,,,,,,checkpoint_10 TEST,run/sthelar40x_klt_5class_slideind_foldA_lora_adaptformer_r8_a8_red16_heads_e10_seed42/log/2026-08-19T105648_sthelar40x_klt_5class_slideind_foldA_lora_adaptformer_r8_a8_red16_heads_e10_seed42/inference_results.json,"Rows=true, columns=predicted; paired matches only."
klt_confusion,KLT,CellViT-SAM-H,Selected PEFT,Liver,A,,,42,,Melanocyte,Background,0,,,,,,,,,,,,,,,,,,,,,,,,,,,,,,,,,,,,,,,,,,,,,,,,,,,,,,,,checkpoint_10 TEST,run/sthelar40x_klt_5class_slideind_foldA_lora_adaptformer_r8_a8_red16_heads_e10_seed42/log/2026-08-19T105648_sthelar40x_klt_5class_slideind_foldA_lora_adaptformer_r8_a8_red16_heads_e10_seed42/inference_results.json,"Rows=true, columns=predicted; paired matches only."
klt_confusion,KLT,CellViT-SAM-H,Selected PEFT,Liver,A,,,42,,Melanocyte,Immune,0,,,,,,,,,,,,,,,,,,,,,,,,,,,,,,,,,,,,,,,,,,,,,,,,,,,,,,,,checkpoint_10 TEST,run/sthelar40x_klt_5class_slideind_foldA_lora_adaptformer_r8_a8_red16_heads_e10_seed42/log/2026-08-19T105648_sthelar40x_klt_5class_slideind_foldA_lora_adaptformer_r8_a8_red16_heads_e10_seed42/inference_results.json,"Rows=true, columns=predicted; paired matches only."
klt_confusion,KLT,CellViT-SAM-H,Selected PEFT,Liver,A,,,42,,Melanocyte,Stromal,0,,,,,,,,,,,,,,,,,,,,,,,,,,,,,,,,,,,,,,,,,,,,,,,,,,,,,,,,checkpoint_10 TEST,run/sthelar40x_klt_5class_slideind_foldA_lora_adaptformer_r8_a8_red16_heads_e10_seed42/log/2026-08-19T105648_sthelar40x_klt_5class_slideind_foldA_lora_adaptformer_r8_a8_red16_heads_e10_seed42/inference_results.json,"Rows=true, columns=predicted; paired matches only."
klt_confusion,KLT,CellViT-SAM-H,Selected PEFT,Liver,A,,,42,,Melanocyte,Epithelial,0,,,,,,,,,,,,,,,,,,,,,,,,,,,,,,,,,,,,,,,,,,,,,,,,,,,,,,,,checkpoint_10 TEST,run/sthelar40x_klt_5class_slideind_foldA_lora_adaptformer_r8_a8_red16_heads_e10_seed42/log/2026-08-19T105648_sthelar40x_klt_5class_slideind_foldA_lora_adaptformer_r8_a8_red16_heads_e10_seed42/inference_results.json,"Rows=true, columns=predicted; paired matches only."
klt_confusion,KLT,CellViT-SAM-H,Selected PEFT,Liver,A,,,42,,Melanocyte,Melanocyte,0,,,,,,,,,,,,,,,,,,,,,,,,,,,,,,,,,,,,,,,,,,,,,,,,,,,,,,,,checkpoint_10 TEST,run/sthelar40x_klt_5class_slideind_foldA_lora_adaptformer_r8_a8_red16_heads_e10_seed42/log/2026-08-19T105648_sthelar40x_klt_5class_slideind_foldA_lora_adaptformer_r8_a8_red16_heads_e10_seed42/inference_results.json,"Rows=true, columns=predicted; paired matches only."
klt_confusion,KLT,CellViT-SAM-H,Selected PEFT,Liver,A,,,42,,Melanocyte,Other,0,,,,,,,,,,,,,,,,,,,,,,,,,,,,,,,,,,,,,,,,,,,,,,,,,,,,,,,,checkpoint_10 TEST,run/sthelar40x_klt_5class_slideind_foldA_lora_adaptformer_r8_a8_red16_heads_e10_seed42/log/2026-08-19T105648_sthelar40x_klt_5class_slideind_foldA_lora_adaptformer_r8_a8_red16_heads_e10_seed42/inference_results.json,"Rows=true, columns=predicted; paired matches only."
klt_confusion,KLT,CellViT-SAM-H,Selected PEFT,Liver,A,,,42,,Other,Background,0,,,,,,,,,,,,,,,,,,,,,,,,,,,,,,,,,,,,,,,,,,,,,,,,,,,,,,,,checkpoint_10 TEST,run/sthelar40x_klt_5class_slideind_foldA_lora_adaptformer_r8_a8_red16_heads_e10_seed42/log/2026-08-19T105648_sthelar40x_klt_5class_slideind_foldA_lora_adaptformer_r8_a8_red16_heads_e10_seed42/inference_results.json,"Rows=true, columns=predicted; paired matches only."
klt_confusion,KLT,CellViT-SAM-H,Selected PEFT,Liver,A,,,42,,Other,Immune,76,,,,,,,,,,,,,,,,,,,,,,,,,,,,,,,,,,,,,,,,,,,,,,,,,,,,,,,,checkpoint_10 TEST,run/sthelar40x_klt_5class_slideind_foldA_lora_adaptformer_r8_a8_red16_heads_e10_seed42/log/2026-08-19T105648_sthelar40x_klt_5class_slideind_foldA_lora_adaptformer_r8_a8_red16_heads_e10_seed42/inference_results.json,"Rows=true, columns=predicted; paired matches only."
klt_confusion,KLT,CellViT-SAM-H,Selected PEFT,Liver,A,,,42,,Other,Stromal,433,,,,,,,,,,,,,,,,,,,,,,,,,,,,,,,,,,,,,,,,,,,,,,,,,,,,,,,,checkpoint_10 TEST,run/sthelar40x_klt_5class_slideind_foldA_lora_adaptformer_r8_a8_red16_heads_e10_seed42/log/2026-08-19T105648_sthelar40x_klt_5class_slideind_foldA_lora_adaptformer_r8_a8_red16_heads_e10_seed42/inference_results.json,"Rows=true, columns=predicted; paired matches only."
klt_confusion,KLT,CellViT-SAM-H,Selected PEFT,Liver,A,,,42,,Other,Epithelial,36,,,,,,,,,,,,,,,,,,,,,,,,,,,,,,,,,,,,,,,,,,,,,,,,,,,,,,,,checkpoint_10 TEST,run/sthelar40x_klt_5class_slideind_foldA_lora_adaptformer_r8_a8_red16_heads_e10_seed42/log/2026-08-19T105648_sthelar40x_klt_5class_slideind_foldA_lora_adaptformer_r8_a8_red16_heads_e10_seed42/inference_results.json,"Rows=true, columns=predicted; paired matches only."
klt_confusion,KLT,CellViT-SAM-H,Selected PEFT,Liver,A,,,42,,Other,Melanocyte,0,,,,,,,,,,,,,,,,,,,,,,,,,,,,,,,,,,,,,,,,,,,,,,,,,,,,,,,,checkpoint_10 TEST,run/sthelar40x_klt_5class_slideind_foldA_lora_adaptformer_r8_a8_red16_heads_e10_seed42/log/2026-08-19T105648_sthelar40x_klt_5class_slideind_foldA_lora_adaptformer_r8_a8_red16_heads_e10_seed42/inference_results.json,"Rows=true, columns=predicted; paired matches only."
klt_confusion,KLT,CellViT-SAM-H,Selected PEFT,Liver,A,,,42,,Other,Other,0,,,,,,,,,,,,,,,,,,,,,,,,,,,,,,,,,,,,,,,,,,,,,,,,,,,,,,,,checkpoint_10 TEST,run/sthelar40x_klt_5class_slideind_foldA_lora_adaptformer_r8_a8_red16_heads_e10_seed42/log/2026-08-19T105648_sthelar40x_klt_5class_slideind_foldA_lora_adaptformer_r8_a8_red16_heads_e10_seed42/inference_results.json,"Rows=true, columns=predicted; paired matches only."
klt_seed_metric,KLT,CellViT-SAM-H,Selected PEFT,Tonsil,A,,,42,,,,,9879,,,,,,,,,,,,,,,,,0.7346615866967073,0.6107250947396421,0.4408462617322639,0.21881883445333736,0.8278658721605474,0.5072728421713812,,,,,,,,,,,,,,,,,,,,,,,,,,,,,,,,,checkpoint_10 TEST,run/sthelar40x_klt_5class_slideind_foldA_lora_adaptformer_r8_a8_red16_heads_e10_seed42/log/2026-08-19T105648_sthelar40x_klt_5class_slideind_foldA_lora_adaptformer_r8_a8_red16_heads_e10_seed42/inference_results.json,
klt_per_class,KLT,CellViT-SAM-H,Selected PEFT,Tonsil,A,,,42,Immune,,,,,,,,,,,,,,,,,,,,,,,,,,,,,,,,,,,,,,,,,,,,,0.8427674706031031,,,428001,519982,498361,0.6863578457364394,,,,,,,,checkpoint_10 TEST,run/sthelar40x_klt_5class_slideind_foldA_lora_adaptformer_r8_a8_red16_heads_e10_seed42/log/2026-08-19T105648_sthelar40x_klt_5class_slideind_foldA_lora_adaptformer_r8_a8_red16_heads_e10_seed42/inference_results.json,
klt_per_class,KLT,CellViT-SAM-H,Selected PEFT,Tonsil,A,,,42,Stromal,,,,,,,,,,,,,,,,,,,,,,,,,,,,,,,,,,,,,,,,,,,,,0.5088155956024029,,,121315,160821,114880,0.1582162113772991,,,,,,,,checkpoint_10 TEST,run/sthelar40x_klt_5class_slideind_foldA_lora_adaptformer_r8_a8_red16_heads_e10_seed42/log/2026-08-19T105648_sthelar40x_klt_5class_slideind_foldA_lora_adaptformer_r8_a8_red16_heads_e10_seed42/inference_results.json,
klt_per_class,KLT,CellViT-SAM-H,Selected PEFT,Tonsil,A,,,42,Epithelial,,,,,,,,,,,,,,,,,,,,,,,,,,,,,,,,,,,,,,,,,,,,,0.6773975727712382,,,65389,82911,112849,0.15541905673500023,,,,,,,,checkpoint_10 TEST,run/sthelar40x_klt_5class_slideind_foldA_lora_adaptformer_r8_a8_red16_heads_e10_seed42/log/2026-08-19T105648_sthelar40x_klt_5class_slideind_foldA_lora_adaptformer_r8_a8_red16_heads_e10_seed42/inference_results.json,
klt_per_class,KLT,CellViT-SAM-H,Selected PEFT,Tonsil,A,,,42,Melanocyte,,,,,,,,,,,,,,,,,,,,,,,,,,,,,,,,,,,,,,,,,,,,,,,,0,0,0,0.0,,,,,,,,checkpoint_10 TEST,run/sthelar40x_klt_5class_slideind_foldA_lora_adaptformer_r8_a8_red16_heads_e10_seed42/log/2026-08-19T105648_sthelar40x_klt_5class_slideind_foldA_lora_adaptformer_r8_a8_red16_heads_e10_seed42/inference_results.json,
klt_per_class,KLT,CellViT-SAM-H,Selected PEFT,Tonsil,A,,,42,Other,,,,,,,,,,,,,,,,,,,,,,,,,,,,,,,,,,,,,,,,,,,,,0.00011072970878086591,,,18059,38511,5,6.886151261198603e-06,,,,,,,,checkpoint_10 TEST,run/sthelar40x_klt_5class_slideind_foldA_lora_adaptformer_r8_a8_red16_heads_e10_seed42/log/2026-08-19T105648_sthelar40x_klt_5class_slideind_foldA_lora_adaptformer_r8_a8_red16_heads_e10_seed42/inference_results.json,
klt_confusion,KLT,CellViT-SAM-H,Selected PEFT,Tonsil,A,,,42,,Background,Background,3,,,,,,,,,,,,,,,,,,,,,,,,,,,,,,,,,,,,,,,,,,,,,,,,,,,,,,,,checkpoint_10 TEST,run/sthelar40x_klt_5class_slideind_foldA_lora_adaptformer_r8_a8_red16_heads_e10_seed42/log/2026-08-19T105648_sthelar40x_klt_5class_slideind_foldA_lora_adaptformer_r8_a8_red16_heads_e10_seed42/inference_results.json,"Rows=true, columns=predicted; paired matches only."
klt_confusion,KLT,CellViT-SAM-H,Selected PEFT,Tonsil,A,,,42,,Background,Immune,0,,,,,,,,,,,,,,,,,,,,,,,,,,,,,,,,,,,,,,,,,,,,,,,,,,,,,,,,checkpoint_10 TEST,run/sthelar40x_klt_5class_slideind_foldA_lora_adaptformer_r8_a8_red16_heads_e10_seed42/log/2026-08-19T105648_sthelar40x_klt_5class_slideind_foldA_lora_adaptformer_r8_a8_red16_heads_e10_seed42/inference_results.json,"Rows=true, columns=predicted; paired matches only."
klt_confusion,KLT,CellViT-SAM-H,Selected PEFT,Tonsil,A,,,42,,Background,Stromal,0,,,,,,,,,,,,,,,,,,,,,,,,,,,,,,,,,,,,,,,,,,,,,,,,,,,,,,,,checkpoint_10 TEST,run/sthelar40x_klt_5class_slideind_foldA_lora_adaptformer_r8_a8_red16_heads_e10_seed42/log/2026-08-19T105648_sthelar40x_klt_5class_slideind_foldA_lora_adaptformer_r8_a8_red16_heads_e10_seed42/inference_results.json,"Rows=true, columns=predicted; paired matches only."
klt_confusion,KLT,CellViT-SAM-H,Selected PEFT,Tonsil,A,,,42,,Background,Epithelial,0,,,,,,,,,,,,,,,,,,,,,,,,,,,,,,,,,,,,,,,,,,,,,,,,,,,,,,,,checkpoint_10 TEST,run/sthelar40x_klt_5class_slideind_foldA_lora_adaptformer_r8_a8_red16_heads_e10_seed42/log/2026-08-19T105648_sthelar40x_klt_5class_slideind_foldA_lora_adaptformer_r8_a8_red16_heads_e10_seed42/inference_results.json,"Rows=true, columns=predicted; paired matches only."
klt_confusion,KLT,CellViT-SAM-H,Selected PEFT,Tonsil,A,,,42,,Background,Melanocyte,0,,,,,,,,,,,,,,,,,,,,,,,,,,,,,,,,,,,,,,,,,,,,,,,,,,,,,,,,checkpoint_10 TEST,run/sthelar40x_klt_5class_slideind_foldA_lora_adaptformer_r8_a8_red16_heads_e10_seed42/log/2026-08-19T105648_sthelar40x_klt_5class_slideind_foldA_lora_adaptformer_r8_a8_red16_heads_e10_seed42/inference_results.json,"Rows=true, columns=predicted; paired matches only."
klt_confusion,KLT,CellViT-SAM-H,Selected PEFT,Tonsil,A,,,42,,Background,Other,0,,,,,,,,,,,,,,,,,,,,,,,,,,,,,,,,,,,,,,,,,,,,,,,,,,,,,,,,checkpoint_10 TEST,run/sthelar40x_klt_5class_slideind_foldA_lora_adaptformer_r8_a8_red16_heads_e10_seed42/log/2026-08-19T105648_sthelar40x_klt_5class_slideind_foldA_lora_adaptformer_r8_a8_red16_heads_e10_seed42/inference_results.json,"Rows=true, columns=predicted; paired matches only."
klt_confusion,KLT,CellViT-SAM-H,Selected PEFT,Tonsil,A,,,42,,Immune,Background,48,,,,,,,,,,,,,,,,,,,,,,,,,,,,,,,,,,,,,,,,,,,,,,,,,,,,,,,,checkpoint_10 TEST,run/sthelar40x_klt_5class_slideind_foldA_lora_adaptformer_r8_a8_red16_heads_e10_seed42/log/2026-08-19T105648_sthelar40x_klt_5class_slideind_foldA_lora_adaptformer_r8_a8_red16_heads_e10_seed42/inference_results.json,"Rows=true, columns=predicted; paired matches only."
klt_confusion,KLT,CellViT-SAM-H,Selected PEFT,Tonsil,A,,,42,,Immune,Immune,363446,,,,,,,,,,,,,,,,,,,,,,,,,,,,,,,,,,,,,,,,,,,,,,,,,,,,,,,,checkpoint_10 TEST,run/sthelar40x_klt_5class_slideind_foldA_lora_adaptformer_r8_a8_red16_heads_e10_seed42/log/2026-08-19T105648_sthelar40x_klt_5class_slideind_foldA_lora_adaptformer_r8_a8_red16_heads_e10_seed42/inference_results.json,"Rows=true, columns=predicted; paired matches only."
klt_confusion,KLT,CellViT-SAM-H,Selected PEFT,Tonsil,A,,,42,,Immune,Stromal,30669,,,,,,,,,,,,,,,,,,,,,,,,,,,,,,,,,,,,,,,,,,,,,,,,,,,,,,,,checkpoint_10 TEST,run/sthelar40x_klt_5class_slideind_foldA_lora_adaptformer_r8_a8_red16_heads_e10_seed42/log/2026-08-19T105648_sthelar40x_klt_5class_slideind_foldA_lora_adaptformer_r8_a8_red16_heads_e10_seed42/inference_results.json,"Rows=true, columns=predicted; paired matches only."
klt_confusion,KLT,CellViT-SAM-H,Selected PEFT,Tonsil,A,,,42,,Immune,Epithelial,33886,,,,,,,,,,,,,,,,,,,,,,,,,,,,,,,,,,,,,,,,,,,,,,,,,,,,,,,,checkpoint_10 TEST,run/sthelar40x_klt_5class_slideind_foldA_lora_adaptformer_r8_a8_red16_heads_e10_seed42/log/2026-08-19T105648_sthelar40x_klt_5class_slideind_foldA_lora_adaptformer_r8_a8_red16_heads_e10_seed42/inference_results.json,"Rows=true, columns=predicted; paired matches only."
klt_confusion,KLT,CellViT-SAM-H,Selected PEFT,Tonsil,A,,,42,,Immune,Melanocyte,0,,,,,,,,,,,,,,,,,,,,,,,,,,,,,,,,,,,,,,,,,,,,,,,,,,,,,,,,checkpoint_10 TEST,run/sthelar40x_klt_5class_slideind_foldA_lora_adaptformer_r8_a8_red16_heads_e10_seed42/log/2026-08-19T105648_sthelar40x_klt_5class_slideind_foldA_lora_adaptformer_r8_a8_red16_heads_e10_seed42/inference_results.json,"Rows=true, columns=predicted; paired matches only."
klt_confusion,KLT,CellViT-SAM-H,Selected PEFT,Tonsil,A,,,42,,Immune,Other,0,,,,,,,,,,,,,,,,,,,,,,,,,,,,,,,,,,,,,,,,,,,,,,,,,,,,,,,,checkpoint_10 TEST,run/sthelar40x_klt_5class_slideind_foldA_lora_adaptformer_r8_a8_red16_heads_e10_seed42/log/2026-08-19T105648_sthelar40x_klt_5class_slideind_foldA_lora_adaptformer_r8_a8_red16_heads_e10_seed42/inference_results.json,"Rows=true, columns=predicted; paired matches only."
klt_confusion,KLT,CellViT-SAM-H,Selected PEFT,Tonsil,A,,,42,,Stromal,Background,78,,,,,,,,,,,,,,,,,,,,,,,,,,,,,,,,,,,,,,,,,,,,,,,,,,,,,,,,checkpoint_10 TEST,run/sthelar40x_klt_5class_slideind_foldA_lora_adaptformer_r8_a8_red16_heads_e10_seed42/log/2026-08-19T105648_sthelar40x_klt_5class_slideind_foldA_lora_adaptformer_r8_a8_red16_heads_e10_seed42/inference_results.json,"Rows=true, columns=predicted; paired matches only."
klt_confusion,KLT,CellViT-SAM-H,Selected PEFT,Tonsil,A,,,42,,Stromal,Immune,56473,,,,,,,,,,,,,,,,,,,,,,,,,,,,,,,,,,,,,,,,,,,,,,,,,,,,,,,,checkpoint_10 TEST,run/sthelar40x_klt_5class_slideind_foldA_lora_adaptformer_r8_a8_red16_heads_e10_seed42/log/2026-08-19T105648_sthelar40x_klt_5class_slideind_foldA_lora_adaptformer_r8_a8_red16_heads_e10_seed42/inference_results.json,"Rows=true, columns=predicted; paired matches only."
klt_confusion,KLT,CellViT-SAM-H,Selected PEFT,Tonsil,A,,,42,,Stromal,Stromal,56116,,,,,,,,,,,,,,,,,,,,,,,,,,,,,,,,,,,,,,,,,,,,,,,,,,,,,,,,checkpoint_10 TEST,run/sthelar40x_klt_5class_slideind_foldA_lora_adaptformer_r8_a8_red16_heads_e10_seed42/log/2026-08-19T105648_sthelar40x_klt_5class_slideind_foldA_lora_adaptformer_r8_a8_red16_heads_e10_seed42/inference_results.json,"Rows=true, columns=predicted; paired matches only."
klt_confusion,KLT,CellViT-SAM-H,Selected PEFT,Tonsil,A,,,42,,Stromal,Epithelial,8724,,,,,,,,,,,,,,,,,,,,,,,,,,,,,,,,,,,,,,,,,,,,,,,,,,,,,,,,checkpoint_10 TEST,run/sthelar40x_klt_5class_slideind_foldA_lora_adaptformer_r8_a8_red16_heads_e10_seed42/log/2026-08-19T105648_sthelar40x_klt_5class_slideind_foldA_lora_adaptformer_r8_a8_red16_heads_e10_seed42/inference_results.json,"Rows=true, columns=predicted; paired matches only."
klt_confusion,KLT,CellViT-SAM-H,Selected PEFT,Tonsil,A,,,42,,Stromal,Melanocyte,0,,,,,,,,,,,,,,,,,,,,,,,,,,,,,,,,,,,,,,,,,,,,,,,,,,,,,,,,checkpoint_10 TEST,run/sthelar40x_klt_5class_slideind_foldA_lora_adaptformer_r8_a8_red16_heads_e10_seed42/log/2026-08-19T105648_sthelar40x_klt_5class_slideind_foldA_lora_adaptformer_r8_a8_red16_heads_e10_seed42/inference_results.json,"Rows=true, columns=predicted; paired matches only."
klt_confusion,KLT,CellViT-SAM-H,Selected PEFT,Tonsil,A,,,42,,Stromal,Other,2,,,,,,,,,,,,,,,,,,,,,,,,,,,,,,,,,,,,,,,,,,,,,,,,,,,,,,,,checkpoint_10 TEST,run/sthelar40x_klt_5class_slideind_foldA_lora_adaptformer_r8_a8_red16_heads_e10_seed42/log/2026-08-19T105648_sthelar40x_klt_5class_slideind_foldA_lora_adaptformer_r8_a8_red16_heads_e10_seed42/inference_results.json,"Rows=true, columns=predicted; paired matches only."
klt_confusion,KLT,CellViT-SAM-H,Selected PEFT,Tonsil,A,,,42,,Epithelial,Background,46,,,,,,,,,,,,,,,,,,,,,,,,,,,,,,,,,,,,,,,,,,,,,,,,,,,,,,,,checkpoint_10 TEST,run/sthelar40x_klt_5class_slideind_foldA_lora_adaptformer_r8_a8_red16_heads_e10_seed42/log/2026-08-19T105648_sthelar40x_klt_5class_slideind_foldA_lora_adaptformer_r8_a8_red16_heads_e10_seed42/inference_results.json,"Rows=true, columns=predicted; paired matches only."
klt_confusion,KLT,CellViT-SAM-H,Selected PEFT,Tonsil,A,,,42,,Epithelial,Immune,6232,,,,,,,,,,,,,,,,,,,,,,,,,,,,,,,,,,,,,,,,,,,,,,,,,,,,,,,,checkpoint_10 TEST,run/sthelar40x_klt_5class_slideind_foldA_lora_adaptformer_r8_a8_red16_heads_e10_seed42/log/2026-08-19T105648_sthelar40x_klt_5class_slideind_foldA_lora_adaptformer_r8_a8_red16_heads_e10_seed42/inference_results.json,"Rows=true, columns=predicted; paired matches only."
klt_confusion,KLT,CellViT-SAM-H,Selected PEFT,Tonsil,A,,,42,,Epithelial,Stromal,3480,,,,,,,,,,,,,,,,,,,,,,,,,,,,,,,,,,,,,,,,,,,,,,,,,,,,,,,,checkpoint_10 TEST,run/sthelar40x_klt_5class_slideind_foldA_lora_adaptformer_r8_a8_red16_heads_e10_seed42/log/2026-08-19T105648_sthelar40x_klt_5class_slideind_foldA_lora_adaptformer_r8_a8_red16_heads_e10_seed42/inference_results.json,"Rows=true, columns=predicted; paired matches only."
klt_confusion,KLT,CellViT-SAM-H,Selected PEFT,Tonsil,A,,,42,,Epithelial,Epithelial,55677,,,,,,,,,,,,,,,,,,,,,,,,,,,,,,,,,,,,,,,,,,,,,,,,,,,,,,,,checkpoint_10 TEST,run/sthelar40x_klt_5class_slideind_foldA_lora_adaptformer_r8_a8_red16_heads_e10_seed42/log/2026-08-19T105648_sthelar40x_klt_5class_slideind_foldA_lora_adaptformer_r8_a8_red16_heads_e10_seed42/inference_results.json,"Rows=true, columns=predicted; paired matches only."
klt_confusion,KLT,CellViT-SAM-H,Selected PEFT,Tonsil,A,,,42,,Epithelial,Melanocyte,0,,,,,,,,,,,,,,,,,,,,,,,,,,,,,,,,,,,,,,,,,,,,,,,,,,,,,,,,checkpoint_10 TEST,run/sthelar40x_klt_5class_slideind_foldA_lora_adaptformer_r8_a8_red16_heads_e10_seed42/log/2026-08-19T105648_sthelar40x_klt_5class_slideind_foldA_lora_adaptformer_r8_a8_red16_heads_e10_seed42/inference_results.json,"Rows=true, columns=predicted; paired matches only."
klt_confusion,KLT,CellViT-SAM-H,Selected PEFT,Tonsil,A,,,42,,Epithelial,Other,0,,,,,,,,,,,,,,,,,,,,,,,,,,,,,,,,,,,,,,,,,,,,,,,,,,,,,,,,checkpoint_10 TEST,run/sthelar40x_klt_5class_slideind_foldA_lora_adaptformer_r8_a8_red16_heads_e10_seed42/log/2026-08-19T105648_sthelar40x_klt_5class_slideind_foldA_lora_adaptformer_r8_a8_red16_heads_e10_seed42/inference_results.json,"Rows=true, columns=predicted; paired matches only."
klt_confusion,KLT,CellViT-SAM-H,Selected PEFT,Tonsil,A,,,42,,Melanocyte,Background,0,,,,,,,,,,,,,,,,,,,,,,,,,,,,,,,,,,,,,,,,,,,,,,,,,,,,,,,,checkpoint_10 TEST,run/sthelar40x_klt_5class_slideind_foldA_lora_adaptformer_r8_a8_red16_heads_e10_seed42/log/2026-08-19T105648_sthelar40x_klt_5class_slideind_foldA_lora_adaptformer_r8_a8_red16_heads_e10_seed42/inference_results.json,"Rows=true, columns=predicted; paired matches only."
klt_confusion,KLT,CellViT-SAM-H,Selected PEFT,Tonsil,A,,,42,,Melanocyte,Immune,0,,,,,,,,,,,,,,,,,,,,,,,,,,,,,,,,,,,,,,,,,,,,,,,,,,,,,,,,checkpoint_10 TEST,run/sthelar40x_klt_5class_slideind_foldA_lora_adaptformer_r8_a8_red16_heads_e10_seed42/log/2026-08-19T105648_sthelar40x_klt_5class_slideind_foldA_lora_adaptformer_r8_a8_red16_heads_e10_seed42/inference_results.json,"Rows=true, columns=predicted; paired matches only."
klt_confusion,KLT,CellViT-SAM-H,Selected PEFT,Tonsil,A,,,42,,Melanocyte,Stromal,0,,,,,,,,,,,,,,,,,,,,,,,,,,,,,,,,,,,,,,,,,,,,,,,,,,,,,,,,checkpoint_10 TEST,run/sthelar40x_klt_5class_slideind_foldA_lora_adaptformer_r8_a8_red16_heads_e10_seed42/log/2026-08-19T105648_sthelar40x_klt_5class_slideind_foldA_lora_adaptformer_r8_a8_red16_heads_e10_seed42/inference_results.json,"Rows=true, columns=predicted; paired matches only."
klt_confusion,KLT,CellViT-SAM-H,Selected PEFT,Tonsil,A,,,42,,Melanocyte,Epithelial,0,,,,,,,,,,,,,,,,,,,,,,,,,,,,,,,,,,,,,,,,,,,,,,,,,,,,,,,,checkpoint_10 TEST,run/sthelar40x_klt_5class_slideind_foldA_lora_adaptformer_r8_a8_red16_heads_e10_seed42/log/2026-08-19T105648_sthelar40x_klt_5class_slideind_foldA_lora_adaptformer_r8_a8_red16_heads_e10_seed42/inference_results.json,"Rows=true, columns=predicted; paired matches only."
klt_confusion,KLT,CellViT-SAM-H,Selected PEFT,Tonsil,A,,,42,,Melanocyte,Melanocyte,0,,,,,,,,,,,,,,,,,,,,,,,,,,,,,,,,,,,,,,,,,,,,,,,,,,,,,,,,checkpoint_10 TEST,run/sthelar40x_klt_5class_slideind_foldA_lora_adaptformer_r8_a8_red16_heads_e10_seed42/log/2026-08-19T105648_sthelar40x_klt_5class_slideind_foldA_lora_adaptformer_r8_a8_red16_heads_e10_seed42/inference_results.json,"Rows=true, columns=predicted; paired matches only."
klt_confusion,KLT,CellViT-SAM-H,Selected PEFT,Tonsil,A,,,42,,Melanocyte,Other,0,,,,,,,,,,,,,,,,,,,,,,,,,,,,,,,,,,,,,,,,,,,,,,,,,,,,,,,,checkpoint_10 TEST,run/sthelar40x_klt_5class_slideind_foldA_lora_adaptformer_r8_a8_red16_heads_e10_seed42/log/2026-08-19T105648_sthelar40x_klt_5class_slideind_foldA_lora_adaptformer_r8_a8_red16_heads_e10_seed42/inference_results.json,"Rows=true, columns=predicted; paired matches only."
klt_confusion,KLT,CellViT-SAM-H,Selected PEFT,Tonsil,A,,,42,,Other,Background,34,,,,,,,,,,,,,,,,,,,,,,,,,,,,,,,,,,,,,,,,,,,,,,,,,,,,,,,,checkpoint_10 TEST,run/sthelar40x_klt_5class_slideind_foldA_lora_adaptformer_r8_a8_red16_heads_e10_seed42/log/2026-08-19T105648_sthelar40x_klt_5class_slideind_foldA_lora_adaptformer_r8_a8_red16_heads_e10_seed42/inference_results.json,"Rows=true, columns=predicted; paired matches only."
klt_confusion,KLT,CellViT-SAM-H,Selected PEFT,Tonsil,A,,,42,,Other,Immune,8354,,,,,,,,,,,,,,,,,,,,,,,,,,,,,,,,,,,,,,,,,,,,,,,,,,,,,,,,checkpoint_10 TEST,run/sthelar40x_klt_5class_slideind_foldA_lora_adaptformer_r8_a8_red16_heads_e10_seed42/log/2026-08-19T105648_sthelar40x_klt_5class_slideind_foldA_lora_adaptformer_r8_a8_red16_heads_e10_seed42/inference_results.json,"Rows=true, columns=predicted; paired matches only."
klt_confusion,KLT,CellViT-SAM-H,Selected PEFT,Tonsil,A,,,42,,Other,Stromal,8995,,,,,,,,,,,,,,,,,,,,,,,,,,,,,,,,,,,,,,,,,,,,,,,,,,,,,,,,checkpoint_10 TEST,run/sthelar40x_klt_5class_slideind_foldA_lora_adaptformer_r8_a8_red16_heads_e10_seed42/log/2026-08-19T105648_sthelar40x_klt_5class_slideind_foldA_lora_adaptformer_r8_a8_red16_heads_e10_seed42/inference_results.json,"Rows=true, columns=predicted; paired matches only."
klt_confusion,KLT,CellViT-SAM-H,Selected PEFT,Tonsil,A,,,42,,Other,Epithelial,709,,,,,,,,,,,,,,,,,,,,,,,,,,,,,,,,,,,,,,,,,,,,,,,,,,,,,,,,checkpoint_10 TEST,run/sthelar40x_klt_5class_slideind_foldA_lora_adaptformer_r8_a8_red16_heads_e10_seed42/log/2026-08-19T105648_sthelar40x_klt_5class_slideind_foldA_lora_adaptformer_r8_a8_red16_heads_e10_seed42/inference_results.json,"Rows=true, columns=predicted; paired matches only."
klt_confusion,KLT,CellViT-SAM-H,Selected PEFT,Tonsil,A,,,42,,Other,Melanocyte,0,,,,,,,,,,,,,,,,,,,,,,,,,,,,,,,,,,,,,,,,,,,,,,,,,,,,,,,,checkpoint_10 TEST,run/sthelar40x_klt_5class_slideind_foldA_lora_adaptformer_r8_a8_red16_heads_e10_seed42/log/2026-08-19T105648_sthelar40x_klt_5class_slideind_foldA_lora_adaptformer_r8_a8_red16_heads_e10_seed42/inference_results.json,"Rows=true, columns=predicted; paired matches only."
klt_confusion,KLT,CellViT-SAM-H,Selected PEFT,Tonsil,A,,,42,,Other,Other,1,,,,,,,,,,,,,,,,,,,,,,,,,,,,,,,,,,,,,,,,,,,,,,,,,,,,,,,,checkpoint_10 TEST,run/sthelar40x_klt_5class_slideind_foldA_lora_adaptformer_r8_a8_red16_heads_e10_seed42/log/2026-08-19T105648_sthelar40x_klt_5class_slideind_foldA_lora_adaptformer_r8_a8_red16_heads_e10_seed42/inference_results.json,"Rows=true, columns=predicted; paired matches only."
klt_seed_metric,KLT,CellViT-SAM-H,Selected PEFT,Pooled KLT,A,,,42,,,,,23494,,,,,,,,,,,,,,,,,0.7909794465857495,0.6756325637420343,0.5198225335372662,0.21696313504866627,0.8427597834813471,0.4835673843027136,,,,,,,,,,,,,,,,,,,,,,,,,,,,,,,,,checkpoint_10 TEST,run/sthelar40x_klt_5class_slideind_foldA_lora_adaptformer_r8_a8_red16_heads_e10_seed42/log/2026-08-19T105648_sthelar40x_klt_5class_slideind_foldA_lora_adaptformer_r8_a8_red16_heads_e10_seed42/inference_results.json,
klt_per_class,KLT,CellViT-SAM-H,Selected PEFT,Pooled KLT,A,,,42,Immune,,,,,,,,,,,,,,,,,,,,,,,,,,,,,,,,,,,,,,,,,,,,,0.7543827242777978,,,536496,644639,585895,0.5256044862013067,,,,,,,,checkpoint_10 TEST,run/sthelar40x_klt_5class_slideind_foldA_lora_adaptformer_r8_a8_red16_heads_e10_seed42/log/2026-08-19T105648_sthelar40x_klt_5class_slideind_foldA_lora_adaptformer_r8_a8_red16_heads_e10_seed42/inference_results.json,
klt_per_class,KLT,CellViT-SAM-H,Selected PEFT,Pooled KLT,A,,,42,Stromal,,,,,,,,,,,,,,,,,,,,,,,,,,,,,,,,,,,,,,,,,,,,,0.5327313862607981,,,203714,260197,316932,0.2843186595221883,,,,,,,,checkpoint_10 TEST,run/sthelar40x_klt_5class_slideind_foldA_lora_adaptformer_r8_a8_red16_heads_e10_seed42/log/2026-08-19T105648_sthelar40x_klt_5class_slideind_foldA_lora_adaptformer_r8_a8_red16_heads_e10_seed42/inference_results.json,
klt_per_class,KLT,CellViT-SAM-H,Selected PEFT,Pooled KLT,A,,,42,Epithelial,,,,,,,,,,,,,,,,,,,,,,,,,,,,,,,,,,,,,,,,,,,,,0.6470542837573197,,,225463,276753,211855,0.1900544268583583,,,,,,,,checkpoint_10 TEST,run/sthelar40x_klt_5class_slideind_foldA_lora_adaptformer_r8_a8_red16_heads_e10_seed42/log/2026-08-19T105648_sthelar40x_klt_5class_slideind_foldA_lora_adaptformer_r8_a8_red16_heads_e10_seed42/inference_results.json,
klt_per_class,KLT,CellViT-SAM-H,Selected PEFT,Pooled KLT,A,,,42,Melanocyte,,,,,,,,,,,,,,,,,,,,,,,,,,,,,,,,,,,,,,,,,,,,,,,,0,0,0,0.0,,,,,,,,checkpoint_10 TEST,run/sthelar40x_klt_5class_slideind_foldA_lora_adaptformer_r8_a8_red16_heads_e10_seed42/log/2026-08-19T105648_sthelar40x_klt_5class_slideind_foldA_lora_adaptformer_r8_a8_red16_heads_e10_seed42/inference_results.json,
klt_per_class,KLT,CellViT-SAM-H,Selected PEFT,Pooled KLT,A,,,42,Other,,,,,,,,,,,,,,,,,,,,,,,,,,,,,,,,,,,,,,,,,,,,,0.00010114291493880854,,,19762,41741,25,2.242741814665199e-05,,,,,,,,checkpoint_10 TEST,run/sthelar40x_klt_5class_slideind_foldA_lora_adaptformer_r8_a8_red16_heads_e10_seed42/log/2026-08-19T105648_sthelar40x_klt_5class_slideind_foldA_lora_adaptformer_r8_a8_red16_heads_e10_seed42/inference_results.json,
klt_confusion,KLT,CellViT-SAM-H,Selected PEFT,Pooled KLT,A,,,42,,Background,Background,10,,,,,,,,,,,,,,,,,,,,,,,,,,,,,,,,,,,,,,,,,,,,,,,,,,,,,,,,checkpoint_10 TEST,run/sthelar40x_klt_5class_slideind_foldA_lora_adaptformer_r8_a8_red16_heads_e10_seed42/log/2026-08-19T105648_sthelar40x_klt_5class_slideind_foldA_lora_adaptformer_r8_a8_red16_heads_e10_seed42/inference_results.json,"Rows=true, columns=predicted; paired matches only."
klt_confusion,KLT,CellViT-SAM-H,Selected PEFT,Pooled KLT,A,,,42,,Background,Immune,0,,,,,,,,,,,,,,,,,,,,,,,,,,,,,,,,,,,,,,,,,,,,,,,,,,,,,,,,checkpoint_10 TEST,run/sthelar40x_klt_5class_slideind_foldA_lora_adaptformer_r8_a8_red16_heads_e10_seed42/log/2026-08-19T105648_sthelar40x_klt_5class_slideind_foldA_lora_adaptformer_r8_a8_red16_heads_e10_seed42/inference_results.json,"Rows=true, columns=predicted; paired matches only."
klt_confusion,KLT,CellViT-SAM-H,Selected PEFT,Pooled KLT,A,,,42,,Background,Stromal,0,,,,,,,,,,,,,,,,,,,,,,,,,,,,,,,,,,,,,,,,,,,,,,,,,,,,,,,,checkpoint_10 TEST,run/sthelar40x_klt_5class_slideind_foldA_lora_adaptformer_r8_a8_red16_heads_e10_seed42/log/2026-08-19T105648_sthelar40x_klt_5class_slideind_foldA_lora_adaptformer_r8_a8_red16_heads_e10_seed42/inference_results.json,"Rows=true, columns=predicted; paired matches only."
klt_confusion,KLT,CellViT-SAM-H,Selected PEFT,Pooled KLT,A,,,42,,Background,Epithelial,0,,,,,,,,,,,,,,,,,,,,,,,,,,,,,,,,,,,,,,,,,,,,,,,,,,,,,,,,checkpoint_10 TEST,run/sthelar40x_klt_5class_slideind_foldA_lora_adaptformer_r8_a8_red16_heads_e10_seed42/log/2026-08-19T105648_sthelar40x_klt_5class_slideind_foldA_lora_adaptformer_r8_a8_red16_heads_e10_seed42/inference_results.json,"Rows=true, columns=predicted; paired matches only."
klt_confusion,KLT,CellViT-SAM-H,Selected PEFT,Pooled KLT,A,,,42,,Background,Melanocyte,0,,,,,,,,,,,,,,,,,,,,,,,,,,,,,,,,,,,,,,,,,,,,,,,,,,,,,,,,checkpoint_10 TEST,run/sthelar40x_klt_5class_slideind_foldA_lora_adaptformer_r8_a8_red16_heads_e10_seed42/log/2026-08-19T105648_sthelar40x_klt_5class_slideind_foldA_lora_adaptformer_r8_a8_red16_heads_e10_seed42/inference_results.json,"Rows=true, columns=predicted; paired matches only."
klt_confusion,KLT,CellViT-SAM-H,Selected PEFT,Pooled KLT,A,,,42,,Background,Other,0,,,,,,,,,,,,,,,,,,,,,,,,,,,,,,,,,,,,,,,,,,,,,,,,,,,,,,,,checkpoint_10 TEST,run/sthelar40x_klt_5class_slideind_foldA_lora_adaptformer_r8_a8_red16_heads_e10_seed42/log/2026-08-19T105648_sthelar40x_klt_5class_slideind_foldA_lora_adaptformer_r8_a8_red16_heads_e10_seed42/inference_results.json,"Rows=true, columns=predicted; paired matches only."
klt_confusion,KLT,CellViT-SAM-H,Selected PEFT,Pooled KLT,A,,,42,,Immune,Background,57,,,,,,,,,,,,,,,,,,,,,,,,,,,,,,,,,,,,,,,,,,,,,,,,,,,,,,,,checkpoint_10 TEST,run/sthelar40x_klt_5class_slideind_foldA_lora_adaptformer_r8_a8_red16_heads_e10_seed42/log/2026-08-19T105648_sthelar40x_klt_5class_slideind_foldA_lora_adaptformer_r8_a8_red16_heads_e10_seed42/inference_results.json,"Rows=true, columns=predicted; paired matches only."
klt_confusion,KLT,CellViT-SAM-H,Selected PEFT,Pooled KLT,A,,,42,,Immune,Immune,396149,,,,,,,,,,,,,,,,,,,,,,,,,,,,,,,,,,,,,,,,,,,,,,,,,,,,,,,,checkpoint_10 TEST,run/sthelar40x_klt_5class_slideind_foldA_lora_adaptformer_r8_a8_red16_heads_e10_seed42/log/2026-08-19T105648_sthelar40x_klt_5class_slideind_foldA_lora_adaptformer_r8_a8_red16_heads_e10_seed42/inference_results.json,"Rows=true, columns=predicted; paired matches only."
klt_confusion,KLT,CellViT-SAM-H,Selected PEFT,Pooled KLT,A,,,42,,Immune,Stromal,100231,,,,,,,,,,,,,,,,,,,,,,,,,,,,,,,,,,,,,,,,,,,,,,,,,,,,,,,,checkpoint_10 TEST,run/sthelar40x_klt_5class_slideind_foldA_lora_adaptformer_r8_a8_red16_heads_e10_seed42/log/2026-08-19T105648_sthelar40x_klt_5class_slideind_foldA_lora_adaptformer_r8_a8_red16_heads_e10_seed42/inference_results.json,"Rows=true, columns=predicted; paired matches only."
klt_confusion,KLT,CellViT-SAM-H,Selected PEFT,Pooled KLT,A,,,42,,Immune,Epithelial,40115,,,,,,,,,,,,,,,,,,,,,,,,,,,,,,,,,,,,,,,,,,,,,,,,,,,,,,,,checkpoint_10 TEST,run/sthelar40x_klt_5class_slideind_foldA_lora_adaptformer_r8_a8_red16_heads_e10_seed42/log/2026-08-19T105648_sthelar40x_klt_5class_slideind_foldA_lora_adaptformer_r8_a8_red16_heads_e10_seed42/inference_results.json,"Rows=true, columns=predicted; paired matches only."
klt_confusion,KLT,CellViT-SAM-H,Selected PEFT,Pooled KLT,A,,,42,,Immune,Melanocyte,0,,,,,,,,,,,,,,,,,,,,,,,,,,,,,,,,,,,,,,,,,,,,,,,,,,,,,,,,checkpoint_10 TEST,run/sthelar40x_klt_5class_slideind_foldA_lora_adaptformer_r8_a8_red16_heads_e10_seed42/log/2026-08-19T105648_sthelar40x_klt_5class_slideind_foldA_lora_adaptformer_r8_a8_red16_heads_e10_seed42/inference_results.json,"Rows=true, columns=predicted; paired matches only."
klt_confusion,KLT,CellViT-SAM-H,Selected PEFT,Pooled KLT,A,,,42,,Immune,Other,1,,,,,,,,,,,,,,,,,,,,,,,,,,,,,,,,,,,,,,,,,,,,,,,,,,,,,,,,checkpoint_10 TEST,run/sthelar40x_klt_5class_slideind_foldA_lora_adaptformer_r8_a8_red16_heads_e10_seed42/log/2026-08-19T105648_sthelar40x_klt_5class_slideind_foldA_lora_adaptformer_r8_a8_red16_heads_e10_seed42/inference_results.json,"Rows=true, columns=predicted; paired matches only."
klt_confusion,KLT,CellViT-SAM-H,Selected PEFT,Pooled KLT,A,,,42,,Stromal,Background,91,,,,,,,,,,,,,,,,,,,,,,,,,,,,,,,,,,,,,,,,,,,,,,,,,,,,,,,,checkpoint_10 TEST,run/sthelar40x_klt_5class_slideind_foldA_lora_adaptformer_r8_a8_red16_heads_e10_seed42/log/2026-08-19T105648_sthelar40x_klt_5class_slideind_foldA_lora_adaptformer_r8_a8_red16_heads_e10_seed42/inference_results.json,"Rows=true, columns=predicted; paired matches only."
klt_confusion,KLT,CellViT-SAM-H,Selected PEFT,Pooled KLT,A,,,42,,Stromal,Immune,60062,,,,,,,,,,,,,,,,,,,,,,,,,,,,,,,,,,,,,,,,,,,,,,,,,,,,,,,,checkpoint_10 TEST,run/sthelar40x_klt_5class_slideind_foldA_lora_adaptformer_r8_a8_red16_heads_e10_seed42/log/2026-08-19T105648_sthelar40x_klt_5class_slideind_foldA_lora_adaptformer_r8_a8_red16_heads_e10_seed42/inference_results.json,"Rows=true, columns=predicted; paired matches only."
klt_confusion,KLT,CellViT-SAM-H,Selected PEFT,Pooled KLT,A,,,42,,Stromal,Stromal,129507,,,,,,,,,,,,,,,,,,,,,,,,,,,,,,,,,,,,,,,,,,,,,,,,,,,,,,,,checkpoint_10 TEST,run/sthelar40x_klt_5class_slideind_foldA_lora_adaptformer_r8_a8_red16_heads_e10_seed42/log/2026-08-19T105648_sthelar40x_klt_5class_slideind_foldA_lora_adaptformer_r8_a8_red16_heads_e10_seed42/inference_results.json,"Rows=true, columns=predicted; paired matches only."
klt_confusion,KLT,CellViT-SAM-H,Selected PEFT,Pooled KLT,A,,,42,,Stromal,Epithelial,14139,,,,,,,,,,,,,,,,,,,,,,,,,,,,,,,,,,,,,,,,,,,,,,,,,,,,,,,,checkpoint_10 TEST,run/sthelar40x_klt_5class_slideind_foldA_lora_adaptformer_r8_a8_red16_heads_e10_seed42/log/2026-08-19T105648_sthelar40x_klt_5class_slideind_foldA_lora_adaptformer_r8_a8_red16_heads_e10_seed42/inference_results.json,"Rows=true, columns=predicted; paired matches only."
klt_confusion,KLT,CellViT-SAM-H,Selected PEFT,Pooled KLT,A,,,42,,Stromal,Melanocyte,0,,,,,,,,,,,,,,,,,,,,,,,,,,,,,,,,,,,,,,,,,,,,,,,,,,,,,,,,checkpoint_10 TEST,run/sthelar40x_klt_5class_slideind_foldA_lora_adaptformer_r8_a8_red16_heads_e10_seed42/log/2026-08-19T105648_sthelar40x_klt_5class_slideind_foldA_lora_adaptformer_r8_a8_red16_heads_e10_seed42/inference_results.json,"Rows=true, columns=predicted; paired matches only."
klt_confusion,KLT,CellViT-SAM-H,Selected PEFT,Pooled KLT,A,,,42,,Stromal,Other,6,,,,,,,,,,,,,,,,,,,,,,,,,,,,,,,,,,,,,,,,,,,,,,,,,,,,,,,,checkpoint_10 TEST,run/sthelar40x_klt_5class_slideind_foldA_lora_adaptformer_r8_a8_red16_heads_e10_seed42/log/2026-08-19T105648_sthelar40x_klt_5class_slideind_foldA_lora_adaptformer_r8_a8_red16_heads_e10_seed42/inference_results.json,"Rows=true, columns=predicted; paired matches only."
klt_confusion,KLT,CellViT-SAM-H,Selected PEFT,Pooled KLT,A,,,42,,Epithelial,Background,63,,,,,,,,,,,,,,,,,,,,,,,,,,,,,,,,,,,,,,,,,,,,,,,,,,,,,,,,checkpoint_10 TEST,run/sthelar40x_klt_5class_slideind_foldA_lora_adaptformer_r8_a8_red16_heads_e10_seed42/log/2026-08-19T105648_sthelar40x_klt_5class_slideind_foldA_lora_adaptformer_r8_a8_red16_heads_e10_seed42/inference_results.json,"Rows=true, columns=predicted; paired matches only."
klt_confusion,KLT,CellViT-SAM-H,Selected PEFT,Pooled KLT,A,,,42,,Epithelial,Immune,48751,,,,,,,,,,,,,,,,,,,,,,,,,,,,,,,,,,,,,,,,,,,,,,,,,,,,,,,,checkpoint_10 TEST,run/sthelar40x_klt_5class_slideind_foldA_lora_adaptformer_r8_a8_red16_heads_e10_seed42/log/2026-08-19T105648_sthelar40x_klt_5class_slideind_foldA_lora_adaptformer_r8_a8_red16_heads_e10_seed42/inference_results.json,"Rows=true, columns=predicted; paired matches only."
klt_confusion,KLT,CellViT-SAM-H,Selected PEFT,Pooled KLT,A,,,42,,Epithelial,Stromal,42562,,,,,,,,,,,,,,,,,,,,,,,,,,,,,,,,,,,,,,,,,,,,,,,,,,,,,,,,checkpoint_10 TEST,run/sthelar40x_klt_5class_slideind_foldA_lora_adaptformer_r8_a8_red16_heads_e10_seed42/log/2026-08-19T105648_sthelar40x_klt_5class_slideind_foldA_lora_adaptformer_r8_a8_red16_heads_e10_seed42/inference_results.json,"Rows=true, columns=predicted; paired matches only."
klt_confusion,KLT,CellViT-SAM-H,Selected PEFT,Pooled KLT,A,,,42,,Epithelial,Epithelial,134146,,,,,,,,,,,,,,,,,,,,,,,,,,,,,,,,,,,,,,,,,,,,,,,,,,,,,,,,checkpoint_10 TEST,run/sthelar40x_klt_5class_slideind_foldA_lora_adaptformer_r8_a8_red16_heads_e10_seed42/log/2026-08-19T105648_sthelar40x_klt_5class_slideind_foldA_lora_adaptformer_r8_a8_red16_heads_e10_seed42/inference_results.json,"Rows=true, columns=predicted; paired matches only."
klt_confusion,KLT,CellViT-SAM-H,Selected PEFT,Pooled KLT,A,,,42,,Epithelial,Melanocyte,0,,,,,,,,,,,,,,,,,,,,,,,,,,,,,,,,,,,,,,,,,,,,,,,,,,,,,,,,checkpoint_10 TEST,run/sthelar40x_klt_5class_slideind_foldA_lora_adaptformer_r8_a8_red16_heads_e10_seed42/log/2026-08-19T105648_sthelar40x_klt_5class_slideind_foldA_lora_adaptformer_r8_a8_red16_heads_e10_seed42/inference_results.json,"Rows=true, columns=predicted; paired matches only."
klt_confusion,KLT,CellViT-SAM-H,Selected PEFT,Pooled KLT,A,,,42,,Epithelial,Other,4,,,,,,,,,,,,,,,,,,,,,,,,,,,,,,,,,,,,,,,,,,,,,,,,,,,,,,,,checkpoint_10 TEST,run/sthelar40x_klt_5class_slideind_foldA_lora_adaptformer_r8_a8_red16_heads_e10_seed42/log/2026-08-19T105648_sthelar40x_klt_5class_slideind_foldA_lora_adaptformer_r8_a8_red16_heads_e10_seed42/inference_results.json,"Rows=true, columns=predicted; paired matches only."
klt_confusion,KLT,CellViT-SAM-H,Selected PEFT,Pooled KLT,A,,,42,,Melanocyte,Background,0,,,,,,,,,,,,,,,,,,,,,,,,,,,,,,,,,,,,,,,,,,,,,,,,,,,,,,,,checkpoint_10 TEST,run/sthelar40x_klt_5class_slideind_foldA_lora_adaptformer_r8_a8_red16_heads_e10_seed42/log/2026-08-19T105648_sthelar40x_klt_5class_slideind_foldA_lora_adaptformer_r8_a8_red16_heads_e10_seed42/inference_results.json,"Rows=true, columns=predicted; paired matches only."
klt_confusion,KLT,CellViT-SAM-H,Selected PEFT,Pooled KLT,A,,,42,,Melanocyte,Immune,0,,,,,,,,,,,,,,,,,,,,,,,,,,,,,,,,,,,,,,,,,,,,,,,,,,,,,,,,checkpoint_10 TEST,run/sthelar40x_klt_5class_slideind_foldA_lora_adaptformer_r8_a8_red16_heads_e10_seed42/log/2026-08-19T105648_sthelar40x_klt_5class_slideind_foldA_lora_adaptformer_r8_a8_red16_heads_e10_seed42/inference_results.json,"Rows=true, columns=predicted; paired matches only."
klt_confusion,KLT,CellViT-SAM-H,Selected PEFT,Pooled KLT,A,,,42,,Melanocyte,Stromal,0,,,,,,,,,,,,,,,,,,,,,,,,,,,,,,,,,,,,,,,,,,,,,,,,,,,,,,,,checkpoint_10 TEST,run/sthelar40x_klt_5class_slideind_foldA_lora_adaptformer_r8_a8_red16_heads_e10_seed42/log/2026-08-19T105648_sthelar40x_klt_5class_slideind_foldA_lora_adaptformer_r8_a8_red16_heads_e10_seed42/inference_results.json,"Rows=true, columns=predicted; paired matches only."
klt_confusion,KLT,CellViT-SAM-H,Selected PEFT,Pooled KLT,A,,,42,,Melanocyte,Epithelial,0,,,,,,,,,,,,,,,,,,,,,,,,,,,,,,,,,,,,,,,,,,,,,,,,,,,,,,,,checkpoint_10 TEST,run/sthelar40x_klt_5class_slideind_foldA_lora_adaptformer_r8_a8_red16_heads_e10_seed42/log/2026-08-19T105648_sthelar40x_klt_5class_slideind_foldA_lora_adaptformer_r8_a8_red16_heads_e10_seed42/inference_results.json,"Rows=true, columns=predicted; paired matches only."
klt_confusion,KLT,CellViT-SAM-H,Selected PEFT,Pooled KLT,A,,,42,,Melanocyte,Melanocyte,0,,,,,,,,,,,,,,,,,,,,,,,,,,,,,,,,,,,,,,,,,,,,,,,,,,,,,,,,checkpoint_10 TEST,run/sthelar40x_klt_5class_slideind_foldA_lora_adaptformer_r8_a8_red16_heads_e10_seed42/log/2026-08-19T105648_sthelar40x_klt_5class_slideind_foldA_lora_adaptformer_r8_a8_red16_heads_e10_seed42/inference_results.json,"Rows=true, columns=predicted; paired matches only."
klt_confusion,KLT,CellViT-SAM-H,Selected PEFT,Pooled KLT,A,,,42,,Melanocyte,Other,0,,,,,,,,,,,,,,,,,,,,,,,,,,,,,,,,,,,,,,,,,,,,,,,,,,,,,,,,checkpoint_10 TEST,run/sthelar40x_klt_5class_slideind_foldA_lora_adaptformer_r8_a8_red16_heads_e10_seed42/log/2026-08-19T105648_sthelar40x_klt_5class_slideind_foldA_lora_adaptformer_r8_a8_red16_heads_e10_seed42/inference_results.json,"Rows=true, columns=predicted; paired matches only."
klt_confusion,KLT,CellViT-SAM-H,Selected PEFT,Pooled KLT,A,,,42,,Other,Background,35,,,,,,,,,,,,,,,,,,,,,,,,,,,,,,,,,,,,,,,,,,,,,,,,,,,,,,,,checkpoint_10 TEST,run/sthelar40x_klt_5class_slideind_foldA_lora_adaptformer_r8_a8_red16_heads_e10_seed42/log/2026-08-19T105648_sthelar40x_klt_5class_slideind_foldA_lora_adaptformer_r8_a8_red16_heads_e10_seed42/inference_results.json,"Rows=true, columns=predicted; paired matches only."
klt_confusion,KLT,CellViT-SAM-H,Selected PEFT,Pooled KLT,A,,,42,,Other,Immune,8802,,,,,,,,,,,,,,,,,,,,,,,,,,,,,,,,,,,,,,,,,,,,,,,,,,,,,,,,checkpoint_10 TEST,run/sthelar40x_klt_5class_slideind_foldA_lora_adaptformer_r8_a8_red16_heads_e10_seed42/log/2026-08-19T105648_sthelar40x_klt_5class_slideind_foldA_lora_adaptformer_r8_a8_red16_heads_e10_seed42/inference_results.json,"Rows=true, columns=predicted; paired matches only."
klt_confusion,KLT,CellViT-SAM-H,Selected PEFT,Pooled KLT,A,,,42,,Other,Stromal,10186,,,,,,,,,,,,,,,,,,,,,,,,,,,,,,,,,,,,,,,,,,,,,,,,,,,,,,,,checkpoint_10 TEST,run/sthelar40x_klt_5class_slideind_foldA_lora_adaptformer_r8_a8_red16_heads_e10_seed42/log/2026-08-19T105648_sthelar40x_klt_5class_slideind_foldA_lora_adaptformer_r8_a8_red16_heads_e10_seed42/inference_results.json,"Rows=true, columns=predicted; paired matches only."
klt_confusion,KLT,CellViT-SAM-H,Selected PEFT,Pooled KLT,A,,,42,,Other,Epithelial,773,,,,,,,,,,,,,,,,,,,,,,,,,,,,,,,,,,,,,,,,,,,,,,,,,,,,,,,,checkpoint_10 TEST,run/sthelar40x_klt_5class_slideind_foldA_lora_adaptformer_r8_a8_red16_heads_e10_seed42/log/2026-08-19T105648_sthelar40x_klt_5class_slideind_foldA_lora_adaptformer_r8_a8_red16_heads_e10_seed42/inference_results.json,"Rows=true, columns=predicted; paired matches only."
klt_confusion,KLT,CellViT-SAM-H,Selected PEFT,Pooled KLT,A,,,42,,Other,Melanocyte,0,,,,,,,,,,,,,,,,,,,,,,,,,,,,,,,,,,,,,,,,,,,,,,,,,,,,,,,,checkpoint_10 TEST,run/sthelar40x_klt_5class_slideind_foldA_lora_adaptformer_r8_a8_red16_heads_e10_seed42/log/2026-08-19T105648_sthelar40x_klt_5class_slideind_foldA_lora_adaptformer_r8_a8_red16_heads_e10_seed42/inference_results.json,"Rows=true, columns=predicted; paired matches only."
klt_confusion,KLT,CellViT-SAM-H,Selected PEFT,Pooled KLT,A,,,42,,Other,Other,1,,,,,,,,,,,,,,,,,,,,,,,,,,,,,,,,,,,,,,,,,,,,,,,,,,,,,,,,checkpoint_10 TEST,run/sthelar40x_klt_5class_slideind_foldA_lora_adaptformer_r8_a8_red16_heads_e10_seed42/log/2026-08-19T105648_sthelar40x_klt_5class_slideind_foldA_lora_adaptformer_r8_a8_red16_heads_e10_seed42/inference_results.json,"Rows=true, columns=predicted; paired matches only."
klt_seed_metric,KLT,CellViT-SAM-H,Selected PEFT,Kidney,A,,,43,,,,,4449,,,,,,,,,,,,,,,,,0.8220158923115053,0.7168227600414006,0.5928425039669437,0.17376059146988543,0.8717240012878619,0.2896680248031478,,,,,,,,,,,,,,,,,,,,,,,,,,,,,,,,,checkpoint_10 TEST,run/sthelar40x_klt_5class_slideind_foldA_lora_adaptformer_r8_a8_red16_heads_e10_seed43/log/2026-08-24T122637_sthelar40x_klt_5class_slideind_foldA_lora_adaptformer_r8_a8_red16_heads_e10_seed43/inference_results.json,
klt_per_class,KLT,CellViT-SAM-H,Selected PEFT,Kidney,A,,,43,Immune,,,,,,,,,,,,,,,,,,,,,,,,,,,,,,,,,,,,,,,,,,,,,0.47645171023397426,,,52415,58365,21540,0.22307604676933274,,,,,,,,checkpoint_10 TEST,run/sthelar40x_klt_5class_slideind_foldA_lora_adaptformer_r8_a8_red16_heads_e10_seed43/log/2026-08-24T122637_sthelar40x_klt_5class_slideind_foldA_lora_adaptformer_r8_a8_red16_heads_e10_seed43/inference_results.json,
klt_per_class,KLT,CellViT-SAM-H,Selected PEFT,Kidney,A,,,43,Stromal,,,,,,,,,,,,,,,,,,,,,,,,,,,,,,,,,,,,,,,,,,,,,0.4780377642556929,,,21512,26613,64838,0.6714858273180129,,,,,,,,checkpoint_10 TEST,run/sthelar40x_klt_5class_slideind_foldA_lora_adaptformer_r8_a8_red16_heads_e10_seed43/log/2026-08-24T122637_sthelar40x_klt_5class_slideind_foldA_lora_adaptformer_r8_a8_red16_heads_e10_seed43/inference_results.json,
klt_per_class,KLT,CellViT-SAM-H,Selected PEFT,Kidney,A,,,43,Epithelial,,,,,,,,,,,,,,,,,,,,,,,,,,,,,,,,,,,,,,,,,,,,,0.19901911353531648,,,12756,17621,10113,0.10473389326732878,,,,,,,,checkpoint_10 TEST,run/sthelar40x_klt_5class_slideind_foldA_lora_adaptformer_r8_a8_red16_heads_e10_seed43/log/2026-08-24T122637_sthelar40x_klt_5class_slideind_foldA_lora_adaptformer_r8_a8_red16_heads_e10_seed43/inference_results.json,
klt_per_class,KLT,CellViT-SAM-H,Selected PEFT,Kidney,A,,,43,Melanocyte,,,,,,,,,,,,,,,,,,,,,,,,,,,,,,,,,,,,,,,,,,,,,,,,0,0,0,0.0,,,,,,,,checkpoint_10 TEST,run/sthelar40x_klt_5class_slideind_foldA_lora_adaptformer_r8_a8_red16_heads_e10_seed43/log/2026-08-24T122637_sthelar40x_klt_5class_slideind_foldA_lora_adaptformer_r8_a8_red16_heads_e10_seed43/inference_results.json,
klt_per_class,KLT,CellViT-SAM-H,Selected PEFT,Kidney,A,,,43,Other,,,,,,,,,,,,,,,,,,,,,,,,,,,,,,,,,,,,,,,,,,,,,0.0051635111876075735,,,1116,2096,68,0.0007042326453256558,,,,,,,,checkpoint_10 TEST,run/sthelar40x_klt_5class_slideind_foldA_lora_adaptformer_r8_a8_red16_heads_e10_seed43/log/2026-08-24T122637_sthelar40x_klt_5class_slideind_foldA_lora_adaptformer_r8_a8_red16_heads_e10_seed43/inference_results.json,
klt_confusion,KLT,CellViT-SAM-H,Selected PEFT,Kidney,A,,,43,,Background,Background,5,,,,,,,,,,,,,,,,,,,,,,,,,,,,,,,,,,,,,,,,,,,,,,,,,,,,,,,,checkpoint_10 TEST,run/sthelar40x_klt_5class_slideind_foldA_lora_adaptformer_r8_a8_red16_heads_e10_seed43/log/2026-08-24T122637_sthelar40x_klt_5class_slideind_foldA_lora_adaptformer_r8_a8_red16_heads_e10_seed43/inference_results.json,"Rows=true, columns=predicted; paired matches only."
klt_confusion,KLT,CellViT-SAM-H,Selected PEFT,Kidney,A,,,43,,Background,Immune,0,,,,,,,,,,,,,,,,,,,,,,,,,,,,,,,,,,,,,,,,,,,,,,,,,,,,,,,,checkpoint_10 TEST,run/sthelar40x_klt_5class_slideind_foldA_lora_adaptformer_r8_a8_red16_heads_e10_seed43/log/2026-08-24T122637_sthelar40x_klt_5class_slideind_foldA_lora_adaptformer_r8_a8_red16_heads_e10_seed43/inference_results.json,"Rows=true, columns=predicted; paired matches only."
klt_confusion,KLT,CellViT-SAM-H,Selected PEFT,Kidney,A,,,43,,Background,Stromal,0,,,,,,,,,,,,,,,,,,,,,,,,,,,,,,,,,,,,,,,,,,,,,,,,,,,,,,,,checkpoint_10 TEST,run/sthelar40x_klt_5class_slideind_foldA_lora_adaptformer_r8_a8_red16_heads_e10_seed43/log/2026-08-24T122637_sthelar40x_klt_5class_slideind_foldA_lora_adaptformer_r8_a8_red16_heads_e10_seed43/inference_results.json,"Rows=true, columns=predicted; paired matches only."
klt_confusion,KLT,CellViT-SAM-H,Selected PEFT,Kidney,A,,,43,,Background,Epithelial,0,,,,,,,,,,,,,,,,,,,,,,,,,,,,,,,,,,,,,,,,,,,,,,,,,,,,,,,,checkpoint_10 TEST,run/sthelar40x_klt_5class_slideind_foldA_lora_adaptformer_r8_a8_red16_heads_e10_seed43/log/2026-08-24T122637_sthelar40x_klt_5class_slideind_foldA_lora_adaptformer_r8_a8_red16_heads_e10_seed43/inference_results.json,"Rows=true, columns=predicted; paired matches only."
klt_confusion,KLT,CellViT-SAM-H,Selected PEFT,Kidney,A,,,43,,Background,Melanocyte,0,,,,,,,,,,,,,,,,,,,,,,,,,,,,,,,,,,,,,,,,,,,,,,,,,,,,,,,,checkpoint_10 TEST,run/sthelar40x_klt_5class_slideind_foldA_lora_adaptformer_r8_a8_red16_heads_e10_seed43/log/2026-08-24T122637_sthelar40x_klt_5class_slideind_foldA_lora_adaptformer_r8_a8_red16_heads_e10_seed43/inference_results.json,"Rows=true, columns=predicted; paired matches only."
klt_confusion,KLT,CellViT-SAM-H,Selected PEFT,Kidney,A,,,43,,Background,Other,0,,,,,,,,,,,,,,,,,,,,,,,,,,,,,,,,,,,,,,,,,,,,,,,,,,,,,,,,checkpoint_10 TEST,run/sthelar40x_klt_5class_slideind_foldA_lora_adaptformer_r8_a8_red16_heads_e10_seed43/log/2026-08-24T122637_sthelar40x_klt_5class_slideind_foldA_lora_adaptformer_r8_a8_red16_heads_e10_seed43/inference_results.json,"Rows=true, columns=predicted; paired matches only."
klt_confusion,KLT,CellViT-SAM-H,Selected PEFT,Kidney,A,,,43,,Immune,Background,72,,,,,,,,,,,,,,,,,,,,,,,,,,,,,,,,,,,,,,,,,,,,,,,,,,,,,,,,checkpoint_10 TEST,run/sthelar40x_klt_5class_slideind_foldA_lora_adaptformer_r8_a8_red16_heads_e10_seed43/log/2026-08-24T122637_sthelar40x_klt_5class_slideind_foldA_lora_adaptformer_r8_a8_red16_heads_e10_seed43/inference_results.json,"Rows=true, columns=predicted; paired matches only."
klt_confusion,KLT,CellViT-SAM-H,Selected PEFT,Kidney,A,,,43,,Immune,Immune,17370,,,,,,,,,,,,,,,,,,,,,,,,,,,,,,,,,,,,,,,,,,,,,,,,,,,,,,,,checkpoint_10 TEST,run/sthelar40x_klt_5class_slideind_foldA_lora_adaptformer_r8_a8_red16_heads_e10_seed43/log/2026-08-24T122637_sthelar40x_klt_5class_slideind_foldA_lora_adaptformer_r8_a8_red16_heads_e10_seed43/inference_results.json,"Rows=true, columns=predicted; paired matches only."
klt_confusion,KLT,CellViT-SAM-H,Selected PEFT,Kidney,A,,,43,,Immune,Stromal,29865,,,,,,,,,,,,,,,,,,,,,,,,,,,,,,,,,,,,,,,,,,,,,,,,,,,,,,,,checkpoint_10 TEST,run/sthelar40x_klt_5class_slideind_foldA_lora_adaptformer_r8_a8_red16_heads_e10_seed43/log/2026-08-24T122637_sthelar40x_klt_5class_slideind_foldA_lora_adaptformer_r8_a8_red16_heads_e10_seed43/inference_results.json,"Rows=true, columns=predicted; paired matches only."
klt_confusion,KLT,CellViT-SAM-H,Selected PEFT,Kidney,A,,,43,,Immune,Epithelial,5164,,,,,,,,,,,,,,,,,,,,,,,,,,,,,,,,,,,,,,,,,,,,,,,,,,,,,,,,checkpoint_10 TEST,run/sthelar40x_klt_5class_slideind_foldA_lora_adaptformer_r8_a8_red16_heads_e10_seed43/log/2026-08-24T122637_sthelar40x_klt_5class_slideind_foldA_lora_adaptformer_r8_a8_red16_heads_e10_seed43/inference_results.json,"Rows=true, columns=predicted; paired matches only."
klt_confusion,KLT,CellViT-SAM-H,Selected PEFT,Kidney,A,,,43,,Immune,Melanocyte,0,,,,,,,,,,,,,,,,,,,,,,,,,,,,,,,,,,,,,,,,,,,,,,,,,,,,,,,,checkpoint_10 TEST,run/sthelar40x_klt_5class_slideind_foldA_lora_adaptformer_r8_a8_red16_heads_e10_seed43/log/2026-08-24T122637_sthelar40x_klt_5class_slideind_foldA_lora_adaptformer_r8_a8_red16_heads_e10_seed43/inference_results.json,"Rows=true, columns=predicted; paired matches only."
klt_confusion,KLT,CellViT-SAM-H,Selected PEFT,Kidney,A,,,43,,Immune,Other,16,,,,,,,,,,,,,,,,,,,,,,,,,,,,,,,,,,,,,,,,,,,,,,,,,,,,,,,,checkpoint_10 TEST,run/sthelar40x_klt_5class_slideind_foldA_lora_adaptformer_r8_a8_red16_heads_e10_seed43/log/2026-08-24T122637_sthelar40x_klt_5class_slideind_foldA_lora_adaptformer_r8_a8_red16_heads_e10_seed43/inference_results.json,"Rows=true, columns=predicted; paired matches only."
klt_confusion,KLT,CellViT-SAM-H,Selected PEFT,Kidney,A,,,43,,Stromal,Background,48,,,,,,,,,,,,,,,,,,,,,,,,,,,,,,,,,,,,,,,,,,,,,,,,,,,,,,,,checkpoint_10 TEST,run/sthelar40x_klt_5class_slideind_foldA_lora_adaptformer_r8_a8_red16_heads_e10_seed43/log/2026-08-24T122637_sthelar40x_klt_5class_slideind_foldA_lora_adaptformer_r8_a8_red16_heads_e10_seed43/inference_results.json,"Rows=true, columns=predicted; paired matches only."
klt_confusion,KLT,CellViT-SAM-H,Selected PEFT,Kidney,A,,,43,,Stromal,Immune,759,,,,,,,,,,,,,,,,,,,,,,,,,,,,,,,,,,,,,,,,,,,,,,,,,,,,,,,,checkpoint_10 TEST,run/sthelar40x_klt_5class_slideind_foldA_lora_adaptformer_r8_a8_red16_heads_e10_seed43/log/2026-08-24T122637_sthelar40x_klt_5class_slideind_foldA_lora_adaptformer_r8_a8_red16_heads_e10_seed43/inference_results.json,"Rows=true, columns=predicted; paired matches only."
klt_confusion,KLT,CellViT-SAM-H,Selected PEFT,Kidney,A,,,43,,Stromal,Stromal,19051,,,,,,,,,,,,,,,,,,,,,,,,,,,,,,,,,,,,,,,,,,,,,,,,,,,,,,,,checkpoint_10 TEST,run/sthelar40x_klt_5class_slideind_foldA_lora_adaptformer_r8_a8_red16_heads_e10_seed43/log/2026-08-24T122637_sthelar40x_klt_5class_slideind_foldA_lora_adaptformer_r8_a8_red16_heads_e10_seed43/inference_results.json,"Rows=true, columns=predicted; paired matches only."
klt_confusion,KLT,CellViT-SAM-H,Selected PEFT,Kidney,A,,,43,,Stromal,Epithelial,1688,,,,,,,,,,,,,,,,,,,,,,,,,,,,,,,,,,,,,,,,,,,,,,,,,,,,,,,,checkpoint_10 TEST,run/sthelar40x_klt_5class_slideind_foldA_lora_adaptformer_r8_a8_red16_heads_e10_seed43/log/2026-08-24T122637_sthelar40x_klt_5class_slideind_foldA_lora_adaptformer_r8_a8_red16_heads_e10_seed43/inference_results.json,"Rows=true, columns=predicted; paired matches only."
klt_confusion,KLT,CellViT-SAM-H,Selected PEFT,Kidney,A,,,43,,Stromal,Melanocyte,0,,,,,,,,,,,,,,,,,,,,,,,,,,,,,,,,,,,,,,,,,,,,,,,,,,,,,,,,checkpoint_10 TEST,run/sthelar40x_klt_5class_slideind_foldA_lora_adaptformer_r8_a8_red16_heads_e10_seed43/log/2026-08-24T122637_sthelar40x_klt_5class_slideind_foldA_lora_adaptformer_r8_a8_red16_heads_e10_seed43/inference_results.json,"Rows=true, columns=predicted; paired matches only."
klt_confusion,KLT,CellViT-SAM-H,Selected PEFT,Kidney,A,,,43,,Stromal,Other,14,,,,,,,,,,,,,,,,,,,,,,,,,,,,,,,,,,,,,,,,,,,,,,,,,,,,,,,,checkpoint_10 TEST,run/sthelar40x_klt_5class_slideind_foldA_lora_adaptformer_r8_a8_red16_heads_e10_seed43/log/2026-08-24T122637_sthelar40x_klt_5class_slideind_foldA_lora_adaptformer_r8_a8_red16_heads_e10_seed43/inference_results.json,"Rows=true, columns=predicted; paired matches only."
klt_confusion,KLT,CellViT-SAM-H,Selected PEFT,Kidney,A,,,43,,Epithelial,Background,60,,,,,,,,,,,,,,,,,,,,,,,,,,,,,,,,,,,,,,,,,,,,,,,,,,,,,,,,checkpoint_10 TEST,run/sthelar40x_klt_5class_slideind_foldA_lora_adaptformer_r8_a8_red16_heads_e10_seed43/log/2026-08-24T122637_sthelar40x_klt_5class_slideind_foldA_lora_adaptformer_r8_a8_red16_heads_e10_seed43/inference_results.json,"Rows=true, columns=predicted; paired matches only."
klt_confusion,KLT,CellViT-SAM-H,Selected PEFT,Kidney,A,,,43,,Epithelial,Immune,2146,,,,,,,,,,,,,,,,,,,,,,,,,,,,,,,,,,,,,,,,,,,,,,,,,,,,,,,,checkpoint_10 TEST,run/sthelar40x_klt_5class_slideind_foldA_lora_adaptformer_r8_a8_red16_heads_e10_seed43/log/2026-08-24T122637_sthelar40x_klt_5class_slideind_foldA_lora_adaptformer_r8_a8_red16_heads_e10_seed43/inference_results.json,"Rows=true, columns=predicted; paired matches only."
klt_confusion,KLT,CellViT-SAM-H,Selected PEFT,Kidney,A,,,43,,Epithelial,Stromal,8426,,,,,,,,,,,,,,,,,,,,,,,,,,,,,,,,,,,,,,,,,,,,,,,,,,,,,,,,checkpoint_10 TEST,run/sthelar40x_klt_5class_slideind_foldA_lora_adaptformer_r8_a8_red16_heads_e10_seed43/log/2026-08-24T122637_sthelar40x_klt_5class_slideind_foldA_lora_adaptformer_r8_a8_red16_heads_e10_seed43/inference_results.json,"Rows=true, columns=predicted; paired matches only."
klt_confusion,KLT,CellViT-SAM-H,Selected PEFT,Kidney,A,,,43,,Epithelial,Epithelial,2171,,,,,,,,,,,,,,,,,,,,,,,,,,,,,,,,,,,,,,,,,,,,,,,,,,,,,,,,checkpoint_10 TEST,run/sthelar40x_klt_5class_slideind_foldA_lora_adaptformer_r8_a8_red16_heads_e10_seed43/log/2026-08-24T122637_sthelar40x_klt_5class_slideind_foldA_lora_adaptformer_r8_a8_red16_heads_e10_seed43/inference_results.json,"Rows=true, columns=predicted; paired matches only."
klt_confusion,KLT,CellViT-SAM-H,Selected PEFT,Kidney,A,,,43,,Epithelial,Melanocyte,0,,,,,,,,,,,,,,,,,,,,,,,,,,,,,,,,,,,,,,,,,,,,,,,,,,,,,,,,checkpoint_10 TEST,run/sthelar40x_klt_5class_slideind_foldA_lora_adaptformer_r8_a8_red16_heads_e10_seed43/log/2026-08-24T122637_sthelar40x_klt_5class_slideind_foldA_lora_adaptformer_r8_a8_red16_heads_e10_seed43/inference_results.json,"Rows=true, columns=predicted; paired matches only."
klt_confusion,KLT,CellViT-SAM-H,Selected PEFT,Kidney,A,,,43,,Epithelial,Other,13,,,,,,,,,,,,,,,,,,,,,,,,,,,,,,,,,,,,,,,,,,,,,,,,,,,,,,,,checkpoint_10 TEST,run/sthelar40x_klt_5class_slideind_foldA_lora_adaptformer_r8_a8_red16_heads_e10_seed43/log/2026-08-24T122637_sthelar40x_klt_5class_slideind_foldA_lora_adaptformer_r8_a8_red16_heads_e10_seed43/inference_results.json,"Rows=true, columns=predicted; paired matches only."
klt_confusion,KLT,CellViT-SAM-H,Selected PEFT,Kidney,A,,,43,,Melanocyte,Background,0,,,,,,,,,,,,,,,,,,,,,,,,,,,,,,,,,,,,,,,,,,,,,,,,,,,,,,,,checkpoint_10 TEST,run/sthelar40x_klt_5class_slideind_foldA_lora_adaptformer_r8_a8_red16_heads_e10_seed43/log/2026-08-24T122637_sthelar40x_klt_5class_slideind_foldA_lora_adaptformer_r8_a8_red16_heads_e10_seed43/inference_results.json,"Rows=true, columns=predicted; paired matches only."
klt_confusion,KLT,CellViT-SAM-H,Selected PEFT,Kidney,A,,,43,,Melanocyte,Immune,0,,,,,,,,,,,,,,,,,,,,,,,,,,,,,,,,,,,,,,,,,,,,,,,,,,,,,,,,checkpoint_10 TEST,run/sthelar40x_klt_5class_slideind_foldA_lora_adaptformer_r8_a8_red16_heads_e10_seed43/log/2026-08-24T122637_sthelar40x_klt_5class_slideind_foldA_lora_adaptformer_r8_a8_red16_heads_e10_seed43/inference_results.json,"Rows=true, columns=predicted; paired matches only."
klt_confusion,KLT,CellViT-SAM-H,Selected PEFT,Kidney,A,,,43,,Melanocyte,Stromal,0,,,,,,,,,,,,,,,,,,,,,,,,,,,,,,,,,,,,,,,,,,,,,,,,,,,,,,,,checkpoint_10 TEST,run/sthelar40x_klt_5class_slideind_foldA_lora_adaptformer_r8_a8_red16_heads_e10_seed43/log/2026-08-24T122637_sthelar40x_klt_5class_slideind_foldA_lora_adaptformer_r8_a8_red16_heads_e10_seed43/inference_results.json,"Rows=true, columns=predicted; paired matches only."
klt_confusion,KLT,CellViT-SAM-H,Selected PEFT,Kidney,A,,,43,,Melanocyte,Epithelial,0,,,,,,,,,,,,,,,,,,,,,,,,,,,,,,,,,,,,,,,,,,,,,,,,,,,,,,,,checkpoint_10 TEST,run/sthelar40x_klt_5class_slideind_foldA_lora_adaptformer_r8_a8_red16_heads_e10_seed43/log/2026-08-24T122637_sthelar40x_klt_5class_slideind_foldA_lora_adaptformer_r8_a8_red16_heads_e10_seed43/inference_results.json,"Rows=true, columns=predicted; paired matches only."
klt_confusion,KLT,CellViT-SAM-H,Selected PEFT,Kidney,A,,,43,,Melanocyte,Melanocyte,0,,,,,,,,,,,,,,,,,,,,,,,,,,,,,,,,,,,,,,,,,,,,,,,,,,,,,,,,checkpoint_10 TEST,run/sthelar40x_klt_5class_slideind_foldA_lora_adaptformer_r8_a8_red16_heads_e10_seed43/log/2026-08-24T122637_sthelar40x_klt_5class_slideind_foldA_lora_adaptformer_r8_a8_red16_heads_e10_seed43/inference_results.json,"Rows=true, columns=predicted; paired matches only."
klt_confusion,KLT,CellViT-SAM-H,Selected PEFT,Kidney,A,,,43,,Melanocyte,Other,0,,,,,,,,,,,,,,,,,,,,,,,,,,,,,,,,,,,,,,,,,,,,,,,,,,,,,,,,checkpoint_10 TEST,run/sthelar40x_klt_5class_slideind_foldA_lora_adaptformer_r8_a8_red16_heads_e10_seed43/log/2026-08-24T122637_sthelar40x_klt_5class_slideind_foldA_lora_adaptformer_r8_a8_red16_heads_e10_seed43/inference_results.json,"Rows=true, columns=predicted; paired matches only."
klt_confusion,KLT,CellViT-SAM-H,Selected PEFT,Kidney,A,,,43,,Other,Background,10,,,,,,,,,,,,,,,,,,,,,,,,,,,,,,,,,,,,,,,,,,,,,,,,,,,,,,,,checkpoint_10 TEST,run/sthelar40x_klt_5class_slideind_foldA_lora_adaptformer_r8_a8_red16_heads_e10_seed43/log/2026-08-24T122637_sthelar40x_klt_5class_slideind_foldA_lora_adaptformer_r8_a8_red16_heads_e10_seed43/inference_results.json,"Rows=true, columns=predicted; paired matches only."
klt_confusion,KLT,CellViT-SAM-H,Selected PEFT,Kidney,A,,,43,,Other,Immune,224,,,,,,,,,,,,,,,,,,,,,,,,,,,,,,,,,,,,,,,,,,,,,,,,,,,,,,,,checkpoint_10 TEST,run/sthelar40x_klt_5class_slideind_foldA_lora_adaptformer_r8_a8_red16_heads_e10_seed43/log/2026-08-24T122637_sthelar40x_klt_5class_slideind_foldA_lora_adaptformer_r8_a8_red16_heads_e10_seed43/inference_results.json,"Rows=true, columns=predicted; paired matches only."
klt_confusion,KLT,CellViT-SAM-H,Selected PEFT,Kidney,A,,,43,,Other,Stromal,851,,,,,,,,,,,,,,,,,,,,,,,,,,,,,,,,,,,,,,,,,,,,,,,,,,,,,,,,checkpoint_10 TEST,run/sthelar40x_klt_5class_slideind_foldA_lora_adaptformer_r8_a8_red16_heads_e10_seed43/log/2026-08-24T122637_sthelar40x_klt_5class_slideind_foldA_lora_adaptformer_r8_a8_red16_heads_e10_seed43/inference_results.json,"Rows=true, columns=predicted; paired matches only."
klt_confusion,KLT,CellViT-SAM-H,Selected PEFT,Kidney,A,,,43,,Other,Epithelial,38,,,,,,,,,,,,,,,,,,,,,,,,,,,,,,,,,,,,,,,,,,,,,,,,,,,,,,,,checkpoint_10 TEST,run/sthelar40x_klt_5class_slideind_foldA_lora_adaptformer_r8_a8_red16_heads_e10_seed43/log/2026-08-24T122637_sthelar40x_klt_5class_slideind_foldA_lora_adaptformer_r8_a8_red16_heads_e10_seed43/inference_results.json,"Rows=true, columns=predicted; paired matches only."
klt_confusion,KLT,CellViT-SAM-H,Selected PEFT,Kidney,A,,,43,,Other,Melanocyte,0,,,,,,,,,,,,,,,,,,,,,,,,,,,,,,,,,,,,,,,,,,,,,,,,,,,,,,,,checkpoint_10 TEST,run/sthelar40x_klt_5class_slideind_foldA_lora_adaptformer_r8_a8_red16_heads_e10_seed43/log/2026-08-24T122637_sthelar40x_klt_5class_slideind_foldA_lora_adaptformer_r8_a8_red16_heads_e10_seed43/inference_results.json,"Rows=true, columns=predicted; paired matches only."
klt_confusion,KLT,CellViT-SAM-H,Selected PEFT,Kidney,A,,,43,,Other,Other,3,,,,,,,,,,,,,,,,,,,,,,,,,,,,,,,,,,,,,,,,,,,,,,,,,,,,,,,,checkpoint_10 TEST,run/sthelar40x_klt_5class_slideind_foldA_lora_adaptformer_r8_a8_red16_heads_e10_seed43/log/2026-08-24T122637_sthelar40x_klt_5class_slideind_foldA_lora_adaptformer_r8_a8_red16_heads_e10_seed43/inference_results.json,"Rows=true, columns=predicted; paired matches only."
klt_seed_metric,KLT,CellViT-SAM-H,Selected PEFT,Liver,A,,,43,,,,,9166,,,,,,,,,,,,,,,,,0.8397484948563351,0.7307737022570244,0.5743359827775153,0.22621449414791278,0.8737465093710597,0.33905503600265424,,,,,,,,,,,,,,,,,,,,,,,,,,,,,,,,,checkpoint_10 TEST,run/sthelar40x_klt_5class_slideind_foldA_lora_adaptformer_r8_a8_red16_heads_e10_seed43/log/2026-08-24T122637_sthelar40x_klt_5class_slideind_foldA_lora_adaptformer_r8_a8_red16_heads_e10_seed43/inference_results.json,
klt_per_class,KLT,CellViT-SAM-H,Selected PEFT,Liver,A,,,43,Immune,,,,,,,,,,,,,,,,,,,,,,,,,,,,,,,,,,,,,,,,,,,,,0.123469146876918,,,56309,66192,55255,0.1916945653870839,,,,,,,,checkpoint_10 TEST,run/sthelar40x_klt_5class_slideind_foldA_lora_adaptformer_r8_a8_red16_heads_e10_seed43/log/2026-08-24T122637_sthelar40x_klt_5class_slideind_foldA_lora_adaptformer_r8_a8_red16_heads_e10_seed43/inference_results.json,
klt_per_class,KLT,CellViT-SAM-H,Selected PEFT,Liver,A,,,43,Stromal,,,,,,,,,,,,,,,,,,,,,,,,,,,,,,,,,,,,,,,,,,,,,0.5692348396655731,,,60959,72657,139014,0.48227722944023316,,,,,,,,checkpoint_10 TEST,run/sthelar40x_klt_5class_slideind_foldA_lora_adaptformer_r8_a8_red16_heads_e10_seed43/log/2026-08-24T122637_sthelar40x_klt_5class_slideind_foldA_lora_adaptformer_r8_a8_red16_heads_e10_seed43/inference_results.json,
klt_per_class,KLT,CellViT-SAM-H,Selected PEFT,Liver,A,,,43,Epithelial,,,,,,,,,,,,,,,,,,,,,,,,,,,,,,,,,,,,,,,,,,,,,0.6635161574681259,,,146204,175616,93886,0.32571597078873876,,,,,,,,checkpoint_10 TEST,run/sthelar40x_klt_5class_slideind_foldA_lora_adaptformer_r8_a8_red16_heads_e10_seed43/log/2026-08-24T122637_sthelar40x_klt_5class_slideind_foldA_lora_adaptformer_r8_a8_red16_heads_e10_seed43/inference_results.json,
klt_per_class,KLT,CellViT-SAM-H,Selected PEFT,Liver,A,,,43,Melanocyte,,,,,,,,,,,,,,,,,,,,,,,,,,,,,,,,,,,,,,,,,,,,,,,,0,0,0,0.0,,,,,,,,checkpoint_10 TEST,run/sthelar40x_klt_5class_slideind_foldA_lora_adaptformer_r8_a8_red16_heads_e10_seed43/log/2026-08-24T122637_sthelar40x_klt_5class_slideind_foldA_lora_adaptformer_r8_a8_red16_heads_e10_seed43/inference_results.json,
klt_per_class,KLT,CellViT-SAM-H,Selected PEFT,Liver,A,,,43,Other,,,,,,,,,,,,,,,,,,,,,,,,,,,,,,,,,,,,,,,,,,,,,0.0,,,561,1125,90,0.00031223438394421414,,,,,,,,checkpoint_10 TEST,run/sthelar40x_klt_5class_slideind_foldA_lora_adaptformer_r8_a8_red16_heads_e10_seed43/log/2026-08-24T122637_sthelar40x_klt_5class_slideind_foldA_lora_adaptformer_r8_a8_red16_heads_e10_seed43/inference_results.json,
klt_confusion,KLT,CellViT-SAM-H,Selected PEFT,Liver,A,,,43,,Background,Background,2,,,,,,,,,,,,,,,,,,,,,,,,,,,,,,,,,,,,,,,,,,,,,,,,,,,,,,,,checkpoint_10 TEST,run/sthelar40x_klt_5class_slideind_foldA_lora_adaptformer_r8_a8_red16_heads_e10_seed43/log/2026-08-24T122637_sthelar40x_klt_5class_slideind_foldA_lora_adaptformer_r8_a8_red16_heads_e10_seed43/inference_results.json,"Rows=true, columns=predicted; paired matches only."
klt_confusion,KLT,CellViT-SAM-H,Selected PEFT,Liver,A,,,43,,Background,Immune,0,,,,,,,,,,,,,,,,,,,,,,,,,,,,,,,,,,,,,,,,,,,,,,,,,,,,,,,,checkpoint_10 TEST,run/sthelar40x_klt_5class_slideind_foldA_lora_adaptformer_r8_a8_red16_heads_e10_seed43/log/2026-08-24T122637_sthelar40x_klt_5class_slideind_foldA_lora_adaptformer_r8_a8_red16_heads_e10_seed43/inference_results.json,"Rows=true, columns=predicted; paired matches only."
klt_confusion,KLT,CellViT-SAM-H,Selected PEFT,Liver,A,,,43,,Background,Stromal,0,,,,,,,,,,,,,,,,,,,,,,,,,,,,,,,,,,,,,,,,,,,,,,,,,,,,,,,,checkpoint_10 TEST,run/sthelar40x_klt_5class_slideind_foldA_lora_adaptformer_r8_a8_red16_heads_e10_seed43/log/2026-08-24T122637_sthelar40x_klt_5class_slideind_foldA_lora_adaptformer_r8_a8_red16_heads_e10_seed43/inference_results.json,"Rows=true, columns=predicted; paired matches only."
klt_confusion,KLT,CellViT-SAM-H,Selected PEFT,Liver,A,,,43,,Background,Epithelial,0,,,,,,,,,,,,,,,,,,,,,,,,,,,,,,,,,,,,,,,,,,,,,,,,,,,,,,,,checkpoint_10 TEST,run/sthelar40x_klt_5class_slideind_foldA_lora_adaptformer_r8_a8_red16_heads_e10_seed43/log/2026-08-24T122637_sthelar40x_klt_5class_slideind_foldA_lora_adaptformer_r8_a8_red16_heads_e10_seed43/inference_results.json,"Rows=true, columns=predicted; paired matches only."
klt_confusion,KLT,CellViT-SAM-H,Selected PEFT,Liver,A,,,43,,Background,Melanocyte,0,,,,,,,,,,,,,,,,,,,,,,,,,,,,,,,,,,,,,,,,,,,,,,,,,,,,,,,,checkpoint_10 TEST,run/sthelar40x_klt_5class_slideind_foldA_lora_adaptformer_r8_a8_red16_heads_e10_seed43/log/2026-08-24T122637_sthelar40x_klt_5class_slideind_foldA_lora_adaptformer_r8_a8_red16_heads_e10_seed43/inference_results.json,"Rows=true, columns=predicted; paired matches only."
klt_confusion,KLT,CellViT-SAM-H,Selected PEFT,Liver,A,,,43,,Background,Other,0,,,,,,,,,,,,,,,,,,,,,,,,,,,,,,,,,,,,,,,,,,,,,,,,,,,,,,,,checkpoint_10 TEST,run/sthelar40x_klt_5class_slideind_foldA_lora_adaptformer_r8_a8_red16_heads_e10_seed43/log/2026-08-24T122637_sthelar40x_klt_5class_slideind_foldA_lora_adaptformer_r8_a8_red16_heads_e10_seed43/inference_results.json,"Rows=true, columns=predicted; paired matches only."
klt_confusion,KLT,CellViT-SAM-H,Selected PEFT,Liver,A,,,43,,Immune,Background,37,,,,,,,,,,,,,,,,,,,,,,,,,,,,,,,,,,,,,,,,,,,,,,,,,,,,,,,,checkpoint_10 TEST,run/sthelar40x_klt_5class_slideind_foldA_lora_adaptformer_r8_a8_red16_heads_e10_seed43/log/2026-08-24T122637_sthelar40x_klt_5class_slideind_foldA_lora_adaptformer_r8_a8_red16_heads_e10_seed43/inference_results.json,"Rows=true, columns=predicted; paired matches only."
klt_confusion,KLT,CellViT-SAM-H,Selected PEFT,Liver,A,,,43,,Immune,Immune,6538,,,,,,,,,,,,,,,,,,,,,,,,,,,,,,,,,,,,,,,,,,,,,,,,,,,,,,,,checkpoint_10 TEST,run/sthelar40x_klt_5class_slideind_foldA_lora_adaptformer_r8_a8_red16_heads_e10_seed43/log/2026-08-24T122637_sthelar40x_klt_5class_slideind_foldA_lora_adaptformer_r8_a8_red16_heads_e10_seed43/inference_results.json,"Rows=true, columns=predicted; paired matches only."
klt_confusion,KLT,CellViT-SAM-H,Selected PEFT,Liver,A,,,43,,Immune,Stromal,45974,,,,,,,,,,,,,,,,,,,,,,,,,,,,,,,,,,,,,,,,,,,,,,,,,,,,,,,,checkpoint_10 TEST,run/sthelar40x_klt_5class_slideind_foldA_lora_adaptformer_r8_a8_red16_heads_e10_seed43/log/2026-08-24T122637_sthelar40x_klt_5class_slideind_foldA_lora_adaptformer_r8_a8_red16_heads_e10_seed43/inference_results.json,"Rows=true, columns=predicted; paired matches only."
klt_confusion,KLT,CellViT-SAM-H,Selected PEFT,Liver,A,,,43,,Immune,Epithelial,3789,,,,,,,,,,,,,,,,,,,,,,,,,,,,,,,,,,,,,,,,,,,,,,,,,,,,,,,,checkpoint_10 TEST,run/sthelar40x_klt_5class_slideind_foldA_lora_adaptformer_r8_a8_red16_heads_e10_seed43/log/2026-08-24T122637_sthelar40x_klt_5class_slideind_foldA_lora_adaptformer_r8_a8_red16_heads_e10_seed43/inference_results.json,"Rows=true, columns=predicted; paired matches only."
klt_confusion,KLT,CellViT-SAM-H,Selected PEFT,Liver,A,,,43,,Immune,Melanocyte,0,,,,,,,,,,,,,,,,,,,,,,,,,,,,,,,,,,,,,,,,,,,,,,,,,,,,,,,,checkpoint_10 TEST,run/sthelar40x_klt_5class_slideind_foldA_lora_adaptformer_r8_a8_red16_heads_e10_seed43/log/2026-08-24T122637_sthelar40x_klt_5class_slideind_foldA_lora_adaptformer_r8_a8_red16_heads_e10_seed43/inference_results.json,"Rows=true, columns=predicted; paired matches only."
klt_confusion,KLT,CellViT-SAM-H,Selected PEFT,Liver,A,,,43,,Immune,Other,8,,,,,,,,,,,,,,,,,,,,,,,,,,,,,,,,,,,,,,,,,,,,,,,,,,,,,,,,checkpoint_10 TEST,run/sthelar40x_klt_5class_slideind_foldA_lora_adaptformer_r8_a8_red16_heads_e10_seed43/log/2026-08-24T122637_sthelar40x_klt_5class_slideind_foldA_lora_adaptformer_r8_a8_red16_heads_e10_seed43/inference_results.json,"Rows=true, columns=predicted; paired matches only."
klt_confusion,KLT,CellViT-SAM-H,Selected PEFT,Liver,A,,,43,,Stromal,Background,71,,,,,,,,,,,,,,,,,,,,,,,,,,,,,,,,,,,,,,,,,,,,,,,,,,,,,,,,checkpoint_10 TEST,run/sthelar40x_klt_5class_slideind_foldA_lora_adaptformer_r8_a8_red16_heads_e10_seed43/log/2026-08-24T122637_sthelar40x_klt_5class_slideind_foldA_lora_adaptformer_r8_a8_red16_heads_e10_seed43/inference_results.json,"Rows=true, columns=predicted; paired matches only."
klt_confusion,KLT,CellViT-SAM-H,Selected PEFT,Liver,A,,,43,,Stromal,Immune,1785,,,,,,,,,,,,,,,,,,,,,,,,,,,,,,,,,,,,,,,,,,,,,,,,,,,,,,,,checkpoint_10 TEST,run/sthelar40x_klt_5class_slideind_foldA_lora_adaptformer_r8_a8_red16_heads_e10_seed43/log/2026-08-24T122637_sthelar40x_klt_5class_slideind_foldA_lora_adaptformer_r8_a8_red16_heads_e10_seed43/inference_results.json,"Rows=true, columns=predicted; paired matches only."
klt_confusion,KLT,CellViT-SAM-H,Selected PEFT,Liver,A,,,43,,Stromal,Stromal,53787,,,,,,,,,,,,,,,,,,,,,,,,,,,,,,,,,,,,,,,,,,,,,,,,,,,,,,,,checkpoint_10 TEST,run/sthelar40x_klt_5class_slideind_foldA_lora_adaptformer_r8_a8_red16_heads_e10_seed43/log/2026-08-24T122637_sthelar40x_klt_5class_slideind_foldA_lora_adaptformer_r8_a8_red16_heads_e10_seed43/inference_results.json,"Rows=true, columns=predicted; paired matches only."
klt_confusion,KLT,CellViT-SAM-H,Selected PEFT,Liver,A,,,43,,Stromal,Epithelial,5371,,,,,,,,,,,,,,,,,,,,,,,,,,,,,,,,,,,,,,,,,,,,,,,,,,,,,,,,checkpoint_10 TEST,run/sthelar40x_klt_5class_slideind_foldA_lora_adaptformer_r8_a8_red16_heads_e10_seed43/log/2026-08-24T122637_sthelar40x_klt_5class_slideind_foldA_lora_adaptformer_r8_a8_red16_heads_e10_seed43/inference_results.json,"Rows=true, columns=predicted; paired matches only."
klt_confusion,KLT,CellViT-SAM-H,Selected PEFT,Liver,A,,,43,,Stromal,Melanocyte,0,,,,,,,,,,,,,,,,,,,,,,,,,,,,,,,,,,,,,,,,,,,,,,,,,,,,,,,,checkpoint_10 TEST,run/sthelar40x_klt_5class_slideind_foldA_lora_adaptformer_r8_a8_red16_heads_e10_seed43/log/2026-08-24T122637_sthelar40x_klt_5class_slideind_foldA_lora_adaptformer_r8_a8_red16_heads_e10_seed43/inference_results.json,"Rows=true, columns=predicted; paired matches only."
klt_confusion,KLT,CellViT-SAM-H,Selected PEFT,Liver,A,,,43,,Stromal,Other,16,,,,,,,,,,,,,,,,,,,,,,,,,,,,,,,,,,,,,,,,,,,,,,,,,,,,,,,,checkpoint_10 TEST,run/sthelar40x_klt_5class_slideind_foldA_lora_adaptformer_r8_a8_red16_heads_e10_seed43/log/2026-08-24T122637_sthelar40x_klt_5class_slideind_foldA_lora_adaptformer_r8_a8_red16_heads_e10_seed43/inference_results.json,"Rows=true, columns=predicted; paired matches only."
klt_confusion,KLT,CellViT-SAM-H,Selected PEFT,Liver,A,,,43,,Epithelial,Background,562,,,,,,,,,,,,,,,,,,,,,,,,,,,,,,,,,,,,,,,,,,,,,,,,,,,,,,,,checkpoint_10 TEST,run/sthelar40x_klt_5class_slideind_foldA_lora_adaptformer_r8_a8_red16_heads_e10_seed43/log/2026-08-24T122637_sthelar40x_klt_5class_slideind_foldA_lora_adaptformer_r8_a8_red16_heads_e10_seed43/inference_results.json,"Rows=true, columns=predicted; paired matches only."
klt_confusion,KLT,CellViT-SAM-H,Selected PEFT,Liver,A,,,43,,Epithelial,Immune,41222,,,,,,,,,,,,,,,,,,,,,,,,,,,,,,,,,,,,,,,,,,,,,,,,,,,,,,,,checkpoint_10 TEST,run/sthelar40x_klt_5class_slideind_foldA_lora_adaptformer_r8_a8_red16_heads_e10_seed43/log/2026-08-24T122637_sthelar40x_klt_5class_slideind_foldA_lora_adaptformer_r8_a8_red16_heads_e10_seed43/inference_results.json,"Rows=true, columns=predicted; paired matches only."
klt_confusion,KLT,CellViT-SAM-H,Selected PEFT,Liver,A,,,43,,Epithelial,Stromal,27789,,,,,,,,,,,,,,,,,,,,,,,,,,,,,,,,,,,,,,,,,,,,,,,,,,,,,,,,checkpoint_10 TEST,run/sthelar40x_klt_5class_slideind_foldA_lora_adaptformer_r8_a8_red16_heads_e10_seed43/log/2026-08-24T122637_sthelar40x_klt_5class_slideind_foldA_lora_adaptformer_r8_a8_red16_heads_e10_seed43/inference_results.json,"Rows=true, columns=predicted; paired matches only."
klt_confusion,KLT,CellViT-SAM-H,Selected PEFT,Liver,A,,,43,,Epithelial,Epithelial,77152,,,,,,,,,,,,,,,,,,,,,,,,,,,,,,,,,,,,,,,,,,,,,,,,,,,,,,,,checkpoint_10 TEST,run/sthelar40x_klt_5class_slideind_foldA_lora_adaptformer_r8_a8_red16_heads_e10_seed43/log/2026-08-24T122637_sthelar40x_klt_5class_slideind_foldA_lora_adaptformer_r8_a8_red16_heads_e10_seed43/inference_results.json,"Rows=true, columns=predicted; paired matches only."
klt_confusion,KLT,CellViT-SAM-H,Selected PEFT,Liver,A,,,43,,Epithelial,Melanocyte,0,,,,,,,,,,,,,,,,,,,,,,,,,,,,,,,,,,,,,,,,,,,,,,,,,,,,,,,,checkpoint_10 TEST,run/sthelar40x_klt_5class_slideind_foldA_lora_adaptformer_r8_a8_red16_heads_e10_seed43/log/2026-08-24T122637_sthelar40x_klt_5class_slideind_foldA_lora_adaptformer_r8_a8_red16_heads_e10_seed43/inference_results.json,"Rows=true, columns=predicted; paired matches only."
klt_confusion,KLT,CellViT-SAM-H,Selected PEFT,Liver,A,,,43,,Epithelial,Other,41,,,,,,,,,,,,,,,,,,,,,,,,,,,,,,,,,,,,,,,,,,,,,,,,,,,,,,,,checkpoint_10 TEST,run/sthelar40x_klt_5class_slideind_foldA_lora_adaptformer_r8_a8_red16_heads_e10_seed43/log/2026-08-24T122637_sthelar40x_klt_5class_slideind_foldA_lora_adaptformer_r8_a8_red16_heads_e10_seed43/inference_results.json,"Rows=true, columns=predicted; paired matches only."
klt_confusion,KLT,CellViT-SAM-H,Selected PEFT,Liver,A,,,43,,Melanocyte,Background,0,,,,,,,,,,,,,,,,,,,,,,,,,,,,,,,,,,,,,,,,,,,,,,,,,,,,,,,,checkpoint_10 TEST,run/sthelar40x_klt_5class_slideind_foldA_lora_adaptformer_r8_a8_red16_heads_e10_seed43/log/2026-08-24T122637_sthelar40x_klt_5class_slideind_foldA_lora_adaptformer_r8_a8_red16_heads_e10_seed43/inference_results.json,"Rows=true, columns=predicted; paired matches only."
klt_confusion,KLT,CellViT-SAM-H,Selected PEFT,Liver,A,,,43,,Melanocyte,Immune,0,,,,,,,,,,,,,,,,,,,,,,,,,,,,,,,,,,,,,,,,,,,,,,,,,,,,,,,,checkpoint_10 TEST,run/sthelar40x_klt_5class_slideind_foldA_lora_adaptformer_r8_a8_red16_heads_e10_seed43/log/2026-08-24T122637_sthelar40x_klt_5class_slideind_foldA_lora_adaptformer_r8_a8_red16_heads_e10_seed43/inference_results.json,"Rows=true, columns=predicted; paired matches only."
klt_confusion,KLT,CellViT-SAM-H,Selected PEFT,Liver,A,,,43,,Melanocyte,Stromal,0,,,,,,,,,,,,,,,,,,,,,,,,,,,,,,,,,,,,,,,,,,,,,,,,,,,,,,,,checkpoint_10 TEST,run/sthelar40x_klt_5class_slideind_foldA_lora_adaptformer_r8_a8_red16_heads_e10_seed43/log/2026-08-24T122637_sthelar40x_klt_5class_slideind_foldA_lora_adaptformer_r8_a8_red16_heads_e10_seed43/inference_results.json,"Rows=true, columns=predicted; paired matches only."
klt_confusion,KLT,CellViT-SAM-H,Selected PEFT,Liver,A,,,43,,Melanocyte,Epithelial,0,,,,,,,,,,,,,,,,,,,,,,,,,,,,,,,,,,,,,,,,,,,,,,,,,,,,,,,,checkpoint_10 TEST,run/sthelar40x_klt_5class_slideind_foldA_lora_adaptformer_r8_a8_red16_heads_e10_seed43/log/2026-08-24T122637_sthelar40x_klt_5class_slideind_foldA_lora_adaptformer_r8_a8_red16_heads_e10_seed43/inference_results.json,"Rows=true, columns=predicted; paired matches only."
klt_confusion,KLT,CellViT-SAM-H,Selected PEFT,Liver,A,,,43,,Melanocyte,Melanocyte,0,,,,,,,,,,,,,,,,,,,,,,,,,,,,,,,,,,,,,,,,,,,,,,,,,,,,,,,,checkpoint_10 TEST,run/sthelar40x_klt_5class_slideind_foldA_lora_adaptformer_r8_a8_red16_heads_e10_seed43/log/2026-08-24T122637_sthelar40x_klt_5class_slideind_foldA_lora_adaptformer_r8_a8_red16_heads_e10_seed43/inference_results.json,"Rows=true, columns=predicted; paired matches only."
klt_confusion,KLT,CellViT-SAM-H,Selected PEFT,Liver,A,,,43,,Melanocyte,Other,0,,,,,,,,,,,,,,,,,,,,,,,,,,,,,,,,,,,,,,,,,,,,,,,,,,,,,,,,checkpoint_10 TEST,run/sthelar40x_klt_5class_slideind_foldA_lora_adaptformer_r8_a8_red16_heads_e10_seed43/log/2026-08-24T122637_sthelar40x_klt_5class_slideind_foldA_lora_adaptformer_r8_a8_red16_heads_e10_seed43/inference_results.json,"Rows=true, columns=predicted; paired matches only."
klt_confusion,KLT,CellViT-SAM-H,Selected PEFT,Liver,A,,,43,,Other,Background,0,,,,,,,,,,,,,,,,,,,,,,,,,,,,,,,,,,,,,,,,,,,,,,,,,,,,,,,,checkpoint_10 TEST,run/sthelar40x_klt_5class_slideind_foldA_lora_adaptformer_r8_a8_red16_heads_e10_seed43/log/2026-08-24T122637_sthelar40x_klt_5class_slideind_foldA_lora_adaptformer_r8_a8_red16_heads_e10_seed43/inference_results.json,"Rows=true, columns=predicted; paired matches only."
klt_confusion,KLT,CellViT-SAM-H,Selected PEFT,Liver,A,,,43,,Other,Immune,51,,,,,,,,,,,,,,,,,,,,,,,,,,,,,,,,,,,,,,,,,,,,,,,,,,,,,,,,checkpoint_10 TEST,run/sthelar40x_klt_5class_slideind_foldA_lora_adaptformer_r8_a8_red16_heads_e10_seed43/log/2026-08-24T122637_sthelar40x_klt_5class_slideind_foldA_lora_adaptformer_r8_a8_red16_heads_e10_seed43/inference_results.json,"Rows=true, columns=predicted; paired matches only."
klt_confusion,KLT,CellViT-SAM-H,Selected PEFT,Liver,A,,,43,,Other,Stromal,471,,,,,,,,,,,,,,,,,,,,,,,,,,,,,,,,,,,,,,,,,,,,,,,,,,,,,,,,checkpoint_10 TEST,run/sthelar40x_klt_5class_slideind_foldA_lora_adaptformer_r8_a8_red16_heads_e10_seed43/log/2026-08-24T122637_sthelar40x_klt_5class_slideind_foldA_lora_adaptformer_r8_a8_red16_heads_e10_seed43/inference_results.json,"Rows=true, columns=predicted; paired matches only."
klt_confusion,KLT,CellViT-SAM-H,Selected PEFT,Liver,A,,,43,,Other,Epithelial,39,,,,,,,,,,,,,,,,,,,,,,,,,,,,,,,,,,,,,,,,,,,,,,,,,,,,,,,,checkpoint_10 TEST,run/sthelar40x_klt_5class_slideind_foldA_lora_adaptformer_r8_a8_red16_heads_e10_seed43/log/2026-08-24T122637_sthelar40x_klt_5class_slideind_foldA_lora_adaptformer_r8_a8_red16_heads_e10_seed43/inference_results.json,"Rows=true, columns=predicted; paired matches only."
klt_confusion,KLT,CellViT-SAM-H,Selected PEFT,Liver,A,,,43,,Other,Melanocyte,0,,,,,,,,,,,,,,,,,,,,,,,,,,,,,,,,,,,,,,,,,,,,,,,,,,,,,,,,checkpoint_10 TEST,run/sthelar40x_klt_5class_slideind_foldA_lora_adaptformer_r8_a8_red16_heads_e10_seed43/log/2026-08-24T122637_sthelar40x_klt_5class_slideind_foldA_lora_adaptformer_r8_a8_red16_heads_e10_seed43/inference_results.json,"Rows=true, columns=predicted; paired matches only."
klt_confusion,KLT,CellViT-SAM-H,Selected PEFT,Liver,A,,,43,,Other,Other,0,,,,,,,,,,,,,,,,,,,,,,,,,,,,,,,,,,,,,,,,,,,,,,,,,,,,,,,,checkpoint_10 TEST,run/sthelar40x_klt_5class_slideind_foldA_lora_adaptformer_r8_a8_red16_heads_e10_seed43/log/2026-08-24T122637_sthelar40x_klt_5class_slideind_foldA_lora_adaptformer_r8_a8_red16_heads_e10_seed43/inference_results.json,"Rows=true, columns=predicted; paired matches only."
klt_seed_metric,KLT,CellViT-SAM-H,Selected PEFT,Tonsil,A,,,43,,,,,9879,,,,,,,,,,,,,,,,,0.7249286796876868,0.6028661616982206,0.43650207751328063,0.22201192531110717,0.8273292201047099,0.5171140600465505,,,,,,,,,,,,,,,,,,,,,,,,,,,,,,,,,checkpoint_10 TEST,run/sthelar40x_klt_5class_slideind_foldA_lora_adaptformer_r8_a8_red16_heads_e10_seed43/log/2026-08-24T122637_sthelar40x_klt_5class_slideind_foldA_lora_adaptformer_r8_a8_red16_heads_e10_seed43/inference_results.json,
klt_per_class,KLT,CellViT-SAM-H,Selected PEFT,Tonsil,A,,,43,Immune,,,,,,,,,,,,,,,,,,,,,,,,,,,,,,,,,,,,,,,,,,,,,0.8435815104534417,,,428807,519928,499152,0.684429915973761,,,,,,,,checkpoint_10 TEST,run/sthelar40x_klt_5class_slideind_foldA_lora_adaptformer_r8_a8_red16_heads_e10_seed43/log/2026-08-24T122637_sthelar40x_klt_5class_slideind_foldA_lora_adaptformer_r8_a8_red16_heads_e10_seed43/inference_results.json,
klt_per_class,KLT,CellViT-SAM-H,Selected PEFT,Tonsil,A,,,43,Stromal,,,,,,,,,,,,,,,,,,,,,,,,,,,,,,,,,,,,,,,,,,,,,0.5164732874467388,,,121265,160804,125722,0.172388166121849,,,,,,,,checkpoint_10 TEST,run/sthelar40x_klt_5class_slideind_foldA_lora_adaptformer_r8_a8_red16_heads_e10_seed43/log/2026-08-24T122637_sthelar40x_klt_5class_slideind_foldA_lora_adaptformer_r8_a8_red16_heads_e10_seed43/inference_results.json,
klt_per_class,KLT,CellViT-SAM-H,Selected PEFT,Tonsil,A,,,43,Epithelial,,,,,,,,,,,,,,,,,,,,,,,,,,,,,,,,,,,,,,,,,,,,,0.7072949415944585,,,65551,82862,104378,0.14312158574844783,,,,,,,,checkpoint_10 TEST,run/sthelar40x_klt_5class_slideind_foldA_lora_adaptformer_r8_a8_red16_heads_e10_seed43/log/2026-08-24T122637_sthelar40x_klt_5class_slideind_foldA_lora_adaptformer_r8_a8_red16_heads_e10_seed43/inference_results.json,
klt_per_class,KLT,CellViT-SAM-H,Selected PEFT,Tonsil,A,,,43,Melanocyte,,,,,,,,,,,,,,,,,,,,,,,,,,,,,,,,,,,,,,,,,,,,,,,,0,0,0,0.0,,,,,,,,checkpoint_10 TEST,run/sthelar40x_klt_5class_slideind_foldA_lora_adaptformer_r8_a8_red16_heads_e10_seed43/log/2026-08-24T122637_sthelar40x_klt_5class_slideind_foldA_lora_adaptformer_r8_a8_red16_heads_e10_seed43/inference_results.json,
klt_per_class,KLT,CellViT-SAM-H,Selected PEFT,Tonsil,A,,,43,Other,,,,,,,,,,,,,,,,,,,,,,,,,,,,,,,,,,,,,,,,,,,,,0.0011065006915629322,,,18036,38510,44,6.0332155942168884e-05,,,,,,,,checkpoint_10 TEST,run/sthelar40x_klt_5class_slideind_foldA_lora_adaptformer_r8_a8_red16_heads_e10_seed43/log/2026-08-24T122637_sthelar40x_klt_5class_slideind_foldA_lora_adaptformer_r8_a8_red16_heads_e10_seed43/inference_results.json,
klt_confusion,KLT,CellViT-SAM-H,Selected PEFT,Tonsil,A,,,43,,Background,Background,3,,,,,,,,,,,,,,,,,,,,,,,,,,,,,,,,,,,,,,,,,,,,,,,,,,,,,,,,checkpoint_10 TEST,run/sthelar40x_klt_5class_slideind_foldA_lora_adaptformer_r8_a8_red16_heads_e10_seed43/log/2026-08-24T122637_sthelar40x_klt_5class_slideind_foldA_lora_adaptformer_r8_a8_red16_heads_e10_seed43/inference_results.json,"Rows=true, columns=predicted; paired matches only."
klt_confusion,KLT,CellViT-SAM-H,Selected PEFT,Tonsil,A,,,43,,Background,Immune,0,,,,,,,,,,,,,,,,,,,,,,,,,,,,,,,,,,,,,,,,,,,,,,,,,,,,,,,,checkpoint_10 TEST,run/sthelar40x_klt_5class_slideind_foldA_lora_adaptformer_r8_a8_red16_heads_e10_seed43/log/2026-08-24T122637_sthelar40x_klt_5class_slideind_foldA_lora_adaptformer_r8_a8_red16_heads_e10_seed43/inference_results.json,"Rows=true, columns=predicted; paired matches only."
klt_confusion,KLT,CellViT-SAM-H,Selected PEFT,Tonsil,A,,,43,,Background,Stromal,0,,,,,,,,,,,,,,,,,,,,,,,,,,,,,,,,,,,,,,,,,,,,,,,,,,,,,,,,checkpoint_10 TEST,run/sthelar40x_klt_5class_slideind_foldA_lora_adaptformer_r8_a8_red16_heads_e10_seed43/log/2026-08-24T122637_sthelar40x_klt_5class_slideind_foldA_lora_adaptformer_r8_a8_red16_heads_e10_seed43/inference_results.json,"Rows=true, columns=predicted; paired matches only."
klt_confusion,KLT,CellViT-SAM-H,Selected PEFT,Tonsil,A,,,43,,Background,Epithelial,0,,,,,,,,,,,,,,,,,,,,,,,,,,,,,,,,,,,,,,,,,,,,,,,,,,,,,,,,checkpoint_10 TEST,run/sthelar40x_klt_5class_slideind_foldA_lora_adaptformer_r8_a8_red16_heads_e10_seed43/log/2026-08-24T122637_sthelar40x_klt_5class_slideind_foldA_lora_adaptformer_r8_a8_red16_heads_e10_seed43/inference_results.json,"Rows=true, columns=predicted; paired matches only."
klt_confusion,KLT,CellViT-SAM-H,Selected PEFT,Tonsil,A,,,43,,Background,Melanocyte,0,,,,,,,,,,,,,,,,,,,,,,,,,,,,,,,,,,,,,,,,,,,,,,,,,,,,,,,,checkpoint_10 TEST,run/sthelar40x_klt_5class_slideind_foldA_lora_adaptformer_r8_a8_red16_heads_e10_seed43/log/2026-08-24T122637_sthelar40x_klt_5class_slideind_foldA_lora_adaptformer_r8_a8_red16_heads_e10_seed43/inference_results.json,"Rows=true, columns=predicted; paired matches only."
klt_confusion,KLT,CellViT-SAM-H,Selected PEFT,Tonsil,A,,,43,,Background,Other,0,,,,,,,,,,,,,,,,,,,,,,,,,,,,,,,,,,,,,,,,,,,,,,,,,,,,,,,,checkpoint_10 TEST,run/sthelar40x_klt_5class_slideind_foldA_lora_adaptformer_r8_a8_red16_heads_e10_seed43/log/2026-08-24T122637_sthelar40x_klt_5class_slideind_foldA_lora_adaptformer_r8_a8_red16_heads_e10_seed43/inference_results.json,"Rows=true, columns=predicted; paired matches only."
klt_confusion,KLT,CellViT-SAM-H,Selected PEFT,Tonsil,A,,,43,,Immune,Background,102,,,,,,,,,,,,,,,,,,,,,,,,,,,,,,,,,,,,,,,,,,,,,,,,,,,,,,,,checkpoint_10 TEST,run/sthelar40x_klt_5class_slideind_foldA_lora_adaptformer_r8_a8_red16_heads_e10_seed43/log/2026-08-24T122637_sthelar40x_klt_5class_slideind_foldA_lora_adaptformer_r8_a8_red16_heads_e10_seed43/inference_results.json,"Rows=true, columns=predicted; paired matches only."
klt_confusion,KLT,CellViT-SAM-H,Selected PEFT,Tonsil,A,,,43,,Immune,Immune,364396,,,,,,,,,,,,,,,,,,,,,,,,,,,,,,,,,,,,,,,,,,,,,,,,,,,,,,,,checkpoint_10 TEST,run/sthelar40x_klt_5class_slideind_foldA_lora_adaptformer_r8_a8_red16_heads_e10_seed43/log/2026-08-24T122637_sthelar40x_klt_5class_slideind_foldA_lora_adaptformer_r8_a8_red16_heads_e10_seed43/inference_results.json,"Rows=true, columns=predicted; paired matches only."
klt_confusion,KLT,CellViT-SAM-H,Selected PEFT,Tonsil,A,,,43,,Immune,Stromal,37757,,,,,,,,,,,,,,,,,,,,,,,,,,,,,,,,,,,,,,,,,,,,,,,,,,,,,,,,checkpoint_10 TEST,run/sthelar40x_klt_5class_slideind_foldA_lora_adaptformer_r8_a8_red16_heads_e10_seed43/log/2026-08-24T122637_sthelar40x_klt_5class_slideind_foldA_lora_adaptformer_r8_a8_red16_heads_e10_seed43/inference_results.json,"Rows=true, columns=predicted; paired matches only."
klt_confusion,KLT,CellViT-SAM-H,Selected PEFT,Tonsil,A,,,43,,Immune,Epithelial,26647,,,,,,,,,,,,,,,,,,,,,,,,,,,,,,,,,,,,,,,,,,,,,,,,,,,,,,,,checkpoint_10 TEST,run/sthelar40x_klt_5class_slideind_foldA_lora_adaptformer_r8_a8_red16_heads_e10_seed43/log/2026-08-24T122637_sthelar40x_klt_5class_slideind_foldA_lora_adaptformer_r8_a8_red16_heads_e10_seed43/inference_results.json,"Rows=true, columns=predicted; paired matches only."
klt_confusion,KLT,CellViT-SAM-H,Selected PEFT,Tonsil,A,,,43,,Immune,Melanocyte,0,,,,,,,,,,,,,,,,,,,,,,,,,,,,,,,,,,,,,,,,,,,,,,,,,,,,,,,,checkpoint_10 TEST,run/sthelar40x_klt_5class_slideind_foldA_lora_adaptformer_r8_a8_red16_heads_e10_seed43/log/2026-08-24T122637_sthelar40x_klt_5class_slideind_foldA_lora_adaptformer_r8_a8_red16_heads_e10_seed43/inference_results.json,"Rows=true, columns=predicted; paired matches only."
klt_confusion,KLT,CellViT-SAM-H,Selected PEFT,Tonsil,A,,,43,,Immune,Other,7,,,,,,,,,,,,,,,,,,,,,,,,,,,,,,,,,,,,,,,,,,,,,,,,,,,,,,,,checkpoint_10 TEST,run/sthelar40x_klt_5class_slideind_foldA_lora_adaptformer_r8_a8_red16_heads_e10_seed43/log/2026-08-24T122637_sthelar40x_klt_5class_slideind_foldA_lora_adaptformer_r8_a8_red16_heads_e10_seed43/inference_results.json,"Rows=true, columns=predicted; paired matches only."
klt_confusion,KLT,CellViT-SAM-H,Selected PEFT,Tonsil,A,,,43,,Stromal,Background,95,,,,,,,,,,,,,,,,,,,,,,,,,,,,,,,,,,,,,,,,,,,,,,,,,,,,,,,,checkpoint_10 TEST,run/sthelar40x_klt_5class_slideind_foldA_lora_adaptformer_r8_a8_red16_heads_e10_seed43/log/2026-08-24T122637_sthelar40x_klt_5class_slideind_foldA_lora_adaptformer_r8_a8_red16_heads_e10_seed43/inference_results.json,"Rows=true, columns=predicted; paired matches only."
klt_confusion,KLT,CellViT-SAM-H,Selected PEFT,Tonsil,A,,,43,,Stromal,Immune,54501,,,,,,,,,,,,,,,,,,,,,,,,,,,,,,,,,,,,,,,,,,,,,,,,,,,,,,,,checkpoint_10 TEST,run/sthelar40x_klt_5class_slideind_foldA_lora_adaptformer_r8_a8_red16_heads_e10_seed43/log/2026-08-24T122637_sthelar40x_klt_5class_slideind_foldA_lora_adaptformer_r8_a8_red16_heads_e10_seed43/inference_results.json,"Rows=true, columns=predicted; paired matches only."
klt_confusion,KLT,CellViT-SAM-H,Selected PEFT,Tonsil,A,,,43,,Stromal,Stromal,59091,,,,,,,,,,,,,,,,,,,,,,,,,,,,,,,,,,,,,,,,,,,,,,,,,,,,,,,,checkpoint_10 TEST,run/sthelar40x_klt_5class_slideind_foldA_lora_adaptformer_r8_a8_red16_heads_e10_seed43/log/2026-08-24T122637_sthelar40x_klt_5class_slideind_foldA_lora_adaptformer_r8_a8_red16_heads_e10_seed43/inference_results.json,"Rows=true, columns=predicted; paired matches only."
klt_confusion,KLT,CellViT-SAM-H,Selected PEFT,Tonsil,A,,,43,,Stromal,Epithelial,7653,,,,,,,,,,,,,,,,,,,,,,,,,,,,,,,,,,,,,,,,,,,,,,,,,,,,,,,,checkpoint_10 TEST,run/sthelar40x_klt_5class_slideind_foldA_lora_adaptformer_r8_a8_red16_heads_e10_seed43/log/2026-08-24T122637_sthelar40x_klt_5class_slideind_foldA_lora_adaptformer_r8_a8_red16_heads_e10_seed43/inference_results.json,"Rows=true, columns=predicted; paired matches only."
klt_confusion,KLT,CellViT-SAM-H,Selected PEFT,Tonsil,A,,,43,,Stromal,Melanocyte,0,,,,,,,,,,,,,,,,,,,,,,,,,,,,,,,,,,,,,,,,,,,,,,,,,,,,,,,,checkpoint_10 TEST,run/sthelar40x_klt_5class_slideind_foldA_lora_adaptformer_r8_a8_red16_heads_e10_seed43/log/2026-08-24T122637_sthelar40x_klt_5class_slideind_foldA_lora_adaptformer_r8_a8_red16_heads_e10_seed43/inference_results.json,"Rows=true, columns=predicted; paired matches only."
klt_confusion,KLT,CellViT-SAM-H,Selected PEFT,Tonsil,A,,,43,,Stromal,Other,20,,,,,,,,,,,,,,,,,,,,,,,,,,,,,,,,,,,,,,,,,,,,,,,,,,,,,,,,checkpoint_10 TEST,run/sthelar40x_klt_5class_slideind_foldA_lora_adaptformer_r8_a8_red16_heads_e10_seed43/log/2026-08-24T122637_sthelar40x_klt_5class_slideind_foldA_lora_adaptformer_r8_a8_red16_heads_e10_seed43/inference_results.json,"Rows=true, columns=predicted; paired matches only."
klt_confusion,KLT,CellViT-SAM-H,Selected PEFT,Tonsil,A,,,43,,Epithelial,Background,95,,,,,,,,,,,,,,,,,,,,,,,,,,,,,,,,,,,,,,,,,,,,,,,,,,,,,,,,checkpoint_10 TEST,run/sthelar40x_klt_5class_slideind_foldA_lora_adaptformer_r8_a8_red16_heads_e10_seed43/log/2026-08-24T122637_sthelar40x_klt_5class_slideind_foldA_lora_adaptformer_r8_a8_red16_heads_e10_seed43/inference_results.json,"Rows=true, columns=predicted; paired matches only."
klt_confusion,KLT,CellViT-SAM-H,Selected PEFT,Tonsil,A,,,43,,Epithelial,Immune,7424,,,,,,,,,,,,,,,,,,,,,,,,,,,,,,,,,,,,,,,,,,,,,,,,,,,,,,,,checkpoint_10 TEST,run/sthelar40x_klt_5class_slideind_foldA_lora_adaptformer_r8_a8_red16_heads_e10_seed43/log/2026-08-24T122637_sthelar40x_klt_5class_slideind_foldA_lora_adaptformer_r8_a8_red16_heads_e10_seed43/inference_results.json,"Rows=true, columns=predicted; paired matches only."
klt_confusion,KLT,CellViT-SAM-H,Selected PEFT,Tonsil,A,,,43,,Epithelial,Stromal,2782,,,,,,,,,,,,,,,,,,,,,,,,,,,,,,,,,,,,,,,,,,,,,,,,,,,,,,,,checkpoint_10 TEST,run/sthelar40x_klt_5class_slideind_foldA_lora_adaptformer_r8_a8_red16_heads_e10_seed43/log/2026-08-24T122637_sthelar40x_klt_5class_slideind_foldA_lora_adaptformer_r8_a8_red16_heads_e10_seed43/inference_results.json,"Rows=true, columns=predicted; paired matches only."
klt_confusion,KLT,CellViT-SAM-H,Selected PEFT,Tonsil,A,,,43,,Epithelial,Epithelial,55343,,,,,,,,,,,,,,,,,,,,,,,,,,,,,,,,,,,,,,,,,,,,,,,,,,,,,,,,checkpoint_10 TEST,run/sthelar40x_klt_5class_slideind_foldA_lora_adaptformer_r8_a8_red16_heads_e10_seed43/log/2026-08-24T122637_sthelar40x_klt_5class_slideind_foldA_lora_adaptformer_r8_a8_red16_heads_e10_seed43/inference_results.json,"Rows=true, columns=predicted; paired matches only."
klt_confusion,KLT,CellViT-SAM-H,Selected PEFT,Tonsil,A,,,43,,Epithelial,Melanocyte,0,,,,,,,,,,,,,,,,,,,,,,,,,,,,,,,,,,,,,,,,,,,,,,,,,,,,,,,,checkpoint_10 TEST,run/sthelar40x_klt_5class_slideind_foldA_lora_adaptformer_r8_a8_red16_heads_e10_seed43/log/2026-08-24T122637_sthelar40x_klt_5class_slideind_foldA_lora_adaptformer_r8_a8_red16_heads_e10_seed43/inference_results.json,"Rows=true, columns=predicted; paired matches only."
klt_confusion,KLT,CellViT-SAM-H,Selected PEFT,Tonsil,A,,,43,,Epithelial,Other,2,,,,,,,,,,,,,,,,,,,,,,,,,,,,,,,,,,,,,,,,,,,,,,,,,,,,,,,,checkpoint_10 TEST,run/sthelar40x_klt_5class_slideind_foldA_lora_adaptformer_r8_a8_red16_heads_e10_seed43/log/2026-08-24T122637_sthelar40x_klt_5class_slideind_foldA_lora_adaptformer_r8_a8_red16_heads_e10_seed43/inference_results.json,"Rows=true, columns=predicted; paired matches only."
klt_confusion,KLT,CellViT-SAM-H,Selected PEFT,Tonsil,A,,,43,,Melanocyte,Background,0,,,,,,,,,,,,,,,,,,,,,,,,,,,,,,,,,,,,,,,,,,,,,,,,,,,,,,,,checkpoint_10 TEST,run/sthelar40x_klt_5class_slideind_foldA_lora_adaptformer_r8_a8_red16_heads_e10_seed43/log/2026-08-24T122637_sthelar40x_klt_5class_slideind_foldA_lora_adaptformer_r8_a8_red16_heads_e10_seed43/inference_results.json,"Rows=true, columns=predicted; paired matches only."
klt_confusion,KLT,CellViT-SAM-H,Selected PEFT,Tonsil,A,,,43,,Melanocyte,Immune,0,,,,,,,,,,,,,,,,,,,,,,,,,,,,,,,,,,,,,,,,,,,,,,,,,,,,,,,,checkpoint_10 TEST,run/sthelar40x_klt_5class_slideind_foldA_lora_adaptformer_r8_a8_red16_heads_e10_seed43/log/2026-08-24T122637_sthelar40x_klt_5class_slideind_foldA_lora_adaptformer_r8_a8_red16_heads_e10_seed43/inference_results.json,"Rows=true, columns=predicted; paired matches only."
klt_confusion,KLT,CellViT-SAM-H,Selected PEFT,Tonsil,A,,,43,,Melanocyte,Stromal,0,,,,,,,,,,,,,,,,,,,,,,,,,,,,,,,,,,,,,,,,,,,,,,,,,,,,,,,,checkpoint_10 TEST,run/sthelar40x_klt_5class_slideind_foldA_lora_adaptformer_r8_a8_red16_heads_e10_seed43/log/2026-08-24T122637_sthelar40x_klt_5class_slideind_foldA_lora_adaptformer_r8_a8_red16_heads_e10_seed43/inference_results.json,"Rows=true, columns=predicted; paired matches only."
klt_confusion,KLT,CellViT-SAM-H,Selected PEFT,Tonsil,A,,,43,,Melanocyte,Epithelial,0,,,,,,,,,,,,,,,,,,,,,,,,,,,,,,,,,,,,,,,,,,,,,,,,,,,,,,,,checkpoint_10 TEST,run/sthelar40x_klt_5class_slideind_foldA_lora_adaptformer_r8_a8_red16_heads_e10_seed43/log/2026-08-24T122637_sthelar40x_klt_5class_slideind_foldA_lora_adaptformer_r8_a8_red16_heads_e10_seed43/inference_results.json,"Rows=true, columns=predicted; paired matches only."
klt_confusion,KLT,CellViT-SAM-H,Selected PEFT,Tonsil,A,,,43,,Melanocyte,Melanocyte,0,,,,,,,,,,,,,,,,,,,,,,,,,,,,,,,,,,,,,,,,,,,,,,,,,,,,,,,,checkpoint_10 TEST,run/sthelar40x_klt_5class_slideind_foldA_lora_adaptformer_r8_a8_red16_heads_e10_seed43/log/2026-08-24T122637_sthelar40x_klt_5class_slideind_foldA_lora_adaptformer_r8_a8_red16_heads_e10_seed43/inference_results.json,"Rows=true, columns=predicted; paired matches only."
klt_confusion,KLT,CellViT-SAM-H,Selected PEFT,Tonsil,A,,,43,,Melanocyte,Other,0,,,,,,,,,,,,,,,,,,,,,,,,,,,,,,,,,,,,,,,,,,,,,,,,,,,,,,,,checkpoint_10 TEST,run/sthelar40x_klt_5class_slideind_foldA_lora_adaptformer_r8_a8_red16_heads_e10_seed43/log/2026-08-24T122637_sthelar40x_klt_5class_slideind_foldA_lora_adaptformer_r8_a8_red16_heads_e10_seed43/inference_results.json,"Rows=true, columns=predicted; paired matches only."
klt_confusion,KLT,CellViT-SAM-H,Selected PEFT,Tonsil,A,,,43,,Other,Background,35,,,,,,,,,,,,,,,,,,,,,,,,,,,,,,,,,,,,,,,,,,,,,,,,,,,,,,,,checkpoint_10 TEST,run/sthelar40x_klt_5class_slideind_foldA_lora_adaptformer_r8_a8_red16_heads_e10_seed43/log/2026-08-24T122637_sthelar40x_klt_5class_slideind_foldA_lora_adaptformer_r8_a8_red16_heads_e10_seed43/inference_results.json,"Rows=true, columns=predicted; paired matches only."
klt_confusion,KLT,CellViT-SAM-H,Selected PEFT,Tonsil,A,,,43,,Other,Immune,8798,,,,,,,,,,,,,,,,,,,,,,,,,,,,,,,,,,,,,,,,,,,,,,,,,,,,,,,,checkpoint_10 TEST,run/sthelar40x_klt_5class_slideind_foldA_lora_adaptformer_r8_a8_red16_heads_e10_seed43/log/2026-08-24T122637_sthelar40x_klt_5class_slideind_foldA_lora_adaptformer_r8_a8_red16_heads_e10_seed43/inference_results.json,"Rows=true, columns=predicted; paired matches only."
klt_confusion,KLT,CellViT-SAM-H,Selected PEFT,Tonsil,A,,,43,,Other,Stromal,7930,,,,,,,,,,,,,,,,,,,,,,,,,,,,,,,,,,,,,,,,,,,,,,,,,,,,,,,,checkpoint_10 TEST,run/sthelar40x_klt_5class_slideind_foldA_lora_adaptformer_r8_a8_red16_heads_e10_seed43/log/2026-08-24T122637_sthelar40x_klt_5class_slideind_foldA_lora_adaptformer_r8_a8_red16_heads_e10_seed43/inference_results.json,"Rows=true, columns=predicted; paired matches only."
klt_confusion,KLT,CellViT-SAM-H,Selected PEFT,Tonsil,A,,,43,,Other,Epithelial,1298,,,,,,,,,,,,,,,,,,,,,,,,,,,,,,,,,,,,,,,,,,,,,,,,,,,,,,,,checkpoint_10 TEST,run/sthelar40x_klt_5class_slideind_foldA_lora_adaptformer_r8_a8_red16_heads_e10_seed43/log/2026-08-24T122637_sthelar40x_klt_5class_slideind_foldA_lora_adaptformer_r8_a8_red16_heads_e10_seed43/inference_results.json,"Rows=true, columns=predicted; paired matches only."
klt_confusion,KLT,CellViT-SAM-H,Selected PEFT,Tonsil,A,,,43,,Other,Melanocyte,0,,,,,,,,,,,,,,,,,,,,,,,,,,,,,,,,,,,,,,,,,,,,,,,,,,,,,,,,checkpoint_10 TEST,run/sthelar40x_klt_5class_slideind_foldA_lora_adaptformer_r8_a8_red16_heads_e10_seed43/log/2026-08-24T122637_sthelar40x_klt_5class_slideind_foldA_lora_adaptformer_r8_a8_red16_heads_e10_seed43/inference_results.json,"Rows=true, columns=predicted; paired matches only."
klt_confusion,KLT,CellViT-SAM-H,Selected PEFT,Tonsil,A,,,43,,Other,Other,10,,,,,,,,,,,,,,,,,,,,,,,,,,,,,,,,,,,,,,,,,,,,,,,,,,,,,,,,checkpoint_10 TEST,run/sthelar40x_klt_5class_slideind_foldA_lora_adaptformer_r8_a8_red16_heads_e10_seed43/log/2026-08-24T122637_sthelar40x_klt_5class_slideind_foldA_lora_adaptformer_r8_a8_red16_heads_e10_seed43/inference_results.json,"Rows=true, columns=predicted; paired matches only."
klt_seed_metric,KLT,CellViT-SAM-H,Selected PEFT,Pooled KLT,A,,,43,,,,,23494,,,,,,,,,,,,,,,,,0.7881098933932796,0.6743479622767004,0.5198826909866916,0.21451429024251803,0.8431757013410904,0.4829911881495843,,,,,,,,,,,,,,,,,,,,,,,,,,,,,,,,,checkpoint_10 TEST,run/sthelar40x_klt_5class_slideind_foldA_lora_adaptformer_r8_a8_red16_heads_e10_seed43/log/2026-08-24T122637_sthelar40x_klt_5class_slideind_foldA_lora_adaptformer_r8_a8_red16_heads_e10_seed43/inference_results.json,
klt_per_class,KLT,CellViT-SAM-H,Selected PEFT,Pooled KLT,A,,,43,Immune,,,,,,,,,,,,,,,,,,,,,,,,,,,,,,,,,,,,,,,,,,,,,0.7447726913099559,,,537531,644485,575947,0.5169616730993627,,,,,,,,checkpoint_10 TEST,run/sthelar40x_klt_5class_slideind_foldA_lora_adaptformer_r8_a8_red16_heads_e10_seed43/log/2026-08-24T122637_sthelar40x_klt_5class_slideind_foldA_lora_adaptformer_r8_a8_red16_heads_e10_seed43/inference_results.json,
klt_per_class,KLT,CellViT-SAM-H,Selected PEFT,Pooled KLT,A,,,43,Stromal,,,,,,,,,,,,,,,,,,,,,,,,,,,,,,,,,,,,,,,,,,,,,0.5303571787501759,,,203736,260074,329574,0.2958208419351943,,,,,,,,checkpoint_10 TEST,run/sthelar40x_klt_5class_slideind_foldA_lora_adaptformer_r8_a8_red16_heads_e10_seed43/log/2026-08-24T122637_sthelar40x_klt_5class_slideind_foldA_lora_adaptformer_r8_a8_red16_heads_e10_seed43/inference_results.json,
klt_per_class,KLT,CellViT-SAM-H,Selected PEFT,Pooled KLT,A,,,43,Epithelial,,,,,,,,,,,,,,,,,,,,,,,,,,,,,,,,,,,,,,,,,,,,,0.6555259161182289,,,224511,276099,208377,0.18703617269544925,,,,,,,,checkpoint_10 TEST,run/sthelar40x_klt_5class_slideind_foldA_lora_adaptformer_r8_a8_red16_heads_e10_seed43/log/2026-08-24T122637_sthelar40x_klt_5class_slideind_foldA_lora_adaptformer_r8_a8_red16_heads_e10_seed43/inference_results.json,
klt_per_class,KLT,CellViT-SAM-H,Selected PEFT,Pooled KLT,A,,,43,Melanocyte,,,,,,,,,,,,,,,,,,,,,,,,,,,,,,,,,,,,,,,,,,,,,,,,0,0,0,0.0,,,,,,,,checkpoint_10 TEST,run/sthelar40x_klt_5class_slideind_foldA_lora_adaptformer_r8_a8_red16_heads_e10_seed43/log/2026-08-24T122637_sthelar40x_klt_5class_slideind_foldA_lora_adaptformer_r8_a8_red16_heads_e10_seed43/inference_results.json,
klt_per_class,KLT,CellViT-SAM-H,Selected PEFT,Pooled KLT,A,,,43,Other,,,,,,,,,,,,,,,,,,,,,,,,,,,,,,,,,,,,,,,,,,,,,0.0013089664199768414,,,19713,41731,202,0.0001813122699937169,,,,,,,,checkpoint_10 TEST,run/sthelar40x_klt_5class_slideind_foldA_lora_adaptformer_r8_a8_red16_heads_e10_seed43/log/2026-08-24T122637_sthelar40x_klt_5class_slideind_foldA_lora_adaptformer_r8_a8_red16_heads_e10_seed43/inference_results.json,
klt_confusion,KLT,CellViT-SAM-H,Selected PEFT,Pooled KLT,A,,,43,,Background,Background,10,,,,,,,,,,,,,,,,,,,,,,,,,,,,,,,,,,,,,,,,,,,,,,,,,,,,,,,,checkpoint_10 TEST,run/sthelar40x_klt_5class_slideind_foldA_lora_adaptformer_r8_a8_red16_heads_e10_seed43/log/2026-08-24T122637_sthelar40x_klt_5class_slideind_foldA_lora_adaptformer_r8_a8_red16_heads_e10_seed43/inference_results.json,"Rows=true, columns=predicted; paired matches only."
klt_confusion,KLT,CellViT-SAM-H,Selected PEFT,Pooled KLT,A,,,43,,Background,Immune,0,,,,,,,,,,,,,,,,,,,,,,,,,,,,,,,,,,,,,,,,,,,,,,,,,,,,,,,,checkpoint_10 TEST,run/sthelar40x_klt_5class_slideind_foldA_lora_adaptformer_r8_a8_red16_heads_e10_seed43/log/2026-08-24T122637_sthelar40x_klt_5class_slideind_foldA_lora_adaptformer_r8_a8_red16_heads_e10_seed43/inference_results.json,"Rows=true, columns=predicted; paired matches only."
klt_confusion,KLT,CellViT-SAM-H,Selected PEFT,Pooled KLT,A,,,43,,Background,Stromal,0,,,,,,,,,,,,,,,,,,,,,,,,,,,,,,,,,,,,,,,,,,,,,,,,,,,,,,,,checkpoint_10 TEST,run/sthelar40x_klt_5class_slideind_foldA_lora_adaptformer_r8_a8_red16_heads_e10_seed43/log/2026-08-24T122637_sthelar40x_klt_5class_slideind_foldA_lora_adaptformer_r8_a8_red16_heads_e10_seed43/inference_results.json,"Rows=true, columns=predicted; paired matches only."
klt_confusion,KLT,CellViT-SAM-H,Selected PEFT,Pooled KLT,A,,,43,,Background,Epithelial,0,,,,,,,,,,,,,,,,,,,,,,,,,,,,,,,,,,,,,,,,,,,,,,,,,,,,,,,,checkpoint_10 TEST,run/sthelar40x_klt_5class_slideind_foldA_lora_adaptformer_r8_a8_red16_heads_e10_seed43/log/2026-08-24T122637_sthelar40x_klt_5class_slideind_foldA_lora_adaptformer_r8_a8_red16_heads_e10_seed43/inference_results.json,"Rows=true, columns=predicted; paired matches only."
klt_confusion,KLT,CellViT-SAM-H,Selected PEFT,Pooled KLT,A,,,43,,Background,Melanocyte,0,,,,,,,,,,,,,,,,,,,,,,,,,,,,,,,,,,,,,,,,,,,,,,,,,,,,,,,,checkpoint_10 TEST,run/sthelar40x_klt_5class_slideind_foldA_lora_adaptformer_r8_a8_red16_heads_e10_seed43/log/2026-08-24T122637_sthelar40x_klt_5class_slideind_foldA_lora_adaptformer_r8_a8_red16_heads_e10_seed43/inference_results.json,"Rows=true, columns=predicted; paired matches only."
klt_confusion,KLT,CellViT-SAM-H,Selected PEFT,Pooled KLT,A,,,43,,Background,Other,0,,,,,,,,,,,,,,,,,,,,,,,,,,,,,,,,,,,,,,,,,,,,,,,,,,,,,,,,checkpoint_10 TEST,run/sthelar40x_klt_5class_slideind_foldA_lora_adaptformer_r8_a8_red16_heads_e10_seed43/log/2026-08-24T122637_sthelar40x_klt_5class_slideind_foldA_lora_adaptformer_r8_a8_red16_heads_e10_seed43/inference_results.json,"Rows=true, columns=predicted; paired matches only."
klt_confusion,KLT,CellViT-SAM-H,Selected PEFT,Pooled KLT,A,,,43,,Immune,Background,211,,,,,,,,,,,,,,,,,,,,,,,,,,,,,,,,,,,,,,,,,,,,,,,,,,,,,,,,checkpoint_10 TEST,run/sthelar40x_klt_5class_slideind_foldA_lora_adaptformer_r8_a8_red16_heads_e10_seed43/log/2026-08-24T122637_sthelar40x_klt_5class_slideind_foldA_lora_adaptformer_r8_a8_red16_heads_e10_seed43/inference_results.json,"Rows=true, columns=predicted; paired matches only."
klt_confusion,KLT,CellViT-SAM-H,Selected PEFT,Pooled KLT,A,,,43,,Immune,Immune,388304,,,,,,,,,,,,,,,,,,,,,,,,,,,,,,,,,,,,,,,,,,,,,,,,,,,,,,,,checkpoint_10 TEST,run/sthelar40x_klt_5class_slideind_foldA_lora_adaptformer_r8_a8_red16_heads_e10_seed43/log/2026-08-24T122637_sthelar40x_klt_5class_slideind_foldA_lora_adaptformer_r8_a8_red16_heads_e10_seed43/inference_results.json,"Rows=true, columns=predicted; paired matches only."
klt_confusion,KLT,CellViT-SAM-H,Selected PEFT,Pooled KLT,A,,,43,,Immune,Stromal,113596,,,,,,,,,,,,,,,,,,,,,,,,,,,,,,,,,,,,,,,,,,,,,,,,,,,,,,,,checkpoint_10 TEST,run/sthelar40x_klt_5class_slideind_foldA_lora_adaptformer_r8_a8_red16_heads_e10_seed43/log/2026-08-24T122637_sthelar40x_klt_5class_slideind_foldA_lora_adaptformer_r8_a8_red16_heads_e10_seed43/inference_results.json,"Rows=true, columns=predicted; paired matches only."
klt_confusion,KLT,CellViT-SAM-H,Selected PEFT,Pooled KLT,A,,,43,,Immune,Epithelial,35600,,,,,,,,,,,,,,,,,,,,,,,,,,,,,,,,,,,,,,,,,,,,,,,,,,,,,,,,checkpoint_10 TEST,run/sthelar40x_klt_5class_slideind_foldA_lora_adaptformer_r8_a8_red16_heads_e10_seed43/log/2026-08-24T122637_sthelar40x_klt_5class_slideind_foldA_lora_adaptformer_r8_a8_red16_heads_e10_seed43/inference_results.json,"Rows=true, columns=predicted; paired matches only."
klt_confusion,KLT,CellViT-SAM-H,Selected PEFT,Pooled KLT,A,,,43,,Immune,Melanocyte,0,,,,,,,,,,,,,,,,,,,,,,,,,,,,,,,,,,,,,,,,,,,,,,,,,,,,,,,,checkpoint_10 TEST,run/sthelar40x_klt_5class_slideind_foldA_lora_adaptformer_r8_a8_red16_heads_e10_seed43/log/2026-08-24T122637_sthelar40x_klt_5class_slideind_foldA_lora_adaptformer_r8_a8_red16_heads_e10_seed43/inference_results.json,"Rows=true, columns=predicted; paired matches only."
klt_confusion,KLT,CellViT-SAM-H,Selected PEFT,Pooled KLT,A,,,43,,Immune,Other,31,,,,,,,,,,,,,,,,,,,,,,,,,,,,,,,,,,,,,,,,,,,,,,,,,,,,,,,,checkpoint_10 TEST,run/sthelar40x_klt_5class_slideind_foldA_lora_adaptformer_r8_a8_red16_heads_e10_seed43/log/2026-08-24T122637_sthelar40x_klt_5class_slideind_foldA_lora_adaptformer_r8_a8_red16_heads_e10_seed43/inference_results.json,"Rows=true, columns=predicted; paired matches only."
klt_confusion,KLT,CellViT-SAM-H,Selected PEFT,Pooled KLT,A,,,43,,Stromal,Background,214,,,,,,,,,,,,,,,,,,,,,,,,,,,,,,,,,,,,,,,,,,,,,,,,,,,,,,,,checkpoint_10 TEST,run/sthelar40x_klt_5class_slideind_foldA_lora_adaptformer_r8_a8_red16_heads_e10_seed43/log/2026-08-24T122637_sthelar40x_klt_5class_slideind_foldA_lora_adaptformer_r8_a8_red16_heads_e10_seed43/inference_results.json,"Rows=true, columns=predicted; paired matches only."
klt_confusion,KLT,CellViT-SAM-H,Selected PEFT,Pooled KLT,A,,,43,,Stromal,Immune,57045,,,,,,,,,,,,,,,,,,,,,,,,,,,,,,,,,,,,,,,,,,,,,,,,,,,,,,,,checkpoint_10 TEST,run/sthelar40x_klt_5class_slideind_foldA_lora_adaptformer_r8_a8_red16_heads_e10_seed43/log/2026-08-24T122637_sthelar40x_klt_5class_slideind_foldA_lora_adaptformer_r8_a8_red16_heads_e10_seed43/inference_results.json,"Rows=true, columns=predicted; paired matches only."
klt_confusion,KLT,CellViT-SAM-H,Selected PEFT,Pooled KLT,A,,,43,,Stromal,Stromal,131929,,,,,,,,,,,,,,,,,,,,,,,,,,,,,,,,,,,,,,,,,,,,,,,,,,,,,,,,checkpoint_10 TEST,run/sthelar40x_klt_5class_slideind_foldA_lora_adaptformer_r8_a8_red16_heads_e10_seed43/log/2026-08-24T122637_sthelar40x_klt_5class_slideind_foldA_lora_adaptformer_r8_a8_red16_heads_e10_seed43/inference_results.json,"Rows=true, columns=predicted; paired matches only."
klt_confusion,KLT,CellViT-SAM-H,Selected PEFT,Pooled KLT,A,,,43,,Stromal,Epithelial,14712,,,,,,,,,,,,,,,,,,,,,,,,,,,,,,,,,,,,,,,,,,,,,,,,,,,,,,,,checkpoint_10 TEST,run/sthelar40x_klt_5class_slideind_foldA_lora_adaptformer_r8_a8_red16_heads_e10_seed43/log/2026-08-24T122637_sthelar40x_klt_5class_slideind_foldA_lora_adaptformer_r8_a8_red16_heads_e10_seed43/inference_results.json,"Rows=true, columns=predicted; paired matches only."
klt_confusion,KLT,CellViT-SAM-H,Selected PEFT,Pooled KLT,A,,,43,,Stromal,Melanocyte,0,,,,,,,,,,,,,,,,,,,,,,,,,,,,,,,,,,,,,,,,,,,,,,,,,,,,,,,,checkpoint_10 TEST,run/sthelar40x_klt_5class_slideind_foldA_lora_adaptformer_r8_a8_red16_heads_e10_seed43/log/2026-08-24T122637_sthelar40x_klt_5class_slideind_foldA_lora_adaptformer_r8_a8_red16_heads_e10_seed43/inference_results.json,"Rows=true, columns=predicted; paired matches only."
klt_confusion,KLT,CellViT-SAM-H,Selected PEFT,Pooled KLT,A,,,43,,Stromal,Other,50,,,,,,,,,,,,,,,,,,,,,,,,,,,,,,,,,,,,,,,,,,,,,,,,,,,,,,,,checkpoint_10 TEST,run/sthelar40x_klt_5class_slideind_foldA_lora_adaptformer_r8_a8_red16_heads_e10_seed43/log/2026-08-24T122637_sthelar40x_klt_5class_slideind_foldA_lora_adaptformer_r8_a8_red16_heads_e10_seed43/inference_results.json,"Rows=true, columns=predicted; paired matches only."
klt_confusion,KLT,CellViT-SAM-H,Selected PEFT,Pooled KLT,A,,,43,,Epithelial,Background,717,,,,,,,,,,,,,,,,,,,,,,,,,,,,,,,,,,,,,,,,,,,,,,,,,,,,,,,,checkpoint_10 TEST,run/sthelar40x_klt_5class_slideind_foldA_lora_adaptformer_r8_a8_red16_heads_e10_seed43/log/2026-08-24T122637_sthelar40x_klt_5class_slideind_foldA_lora_adaptformer_r8_a8_red16_heads_e10_seed43/inference_results.json,"Rows=true, columns=predicted; paired matches only."
klt_confusion,KLT,CellViT-SAM-H,Selected PEFT,Pooled KLT,A,,,43,,Epithelial,Immune,50792,,,,,,,,,,,,,,,,,,,,,,,,,,,,,,,,,,,,,,,,,,,,,,,,,,,,,,,,checkpoint_10 TEST,run/sthelar40x_klt_5class_slideind_foldA_lora_adaptformer_r8_a8_red16_heads_e10_seed43/log/2026-08-24T122637_sthelar40x_klt_5class_slideind_foldA_lora_adaptformer_r8_a8_red16_heads_e10_seed43/inference_results.json,"Rows=true, columns=predicted; paired matches only."
klt_confusion,KLT,CellViT-SAM-H,Selected PEFT,Pooled KLT,A,,,43,,Epithelial,Stromal,38997,,,,,,,,,,,,,,,,,,,,,,,,,,,,,,,,,,,,,,,,,,,,,,,,,,,,,,,,checkpoint_10 TEST,run/sthelar40x_klt_5class_slideind_foldA_lora_adaptformer_r8_a8_red16_heads_e10_seed43/log/2026-08-24T122637_sthelar40x_klt_5class_slideind_foldA_lora_adaptformer_r8_a8_red16_heads_e10_seed43/inference_results.json,"Rows=true, columns=predicted; paired matches only."
klt_confusion,KLT,CellViT-SAM-H,Selected PEFT,Pooled KLT,A,,,43,,Epithelial,Epithelial,134666,,,,,,,,,,,,,,,,,,,,,,,,,,,,,,,,,,,,,,,,,,,,,,,,,,,,,,,,checkpoint_10 TEST,run/sthelar40x_klt_5class_slideind_foldA_lora_adaptformer_r8_a8_red16_heads_e10_seed43/log/2026-08-24T122637_sthelar40x_klt_5class_slideind_foldA_lora_adaptformer_r8_a8_red16_heads_e10_seed43/inference_results.json,"Rows=true, columns=predicted; paired matches only."
klt_confusion,KLT,CellViT-SAM-H,Selected PEFT,Pooled KLT,A,,,43,,Epithelial,Melanocyte,0,,,,,,,,,,,,,,,,,,,,,,,,,,,,,,,,,,,,,,,,,,,,,,,,,,,,,,,,checkpoint_10 TEST,run/sthelar40x_klt_5class_slideind_foldA_lora_adaptformer_r8_a8_red16_heads_e10_seed43/log/2026-08-24T122637_sthelar40x_klt_5class_slideind_foldA_lora_adaptformer_r8_a8_red16_heads_e10_seed43/inference_results.json,"Rows=true, columns=predicted; paired matches only."
klt_confusion,KLT,CellViT-SAM-H,Selected PEFT,Pooled KLT,A,,,43,,Epithelial,Other,56,,,,,,,,,,,,,,,,,,,,,,,,,,,,,,,,,,,,,,,,,,,,,,,,,,,,,,,,checkpoint_10 TEST,run/sthelar40x_klt_5class_slideind_foldA_lora_adaptformer_r8_a8_red16_heads_e10_seed43/log/2026-08-24T122637_sthelar40x_klt_5class_slideind_foldA_lora_adaptformer_r8_a8_red16_heads_e10_seed43/inference_results.json,"Rows=true, columns=predicted; paired matches only."
klt_confusion,KLT,CellViT-SAM-H,Selected PEFT,Pooled KLT,A,,,43,,Melanocyte,Background,0,,,,,,,,,,,,,,,,,,,,,,,,,,,,,,,,,,,,,,,,,,,,,,,,,,,,,,,,checkpoint_10 TEST,run/sthelar40x_klt_5class_slideind_foldA_lora_adaptformer_r8_a8_red16_heads_e10_seed43/log/2026-08-24T122637_sthelar40x_klt_5class_slideind_foldA_lora_adaptformer_r8_a8_red16_heads_e10_seed43/inference_results.json,"Rows=true, columns=predicted; paired matches only."
klt_confusion,KLT,CellViT-SAM-H,Selected PEFT,Pooled KLT,A,,,43,,Melanocyte,Immune,0,,,,,,,,,,,,,,,,,,,,,,,,,,,,,,,,,,,,,,,,,,,,,,,,,,,,,,,,checkpoint_10 TEST,run/sthelar40x_klt_5class_slideind_foldA_lora_adaptformer_r8_a8_red16_heads_e10_seed43/log/2026-08-24T122637_sthelar40x_klt_5class_slideind_foldA_lora_adaptformer_r8_a8_red16_heads_e10_seed43/inference_results.json,"Rows=true, columns=predicted; paired matches only."
klt_confusion,KLT,CellViT-SAM-H,Selected PEFT,Pooled KLT,A,,,43,,Melanocyte,Stromal,0,,,,,,,,,,,,,,,,,,,,,,,,,,,,,,,,,,,,,,,,,,,,,,,,,,,,,,,,checkpoint_10 TEST,run/sthelar40x_klt_5class_slideind_foldA_lora_adaptformer_r8_a8_red16_heads_e10_seed43/log/2026-08-24T122637_sthelar40x_klt_5class_slideind_foldA_lora_adaptformer_r8_a8_red16_heads_e10_seed43/inference_results.json,"Rows=true, columns=predicted; paired matches only."
klt_confusion,KLT,CellViT-SAM-H,Selected PEFT,Pooled KLT,A,,,43,,Melanocyte,Epithelial,0,,,,,,,,,,,,,,,,,,,,,,,,,,,,,,,,,,,,,,,,,,,,,,,,,,,,,,,,checkpoint_10 TEST,run/sthelar40x_klt_5class_slideind_foldA_lora_adaptformer_r8_a8_red16_heads_e10_seed43/log/2026-08-24T122637_sthelar40x_klt_5class_slideind_foldA_lora_adaptformer_r8_a8_red16_heads_e10_seed43/inference_results.json,"Rows=true, columns=predicted; paired matches only."
klt_confusion,KLT,CellViT-SAM-H,Selected PEFT,Pooled KLT,A,,,43,,Melanocyte,Melanocyte,0,,,,,,,,,,,,,,,,,,,,,,,,,,,,,,,,,,,,,,,,,,,,,,,,,,,,,,,,checkpoint_10 TEST,run/sthelar40x_klt_5class_slideind_foldA_lora_adaptformer_r8_a8_red16_heads_e10_seed43/log/2026-08-24T122637_sthelar40x_klt_5class_slideind_foldA_lora_adaptformer_r8_a8_red16_heads_e10_seed43/inference_results.json,"Rows=true, columns=predicted; paired matches only."
klt_confusion,KLT,CellViT-SAM-H,Selected PEFT,Pooled KLT,A,,,43,,Melanocyte,Other,0,,,,,,,,,,,,,,,,,,,,,,,,,,,,,,,,,,,,,,,,,,,,,,,,,,,,,,,,checkpoint_10 TEST,run/sthelar40x_klt_5class_slideind_foldA_lora_adaptformer_r8_a8_red16_heads_e10_seed43/log/2026-08-24T122637_sthelar40x_klt_5class_slideind_foldA_lora_adaptformer_r8_a8_red16_heads_e10_seed43/inference_results.json,"Rows=true, columns=predicted; paired matches only."
klt_confusion,KLT,CellViT-SAM-H,Selected PEFT,Pooled KLT,A,,,43,,Other,Background,45,,,,,,,,,,,,,,,,,,,,,,,,,,,,,,,,,,,,,,,,,,,,,,,,,,,,,,,,checkpoint_10 TEST,run/sthelar40x_klt_5class_slideind_foldA_lora_adaptformer_r8_a8_red16_heads_e10_seed43/log/2026-08-24T122637_sthelar40x_klt_5class_slideind_foldA_lora_adaptformer_r8_a8_red16_heads_e10_seed43/inference_results.json,"Rows=true, columns=predicted; paired matches only."
klt_confusion,KLT,CellViT-SAM-H,Selected PEFT,Pooled KLT,A,,,43,,Other,Immune,9073,,,,,,,,,,,,,,,,,,,,,,,,,,,,,,,,,,,,,,,,,,,,,,,,,,,,,,,,checkpoint_10 TEST,run/sthelar40x_klt_5class_slideind_foldA_lora_adaptformer_r8_a8_red16_heads_e10_seed43/log/2026-08-24T122637_sthelar40x_klt_5class_slideind_foldA_lora_adaptformer_r8_a8_red16_heads_e10_seed43/inference_results.json,"Rows=true, columns=predicted; paired matches only."
klt_confusion,KLT,CellViT-SAM-H,Selected PEFT,Pooled KLT,A,,,43,,Other,Stromal,9252,,,,,,,,,,,,,,,,,,,,,,,,,,,,,,,,,,,,,,,,,,,,,,,,,,,,,,,,checkpoint_10 TEST,run/sthelar40x_klt_5class_slideind_foldA_lora_adaptformer_r8_a8_red16_heads_e10_seed43/log/2026-08-24T122637_sthelar40x_klt_5class_slideind_foldA_lora_adaptformer_r8_a8_red16_heads_e10_seed43/inference_results.json,"Rows=true, columns=predicted; paired matches only."
klt_confusion,KLT,CellViT-SAM-H,Selected PEFT,Pooled KLT,A,,,43,,Other,Epithelial,1375,,,,,,,,,,,,,,,,,,,,,,,,,,,,,,,,,,,,,,,,,,,,,,,,,,,,,,,,checkpoint_10 TEST,run/sthelar40x_klt_5class_slideind_foldA_lora_adaptformer_r8_a8_red16_heads_e10_seed43/log/2026-08-24T122637_sthelar40x_klt_5class_slideind_foldA_lora_adaptformer_r8_a8_red16_heads_e10_seed43/inference_results.json,"Rows=true, columns=predicted; paired matches only."
klt_confusion,KLT,CellViT-SAM-H,Selected PEFT,Pooled KLT,A,,,43,,Other,Melanocyte,0,,,,,,,,,,,,,,,,,,,,,,,,,,,,,,,,,,,,,,,,,,,,,,,,,,,,,,,,checkpoint_10 TEST,run/sthelar40x_klt_5class_slideind_foldA_lora_adaptformer_r8_a8_red16_heads_e10_seed43/log/2026-08-24T122637_sthelar40x_klt_5class_slideind_foldA_lora_adaptformer_r8_a8_red16_heads_e10_seed43/inference_results.json,"Rows=true, columns=predicted; paired matches only."
klt_confusion,KLT,CellViT-SAM-H,Selected PEFT,Pooled KLT,A,,,43,,Other,Other,13,,,,,,,,,,,,,,,,,,,,,,,,,,,,,,,,,,,,,,,,,,,,,,,,,,,,,,,,checkpoint_10 TEST,run/sthelar40x_klt_5class_slideind_foldA_lora_adaptformer_r8_a8_red16_heads_e10_seed43/log/2026-08-24T122637_sthelar40x_klt_5class_slideind_foldA_lora_adaptformer_r8_a8_red16_heads_e10_seed43/inference_results.json,"Rows=true, columns=predicted; paired matches only."
klt_seed_metric,KLT,CellViT-SAM-H,Selected PEFT,Kidney,A,,,44,,,,,4449,,,,,,,,,,,,,,,,,0.8155642228627966,0.7078704985801311,0.5800602272675051,0.17001543617524056,0.8626746349772076,0.3250614445009896,,,,,,,,,,,,,,,,,,,,,,,,,,,,,,,,,checkpoint_10 TEST,run/sthelar40x_klt_5class_slideind_foldA_lora_adaptformer_r8_a8_red16_heads_e10_seed44/log/2026-08-28T160202_sthelar40x_klt_5class_slideind_foldA_lora_adaptformer_r8_a8_red16_heads_e10_seed44/inference_results.json,
klt_per_class,KLT,CellViT-SAM-H,Selected PEFT,Kidney,A,,,44,Immune,,,,,,,,,,,,,,,,,,,,,,,,,,,,,,,,,,,,,,,,,,,,,0.5460690371007962,,,52006,58414,29046,0.29659961196773205,,,,,,,,checkpoint_10 TEST,run/sthelar40x_klt_5class_slideind_foldA_lora_adaptformer_r8_a8_red16_heads_e10_seed44/log/2026-08-28T160202_sthelar40x_klt_5class_slideind_foldA_lora_adaptformer_r8_a8_red16_heads_e10_seed44/inference_results.json,
klt_per_class,KLT,CellViT-SAM-H,Selected PEFT,Kidney,A,,,44,Stromal,,,,,,,,,,,,,,,,,,,,,,,,,,,,,,,,,,,,,,,,,,,,,0.515810918539077,,,21600,26650,52539,0.5364954559379148,,,,,,,,checkpoint_10 TEST,run/sthelar40x_klt_5class_slideind_foldA_lora_adaptformer_r8_a8_red16_heads_e10_seed44/log/2026-08-28T160202_sthelar40x_klt_5class_slideind_foldA_lora_adaptformer_r8_a8_red16_heads_e10_seed44/inference_results.json,
klt_per_class,KLT,CellViT-SAM-H,Selected PEFT,Kidney,A,,,44,Epithelial,,,,,,,,,,,,,,,,,,,,,,,,,,,,,,,,,,,,,,,,,,,,,0.2320715658731332,,,12756,17642,16143,0.16484223424895333,,,,,,,,checkpoint_10 TEST,run/sthelar40x_klt_5class_slideind_foldA_lora_adaptformer_r8_a8_red16_heads_e10_seed44/log/2026-08-28T160202_sthelar40x_klt_5class_slideind_foldA_lora_adaptformer_r8_a8_red16_heads_e10_seed44/inference_results.json,
klt_per_class,KLT,CellViT-SAM-H,Selected PEFT,Kidney,A,,,44,Melanocyte,,,,,,,,,,,,,,,,,,,,,,,,,,,,,,,,,,,,,,,,,,,,,,,,0,0,0,0.0,,,,,,,,checkpoint_10 TEST,run/sthelar40x_klt_5class_slideind_foldA_lora_adaptformer_r8_a8_red16_heads_e10_seed44/log/2026-08-28T160202_sthelar40x_klt_5class_slideind_foldA_lora_adaptformer_r8_a8_red16_heads_e10_seed44/inference_results.json,
klt_per_class,KLT,CellViT-SAM-H,Selected PEFT,Kidney,A,,,44,Other,,,,,,,,,,,,,,,,,,,,,,,,,,,,,,,,,,,,,,,,,,,,,0.006294256490952006,,,1169,2094,202,0.0020626978453997754,,,,,,,,checkpoint_10 TEST,run/sthelar40x_klt_5class_slideind_foldA_lora_adaptformer_r8_a8_red16_heads_e10_seed44/log/2026-08-28T160202_sthelar40x_klt_5class_slideind_foldA_lora_adaptformer_r8_a8_red16_heads_e10_seed44/inference_results.json,
klt_confusion,KLT,CellViT-SAM-H,Selected PEFT,Kidney,A,,,44,,Background,Background,5,,,,,,,,,,,,,,,,,,,,,,,,,,,,,,,,,,,,,,,,,,,,,,,,,,,,,,,,checkpoint_10 TEST,run/sthelar40x_klt_5class_slideind_foldA_lora_adaptformer_r8_a8_red16_heads_e10_seed44/log/2026-08-28T160202_sthelar40x_klt_5class_slideind_foldA_lora_adaptformer_r8_a8_red16_heads_e10_seed44/inference_results.json,"Rows=true, columns=predicted; paired matches only."
klt_confusion,KLT,CellViT-SAM-H,Selected PEFT,Kidney,A,,,44,,Background,Immune,0,,,,,,,,,,,,,,,,,,,,,,,,,,,,,,,,,,,,,,,,,,,,,,,,,,,,,,,,checkpoint_10 TEST,run/sthelar40x_klt_5class_slideind_foldA_lora_adaptformer_r8_a8_red16_heads_e10_seed44/log/2026-08-28T160202_sthelar40x_klt_5class_slideind_foldA_lora_adaptformer_r8_a8_red16_heads_e10_seed44/inference_results.json,"Rows=true, columns=predicted; paired matches only."
klt_confusion,KLT,CellViT-SAM-H,Selected PEFT,Kidney,A,,,44,,Background,Stromal,0,,,,,,,,,,,,,,,,,,,,,,,,,,,,,,,,,,,,,,,,,,,,,,,,,,,,,,,,checkpoint_10 TEST,run/sthelar40x_klt_5class_slideind_foldA_lora_adaptformer_r8_a8_red16_heads_e10_seed44/log/2026-08-28T160202_sthelar40x_klt_5class_slideind_foldA_lora_adaptformer_r8_a8_red16_heads_e10_seed44/inference_results.json,"Rows=true, columns=predicted; paired matches only."
klt_confusion,KLT,CellViT-SAM-H,Selected PEFT,Kidney,A,,,44,,Background,Epithelial,0,,,,,,,,,,,,,,,,,,,,,,,,,,,,,,,,,,,,,,,,,,,,,,,,,,,,,,,,checkpoint_10 TEST,run/sthelar40x_klt_5class_slideind_foldA_lora_adaptformer_r8_a8_red16_heads_e10_seed44/log/2026-08-28T160202_sthelar40x_klt_5class_slideind_foldA_lora_adaptformer_r8_a8_red16_heads_e10_seed44/inference_results.json,"Rows=true, columns=predicted; paired matches only."
klt_confusion,KLT,CellViT-SAM-H,Selected PEFT,Kidney,A,,,44,,Background,Melanocyte,0,,,,,,,,,,,,,,,,,,,,,,,,,,,,,,,,,,,,,,,,,,,,,,,,,,,,,,,,checkpoint_10 TEST,run/sthelar40x_klt_5class_slideind_foldA_lora_adaptformer_r8_a8_red16_heads_e10_seed44/log/2026-08-28T160202_sthelar40x_klt_5class_slideind_foldA_lora_adaptformer_r8_a8_red16_heads_e10_seed44/inference_results.json,"Rows=true, columns=predicted; paired matches only."
klt_confusion,KLT,CellViT-SAM-H,Selected PEFT,Kidney,A,,,44,,Background,Other,0,,,,,,,,,,,,,,,,,,,,,,,,,,,,,,,,,,,,,,,,,,,,,,,,,,,,,,,,checkpoint_10 TEST,run/sthelar40x_klt_5class_slideind_foldA_lora_adaptformer_r8_a8_red16_heads_e10_seed44/log/2026-08-28T160202_sthelar40x_klt_5class_slideind_foldA_lora_adaptformer_r8_a8_red16_heads_e10_seed44/inference_results.json,"Rows=true, columns=predicted; paired matches only."
klt_confusion,KLT,CellViT-SAM-H,Selected PEFT,Kidney,A,,,44,,Immune,Background,23,,,,,,,,,,,,,,,,,,,,,,,,,,,,,,,,,,,,,,,,,,,,,,,,,,,,,,,,checkpoint_10 TEST,run/sthelar40x_klt_5class_slideind_foldA_lora_adaptformer_r8_a8_red16_heads_e10_seed44/log/2026-08-28T160202_sthelar40x_klt_5class_slideind_foldA_lora_adaptformer_r8_a8_red16_heads_e10_seed44/inference_results.json,"Rows=true, columns=predicted; paired matches only."
klt_confusion,KLT,CellViT-SAM-H,Selected PEFT,Kidney,A,,,44,,Immune,Immune,21570,,,,,,,,,,,,,,,,,,,,,,,,,,,,,,,,,,,,,,,,,,,,,,,,,,,,,,,,checkpoint_10 TEST,run/sthelar40x_klt_5class_slideind_foldA_lora_adaptformer_r8_a8_red16_heads_e10_seed44/log/2026-08-28T160202_sthelar40x_klt_5class_slideind_foldA_lora_adaptformer_r8_a8_red16_heads_e10_seed44/inference_results.json,"Rows=true, columns=predicted; paired matches only."
klt_confusion,KLT,CellViT-SAM-H,Selected PEFT,Kidney,A,,,44,,Immune,Stromal,21828,,,,,,,,,,,,,,,,,,,,,,,,,,,,,,,,,,,,,,,,,,,,,,,,,,,,,,,,checkpoint_10 TEST,run/sthelar40x_klt_5class_slideind_foldA_lora_adaptformer_r8_a8_red16_heads_e10_seed44/log/2026-08-28T160202_sthelar40x_klt_5class_slideind_foldA_lora_adaptformer_r8_a8_red16_heads_e10_seed44/inference_results.json,"Rows=true, columns=predicted; paired matches only."
klt_confusion,KLT,CellViT-SAM-H,Selected PEFT,Kidney,A,,,44,,Immune,Epithelial,8589,,,,,,,,,,,,,,,,,,,,,,,,,,,,,,,,,,,,,,,,,,,,,,,,,,,,,,,,checkpoint_10 TEST,run/sthelar40x_klt_5class_slideind_foldA_lora_adaptformer_r8_a8_red16_heads_e10_seed44/log/2026-08-28T160202_sthelar40x_klt_5class_slideind_foldA_lora_adaptformer_r8_a8_red16_heads_e10_seed44/inference_results.json,"Rows=true, columns=predicted; paired matches only."
klt_confusion,KLT,CellViT-SAM-H,Selected PEFT,Kidney,A,,,44,,Immune,Melanocyte,0,,,,,,,,,,,,,,,,,,,,,,,,,,,,,,,,,,,,,,,,,,,,,,,,,,,,,,,,checkpoint_10 TEST,run/sthelar40x_klt_5class_slideind_foldA_lora_adaptformer_r8_a8_red16_heads_e10_seed44/log/2026-08-28T160202_sthelar40x_klt_5class_slideind_foldA_lora_adaptformer_r8_a8_red16_heads_e10_seed44/inference_results.json,"Rows=true, columns=predicted; paired matches only."
klt_confusion,KLT,CellViT-SAM-H,Selected PEFT,Kidney,A,,,44,,Immune,Other,19,,,,,,,,,,,,,,,,,,,,,,,,,,,,,,,,,,,,,,,,,,,,,,,,,,,,,,,,checkpoint_10 TEST,run/sthelar40x_klt_5class_slideind_foldA_lora_adaptformer_r8_a8_red16_heads_e10_seed44/log/2026-08-28T160202_sthelar40x_klt_5class_slideind_foldA_lora_adaptformer_r8_a8_red16_heads_e10_seed44/inference_results.json,"Rows=true, columns=predicted; paired matches only."
klt_confusion,KLT,CellViT-SAM-H,Selected PEFT,Kidney,A,,,44,,Stromal,Background,11,,,,,,,,,,,,,,,,,,,,,,,,,,,,,,,,,,,,,,,,,,,,,,,,,,,,,,,,checkpoint_10 TEST,run/sthelar40x_klt_5class_slideind_foldA_lora_adaptformer_r8_a8_red16_heads_e10_seed44/log/2026-08-28T160202_sthelar40x_klt_5class_slideind_foldA_lora_adaptformer_r8_a8_red16_heads_e10_seed44/inference_results.json,"Rows=true, columns=predicted; paired matches only."
klt_confusion,KLT,CellViT-SAM-H,Selected PEFT,Kidney,A,,,44,,Stromal,Immune,1649,,,,,,,,,,,,,,,,,,,,,,,,,,,,,,,,,,,,,,,,,,,,,,,,,,,,,,,,checkpoint_10 TEST,run/sthelar40x_klt_5class_slideind_foldA_lora_adaptformer_r8_a8_red16_heads_e10_seed44/log/2026-08-28T160202_sthelar40x_klt_5class_slideind_foldA_lora_adaptformer_r8_a8_red16_heads_e10_seed44/inference_results.json,"Rows=true, columns=predicted; paired matches only."
klt_confusion,KLT,CellViT-SAM-H,Selected PEFT,Kidney,A,,,44,,Stromal,Stromal,17470,,,,,,,,,,,,,,,,,,,,,,,,,,,,,,,,,,,,,,,,,,,,,,,,,,,,,,,,checkpoint_10 TEST,run/sthelar40x_klt_5class_slideind_foldA_lora_adaptformer_r8_a8_red16_heads_e10_seed44/log/2026-08-28T160202_sthelar40x_klt_5class_slideind_foldA_lora_adaptformer_r8_a8_red16_heads_e10_seed44/inference_results.json,"Rows=true, columns=predicted; paired matches only."
klt_confusion,KLT,CellViT-SAM-H,Selected PEFT,Kidney,A,,,44,,Stromal,Epithelial,2465,,,,,,,,,,,,,,,,,,,,,,,,,,,,,,,,,,,,,,,,,,,,,,,,,,,,,,,,checkpoint_10 TEST,run/sthelar40x_klt_5class_slideind_foldA_lora_adaptformer_r8_a8_red16_heads_e10_seed44/log/2026-08-28T160202_sthelar40x_klt_5class_slideind_foldA_lora_adaptformer_r8_a8_red16_heads_e10_seed44/inference_results.json,"Rows=true, columns=predicted; paired matches only."
klt_confusion,KLT,CellViT-SAM-H,Selected PEFT,Kidney,A,,,44,,Stromal,Melanocyte,0,,,,,,,,,,,,,,,,,,,,,,,,,,,,,,,,,,,,,,,,,,,,,,,,,,,,,,,,checkpoint_10 TEST,run/sthelar40x_klt_5class_slideind_foldA_lora_adaptformer_r8_a8_red16_heads_e10_seed44/log/2026-08-28T160202_sthelar40x_klt_5class_slideind_foldA_lora_adaptformer_r8_a8_red16_heads_e10_seed44/inference_results.json,"Rows=true, columns=predicted; paired matches only."
klt_confusion,KLT,CellViT-SAM-H,Selected PEFT,Kidney,A,,,44,,Stromal,Other,16,,,,,,,,,,,,,,,,,,,,,,,,,,,,,,,,,,,,,,,,,,,,,,,,,,,,,,,,checkpoint_10 TEST,run/sthelar40x_klt_5class_slideind_foldA_lora_adaptformer_r8_a8_red16_heads_e10_seed44/log/2026-08-28T160202_sthelar40x_klt_5class_slideind_foldA_lora_adaptformer_r8_a8_red16_heads_e10_seed44/inference_results.json,"Rows=true, columns=predicted; paired matches only."
klt_confusion,KLT,CellViT-SAM-H,Selected PEFT,Kidney,A,,,44,,Epithelial,Background,39,,,,,,,,,,,,,,,,,,,,,,,,,,,,,,,,,,,,,,,,,,,,,,,,,,,,,,,,checkpoint_10 TEST,run/sthelar40x_klt_5class_slideind_foldA_lora_adaptformer_r8_a8_red16_heads_e10_seed44/log/2026-08-28T160202_sthelar40x_klt_5class_slideind_foldA_lora_adaptformer_r8_a8_red16_heads_e10_seed44/inference_results.json,"Rows=true, columns=predicted; paired matches only."
klt_confusion,KLT,CellViT-SAM-H,Selected PEFT,Kidney,A,,,44,,Epithelial,Immune,3376,,,,,,,,,,,,,,,,,,,,,,,,,,,,,,,,,,,,,,,,,,,,,,,,,,,,,,,,checkpoint_10 TEST,run/sthelar40x_klt_5class_slideind_foldA_lora_adaptformer_r8_a8_red16_heads_e10_seed44/log/2026-08-28T160202_sthelar40x_klt_5class_slideind_foldA_lora_adaptformer_r8_a8_red16_heads_e10_seed44/inference_results.json,"Rows=true, columns=predicted; paired matches only."
klt_confusion,KLT,CellViT-SAM-H,Selected PEFT,Kidney,A,,,44,,Epithelial,Stromal,6178,,,,,,,,,,,,,,,,,,,,,,,,,,,,,,,,,,,,,,,,,,,,,,,,,,,,,,,,checkpoint_10 TEST,run/sthelar40x_klt_5class_slideind_foldA_lora_adaptformer_r8_a8_red16_heads_e10_seed44/log/2026-08-28T160202_sthelar40x_klt_5class_slideind_foldA_lora_adaptformer_r8_a8_red16_heads_e10_seed44/inference_results.json,"Rows=true, columns=predicted; paired matches only."
klt_confusion,KLT,CellViT-SAM-H,Selected PEFT,Kidney,A,,,44,,Epithelial,Epithelial,3139,,,,,,,,,,,,,,,,,,,,,,,,,,,,,,,,,,,,,,,,,,,,,,,,,,,,,,,,checkpoint_10 TEST,run/sthelar40x_klt_5class_slideind_foldA_lora_adaptformer_r8_a8_red16_heads_e10_seed44/log/2026-08-28T160202_sthelar40x_klt_5class_slideind_foldA_lora_adaptformer_r8_a8_red16_heads_e10_seed44/inference_results.json,"Rows=true, columns=predicted; paired matches only."
klt_confusion,KLT,CellViT-SAM-H,Selected PEFT,Kidney,A,,,44,,Epithelial,Melanocyte,0,,,,,,,,,,,,,,,,,,,,,,,,,,,,,,,,,,,,,,,,,,,,,,,,,,,,,,,,checkpoint_10 TEST,run/sthelar40x_klt_5class_slideind_foldA_lora_adaptformer_r8_a8_red16_heads_e10_seed44/log/2026-08-28T160202_sthelar40x_klt_5class_slideind_foldA_lora_adaptformer_r8_a8_red16_heads_e10_seed44/inference_results.json,"Rows=true, columns=predicted; paired matches only."
klt_confusion,KLT,CellViT-SAM-H,Selected PEFT,Kidney,A,,,44,,Epithelial,Other,63,,,,,,,,,,,,,,,,,,,,,,,,,,,,,,,,,,,,,,,,,,,,,,,,,,,,,,,,checkpoint_10 TEST,run/sthelar40x_klt_5class_slideind_foldA_lora_adaptformer_r8_a8_red16_heads_e10_seed44/log/2026-08-28T160202_sthelar40x_klt_5class_slideind_foldA_lora_adaptformer_r8_a8_red16_heads_e10_seed44/inference_results.json,"Rows=true, columns=predicted; paired matches only."
klt_confusion,KLT,CellViT-SAM-H,Selected PEFT,Kidney,A,,,44,,Melanocyte,Background,0,,,,,,,,,,,,,,,,,,,,,,,,,,,,,,,,,,,,,,,,,,,,,,,,,,,,,,,,checkpoint_10 TEST,run/sthelar40x_klt_5class_slideind_foldA_lora_adaptformer_r8_a8_red16_heads_e10_seed44/log/2026-08-28T160202_sthelar40x_klt_5class_slideind_foldA_lora_adaptformer_r8_a8_red16_heads_e10_seed44/inference_results.json,"Rows=true, columns=predicted; paired matches only."
klt_confusion,KLT,CellViT-SAM-H,Selected PEFT,Kidney,A,,,44,,Melanocyte,Immune,0,,,,,,,,,,,,,,,,,,,,,,,,,,,,,,,,,,,,,,,,,,,,,,,,,,,,,,,,checkpoint_10 TEST,run/sthelar40x_klt_5class_slideind_foldA_lora_adaptformer_r8_a8_red16_heads_e10_seed44/log/2026-08-28T160202_sthelar40x_klt_5class_slideind_foldA_lora_adaptformer_r8_a8_red16_heads_e10_seed44/inference_results.json,"Rows=true, columns=predicted; paired matches only."
klt_confusion,KLT,CellViT-SAM-H,Selected PEFT,Kidney,A,,,44,,Melanocyte,Stromal,0,,,,,,,,,,,,,,,,,,,,,,,,,,,,,,,,,,,,,,,,,,,,,,,,,,,,,,,,checkpoint_10 TEST,run/sthelar40x_klt_5class_slideind_foldA_lora_adaptformer_r8_a8_red16_heads_e10_seed44/log/2026-08-28T160202_sthelar40x_klt_5class_slideind_foldA_lora_adaptformer_r8_a8_red16_heads_e10_seed44/inference_results.json,"Rows=true, columns=predicted; paired matches only."
klt_confusion,KLT,CellViT-SAM-H,Selected PEFT,Kidney,A,,,44,,Melanocyte,Epithelial,0,,,,,,,,,,,,,,,,,,,,,,,,,,,,,,,,,,,,,,,,,,,,,,,,,,,,,,,,checkpoint_10 TEST,run/sthelar40x_klt_5class_slideind_foldA_lora_adaptformer_r8_a8_red16_heads_e10_seed44/log/2026-08-28T160202_sthelar40x_klt_5class_slideind_foldA_lora_adaptformer_r8_a8_red16_heads_e10_seed44/inference_results.json,"Rows=true, columns=predicted; paired matches only."
klt_confusion,KLT,CellViT-SAM-H,Selected PEFT,Kidney,A,,,44,,Melanocyte,Melanocyte,0,,,,,,,,,,,,,,,,,,,,,,,,,,,,,,,,,,,,,,,,,,,,,,,,,,,,,,,,checkpoint_10 TEST,run/sthelar40x_klt_5class_slideind_foldA_lora_adaptformer_r8_a8_red16_heads_e10_seed44/log/2026-08-28T160202_sthelar40x_klt_5class_slideind_foldA_lora_adaptformer_r8_a8_red16_heads_e10_seed44/inference_results.json,"Rows=true, columns=predicted; paired matches only."
klt_confusion,KLT,CellViT-SAM-H,Selected PEFT,Kidney,A,,,44,,Melanocyte,Other,0,,,,,,,,,,,,,,,,,,,,,,,,,,,,,,,,,,,,,,,,,,,,,,,,,,,,,,,,checkpoint_10 TEST,run/sthelar40x_klt_5class_slideind_foldA_lora_adaptformer_r8_a8_red16_heads_e10_seed44/log/2026-08-28T160202_sthelar40x_klt_5class_slideind_foldA_lora_adaptformer_r8_a8_red16_heads_e10_seed44/inference_results.json,"Rows=true, columns=predicted; paired matches only."
klt_confusion,KLT,CellViT-SAM-H,Selected PEFT,Kidney,A,,,44,,Other,Background,12,,,,,,,,,,,,,,,,,,,,,,,,,,,,,,,,,,,,,,,,,,,,,,,,,,,,,,,,checkpoint_10 TEST,run/sthelar40x_klt_5class_slideind_foldA_lora_adaptformer_r8_a8_red16_heads_e10_seed44/log/2026-08-28T160202_sthelar40x_klt_5class_slideind_foldA_lora_adaptformer_r8_a8_red16_heads_e10_seed44/inference_results.json,"Rows=true, columns=predicted; paired matches only."
klt_confusion,KLT,CellViT-SAM-H,Selected PEFT,Kidney,A,,,44,,Other,Immune,400,,,,,,,,,,,,,,,,,,,,,,,,,,,,,,,,,,,,,,,,,,,,,,,,,,,,,,,,checkpoint_10 TEST,run/sthelar40x_klt_5class_slideind_foldA_lora_adaptformer_r8_a8_red16_heads_e10_seed44/log/2026-08-28T160202_sthelar40x_klt_5class_slideind_foldA_lora_adaptformer_r8_a8_red16_heads_e10_seed44/inference_results.json,"Rows=true, columns=predicted; paired matches only."
klt_confusion,KLT,CellViT-SAM-H,Selected PEFT,Kidney,A,,,44,,Other,Stromal,662,,,,,,,,,,,,,,,,,,,,,,,,,,,,,,,,,,,,,,,,,,,,,,,,,,,,,,,,checkpoint_10 TEST,run/sthelar40x_klt_5class_slideind_foldA_lora_adaptformer_r8_a8_red16_heads_e10_seed44/log/2026-08-28T160202_sthelar40x_klt_5class_slideind_foldA_lora_adaptformer_r8_a8_red16_heads_e10_seed44/inference_results.json,"Rows=true, columns=predicted; paired matches only."
klt_confusion,KLT,CellViT-SAM-H,Selected PEFT,Kidney,A,,,44,,Other,Epithelial,103,,,,,,,,,,,,,,,,,,,,,,,,,,,,,,,,,,,,,,,,,,,,,,,,,,,,,,,,checkpoint_10 TEST,run/sthelar40x_klt_5class_slideind_foldA_lora_adaptformer_r8_a8_red16_heads_e10_seed44/log/2026-08-28T160202_sthelar40x_klt_5class_slideind_foldA_lora_adaptformer_r8_a8_red16_heads_e10_seed44/inference_results.json,"Rows=true, columns=predicted; paired matches only."
klt_confusion,KLT,CellViT-SAM-H,Selected PEFT,Kidney,A,,,44,,Other,Melanocyte,0,,,,,,,,,,,,,,,,,,,,,,,,,,,,,,,,,,,,,,,,,,,,,,,,,,,,,,,,checkpoint_10 TEST,run/sthelar40x_klt_5class_slideind_foldA_lora_adaptformer_r8_a8_red16_heads_e10_seed44/log/2026-08-28T160202_sthelar40x_klt_5class_slideind_foldA_lora_adaptformer_r8_a8_red16_heads_e10_seed44/inference_results.json,"Rows=true, columns=predicted; paired matches only."
klt_confusion,KLT,CellViT-SAM-H,Selected PEFT,Kidney,A,,,44,,Other,Other,4,,,,,,,,,,,,,,,,,,,,,,,,,,,,,,,,,,,,,,,,,,,,,,,,,,,,,,,,checkpoint_10 TEST,run/sthelar40x_klt_5class_slideind_foldA_lora_adaptformer_r8_a8_red16_heads_e10_seed44/log/2026-08-28T160202_sthelar40x_klt_5class_slideind_foldA_lora_adaptformer_r8_a8_red16_heads_e10_seed44/inference_results.json,"Rows=true, columns=predicted; paired matches only."
klt_seed_metric,KLT,CellViT-SAM-H,Selected PEFT,Liver,A,,,44,,,,,9166,,,,,,,,,,,,,,,,,0.8384807412885495,0.7292623277893808,0.5720108714555805,0.261929553384157,0.8652279950470352,0.42121284791843433,,,,,,,,,,,,,,,,,,,,,,,,,,,,,,,,,checkpoint_10 TEST,run/sthelar40x_klt_5class_slideind_foldA_lora_adaptformer_r8_a8_red16_heads_e10_seed44/log/2026-08-28T160202_sthelar40x_klt_5class_slideind_foldA_lora_adaptformer_r8_a8_red16_heads_e10_seed44/inference_results.json,
klt_per_class,KLT,CellViT-SAM-H,Selected PEFT,Liver,A,,,44,Immune,,,,,,,,,,,,,,,,,,,,,,,,,,,,,,,,,,,,,,,,,,,,,0.26386646528826624,,,56096,66204,23941,0.08142283349147884,,,,,,,,checkpoint_10 TEST,run/sthelar40x_klt_5class_slideind_foldA_lora_adaptformer_r8_a8_red16_heads_e10_seed44/log/2026-08-28T160202_sthelar40x_klt_5class_slideind_foldA_lora_adaptformer_r8_a8_red16_heads_e10_seed44/inference_results.json,
klt_per_class,KLT,CellViT-SAM-H,Selected PEFT,Liver,A,,,44,Stromal,,,,,,,,,,,,,,,,,,,,,,,,,,,,,,,,,,,,,,,,,,,,,0.5775126366521688,,,61049,72697,119318,0.4057979886611367,,,,,,,,checkpoint_10 TEST,run/sthelar40x_klt_5class_slideind_foldA_lora_adaptformer_r8_a8_red16_heads_e10_seed44/log/2026-08-28T160202_sthelar40x_klt_5class_slideind_foldA_lora_adaptformer_r8_a8_red16_heads_e10_seed44/inference_results.json,
klt_per_class,KLT,CellViT-SAM-H,Selected PEFT,Liver,A,,,44,Epithelial,,,,,,,,,,,,,,,,,,,,,,,,,,,,,,,,,,,,,,,,,,,,,0.8347386652791539,,,146499,175987,150108,0.5105141259654529,,,,,,,,checkpoint_10 TEST,run/sthelar40x_klt_5class_slideind_foldA_lora_adaptformer_r8_a8_red16_heads_e10_seed44/log/2026-08-28T160202_sthelar40x_klt_5class_slideind_foldA_lora_adaptformer_r8_a8_red16_heads_e10_seed44/inference_results.json,
klt_per_class,KLT,CellViT-SAM-H,Selected PEFT,Liver,A,,,44,Melanocyte,,,,,,,,,,,,,,,,,,,,,,,,,,,,,,,,,,,,,,,,,,,,,,,,0,0,0,0.0,,,,,,,,checkpoint_10 TEST,run/sthelar40x_klt_5class_slideind_foldA_lora_adaptformer_r8_a8_red16_heads_e10_seed44/log/2026-08-28T160202_sthelar40x_klt_5class_slideind_foldA_lora_adaptformer_r8_a8_red16_heads_e10_seed44/inference_results.json,
klt_per_class,KLT,CellViT-SAM-H,Selected PEFT,Liver,A,,,44,Other,,,,,,,,,,,,,,,,,,,,,,,,,,,,,,,,,,,,,,,,,,,,,0.008733624454148471,,,585,1123,666,0.00226505188193162,,,,,,,,checkpoint_10 TEST,run/sthelar40x_klt_5class_slideind_foldA_lora_adaptformer_r8_a8_red16_heads_e10_seed44/log/2026-08-28T160202_sthelar40x_klt_5class_slideind_foldA_lora_adaptformer_r8_a8_red16_heads_e10_seed44/inference_results.json,
klt_confusion,KLT,CellViT-SAM-H,Selected PEFT,Liver,A,,,44,,Background,Background,1,,,,,,,,,,,,,,,,,,,,,,,,,,,,,,,,,,,,,,,,,,,,,,,,,,,,,,,,checkpoint_10 TEST,run/sthelar40x_klt_5class_slideind_foldA_lora_adaptformer_r8_a8_red16_heads_e10_seed44/log/2026-08-28T160202_sthelar40x_klt_5class_slideind_foldA_lora_adaptformer_r8_a8_red16_heads_e10_seed44/inference_results.json,"Rows=true, columns=predicted; paired matches only."
klt_confusion,KLT,CellViT-SAM-H,Selected PEFT,Liver,A,,,44,,Background,Immune,0,,,,,,,,,,,,,,,,,,,,,,,,,,,,,,,,,,,,,,,,,,,,,,,,,,,,,,,,checkpoint_10 TEST,run/sthelar40x_klt_5class_slideind_foldA_lora_adaptformer_r8_a8_red16_heads_e10_seed44/log/2026-08-28T160202_sthelar40x_klt_5class_slideind_foldA_lora_adaptformer_r8_a8_red16_heads_e10_seed44/inference_results.json,"Rows=true, columns=predicted; paired matches only."
klt_confusion,KLT,CellViT-SAM-H,Selected PEFT,Liver,A,,,44,,Background,Stromal,0,,,,,,,,,,,,,,,,,,,,,,,,,,,,,,,,,,,,,,,,,,,,,,,,,,,,,,,,checkpoint_10 TEST,run/sthelar40x_klt_5class_slideind_foldA_lora_adaptformer_r8_a8_red16_heads_e10_seed44/log/2026-08-28T160202_sthelar40x_klt_5class_slideind_foldA_lora_adaptformer_r8_a8_red16_heads_e10_seed44/inference_results.json,"Rows=true, columns=predicted; paired matches only."
klt_confusion,KLT,CellViT-SAM-H,Selected PEFT,Liver,A,,,44,,Background,Epithelial,0,,,,,,,,,,,,,,,,,,,,,,,,,,,,,,,,,,,,,,,,,,,,,,,,,,,,,,,,checkpoint_10 TEST,run/sthelar40x_klt_5class_slideind_foldA_lora_adaptformer_r8_a8_red16_heads_e10_seed44/log/2026-08-28T160202_sthelar40x_klt_5class_slideind_foldA_lora_adaptformer_r8_a8_red16_heads_e10_seed44/inference_results.json,"Rows=true, columns=predicted; paired matches only."
klt_confusion,KLT,CellViT-SAM-H,Selected PEFT,Liver,A,,,44,,Background,Melanocyte,0,,,,,,,,,,,,,,,,,,,,,,,,,,,,,,,,,,,,,,,,,,,,,,,,,,,,,,,,checkpoint_10 TEST,run/sthelar40x_klt_5class_slideind_foldA_lora_adaptformer_r8_a8_red16_heads_e10_seed44/log/2026-08-28T160202_sthelar40x_klt_5class_slideind_foldA_lora_adaptformer_r8_a8_red16_heads_e10_seed44/inference_results.json,"Rows=true, columns=predicted; paired matches only."
klt_confusion,KLT,CellViT-SAM-H,Selected PEFT,Liver,A,,,44,,Background,Other,0,,,,,,,,,,,,,,,,,,,,,,,,,,,,,,,,,,,,,,,,,,,,,,,,,,,,,,,,checkpoint_10 TEST,run/sthelar40x_klt_5class_slideind_foldA_lora_adaptformer_r8_a8_red16_heads_e10_seed44/log/2026-08-28T160202_sthelar40x_klt_5class_slideind_foldA_lora_adaptformer_r8_a8_red16_heads_e10_seed44/inference_results.json,"Rows=true, columns=predicted; paired matches only."
klt_confusion,KLT,CellViT-SAM-H,Selected PEFT,Liver,A,,,44,,Immune,Background,25,,,,,,,,,,,,,,,,,,,,,,,,,,,,,,,,,,,,,,,,,,,,,,,,,,,,,,,,checkpoint_10 TEST,run/sthelar40x_klt_5class_slideind_foldA_lora_adaptformer_r8_a8_red16_heads_e10_seed44/log/2026-08-28T160202_sthelar40x_klt_5class_slideind_foldA_lora_adaptformer_r8_a8_red16_heads_e10_seed44/inference_results.json,"Rows=true, columns=predicted; paired matches only."
klt_confusion,KLT,CellViT-SAM-H,Selected PEFT,Liver,A,,,44,,Immune,Immune,10133,,,,,,,,,,,,,,,,,,,,,,,,,,,,,,,,,,,,,,,,,,,,,,,,,,,,,,,,checkpoint_10 TEST,run/sthelar40x_klt_5class_slideind_foldA_lora_adaptformer_r8_a8_red16_heads_e10_seed44/log/2026-08-28T160202_sthelar40x_klt_5class_slideind_foldA_lora_adaptformer_r8_a8_red16_heads_e10_seed44/inference_results.json,"Rows=true, columns=predicted; paired matches only."
klt_confusion,KLT,CellViT-SAM-H,Selected PEFT,Liver,A,,,44,,Immune,Stromal,38858,,,,,,,,,,,,,,,,,,,,,,,,,,,,,,,,,,,,,,,,,,,,,,,,,,,,,,,,checkpoint_10 TEST,run/sthelar40x_klt_5class_slideind_foldA_lora_adaptformer_r8_a8_red16_heads_e10_seed44/log/2026-08-28T160202_sthelar40x_klt_5class_slideind_foldA_lora_adaptformer_r8_a8_red16_heads_e10_seed44/inference_results.json,"Rows=true, columns=predicted; paired matches only."
klt_confusion,KLT,CellViT-SAM-H,Selected PEFT,Liver,A,,,44,,Immune,Epithelial,7019,,,,,,,,,,,,,,,,,,,,,,,,,,,,,,,,,,,,,,,,,,,,,,,,,,,,,,,,checkpoint_10 TEST,run/sthelar40x_klt_5class_slideind_foldA_lora_adaptformer_r8_a8_red16_heads_e10_seed44/log/2026-08-28T160202_sthelar40x_klt_5class_slideind_foldA_lora_adaptformer_r8_a8_red16_heads_e10_seed44/inference_results.json,"Rows=true, columns=predicted; paired matches only."
klt_confusion,KLT,CellViT-SAM-H,Selected PEFT,Liver,A,,,44,,Immune,Melanocyte,0,,,,,,,,,,,,,,,,,,,,,,,,,,,,,,,,,,,,,,,,,,,,,,,,,,,,,,,,checkpoint_10 TEST,run/sthelar40x_klt_5class_slideind_foldA_lora_adaptformer_r8_a8_red16_heads_e10_seed44/log/2026-08-28T160202_sthelar40x_klt_5class_slideind_foldA_lora_adaptformer_r8_a8_red16_heads_e10_seed44/inference_results.json,"Rows=true, columns=predicted; paired matches only."
klt_confusion,KLT,CellViT-SAM-H,Selected PEFT,Liver,A,,,44,,Immune,Other,86,,,,,,,,,,,,,,,,,,,,,,,,,,,,,,,,,,,,,,,,,,,,,,,,,,,,,,,,checkpoint_10 TEST,run/sthelar40x_klt_5class_slideind_foldA_lora_adaptformer_r8_a8_red16_heads_e10_seed44/log/2026-08-28T160202_sthelar40x_klt_5class_slideind_foldA_lora_adaptformer_r8_a8_red16_heads_e10_seed44/inference_results.json,"Rows=true, columns=predicted; paired matches only."
klt_confusion,KLT,CellViT-SAM-H,Selected PEFT,Liver,A,,,44,,Stromal,Background,31,,,,,,,,,,,,,,,,,,,,,,,,,,,,,,,,,,,,,,,,,,,,,,,,,,,,,,,,checkpoint_10 TEST,run/sthelar40x_klt_5class_slideind_foldA_lora_adaptformer_r8_a8_red16_heads_e10_seed44/log/2026-08-28T160202_sthelar40x_klt_5class_slideind_foldA_lora_adaptformer_r8_a8_red16_heads_e10_seed44/inference_results.json,"Rows=true, columns=predicted; paired matches only."
klt_confusion,KLT,CellViT-SAM-H,Selected PEFT,Liver,A,,,44,,Stromal,Immune,1895,,,,,,,,,,,,,,,,,,,,,,,,,,,,,,,,,,,,,,,,,,,,,,,,,,,,,,,,checkpoint_10 TEST,run/sthelar40x_klt_5class_slideind_foldA_lora_adaptformer_r8_a8_red16_heads_e10_seed44/log/2026-08-28T160202_sthelar40x_klt_5class_slideind_foldA_lora_adaptformer_r8_a8_red16_heads_e10_seed44/inference_results.json,"Rows=true, columns=predicted; paired matches only."
klt_confusion,KLT,CellViT-SAM-H,Selected PEFT,Liver,A,,,44,,Stromal,Stromal,49129,,,,,,,,,,,,,,,,,,,,,,,,,,,,,,,,,,,,,,,,,,,,,,,,,,,,,,,,checkpoint_10 TEST,run/sthelar40x_klt_5class_slideind_foldA_lora_adaptformer_r8_a8_red16_heads_e10_seed44/log/2026-08-28T160202_sthelar40x_klt_5class_slideind_foldA_lora_adaptformer_r8_a8_red16_heads_e10_seed44/inference_results.json,"Rows=true, columns=predicted; paired matches only."
klt_confusion,KLT,CellViT-SAM-H,Selected PEFT,Liver,A,,,44,,Stromal,Epithelial,9889,,,,,,,,,,,,,,,,,,,,,,,,,,,,,,,,,,,,,,,,,,,,,,,,,,,,,,,,checkpoint_10 TEST,run/sthelar40x_klt_5class_slideind_foldA_lora_adaptformer_r8_a8_red16_heads_e10_seed44/log/2026-08-28T160202_sthelar40x_klt_5class_slideind_foldA_lora_adaptformer_r8_a8_red16_heads_e10_seed44/inference_results.json,"Rows=true, columns=predicted; paired matches only."
klt_confusion,KLT,CellViT-SAM-H,Selected PEFT,Liver,A,,,44,,Stromal,Melanocyte,0,,,,,,,,,,,,,,,,,,,,,,,,,,,,,,,,,,,,,,,,,,,,,,,,,,,,,,,,checkpoint_10 TEST,run/sthelar40x_klt_5class_slideind_foldA_lora_adaptformer_r8_a8_red16_heads_e10_seed44/log/2026-08-28T160202_sthelar40x_klt_5class_slideind_foldA_lora_adaptformer_r8_a8_red16_heads_e10_seed44/inference_results.json,"Rows=true, columns=predicted; paired matches only."
klt_confusion,KLT,CellViT-SAM-H,Selected PEFT,Liver,A,,,44,,Stromal,Other,136,,,,,,,,,,,,,,,,,,,,,,,,,,,,,,,,,,,,,,,,,,,,,,,,,,,,,,,,checkpoint_10 TEST,run/sthelar40x_klt_5class_slideind_foldA_lora_adaptformer_r8_a8_red16_heads_e10_seed44/log/2026-08-28T160202_sthelar40x_klt_5class_slideind_foldA_lora_adaptformer_r8_a8_red16_heads_e10_seed44/inference_results.json,"Rows=true, columns=predicted; paired matches only."
klt_confusion,KLT,CellViT-SAM-H,Selected PEFT,Liver,A,,,44,,Epithelial,Background,191,,,,,,,,,,,,,,,,,,,,,,,,,,,,,,,,,,,,,,,,,,,,,,,,,,,,,,,,checkpoint_10 TEST,run/sthelar40x_klt_5class_slideind_foldA_lora_adaptformer_r8_a8_red16_heads_e10_seed44/log/2026-08-28T160202_sthelar40x_klt_5class_slideind_foldA_lora_adaptformer_r8_a8_red16_heads_e10_seed44/inference_results.json,"Rows=true, columns=predicted; paired matches only."
klt_confusion,KLT,CellViT-SAM-H,Selected PEFT,Liver,A,,,44,,Epithelial,Immune,8599,,,,,,,,,,,,,,,,,,,,,,,,,,,,,,,,,,,,,,,,,,,,,,,,,,,,,,,,checkpoint_10 TEST,run/sthelar40x_klt_5class_slideind_foldA_lora_adaptformer_r8_a8_red16_heads_e10_seed44/log/2026-08-28T160202_sthelar40x_klt_5class_slideind_foldA_lora_adaptformer_r8_a8_red16_heads_e10_seed44/inference_results.json,"Rows=true, columns=predicted; paired matches only."
klt_confusion,KLT,CellViT-SAM-H,Selected PEFT,Liver,A,,,44,,Epithelial,Stromal,20682,,,,,,,,,,,,,,,,,,,,,,,,,,,,,,,,,,,,,,,,,,,,,,,,,,,,,,,,checkpoint_10 TEST,run/sthelar40x_klt_5class_slideind_foldA_lora_adaptformer_r8_a8_red16_heads_e10_seed44/log/2026-08-28T160202_sthelar40x_klt_5class_slideind_foldA_lora_adaptformer_r8_a8_red16_heads_e10_seed44/inference_results.json,"Rows=true, columns=predicted; paired matches only."
klt_confusion,KLT,CellViT-SAM-H,Selected PEFT,Liver,A,,,44,,Epithelial,Epithelial,117113,,,,,,,,,,,,,,,,,,,,,,,,,,,,,,,,,,,,,,,,,,,,,,,,,,,,,,,,checkpoint_10 TEST,run/sthelar40x_klt_5class_slideind_foldA_lora_adaptformer_r8_a8_red16_heads_e10_seed44/log/2026-08-28T160202_sthelar40x_klt_5class_slideind_foldA_lora_adaptformer_r8_a8_red16_heads_e10_seed44/inference_results.json,"Rows=true, columns=predicted; paired matches only."
klt_confusion,KLT,CellViT-SAM-H,Selected PEFT,Liver,A,,,44,,Epithelial,Melanocyte,0,,,,,,,,,,,,,,,,,,,,,,,,,,,,,,,,,,,,,,,,,,,,,,,,,,,,,,,,checkpoint_10 TEST,run/sthelar40x_klt_5class_slideind_foldA_lora_adaptformer_r8_a8_red16_heads_e10_seed44/log/2026-08-28T160202_sthelar40x_klt_5class_slideind_foldA_lora_adaptformer_r8_a8_red16_heads_e10_seed44/inference_results.json,"Rows=true, columns=predicted; paired matches only."
klt_confusion,KLT,CellViT-SAM-H,Selected PEFT,Liver,A,,,44,,Epithelial,Other,105,,,,,,,,,,,,,,,,,,,,,,,,,,,,,,,,,,,,,,,,,,,,,,,,,,,,,,,,checkpoint_10 TEST,run/sthelar40x_klt_5class_slideind_foldA_lora_adaptformer_r8_a8_red16_heads_e10_seed44/log/2026-08-28T160202_sthelar40x_klt_5class_slideind_foldA_lora_adaptformer_r8_a8_red16_heads_e10_seed44/inference_results.json,"Rows=true, columns=predicted; paired matches only."
klt_confusion,KLT,CellViT-SAM-H,Selected PEFT,Liver,A,,,44,,Melanocyte,Background,0,,,,,,,,,,,,,,,,,,,,,,,,,,,,,,,,,,,,,,,,,,,,,,,,,,,,,,,,checkpoint_10 TEST,run/sthelar40x_klt_5class_slideind_foldA_lora_adaptformer_r8_a8_red16_heads_e10_seed44/log/2026-08-28T160202_sthelar40x_klt_5class_slideind_foldA_lora_adaptformer_r8_a8_red16_heads_e10_seed44/inference_results.json,"Rows=true, columns=predicted; paired matches only."
klt_confusion,KLT,CellViT-SAM-H,Selected PEFT,Liver,A,,,44,,Melanocyte,Immune,0,,,,,,,,,,,,,,,,,,,,,,,,,,,,,,,,,,,,,,,,,,,,,,,,,,,,,,,,checkpoint_10 TEST,run/sthelar40x_klt_5class_slideind_foldA_lora_adaptformer_r8_a8_red16_heads_e10_seed44/log/2026-08-28T160202_sthelar40x_klt_5class_slideind_foldA_lora_adaptformer_r8_a8_red16_heads_e10_seed44/inference_results.json,"Rows=true, columns=predicted; paired matches only."
klt_confusion,KLT,CellViT-SAM-H,Selected PEFT,Liver,A,,,44,,Melanocyte,Stromal,0,,,,,,,,,,,,,,,,,,,,,,,,,,,,,,,,,,,,,,,,,,,,,,,,,,,,,,,,checkpoint_10 TEST,run/sthelar40x_klt_5class_slideind_foldA_lora_adaptformer_r8_a8_red16_heads_e10_seed44/log/2026-08-28T160202_sthelar40x_klt_5class_slideind_foldA_lora_adaptformer_r8_a8_red16_heads_e10_seed44/inference_results.json,"Rows=true, columns=predicted; paired matches only."
klt_confusion,KLT,CellViT-SAM-H,Selected PEFT,Liver,A,,,44,,Melanocyte,Epithelial,0,,,,,,,,,,,,,,,,,,,,,,,,,,,,,,,,,,,,,,,,,,,,,,,,,,,,,,,,checkpoint_10 TEST,run/sthelar40x_klt_5class_slideind_foldA_lora_adaptformer_r8_a8_red16_heads_e10_seed44/log/2026-08-28T160202_sthelar40x_klt_5class_slideind_foldA_lora_adaptformer_r8_a8_red16_heads_e10_seed44/inference_results.json,"Rows=true, columns=predicted; paired matches only."
klt_confusion,KLT,CellViT-SAM-H,Selected PEFT,Liver,A,,,44,,Melanocyte,Melanocyte,0,,,,,,,,,,,,,,,,,,,,,,,,,,,,,,,,,,,,,,,,,,,,,,,,,,,,,,,,checkpoint_10 TEST,run/sthelar40x_klt_5class_slideind_foldA_lora_adaptformer_r8_a8_red16_heads_e10_seed44/log/2026-08-28T160202_sthelar40x_klt_5class_slideind_foldA_lora_adaptformer_r8_a8_red16_heads_e10_seed44/inference_results.json,"Rows=true, columns=predicted; paired matches only."
klt_confusion,KLT,CellViT-SAM-H,Selected PEFT,Liver,A,,,44,,Melanocyte,Other,0,,,,,,,,,,,,,,,,,,,,,,,,,,,,,,,,,,,,,,,,,,,,,,,,,,,,,,,,checkpoint_10 TEST,run/sthelar40x_klt_5class_slideind_foldA_lora_adaptformer_r8_a8_red16_heads_e10_seed44/log/2026-08-28T160202_sthelar40x_klt_5class_slideind_foldA_lora_adaptformer_r8_a8_red16_heads_e10_seed44/inference_results.json,"Rows=true, columns=predicted; paired matches only."
klt_confusion,KLT,CellViT-SAM-H,Selected PEFT,Liver,A,,,44,,Other,Background,2,,,,,,,,,,,,,,,,,,,,,,,,,,,,,,,,,,,,,,,,,,,,,,,,,,,,,,,,checkpoint_10 TEST,run/sthelar40x_klt_5class_slideind_foldA_lora_adaptformer_r8_a8_red16_heads_e10_seed44/log/2026-08-28T160202_sthelar40x_klt_5class_slideind_foldA_lora_adaptformer_r8_a8_red16_heads_e10_seed44/inference_results.json,"Rows=true, columns=predicted; paired matches only."
klt_confusion,KLT,CellViT-SAM-H,Selected PEFT,Liver,A,,,44,,Other,Immune,81,,,,,,,,,,,,,,,,,,,,,,,,,,,,,,,,,,,,,,,,,,,,,,,,,,,,,,,,checkpoint_10 TEST,run/sthelar40x_klt_5class_slideind_foldA_lora_adaptformer_r8_a8_red16_heads_e10_seed44/log/2026-08-28T160202_sthelar40x_klt_5class_slideind_foldA_lora_adaptformer_r8_a8_red16_heads_e10_seed44/inference_results.json,"Rows=true, columns=predicted; paired matches only."
klt_confusion,KLT,CellViT-SAM-H,Selected PEFT,Liver,A,,,44,,Other,Stromal,422,,,,,,,,,,,,,,,,,,,,,,,,,,,,,,,,,,,,,,,,,,,,,,,,,,,,,,,,checkpoint_10 TEST,run/sthelar40x_klt_5class_slideind_foldA_lora_adaptformer_r8_a8_red16_heads_e10_seed44/log/2026-08-28T160202_sthelar40x_klt_5class_slideind_foldA_lora_adaptformer_r8_a8_red16_heads_e10_seed44/inference_results.json,"Rows=true, columns=predicted; paired matches only."
klt_confusion,KLT,CellViT-SAM-H,Selected PEFT,Liver,A,,,44,,Other,Epithelial,78,,,,,,,,,,,,,,,,,,,,,,,,,,,,,,,,,,,,,,,,,,,,,,,,,,,,,,,,checkpoint_10 TEST,run/sthelar40x_klt_5class_slideind_foldA_lora_adaptformer_r8_a8_red16_heads_e10_seed44/log/2026-08-28T160202_sthelar40x_klt_5class_slideind_foldA_lora_adaptformer_r8_a8_red16_heads_e10_seed44/inference_results.json,"Rows=true, columns=predicted; paired matches only."
klt_confusion,KLT,CellViT-SAM-H,Selected PEFT,Liver,A,,,44,,Other,Melanocyte,0,,,,,,,,,,,,,,,,,,,,,,,,,,,,,,,,,,,,,,,,,,,,,,,,,,,,,,,,checkpoint_10 TEST,run/sthelar40x_klt_5class_slideind_foldA_lora_adaptformer_r8_a8_red16_heads_e10_seed44/log/2026-08-28T160202_sthelar40x_klt_5class_slideind_foldA_lora_adaptformer_r8_a8_red16_heads_e10_seed44/inference_results.json,"Rows=true, columns=predicted; paired matches only."
klt_confusion,KLT,CellViT-SAM-H,Selected PEFT,Liver,A,,,44,,Other,Other,4,,,,,,,,,,,,,,,,,,,,,,,,,,,,,,,,,,,,,,,,,,,,,,,,,,,,,,,,checkpoint_10 TEST,run/sthelar40x_klt_5class_slideind_foldA_lora_adaptformer_r8_a8_red16_heads_e10_seed44/log/2026-08-28T160202_sthelar40x_klt_5class_slideind_foldA_lora_adaptformer_r8_a8_red16_heads_e10_seed44/inference_results.json,"Rows=true, columns=predicted; paired matches only."
klt_seed_metric,KLT,CellViT-SAM-H,Selected PEFT,Tonsil,A,,,44,,,,,9879,,,,,,,,,,,,,,,,,0.7252686130103289,0.6037194610625941,0.4378507186080583,0.22030122776331987,0.8205083013833371,0.5079032732507642,,,,,,,,,,,,,,,,,,,,,,,,,,,,,,,,,checkpoint_10 TEST,run/sthelar40x_klt_5class_slideind_foldA_lora_adaptformer_r8_a8_red16_heads_e10_seed44/log/2026-08-28T160202_sthelar40x_klt_5class_slideind_foldA_lora_adaptformer_r8_a8_red16_heads_e10_seed44/inference_results.json,
klt_per_class,KLT,CellViT-SAM-H,Selected PEFT,Tonsil,A,,,44,Immune,,,,,,,,,,,,,,,,,,,,,,,,,,,,,,,,,,,,,,,,,,,,,0.8419495740969807,,,427343,519815,514075,0.695226760972905,,,,,,,,checkpoint_10 TEST,run/sthelar40x_klt_5class_slideind_foldA_lora_adaptformer_r8_a8_red16_heads_e10_seed44/log/2026-08-28T160202_sthelar40x_klt_5class_slideind_foldA_lora_adaptformer_r8_a8_red16_heads_e10_seed44/inference_results.json,
klt_per_class,KLT,CellViT-SAM-H,Selected PEFT,Tonsil,A,,,44,Stromal,,,,,,,,,,,,,,,,,,,,,,,,,,,,,,,,,,,,,,,,,,,,,0.5007733352137838,,,120998,160763,107894,0.1459141100975745,,,,,,,,checkpoint_10 TEST,run/sthelar40x_klt_5class_slideind_foldA_lora_adaptformer_r8_a8_red16_heads_e10_seed44/log/2026-08-28T160202_sthelar40x_klt_5class_slideind_foldA_lora_adaptformer_r8_a8_red16_heads_e10_seed44/inference_results.json,
klt_per_class,KLT,CellViT-SAM-H,Selected PEFT,Tonsil,A,,,44,Epithelial,,,,,,,,,,,,,,,,,,,,,,,,,,,,,,,,,,,,,,,,,,,,,0.6870518490072424,,,65890,82883,117352,0.1587049571632395,,,,,,,,checkpoint_10 TEST,run/sthelar40x_klt_5class_slideind_foldA_lora_adaptformer_r8_a8_red16_heads_e10_seed44/log/2026-08-28T160202_sthelar40x_klt_5class_slideind_foldA_lora_adaptformer_r8_a8_red16_heads_e10_seed44/inference_results.json,
klt_per_class,KLT,CellViT-SAM-H,Selected PEFT,Tonsil,A,,,44,Melanocyte,,,,,,,,,,,,,,,,,,,,,,,,,,,,,,,,,,,,,,,,,,,,,,,,0,0,0,0.0,,,,,,,,checkpoint_10 TEST,run/sthelar40x_klt_5class_slideind_foldA_lora_adaptformer_r8_a8_red16_heads_e10_seed44/log/2026-08-28T160202_sthelar40x_klt_5class_slideind_foldA_lora_adaptformer_r8_a8_red16_heads_e10_seed44/inference_results.json,
klt_per_class,KLT,CellViT-SAM-H,Selected PEFT,Tonsil,A,,,44,Other,,,,,,,,,,,,,,,,,,,,,,,,,,,,,,,,,,,,,,,,,,,,,0.0018383346850500135,,,18428,38488,114,0.00015417176628101185,,,,,,,,checkpoint_10 TEST,run/sthelar40x_klt_5class_slideind_foldA_lora_adaptformer_r8_a8_red16_heads_e10_seed44/log/2026-08-28T160202_sthelar40x_klt_5class_slideind_foldA_lora_adaptformer_r8_a8_red16_heads_e10_seed44/inference_results.json,
klt_confusion,KLT,CellViT-SAM-H,Selected PEFT,Tonsil,A,,,44,,Background,Background,3,,,,,,,,,,,,,,,,,,,,,,,,,,,,,,,,,,,,,,,,,,,,,,,,,,,,,,,,checkpoint_10 TEST,run/sthelar40x_klt_5class_slideind_foldA_lora_adaptformer_r8_a8_red16_heads_e10_seed44/log/2026-08-28T160202_sthelar40x_klt_5class_slideind_foldA_lora_adaptformer_r8_a8_red16_heads_e10_seed44/inference_results.json,"Rows=true, columns=predicted; paired matches only."
klt_confusion,KLT,CellViT-SAM-H,Selected PEFT,Tonsil,A,,,44,,Background,Immune,0,,,,,,,,,,,,,,,,,,,,,,,,,,,,,,,,,,,,,,,,,,,,,,,,,,,,,,,,checkpoint_10 TEST,run/sthelar40x_klt_5class_slideind_foldA_lora_adaptformer_r8_a8_red16_heads_e10_seed44/log/2026-08-28T160202_sthelar40x_klt_5class_slideind_foldA_lora_adaptformer_r8_a8_red16_heads_e10_seed44/inference_results.json,"Rows=true, columns=predicted; paired matches only."
klt_confusion,KLT,CellViT-SAM-H,Selected PEFT,Tonsil,A,,,44,,Background,Stromal,0,,,,,,,,,,,,,,,,,,,,,,,,,,,,,,,,,,,,,,,,,,,,,,,,,,,,,,,,checkpoint_10 TEST,run/sthelar40x_klt_5class_slideind_foldA_lora_adaptformer_r8_a8_red16_heads_e10_seed44/log/2026-08-28T160202_sthelar40x_klt_5class_slideind_foldA_lora_adaptformer_r8_a8_red16_heads_e10_seed44/inference_results.json,"Rows=true, columns=predicted; paired matches only."
klt_confusion,KLT,CellViT-SAM-H,Selected PEFT,Tonsil,A,,,44,,Background,Epithelial,0,,,,,,,,,,,,,,,,,,,,,,,,,,,,,,,,,,,,,,,,,,,,,,,,,,,,,,,,checkpoint_10 TEST,run/sthelar40x_klt_5class_slideind_foldA_lora_adaptformer_r8_a8_red16_heads_e10_seed44/log/2026-08-28T160202_sthelar40x_klt_5class_slideind_foldA_lora_adaptformer_r8_a8_red16_heads_e10_seed44/inference_results.json,"Rows=true, columns=predicted; paired matches only."
klt_confusion,KLT,CellViT-SAM-H,Selected PEFT,Tonsil,A,,,44,,Background,Melanocyte,0,,,,,,,,,,,,,,,,,,,,,,,,,,,,,,,,,,,,,,,,,,,,,,,,,,,,,,,,checkpoint_10 TEST,run/sthelar40x_klt_5class_slideind_foldA_lora_adaptformer_r8_a8_red16_heads_e10_seed44/log/2026-08-28T160202_sthelar40x_klt_5class_slideind_foldA_lora_adaptformer_r8_a8_red16_heads_e10_seed44/inference_results.json,"Rows=true, columns=predicted; paired matches only."
klt_confusion,KLT,CellViT-SAM-H,Selected PEFT,Tonsil,A,,,44,,Background,Other,0,,,,,,,,,,,,,,,,,,,,,,,,,,,,,,,,,,,,,,,,,,,,,,,,,,,,,,,,checkpoint_10 TEST,run/sthelar40x_klt_5class_slideind_foldA_lora_adaptformer_r8_a8_red16_heads_e10_seed44/log/2026-08-28T160202_sthelar40x_klt_5class_slideind_foldA_lora_adaptformer_r8_a8_red16_heads_e10_seed44/inference_results.json,"Rows=true, columns=predicted; paired matches only."
klt_confusion,KLT,CellViT-SAM-H,Selected PEFT,Tonsil,A,,,44,,Immune,Background,215,,,,,,,,,,,,,,,,,,,,,,,,,,,,,,,,,,,,,,,,,,,,,,,,,,,,,,,,checkpoint_10 TEST,run/sthelar40x_klt_5class_slideind_foldA_lora_adaptformer_r8_a8_red16_heads_e10_seed44/log/2026-08-28T160202_sthelar40x_klt_5class_slideind_foldA_lora_adaptformer_r8_a8_red16_heads_e10_seed44/inference_results.json,"Rows=true, columns=predicted; paired matches only."
klt_confusion,KLT,CellViT-SAM-H,Selected PEFT,Tonsil,A,,,44,,Immune,Immune,365175,,,,,,,,,,,,,,,,,,,,,,,,,,,,,,,,,,,,,,,,,,,,,,,,,,,,,,,,checkpoint_10 TEST,run/sthelar40x_klt_5class_slideind_foldA_lora_adaptformer_r8_a8_red16_heads_e10_seed44/log/2026-08-28T160202_sthelar40x_klt_5class_slideind_foldA_lora_adaptformer_r8_a8_red16_heads_e10_seed44/inference_results.json,"Rows=true, columns=predicted; paired matches only."
klt_confusion,KLT,CellViT-SAM-H,Selected PEFT,Tonsil,A,,,44,,Immune,Stromal,29783,,,,,,,,,,,,,,,,,,,,,,,,,,,,,,,,,,,,,,,,,,,,,,,,,,,,,,,,checkpoint_10 TEST,run/sthelar40x_klt_5class_slideind_foldA_lora_adaptformer_r8_a8_red16_heads_e10_seed44/log/2026-08-28T160202_sthelar40x_klt_5class_slideind_foldA_lora_adaptformer_r8_a8_red16_heads_e10_seed44/inference_results.json,"Rows=true, columns=predicted; paired matches only."
klt_confusion,KLT,CellViT-SAM-H,Selected PEFT,Tonsil,A,,,44,,Immune,Epithelial,32372,,,,,,,,,,,,,,,,,,,,,,,,,,,,,,,,,,,,,,,,,,,,,,,,,,,,,,,,checkpoint_10 TEST,run/sthelar40x_klt_5class_slideind_foldA_lora_adaptformer_r8_a8_red16_heads_e10_seed44/log/2026-08-28T160202_sthelar40x_klt_5class_slideind_foldA_lora_adaptformer_r8_a8_red16_heads_e10_seed44/inference_results.json,"Rows=true, columns=predicted; paired matches only."
klt_confusion,KLT,CellViT-SAM-H,Selected PEFT,Tonsil,A,,,44,,Immune,Melanocyte,0,,,,,,,,,,,,,,,,,,,,,,,,,,,,,,,,,,,,,,,,,,,,,,,,,,,,,,,,checkpoint_10 TEST,run/sthelar40x_klt_5class_slideind_foldA_lora_adaptformer_r8_a8_red16_heads_e10_seed44/log/2026-08-28T160202_sthelar40x_klt_5class_slideind_foldA_lora_adaptformer_r8_a8_red16_heads_e10_seed44/inference_results.json,"Rows=true, columns=predicted; paired matches only."
klt_confusion,KLT,CellViT-SAM-H,Selected PEFT,Tonsil,A,,,44,,Immune,Other,13,,,,,,,,,,,,,,,,,,,,,,,,,,,,,,,,,,,,,,,,,,,,,,,,,,,,,,,,checkpoint_10 TEST,run/sthelar40x_klt_5class_slideind_foldA_lora_adaptformer_r8_a8_red16_heads_e10_seed44/log/2026-08-28T160202_sthelar40x_klt_5class_slideind_foldA_lora_adaptformer_r8_a8_red16_heads_e10_seed44/inference_results.json,"Rows=true, columns=predicted; paired matches only."
klt_confusion,KLT,CellViT-SAM-H,Selected PEFT,Tonsil,A,,,44,,Stromal,Background,136,,,,,,,,,,,,,,,,,,,,,,,,,,,,,,,,,,,,,,,,,,,,,,,,,,,,,,,,checkpoint_10 TEST,run/sthelar40x_klt_5class_slideind_foldA_lora_adaptformer_r8_a8_red16_heads_e10_seed44/log/2026-08-28T160202_sthelar40x_klt_5class_slideind_foldA_lora_adaptformer_r8_a8_red16_heads_e10_seed44/inference_results.json,"Rows=true, columns=predicted; paired matches only."
klt_confusion,KLT,CellViT-SAM-H,Selected PEFT,Tonsil,A,,,44,,Stromal,Immune,57714,,,,,,,,,,,,,,,,,,,,,,,,,,,,,,,,,,,,,,,,,,,,,,,,,,,,,,,,checkpoint_10 TEST,run/sthelar40x_klt_5class_slideind_foldA_lora_adaptformer_r8_a8_red16_heads_e10_seed44/log/2026-08-28T160202_sthelar40x_klt_5class_slideind_foldA_lora_adaptformer_r8_a8_red16_heads_e10_seed44/inference_results.json,"Rows=true, columns=predicted; paired matches only."
klt_confusion,KLT,CellViT-SAM-H,Selected PEFT,Tonsil,A,,,44,,Stromal,Stromal,53261,,,,,,,,,,,,,,,,,,,,,,,,,,,,,,,,,,,,,,,,,,,,,,,,,,,,,,,,checkpoint_10 TEST,run/sthelar40x_klt_5class_slideind_foldA_lora_adaptformer_r8_a8_red16_heads_e10_seed44/log/2026-08-28T160202_sthelar40x_klt_5class_slideind_foldA_lora_adaptformer_r8_a8_red16_heads_e10_seed44/inference_results.json,"Rows=true, columns=predicted; paired matches only."
klt_confusion,KLT,CellViT-SAM-H,Selected PEFT,Tonsil,A,,,44,,Stromal,Epithelial,9993,,,,,,,,,,,,,,,,,,,,,,,,,,,,,,,,,,,,,,,,,,,,,,,,,,,,,,,,checkpoint_10 TEST,run/sthelar40x_klt_5class_slideind_foldA_lora_adaptformer_r8_a8_red16_heads_e10_seed44/log/2026-08-28T160202_sthelar40x_klt_5class_slideind_foldA_lora_adaptformer_r8_a8_red16_heads_e10_seed44/inference_results.json,"Rows=true, columns=predicted; paired matches only."
klt_confusion,KLT,CellViT-SAM-H,Selected PEFT,Tonsil,A,,,44,,Stromal,Melanocyte,0,,,,,,,,,,,,,,,,,,,,,,,,,,,,,,,,,,,,,,,,,,,,,,,,,,,,,,,,checkpoint_10 TEST,run/sthelar40x_klt_5class_slideind_foldA_lora_adaptformer_r8_a8_red16_heads_e10_seed44/log/2026-08-28T160202_sthelar40x_klt_5class_slideind_foldA_lora_adaptformer_r8_a8_red16_heads_e10_seed44/inference_results.json,"Rows=true, columns=predicted; paired matches only."
klt_confusion,KLT,CellViT-SAM-H,Selected PEFT,Tonsil,A,,,44,,Stromal,Other,30,,,,,,,,,,,,,,,,,,,,,,,,,,,,,,,,,,,,,,,,,,,,,,,,,,,,,,,,checkpoint_10 TEST,run/sthelar40x_klt_5class_slideind_foldA_lora_adaptformer_r8_a8_red16_heads_e10_seed44/log/2026-08-28T160202_sthelar40x_klt_5class_slideind_foldA_lora_adaptformer_r8_a8_red16_heads_e10_seed44/inference_results.json,"Rows=true, columns=predicted; paired matches only."
klt_confusion,KLT,CellViT-SAM-H,Selected PEFT,Tonsil,A,,,44,,Epithelial,Background,74,,,,,,,,,,,,,,,,,,,,,,,,,,,,,,,,,,,,,,,,,,,,,,,,,,,,,,,,checkpoint_10 TEST,run/sthelar40x_klt_5class_slideind_foldA_lora_adaptformer_r8_a8_red16_heads_e10_seed44/log/2026-08-28T160202_sthelar40x_klt_5class_slideind_foldA_lora_adaptformer_r8_a8_red16_heads_e10_seed44/inference_results.json,"Rows=true, columns=predicted; paired matches only."
klt_confusion,KLT,CellViT-SAM-H,Selected PEFT,Tonsil,A,,,44,,Epithelial,Immune,6730,,,,,,,,,,,,,,,,,,,,,,,,,,,,,,,,,,,,,,,,,,,,,,,,,,,,,,,,checkpoint_10 TEST,run/sthelar40x_klt_5class_slideind_foldA_lora_adaptformer_r8_a8_red16_heads_e10_seed44/log/2026-08-28T160202_sthelar40x_klt_5class_slideind_foldA_lora_adaptformer_r8_a8_red16_heads_e10_seed44/inference_results.json,"Rows=true, columns=predicted; paired matches only."
klt_confusion,KLT,CellViT-SAM-H,Selected PEFT,Tonsil,A,,,44,,Epithelial,Stromal,1902,,,,,,,,,,,,,,,,,,,,,,,,,,,,,,,,,,,,,,,,,,,,,,,,,,,,,,,,checkpoint_10 TEST,run/sthelar40x_klt_5class_slideind_foldA_lora_adaptformer_r8_a8_red16_heads_e10_seed44/log/2026-08-28T160202_sthelar40x_klt_5class_slideind_foldA_lora_adaptformer_r8_a8_red16_heads_e10_seed44/inference_results.json,"Rows=true, columns=predicted; paired matches only."
klt_confusion,KLT,CellViT-SAM-H,Selected PEFT,Tonsil,A,,,44,,Epithelial,Epithelial,57251,,,,,,,,,,,,,,,,,,,,,,,,,,,,,,,,,,,,,,,,,,,,,,,,,,,,,,,,checkpoint_10 TEST,run/sthelar40x_klt_5class_slideind_foldA_lora_adaptformer_r8_a8_red16_heads_e10_seed44/log/2026-08-28T160202_sthelar40x_klt_5class_slideind_foldA_lora_adaptformer_r8_a8_red16_heads_e10_seed44/inference_results.json,"Rows=true, columns=predicted; paired matches only."
klt_confusion,KLT,CellViT-SAM-H,Selected PEFT,Tonsil,A,,,44,,Epithelial,Melanocyte,0,,,,,,,,,,,,,,,,,,,,,,,,,,,,,,,,,,,,,,,,,,,,,,,,,,,,,,,,checkpoint_10 TEST,run/sthelar40x_klt_5class_slideind_foldA_lora_adaptformer_r8_a8_red16_heads_e10_seed44/log/2026-08-28T160202_sthelar40x_klt_5class_slideind_foldA_lora_adaptformer_r8_a8_red16_heads_e10_seed44/inference_results.json,"Rows=true, columns=predicted; paired matches only."
klt_confusion,KLT,CellViT-SAM-H,Selected PEFT,Tonsil,A,,,44,,Epithelial,Other,7,,,,,,,,,,,,,,,,,,,,,,,,,,,,,,,,,,,,,,,,,,,,,,,,,,,,,,,,checkpoint_10 TEST,run/sthelar40x_klt_5class_slideind_foldA_lora_adaptformer_r8_a8_red16_heads_e10_seed44/log/2026-08-28T160202_sthelar40x_klt_5class_slideind_foldA_lora_adaptformer_r8_a8_red16_heads_e10_seed44/inference_results.json,"Rows=true, columns=predicted; paired matches only."
klt_confusion,KLT,CellViT-SAM-H,Selected PEFT,Tonsil,A,,,44,,Melanocyte,Background,0,,,,,,,,,,,,,,,,,,,,,,,,,,,,,,,,,,,,,,,,,,,,,,,,,,,,,,,,checkpoint_10 TEST,run/sthelar40x_klt_5class_slideind_foldA_lora_adaptformer_r8_a8_red16_heads_e10_seed44/log/2026-08-28T160202_sthelar40x_klt_5class_slideind_foldA_lora_adaptformer_r8_a8_red16_heads_e10_seed44/inference_results.json,"Rows=true, columns=predicted; paired matches only."
klt_confusion,KLT,CellViT-SAM-H,Selected PEFT,Tonsil,A,,,44,,Melanocyte,Immune,0,,,,,,,,,,,,,,,,,,,,,,,,,,,,,,,,,,,,,,,,,,,,,,,,,,,,,,,,checkpoint_10 TEST,run/sthelar40x_klt_5class_slideind_foldA_lora_adaptformer_r8_a8_red16_heads_e10_seed44/log/2026-08-28T160202_sthelar40x_klt_5class_slideind_foldA_lora_adaptformer_r8_a8_red16_heads_e10_seed44/inference_results.json,"Rows=true, columns=predicted; paired matches only."
klt_confusion,KLT,CellViT-SAM-H,Selected PEFT,Tonsil,A,,,44,,Melanocyte,Stromal,0,,,,,,,,,,,,,,,,,,,,,,,,,,,,,,,,,,,,,,,,,,,,,,,,,,,,,,,,checkpoint_10 TEST,run/sthelar40x_klt_5class_slideind_foldA_lora_adaptformer_r8_a8_red16_heads_e10_seed44/log/2026-08-28T160202_sthelar40x_klt_5class_slideind_foldA_lora_adaptformer_r8_a8_red16_heads_e10_seed44/inference_results.json,"Rows=true, columns=predicted; paired matches only."
klt_confusion,KLT,CellViT-SAM-H,Selected PEFT,Tonsil,A,,,44,,Melanocyte,Epithelial,0,,,,,,,,,,,,,,,,,,,,,,,,,,,,,,,,,,,,,,,,,,,,,,,,,,,,,,,,checkpoint_10 TEST,run/sthelar40x_klt_5class_slideind_foldA_lora_adaptformer_r8_a8_red16_heads_e10_seed44/log/2026-08-28T160202_sthelar40x_klt_5class_slideind_foldA_lora_adaptformer_r8_a8_red16_heads_e10_seed44/inference_results.json,"Rows=true, columns=predicted; paired matches only."
klt_confusion,KLT,CellViT-SAM-H,Selected PEFT,Tonsil,A,,,44,,Melanocyte,Melanocyte,0,,,,,,,,,,,,,,,,,,,,,,,,,,,,,,,,,,,,,,,,,,,,,,,,,,,,,,,,checkpoint_10 TEST,run/sthelar40x_klt_5class_slideind_foldA_lora_adaptformer_r8_a8_red16_heads_e10_seed44/log/2026-08-28T160202_sthelar40x_klt_5class_slideind_foldA_lora_adaptformer_r8_a8_red16_heads_e10_seed44/inference_results.json,"Rows=true, columns=predicted; paired matches only."
klt_confusion,KLT,CellViT-SAM-H,Selected PEFT,Tonsil,A,,,44,,Melanocyte,Other,0,,,,,,,,,,,,,,,,,,,,,,,,,,,,,,,,,,,,,,,,,,,,,,,,,,,,,,,,checkpoint_10 TEST,run/sthelar40x_klt_5class_slideind_foldA_lora_adaptformer_r8_a8_red16_heads_e10_seed44/log/2026-08-28T160202_sthelar40x_klt_5class_slideind_foldA_lora_adaptformer_r8_a8_red16_heads_e10_seed44/inference_results.json,"Rows=true, columns=predicted; paired matches only."
klt_confusion,KLT,CellViT-SAM-H,Selected PEFT,Tonsil,A,,,44,,Other,Background,57,,,,,,,,,,,,,,,,,,,,,,,,,,,,,,,,,,,,,,,,,,,,,,,,,,,,,,,,checkpoint_10 TEST,run/sthelar40x_klt_5class_slideind_foldA_lora_adaptformer_r8_a8_red16_heads_e10_seed44/log/2026-08-28T160202_sthelar40x_klt_5class_slideind_foldA_lora_adaptformer_r8_a8_red16_heads_e10_seed44/inference_results.json,"Rows=true, columns=predicted; paired matches only."
klt_confusion,KLT,CellViT-SAM-H,Selected PEFT,Tonsil,A,,,44,,Other,Immune,10489,,,,,,,,,,,,,,,,,,,,,,,,,,,,,,,,,,,,,,,,,,,,,,,,,,,,,,,,checkpoint_10 TEST,run/sthelar40x_klt_5class_slideind_foldA_lora_adaptformer_r8_a8_red16_heads_e10_seed44/log/2026-08-28T160202_sthelar40x_klt_5class_slideind_foldA_lora_adaptformer_r8_a8_red16_heads_e10_seed44/inference_results.json,"Rows=true, columns=predicted; paired matches only."
klt_confusion,KLT,CellViT-SAM-H,Selected PEFT,Tonsil,A,,,44,,Other,Stromal,6771,,,,,,,,,,,,,,,,,,,,,,,,,,,,,,,,,,,,,,,,,,,,,,,,,,,,,,,,checkpoint_10 TEST,run/sthelar40x_klt_5class_slideind_foldA_lora_adaptformer_r8_a8_red16_heads_e10_seed44/log/2026-08-28T160202_sthelar40x_klt_5class_slideind_foldA_lora_adaptformer_r8_a8_red16_heads_e10_seed44/inference_results.json,"Rows=true, columns=predicted; paired matches only."
klt_confusion,KLT,CellViT-SAM-H,Selected PEFT,Tonsil,A,,,44,,Other,Epithelial,1151,,,,,,,,,,,,,,,,,,,,,,,,,,,,,,,,,,,,,,,,,,,,,,,,,,,,,,,,checkpoint_10 TEST,run/sthelar40x_klt_5class_slideind_foldA_lora_adaptformer_r8_a8_red16_heads_e10_seed44/log/2026-08-28T160202_sthelar40x_klt_5class_slideind_foldA_lora_adaptformer_r8_a8_red16_heads_e10_seed44/inference_results.json,"Rows=true, columns=predicted; paired matches only."
klt_confusion,KLT,CellViT-SAM-H,Selected PEFT,Tonsil,A,,,44,,Other,Melanocyte,0,,,,,,,,,,,,,,,,,,,,,,,,,,,,,,,,,,,,,,,,,,,,,,,,,,,,,,,,checkpoint_10 TEST,run/sthelar40x_klt_5class_slideind_foldA_lora_adaptformer_r8_a8_red16_heads_e10_seed44/log/2026-08-28T160202_sthelar40x_klt_5class_slideind_foldA_lora_adaptformer_r8_a8_red16_heads_e10_seed44/inference_results.json,"Rows=true, columns=predicted; paired matches only."
klt_confusion,KLT,CellViT-SAM-H,Selected PEFT,Tonsil,A,,,44,,Other,Other,17,,,,,,,,,,,,,,,,,,,,,,,,,,,,,,,,,,,,,,,,,,,,,,,,,,,,,,,,checkpoint_10 TEST,run/sthelar40x_klt_5class_slideind_foldA_lora_adaptformer_r8_a8_red16_heads_e10_seed44/log/2026-08-28T160202_sthelar40x_klt_5class_slideind_foldA_lora_adaptformer_r8_a8_red16_heads_e10_seed44/inference_results.json,"Rows=true, columns=predicted; paired matches only."
klt_seed_metric,KLT,CellViT-SAM-H,Selected PEFT,Pooled KLT,A,,,44,,,,,23494,,,,,,,,,,,,,,,,,0.7865364914487302,0.6724218481543303,0.5171221098154406,0.22701969826069063,0.8357365766019478,0.5146541466334349,,,,,,,,,,,,,,,,,,,,,,,,,,,,,,,,,checkpoint_10 TEST,run/sthelar40x_klt_5class_slideind_foldA_lora_adaptformer_r8_a8_red16_heads_e10_seed44/log/2026-08-28T160202_sthelar40x_klt_5class_slideind_foldA_lora_adaptformer_r8_a8_red16_heads_e10_seed44/inference_results.json,
klt_per_class,KLT,CellViT-SAM-H,Selected PEFT,Pooled KLT,A,,,44,Immune,,,,,,,,,,,,,,,,,,,,,,,,,,,,,,,,,,,,,,,,,,,,,0.7757159498698273,,,535445,644433,567062,0.5012047042685245,,,,,,,,checkpoint_10 TEST,run/sthelar40x_klt_5class_slideind_foldA_lora_adaptformer_r8_a8_red16_heads_e10_seed44/log/2026-08-28T160202_sthelar40x_klt_5class_slideind_foldA_lora_adaptformer_r8_a8_red16_heads_e10_seed44/inference_results.json,
klt_per_class,KLT,CellViT-SAM-H,Selected PEFT,Pooled KLT,A,,,44,Stromal,,,,,,,,,,,,,,,,,,,,,,,,,,,,,,,,,,,,,,,,,,,,,0.5320100401027091,,,203647,260110,279751,0.24726135276887531,,,,,,,,checkpoint_10 TEST,run/sthelar40x_klt_5class_slideind_foldA_lora_adaptformer_r8_a8_red16_heads_e10_seed44/log/2026-08-28T160202_sthelar40x_klt_5class_slideind_foldA_lora_adaptformer_r8_a8_red16_heads_e10_seed44/inference_results.json,
klt_per_class,KLT,CellViT-SAM-H,Selected PEFT,Pooled KLT,A,,,44,Epithelial,,,,,,,,,,,,,,,,,,,,,,,,,,,,,,,,,,,,,,,,,,,,,0.7484730353969054,,,225145,276512,283603,0.2506659902174124,,,,,,,,checkpoint_10 TEST,run/sthelar40x_klt_5class_slideind_foldA_lora_adaptformer_r8_a8_red16_heads_e10_seed44/log/2026-08-28T160202_sthelar40x_klt_5class_slideind_foldA_lora_adaptformer_r8_a8_red16_heads_e10_seed44/inference_results.json,
klt_per_class,KLT,CellViT-SAM-H,Selected PEFT,Pooled KLT,A,,,44,Melanocyte,,,,,,,,,,,,,,,,,,,,,,,,,,,,,,,,,,,,,,,,,,,,,,,,0,0,0,0.0,,,,,,,,checkpoint_10 TEST,run/sthelar40x_klt_5class_slideind_foldA_lora_adaptformer_r8_a8_red16_heads_e10_seed44/log/2026-08-28T160202_sthelar40x_klt_5class_slideind_foldA_lora_adaptformer_r8_a8_red16_heads_e10_seed44/inference_results.json,
klt_per_class,KLT,CellViT-SAM-H,Selected PEFT,Pooled KLT,A,,,44,Other,,,,,,,,,,,,,,,,,,,,,,,,,,,,,,,,,,,,,,,,,,,,,0.0024175611642974566,,,20182,41705,982,0.0008679527451878119,,,,,,,,checkpoint_10 TEST,run/sthelar40x_klt_5class_slideind_foldA_lora_adaptformer_r8_a8_red16_heads_e10_seed44/log/2026-08-28T160202_sthelar40x_klt_5class_slideind_foldA_lora_adaptformer_r8_a8_red16_heads_e10_seed44/inference_results.json,
klt_confusion,KLT,CellViT-SAM-H,Selected PEFT,Pooled KLT,A,,,44,,Background,Background,9,,,,,,,,,,,,,,,,,,,,,,,,,,,,,,,,,,,,,,,,,,,,,,,,,,,,,,,,checkpoint_10 TEST,run/sthelar40x_klt_5class_slideind_foldA_lora_adaptformer_r8_a8_red16_heads_e10_seed44/log/2026-08-28T160202_sthelar40x_klt_5class_slideind_foldA_lora_adaptformer_r8_a8_red16_heads_e10_seed44/inference_results.json,"Rows=true, columns=predicted; paired matches only."
klt_confusion,KLT,CellViT-SAM-H,Selected PEFT,Pooled KLT,A,,,44,,Background,Immune,0,,,,,,,,,,,,,,,,,,,,,,,,,,,,,,,,,,,,,,,,,,,,,,,,,,,,,,,,checkpoint_10 TEST,run/sthelar40x_klt_5class_slideind_foldA_lora_adaptformer_r8_a8_red16_heads_e10_seed44/log/2026-08-28T160202_sthelar40x_klt_5class_slideind_foldA_lora_adaptformer_r8_a8_red16_heads_e10_seed44/inference_results.json,"Rows=true, columns=predicted; paired matches only."
klt_confusion,KLT,CellViT-SAM-H,Selected PEFT,Pooled KLT,A,,,44,,Background,Stromal,0,,,,,,,,,,,,,,,,,,,,,,,,,,,,,,,,,,,,,,,,,,,,,,,,,,,,,,,,checkpoint_10 TEST,run/sthelar40x_klt_5class_slideind_foldA_lora_adaptformer_r8_a8_red16_heads_e10_seed44/log/2026-08-28T160202_sthelar40x_klt_5class_slideind_foldA_lora_adaptformer_r8_a8_red16_heads_e10_seed44/inference_results.json,"Rows=true, columns=predicted; paired matches only."
klt_confusion,KLT,CellViT-SAM-H,Selected PEFT,Pooled KLT,A,,,44,,Background,Epithelial,0,,,,,,,,,,,,,,,,,,,,,,,,,,,,,,,,,,,,,,,,,,,,,,,,,,,,,,,,checkpoint_10 TEST,run/sthelar40x_klt_5class_slideind_foldA_lora_adaptformer_r8_a8_red16_heads_e10_seed44/log/2026-08-28T160202_sthelar40x_klt_5class_slideind_foldA_lora_adaptformer_r8_a8_red16_heads_e10_seed44/inference_results.json,"Rows=true, columns=predicted; paired matches only."
klt_confusion,KLT,CellViT-SAM-H,Selected PEFT,Pooled KLT,A,,,44,,Background,Melanocyte,0,,,,,,,,,,,,,,,,,,,,,,,,,,,,,,,,,,,,,,,,,,,,,,,,,,,,,,,,checkpoint_10 TEST,run/sthelar40x_klt_5class_slideind_foldA_lora_adaptformer_r8_a8_red16_heads_e10_seed44/log/2026-08-28T160202_sthelar40x_klt_5class_slideind_foldA_lora_adaptformer_r8_a8_red16_heads_e10_seed44/inference_results.json,"Rows=true, columns=predicted; paired matches only."
klt_confusion,KLT,CellViT-SAM-H,Selected PEFT,Pooled KLT,A,,,44,,Background,Other,0,,,,,,,,,,,,,,,,,,,,,,,,,,,,,,,,,,,,,,,,,,,,,,,,,,,,,,,,checkpoint_10 TEST,run/sthelar40x_klt_5class_slideind_foldA_lora_adaptformer_r8_a8_red16_heads_e10_seed44/log/2026-08-28T160202_sthelar40x_klt_5class_slideind_foldA_lora_adaptformer_r8_a8_red16_heads_e10_seed44/inference_results.json,"Rows=true, columns=predicted; paired matches only."
klt_confusion,KLT,CellViT-SAM-H,Selected PEFT,Pooled KLT,A,,,44,,Immune,Background,263,,,,,,,,,,,,,,,,,,,,,,,,,,,,,,,,,,,,,,,,,,,,,,,,,,,,,,,,checkpoint_10 TEST,run/sthelar40x_klt_5class_slideind_foldA_lora_adaptformer_r8_a8_red16_heads_e10_seed44/log/2026-08-28T160202_sthelar40x_klt_5class_slideind_foldA_lora_adaptformer_r8_a8_red16_heads_e10_seed44/inference_results.json,"Rows=true, columns=predicted; paired matches only."
klt_confusion,KLT,CellViT-SAM-H,Selected PEFT,Pooled KLT,A,,,44,,Immune,Immune,396878,,,,,,,,,,,,,,,,,,,,,,,,,,,,,,,,,,,,,,,,,,,,,,,,,,,,,,,,checkpoint_10 TEST,run/sthelar40x_klt_5class_slideind_foldA_lora_adaptformer_r8_a8_red16_heads_e10_seed44/log/2026-08-28T160202_sthelar40x_klt_5class_slideind_foldA_lora_adaptformer_r8_a8_red16_heads_e10_seed44/inference_results.json,"Rows=true, columns=predicted; paired matches only."
klt_confusion,KLT,CellViT-SAM-H,Selected PEFT,Pooled KLT,A,,,44,,Immune,Stromal,90469,,,,,,,,,,,,,,,,,,,,,,,,,,,,,,,,,,,,,,,,,,,,,,,,,,,,,,,,checkpoint_10 TEST,run/sthelar40x_klt_5class_slideind_foldA_lora_adaptformer_r8_a8_red16_heads_e10_seed44/log/2026-08-28T160202_sthelar40x_klt_5class_slideind_foldA_lora_adaptformer_r8_a8_red16_heads_e10_seed44/inference_results.json,"Rows=true, columns=predicted; paired matches only."
klt_confusion,KLT,CellViT-SAM-H,Selected PEFT,Pooled KLT,A,,,44,,Immune,Epithelial,47980,,,,,,,,,,,,,,,,,,,,,,,,,,,,,,,,,,,,,,,,,,,,,,,,,,,,,,,,checkpoint_10 TEST,run/sthelar40x_klt_5class_slideind_foldA_lora_adaptformer_r8_a8_red16_heads_e10_seed44/log/2026-08-28T160202_sthelar40x_klt_5class_slideind_foldA_lora_adaptformer_r8_a8_red16_heads_e10_seed44/inference_results.json,"Rows=true, columns=predicted; paired matches only."
klt_confusion,KLT,CellViT-SAM-H,Selected PEFT,Pooled KLT,A,,,44,,Immune,Melanocyte,0,,,,,,,,,,,,,,,,,,,,,,,,,,,,,,,,,,,,,,,,,,,,,,,,,,,,,,,,checkpoint_10 TEST,run/sthelar40x_klt_5class_slideind_foldA_lora_adaptformer_r8_a8_red16_heads_e10_seed44/log/2026-08-28T160202_sthelar40x_klt_5class_slideind_foldA_lora_adaptformer_r8_a8_red16_heads_e10_seed44/inference_results.json,"Rows=true, columns=predicted; paired matches only."
klt_confusion,KLT,CellViT-SAM-H,Selected PEFT,Pooled KLT,A,,,44,,Immune,Other,118,,,,,,,,,,,,,,,,,,,,,,,,,,,,,,,,,,,,,,,,,,,,,,,,,,,,,,,,checkpoint_10 TEST,run/sthelar40x_klt_5class_slideind_foldA_lora_adaptformer_r8_a8_red16_heads_e10_seed44/log/2026-08-28T160202_sthelar40x_klt_5class_slideind_foldA_lora_adaptformer_r8_a8_red16_heads_e10_seed44/inference_results.json,"Rows=true, columns=predicted; paired matches only."
klt_confusion,KLT,CellViT-SAM-H,Selected PEFT,Pooled KLT,A,,,44,,Stromal,Background,178,,,,,,,,,,,,,,,,,,,,,,,,,,,,,,,,,,,,,,,,,,,,,,,,,,,,,,,,checkpoint_10 TEST,run/sthelar40x_klt_5class_slideind_foldA_lora_adaptformer_r8_a8_red16_heads_e10_seed44/log/2026-08-28T160202_sthelar40x_klt_5class_slideind_foldA_lora_adaptformer_r8_a8_red16_heads_e10_seed44/inference_results.json,"Rows=true, columns=predicted; paired matches only."
klt_confusion,KLT,CellViT-SAM-H,Selected PEFT,Pooled KLT,A,,,44,,Stromal,Immune,61258,,,,,,,,,,,,,,,,,,,,,,,,,,,,,,,,,,,,,,,,,,,,,,,,,,,,,,,,checkpoint_10 TEST,run/sthelar40x_klt_5class_slideind_foldA_lora_adaptformer_r8_a8_red16_heads_e10_seed44/log/2026-08-28T160202_sthelar40x_klt_5class_slideind_foldA_lora_adaptformer_r8_a8_red16_heads_e10_seed44/inference_results.json,"Rows=true, columns=predicted; paired matches only."
klt_confusion,KLT,CellViT-SAM-H,Selected PEFT,Pooled KLT,A,,,44,,Stromal,Stromal,119860,,,,,,,,,,,,,,,,,,,,,,,,,,,,,,,,,,,,,,,,,,,,,,,,,,,,,,,,checkpoint_10 TEST,run/sthelar40x_klt_5class_slideind_foldA_lora_adaptformer_r8_a8_red16_heads_e10_seed44/log/2026-08-28T160202_sthelar40x_klt_5class_slideind_foldA_lora_adaptformer_r8_a8_red16_heads_e10_seed44/inference_results.json,"Rows=true, columns=predicted; paired matches only."
klt_confusion,KLT,CellViT-SAM-H,Selected PEFT,Pooled KLT,A,,,44,,Stromal,Epithelial,22347,,,,,,,,,,,,,,,,,,,,,,,,,,,,,,,,,,,,,,,,,,,,,,,,,,,,,,,,checkpoint_10 TEST,run/sthelar40x_klt_5class_slideind_foldA_lora_adaptformer_r8_a8_red16_heads_e10_seed44/log/2026-08-28T160202_sthelar40x_klt_5class_slideind_foldA_lora_adaptformer_r8_a8_red16_heads_e10_seed44/inference_results.json,"Rows=true, columns=predicted; paired matches only."
klt_confusion,KLT,CellViT-SAM-H,Selected PEFT,Pooled KLT,A,,,44,,Stromal,Melanocyte,0,,,,,,,,,,,,,,,,,,,,,,,,,,,,,,,,,,,,,,,,,,,,,,,,,,,,,,,,checkpoint_10 TEST,run/sthelar40x_klt_5class_slideind_foldA_lora_adaptformer_r8_a8_red16_heads_e10_seed44/log/2026-08-28T160202_sthelar40x_klt_5class_slideind_foldA_lora_adaptformer_r8_a8_red16_heads_e10_seed44/inference_results.json,"Rows=true, columns=predicted; paired matches only."
klt_confusion,KLT,CellViT-SAM-H,Selected PEFT,Pooled KLT,A,,,44,,Stromal,Other,182,,,,,,,,,,,,,,,,,,,,,,,,,,,,,,,,,,,,,,,,,,,,,,,,,,,,,,,,checkpoint_10 TEST,run/sthelar40x_klt_5class_slideind_foldA_lora_adaptformer_r8_a8_red16_heads_e10_seed44/log/2026-08-28T160202_sthelar40x_klt_5class_slideind_foldA_lora_adaptformer_r8_a8_red16_heads_e10_seed44/inference_results.json,"Rows=true, columns=predicted; paired matches only."
klt_confusion,KLT,CellViT-SAM-H,Selected PEFT,Pooled KLT,A,,,44,,Epithelial,Background,304,,,,,,,,,,,,,,,,,,,,,,,,,,,,,,,,,,,,,,,,,,,,,,,,,,,,,,,,checkpoint_10 TEST,run/sthelar40x_klt_5class_slideind_foldA_lora_adaptformer_r8_a8_red16_heads_e10_seed44/log/2026-08-28T160202_sthelar40x_klt_5class_slideind_foldA_lora_adaptformer_r8_a8_red16_heads_e10_seed44/inference_results.json,"Rows=true, columns=predicted; paired matches only."
klt_confusion,KLT,CellViT-SAM-H,Selected PEFT,Pooled KLT,A,,,44,,Epithelial,Immune,18705,,,,,,,,,,,,,,,,,,,,,,,,,,,,,,,,,,,,,,,,,,,,,,,,,,,,,,,,checkpoint_10 TEST,run/sthelar40x_klt_5class_slideind_foldA_lora_adaptformer_r8_a8_red16_heads_e10_seed44/log/2026-08-28T160202_sthelar40x_klt_5class_slideind_foldA_lora_adaptformer_r8_a8_red16_heads_e10_seed44/inference_results.json,"Rows=true, columns=predicted; paired matches only."
klt_confusion,KLT,CellViT-SAM-H,Selected PEFT,Pooled KLT,A,,,44,,Epithelial,Stromal,28762,,,,,,,,,,,,,,,,,,,,,,,,,,,,,,,,,,,,,,,,,,,,,,,,,,,,,,,,checkpoint_10 TEST,run/sthelar40x_klt_5class_slideind_foldA_lora_adaptformer_r8_a8_red16_heads_e10_seed44/log/2026-08-28T160202_sthelar40x_klt_5class_slideind_foldA_lora_adaptformer_r8_a8_red16_heads_e10_seed44/inference_results.json,"Rows=true, columns=predicted; paired matches only."
klt_confusion,KLT,CellViT-SAM-H,Selected PEFT,Pooled KLT,A,,,44,,Epithelial,Epithelial,177503,,,,,,,,,,,,,,,,,,,,,,,,,,,,,,,,,,,,,,,,,,,,,,,,,,,,,,,,checkpoint_10 TEST,run/sthelar40x_klt_5class_slideind_foldA_lora_adaptformer_r8_a8_red16_heads_e10_seed44/log/2026-08-28T160202_sthelar40x_klt_5class_slideind_foldA_lora_adaptformer_r8_a8_red16_heads_e10_seed44/inference_results.json,"Rows=true, columns=predicted; paired matches only."
klt_confusion,KLT,CellViT-SAM-H,Selected PEFT,Pooled KLT,A,,,44,,Epithelial,Melanocyte,0,,,,,,,,,,,,,,,,,,,,,,,,,,,,,,,,,,,,,,,,,,,,,,,,,,,,,,,,checkpoint_10 TEST,run/sthelar40x_klt_5class_slideind_foldA_lora_adaptformer_r8_a8_red16_heads_e10_seed44/log/2026-08-28T160202_sthelar40x_klt_5class_slideind_foldA_lora_adaptformer_r8_a8_red16_heads_e10_seed44/inference_results.json,"Rows=true, columns=predicted; paired matches only."
klt_confusion,KLT,CellViT-SAM-H,Selected PEFT,Pooled KLT,A,,,44,,Epithelial,Other,175,,,,,,,,,,,,,,,,,,,,,,,,,,,,,,,,,,,,,,,,,,,,,,,,,,,,,,,,checkpoint_10 TEST,run/sthelar40x_klt_5class_slideind_foldA_lora_adaptformer_r8_a8_red16_heads_e10_seed44/log/2026-08-28T160202_sthelar40x_klt_5class_slideind_foldA_lora_adaptformer_r8_a8_red16_heads_e10_seed44/inference_results.json,"Rows=true, columns=predicted; paired matches only."
klt_confusion,KLT,CellViT-SAM-H,Selected PEFT,Pooled KLT,A,,,44,,Melanocyte,Background,0,,,,,,,,,,,,,,,,,,,,,,,,,,,,,,,,,,,,,,,,,,,,,,,,,,,,,,,,checkpoint_10 TEST,run/sthelar40x_klt_5class_slideind_foldA_lora_adaptformer_r8_a8_red16_heads_e10_seed44/log/2026-08-28T160202_sthelar40x_klt_5class_slideind_foldA_lora_adaptformer_r8_a8_red16_heads_e10_seed44/inference_results.json,"Rows=true, columns=predicted; paired matches only."
klt_confusion,KLT,CellViT-SAM-H,Selected PEFT,Pooled KLT,A,,,44,,Melanocyte,Immune,0,,,,,,,,,,,,,,,,,,,,,,,,,,,,,,,,,,,,,,,,,,,,,,,,,,,,,,,,checkpoint_10 TEST,run/sthelar40x_klt_5class_slideind_foldA_lora_adaptformer_r8_a8_red16_heads_e10_seed44/log/2026-08-28T160202_sthelar40x_klt_5class_slideind_foldA_lora_adaptformer_r8_a8_red16_heads_e10_seed44/inference_results.json,"Rows=true, columns=predicted; paired matches only."
klt_confusion,KLT,CellViT-SAM-H,Selected PEFT,Pooled KLT,A,,,44,,Melanocyte,Stromal,0,,,,,,,,,,,,,,,,,,,,,,,,,,,,,,,,,,,,,,,,,,,,,,,,,,,,,,,,checkpoint_10 TEST,run/sthelar40x_klt_5class_slideind_foldA_lora_adaptformer_r8_a8_red16_heads_e10_seed44/log/2026-08-28T160202_sthelar40x_klt_5class_slideind_foldA_lora_adaptformer_r8_a8_red16_heads_e10_seed44/inference_results.json,"Rows=true, columns=predicted; paired matches only."
klt_confusion,KLT,CellViT-SAM-H,Selected PEFT,Pooled KLT,A,,,44,,Melanocyte,Epithelial,0,,,,,,,,,,,,,,,,,,,,,,,,,,,,,,,,,,,,,,,,,,,,,,,,,,,,,,,,checkpoint_10 TEST,run/sthelar40x_klt_5class_slideind_foldA_lora_adaptformer_r8_a8_red16_heads_e10_seed44/log/2026-08-28T160202_sthelar40x_klt_5class_slideind_foldA_lora_adaptformer_r8_a8_red16_heads_e10_seed44/inference_results.json,"Rows=true, columns=predicted; paired matches only."
klt_confusion,KLT,CellViT-SAM-H,Selected PEFT,Pooled KLT,A,,,44,,Melanocyte,Melanocyte,0,,,,,,,,,,,,,,,,,,,,,,,,,,,,,,,,,,,,,,,,,,,,,,,,,,,,,,,,checkpoint_10 TEST,run/sthelar40x_klt_5class_slideind_foldA_lora_adaptformer_r8_a8_red16_heads_e10_seed44/log/2026-08-28T160202_sthelar40x_klt_5class_slideind_foldA_lora_adaptformer_r8_a8_red16_heads_e10_seed44/inference_results.json,"Rows=true, columns=predicted; paired matches only."
klt_confusion,KLT,CellViT-SAM-H,Selected PEFT,Pooled KLT,A,,,44,,Melanocyte,Other,0,,,,,,,,,,,,,,,,,,,,,,,,,,,,,,,,,,,,,,,,,,,,,,,,,,,,,,,,checkpoint_10 TEST,run/sthelar40x_klt_5class_slideind_foldA_lora_adaptformer_r8_a8_red16_heads_e10_seed44/log/2026-08-28T160202_sthelar40x_klt_5class_slideind_foldA_lora_adaptformer_r8_a8_red16_heads_e10_seed44/inference_results.json,"Rows=true, columns=predicted; paired matches only."
klt_confusion,KLT,CellViT-SAM-H,Selected PEFT,Pooled KLT,A,,,44,,Other,Background,71,,,,,,,,,,,,,,,,,,,,,,,,,,,,,,,,,,,,,,,,,,,,,,,,,,,,,,,,checkpoint_10 TEST,run/sthelar40x_klt_5class_slideind_foldA_lora_adaptformer_r8_a8_red16_heads_e10_seed44/log/2026-08-28T160202_sthelar40x_klt_5class_slideind_foldA_lora_adaptformer_r8_a8_red16_heads_e10_seed44/inference_results.json,"Rows=true, columns=predicted; paired matches only."
klt_confusion,KLT,CellViT-SAM-H,Selected PEFT,Pooled KLT,A,,,44,,Other,Immune,10970,,,,,,,,,,,,,,,,,,,,,,,,,,,,,,,,,,,,,,,,,,,,,,,,,,,,,,,,checkpoint_10 TEST,run/sthelar40x_klt_5class_slideind_foldA_lora_adaptformer_r8_a8_red16_heads_e10_seed44/log/2026-08-28T160202_sthelar40x_klt_5class_slideind_foldA_lora_adaptformer_r8_a8_red16_heads_e10_seed44/inference_results.json,"Rows=true, columns=predicted; paired matches only."
klt_confusion,KLT,CellViT-SAM-H,Selected PEFT,Pooled KLT,A,,,44,,Other,Stromal,7855,,,,,,,,,,,,,,,,,,,,,,,,,,,,,,,,,,,,,,,,,,,,,,,,,,,,,,,,checkpoint_10 TEST,run/sthelar40x_klt_5class_slideind_foldA_lora_adaptformer_r8_a8_red16_heads_e10_seed44/log/2026-08-28T160202_sthelar40x_klt_5class_slideind_foldA_lora_adaptformer_r8_a8_red16_heads_e10_seed44/inference_results.json,"Rows=true, columns=predicted; paired matches only."
klt_confusion,KLT,CellViT-SAM-H,Selected PEFT,Pooled KLT,A,,,44,,Other,Epithelial,1332,,,,,,,,,,,,,,,,,,,,,,,,,,,,,,,,,,,,,,,,,,,,,,,,,,,,,,,,checkpoint_10 TEST,run/sthelar40x_klt_5class_slideind_foldA_lora_adaptformer_r8_a8_red16_heads_e10_seed44/log/2026-08-28T160202_sthelar40x_klt_5class_slideind_foldA_lora_adaptformer_r8_a8_red16_heads_e10_seed44/inference_results.json,"Rows=true, columns=predicted; paired matches only."
klt_confusion,KLT,CellViT-SAM-H,Selected PEFT,Pooled KLT,A,,,44,,Other,Melanocyte,0,,,,,,,,,,,,,,,,,,,,,,,,,,,,,,,,,,,,,,,,,,,,,,,,,,,,,,,,checkpoint_10 TEST,run/sthelar40x_klt_5class_slideind_foldA_lora_adaptformer_r8_a8_red16_heads_e10_seed44/log/2026-08-28T160202_sthelar40x_klt_5class_slideind_foldA_lora_adaptformer_r8_a8_red16_heads_e10_seed44/inference_results.json,"Rows=true, columns=predicted; paired matches only."
klt_confusion,KLT,CellViT-SAM-H,Selected PEFT,Pooled KLT,A,,,44,,Other,Other,25,,,,,,,,,,,,,,,,,,,,,,,,,,,,,,,,,,,,,,,,,,,,,,,,,,,,,,,,checkpoint_10 TEST,run/sthelar40x_klt_5class_slideind_foldA_lora_adaptformer_r8_a8_red16_heads_e10_seed44/log/2026-08-28T160202_sthelar40x_klt_5class_slideind_foldA_lora_adaptformer_r8_a8_red16_heads_e10_seed44/inference_results.json,"Rows=true, columns=predicted; paired matches only."
klt_seed_metric,KLT,CellViT-SAM-H,Selected PEFT,Kidney,B,,,42,,,,,6723,,,,,,,,,,,,,,,,,0.8507351425016322,0.7514744233919072,0.6409466436917787,0.23718876818069445,0.9035128487368693,0.3537210989268968,,,,,,,,,,,,,,,,,,,,,,,,,,,,,,,,,checkpoint_10 TEST,run/sthelar40x_klt_5class_slideind_foldB_lora_adaptformer_r8_a8_red16_heads_e10_seed42/log/2026-08-20T112527_sthelar40x_klt_5class_slideind_foldB_lora_adaptformer_r8_a8_red16_heads_e10_seed42/inference_results.json,
klt_per_class,KLT,CellViT-SAM-H,Selected PEFT,Kidney,B,,,42,Immune,,,,,,,,,,,,,,,,,,,,,,,,,,,,,,,,,,,,,,,,,,,,,0.276374671096856,,,16649,19734,37606,0.2138028665480326,,,,,,,,checkpoint_10 TEST,run/sthelar40x_klt_5class_slideind_foldB_lora_adaptformer_r8_a8_red16_heads_e10_seed42/log/2026-08-20T112527_sthelar40x_klt_5class_slideind_foldB_lora_adaptformer_r8_a8_red16_heads_e10_seed42/inference_results.json,
klt_per_class,KLT,CellViT-SAM-H,Selected PEFT,Kidney,B,,,42,Stromal,,,,,,,,,,,,,,,,,,,,,,,,,,,,,,,,,,,,,,,,,,,,,0.5022720727063266,,,47665,55119,82825,0.47088822054567886,,,,,,,,checkpoint_10 TEST,run/sthelar40x_klt_5class_slideind_foldB_lora_adaptformer_r8_a8_red16_heads_e10_seed42/log/2026-08-20T112527_sthelar40x_klt_5class_slideind_foldB_lora_adaptformer_r8_a8_red16_heads_e10_seed42/inference_results.json,
klt_per_class,KLT,CellViT-SAM-H,Selected PEFT,Kidney,B,,,42,Epithelial,,,,,,,,,,,,,,,,,,,,,,,,,,,,,,,,,,,,,,,,,,,,,0.6359620938994447,,,94510,106830,55458,0.31529754222785705,,,,,,,,checkpoint_10 TEST,run/sthelar40x_klt_5class_slideind_foldB_lora_adaptformer_r8_a8_red16_heads_e10_seed42/log/2026-08-20T112527_sthelar40x_klt_5class_slideind_foldB_lora_adaptformer_r8_a8_red16_heads_e10_seed42/inference_results.json,
klt_per_class,KLT,CellViT-SAM-H,Selected PEFT,Kidney,B,,,42,Melanocyte,,,,,,,,,,,,,,,,,,,,,,,,,,,,,,,,,,,,,,,,,,,,,,,,0,0,0,0.0,,,,,,,,checkpoint_10 TEST,run/sthelar40x_klt_5class_slideind_foldB_lora_adaptformer_r8_a8_red16_heads_e10_seed42/log/2026-08-20T112527_sthelar40x_klt_5class_slideind_foldB_lora_adaptformer_r8_a8_red16_heads_e10_seed42/inference_results.json,
klt_per_class,KLT,CellViT-SAM-H,Selected PEFT,Kidney,B,,,42,Other,,,,,,,,,,,,,,,,,,,,,,,,,,,,,,,,,,,,,,,,,,,,,0.0002755580049600441,,,7256,9918,2,1.1370678431528617e-05,,,,,,,,checkpoint_10 TEST,run/sthelar40x_klt_5class_slideind_foldB_lora_adaptformer_r8_a8_red16_heads_e10_seed42/log/2026-08-20T112527_sthelar40x_klt_5class_slideind_foldB_lora_adaptformer_r8_a8_red16_heads_e10_seed42/inference_results.json,
klt_confusion,KLT,CellViT-SAM-H,Selected PEFT,Kidney,B,,,42,,Background,Background,7,,,,,,,,,,,,,,,,,,,,,,,,,,,,,,,,,,,,,,,,,,,,,,,,,,,,,,,,checkpoint_10 TEST,run/sthelar40x_klt_5class_slideind_foldB_lora_adaptformer_r8_a8_red16_heads_e10_seed42/log/2026-08-20T112527_sthelar40x_klt_5class_slideind_foldB_lora_adaptformer_r8_a8_red16_heads_e10_seed42/inference_results.json,"Rows=true, columns=predicted; paired matches only."
klt_confusion,KLT,CellViT-SAM-H,Selected PEFT,Kidney,B,,,42,,Background,Immune,0,,,,,,,,,,,,,,,,,,,,,,,,,,,,,,,,,,,,,,,,,,,,,,,,,,,,,,,,checkpoint_10 TEST,run/sthelar40x_klt_5class_slideind_foldB_lora_adaptformer_r8_a8_red16_heads_e10_seed42/log/2026-08-20T112527_sthelar40x_klt_5class_slideind_foldB_lora_adaptformer_r8_a8_red16_heads_e10_seed42/inference_results.json,"Rows=true, columns=predicted; paired matches only."
klt_confusion,KLT,CellViT-SAM-H,Selected PEFT,Kidney,B,,,42,,Background,Stromal,0,,,,,,,,,,,,,,,,,,,,,,,,,,,,,,,,,,,,,,,,,,,,,,,,,,,,,,,,checkpoint_10 TEST,run/sthelar40x_klt_5class_slideind_foldB_lora_adaptformer_r8_a8_red16_heads_e10_seed42/log/2026-08-20T112527_sthelar40x_klt_5class_slideind_foldB_lora_adaptformer_r8_a8_red16_heads_e10_seed42/inference_results.json,"Rows=true, columns=predicted; paired matches only."
klt_confusion,KLT,CellViT-SAM-H,Selected PEFT,Kidney,B,,,42,,Background,Epithelial,0,,,,,,,,,,,,,,,,,,,,,,,,,,,,,,,,,,,,,,,,,,,,,,,,,,,,,,,,checkpoint_10 TEST,run/sthelar40x_klt_5class_slideind_foldB_lora_adaptformer_r8_a8_red16_heads_e10_seed42/log/2026-08-20T112527_sthelar40x_klt_5class_slideind_foldB_lora_adaptformer_r8_a8_red16_heads_e10_seed42/inference_results.json,"Rows=true, columns=predicted; paired matches only."
klt_confusion,KLT,CellViT-SAM-H,Selected PEFT,Kidney,B,,,42,,Background,Melanocyte,0,,,,,,,,,,,,,,,,,,,,,,,,,,,,,,,,,,,,,,,,,,,,,,,,,,,,,,,,checkpoint_10 TEST,run/sthelar40x_klt_5class_slideind_foldB_lora_adaptformer_r8_a8_red16_heads_e10_seed42/log/2026-08-20T112527_sthelar40x_klt_5class_slideind_foldB_lora_adaptformer_r8_a8_red16_heads_e10_seed42/inference_results.json,"Rows=true, columns=predicted; paired matches only."
klt_confusion,KLT,CellViT-SAM-H,Selected PEFT,Kidney,B,,,42,,Background,Other,0,,,,,,,,,,,,,,,,,,,,,,,,,,,,,,,,,,,,,,,,,,,,,,,,,,,,,,,,checkpoint_10 TEST,run/sthelar40x_klt_5class_slideind_foldB_lora_adaptformer_r8_a8_red16_heads_e10_seed42/log/2026-08-20T112527_sthelar40x_klt_5class_slideind_foldB_lora_adaptformer_r8_a8_red16_heads_e10_seed42/inference_results.json,"Rows=true, columns=predicted; paired matches only."
klt_confusion,KLT,CellViT-SAM-H,Selected PEFT,Kidney,B,,,42,,Immune,Background,7,,,,,,,,,,,,,,,,,,,,,,,,,,,,,,,,,,,,,,,,,,,,,,,,,,,,,,,,checkpoint_10 TEST,run/sthelar40x_klt_5class_slideind_foldB_lora_adaptformer_r8_a8_red16_heads_e10_seed42/log/2026-08-20T112527_sthelar40x_klt_5class_slideind_foldB_lora_adaptformer_r8_a8_red16_heads_e10_seed42/inference_results.json,"Rows=true, columns=predicted; paired matches only."
klt_confusion,KLT,CellViT-SAM-H,Selected PEFT,Kidney,B,,,42,,Immune,Immune,7195,,,,,,,,,,,,,,,,,,,,,,,,,,,,,,,,,,,,,,,,,,,,,,,,,,,,,,,,checkpoint_10 TEST,run/sthelar40x_klt_5class_slideind_foldB_lora_adaptformer_r8_a8_red16_heads_e10_seed42/log/2026-08-20T112527_sthelar40x_klt_5class_slideind_foldB_lora_adaptformer_r8_a8_red16_heads_e10_seed42/inference_results.json,"Rows=true, columns=predicted; paired matches only."
klt_confusion,KLT,CellViT-SAM-H,Selected PEFT,Kidney,B,,,42,,Immune,Stromal,7990,,,,,,,,,,,,,,,,,,,,,,,,,,,,,,,,,,,,,,,,,,,,,,,,,,,,,,,,checkpoint_10 TEST,run/sthelar40x_klt_5class_slideind_foldB_lora_adaptformer_r8_a8_red16_heads_e10_seed42/log/2026-08-20T112527_sthelar40x_klt_5class_slideind_foldB_lora_adaptformer_r8_a8_red16_heads_e10_seed42/inference_results.json,"Rows=true, columns=predicted; paired matches only."
klt_confusion,KLT,CellViT-SAM-H,Selected PEFT,Kidney,B,,,42,,Immune,Epithelial,1464,,,,,,,,,,,,,,,,,,,,,,,,,,,,,,,,,,,,,,,,,,,,,,,,,,,,,,,,checkpoint_10 TEST,run/sthelar40x_klt_5class_slideind_foldB_lora_adaptformer_r8_a8_red16_heads_e10_seed42/log/2026-08-20T112527_sthelar40x_klt_5class_slideind_foldB_lora_adaptformer_r8_a8_red16_heads_e10_seed42/inference_results.json,"Rows=true, columns=predicted; paired matches only."
klt_confusion,KLT,CellViT-SAM-H,Selected PEFT,Kidney,B,,,42,,Immune,Melanocyte,0,,,,,,,,,,,,,,,,,,,,,,,,,,,,,,,,,,,,,,,,,,,,,,,,,,,,,,,,checkpoint_10 TEST,run/sthelar40x_klt_5class_slideind_foldB_lora_adaptformer_r8_a8_red16_heads_e10_seed42/log/2026-08-20T112527_sthelar40x_klt_5class_slideind_foldB_lora_adaptformer_r8_a8_red16_heads_e10_seed42/inference_results.json,"Rows=true, columns=predicted; paired matches only."
klt_confusion,KLT,CellViT-SAM-H,Selected PEFT,Kidney,B,,,42,,Immune,Other,0,,,,,,,,,,,,,,,,,,,,,,,,,,,,,,,,,,,,,,,,,,,,,,,,,,,,,,,,checkpoint_10 TEST,run/sthelar40x_klt_5class_slideind_foldB_lora_adaptformer_r8_a8_red16_heads_e10_seed42/log/2026-08-20T112527_sthelar40x_klt_5class_slideind_foldB_lora_adaptformer_r8_a8_red16_heads_e10_seed42/inference_results.json,"Rows=true, columns=predicted; paired matches only."
klt_confusion,KLT,CellViT-SAM-H,Selected PEFT,Kidney,B,,,42,,Stromal,Background,20,,,,,,,,,,,,,,,,,,,,,,,,,,,,,,,,,,,,,,,,,,,,,,,,,,,,,,,,checkpoint_10 TEST,run/sthelar40x_klt_5class_slideind_foldB_lora_adaptformer_r8_a8_red16_heads_e10_seed42/log/2026-08-20T112527_sthelar40x_klt_5class_slideind_foldB_lora_adaptformer_r8_a8_red16_heads_e10_seed42/inference_results.json,"Rows=true, columns=predicted; paired matches only."
klt_confusion,KLT,CellViT-SAM-H,Selected PEFT,Kidney,B,,,42,,Stromal,Immune,12434,,,,,,,,,,,,,,,,,,,,,,,,,,,,,,,,,,,,,,,,,,,,,,,,,,,,,,,,checkpoint_10 TEST,run/sthelar40x_klt_5class_slideind_foldB_lora_adaptformer_r8_a8_red16_heads_e10_seed42/log/2026-08-20T112527_sthelar40x_klt_5class_slideind_foldB_lora_adaptformer_r8_a8_red16_heads_e10_seed42/inference_results.json,"Rows=true, columns=predicted; paired matches only."
klt_confusion,KLT,CellViT-SAM-H,Selected PEFT,Kidney,B,,,42,,Stromal,Stromal,31391,,,,,,,,,,,,,,,,,,,,,,,,,,,,,,,,,,,,,,,,,,,,,,,,,,,,,,,,checkpoint_10 TEST,run/sthelar40x_klt_5class_slideind_foldB_lora_adaptformer_r8_a8_red16_heads_e10_seed42/log/2026-08-20T112527_sthelar40x_klt_5class_slideind_foldB_lora_adaptformer_r8_a8_red16_heads_e10_seed42/inference_results.json,"Rows=true, columns=predicted; paired matches only."
klt_confusion,KLT,CellViT-SAM-H,Selected PEFT,Kidney,B,,,42,,Stromal,Epithelial,3839,,,,,,,,,,,,,,,,,,,,,,,,,,,,,,,,,,,,,,,,,,,,,,,,,,,,,,,,checkpoint_10 TEST,run/sthelar40x_klt_5class_slideind_foldB_lora_adaptformer_r8_a8_red16_heads_e10_seed42/log/2026-08-20T112527_sthelar40x_klt_5class_slideind_foldB_lora_adaptformer_r8_a8_red16_heads_e10_seed42/inference_results.json,"Rows=true, columns=predicted; paired matches only."
klt_confusion,KLT,CellViT-SAM-H,Selected PEFT,Kidney,B,,,42,,Stromal,Melanocyte,0,,,,,,,,,,,,,,,,,,,,,,,,,,,,,,,,,,,,,,,,,,,,,,,,,,,,,,,,checkpoint_10 TEST,run/sthelar40x_klt_5class_slideind_foldB_lora_adaptformer_r8_a8_red16_heads_e10_seed42/log/2026-08-20T112527_sthelar40x_klt_5class_slideind_foldB_lora_adaptformer_r8_a8_red16_heads_e10_seed42/inference_results.json,"Rows=true, columns=predicted; paired matches only."
klt_confusion,KLT,CellViT-SAM-H,Selected PEFT,Kidney,B,,,42,,Stromal,Other,1,,,,,,,,,,,,,,,,,,,,,,,,,,,,,,,,,,,,,,,,,,,,,,,,,,,,,,,,checkpoint_10 TEST,run/sthelar40x_klt_5class_slideind_foldB_lora_adaptformer_r8_a8_red16_heads_e10_seed42/log/2026-08-20T112527_sthelar40x_klt_5class_slideind_foldB_lora_adaptformer_r8_a8_red16_heads_e10_seed42/inference_results.json,"Rows=true, columns=predicted; paired matches only."
klt_confusion,KLT,CellViT-SAM-H,Selected PEFT,Kidney,B,,,42,,Epithelial,Background,94,,,,,,,,,,,,,,,,,,,,,,,,,,,,,,,,,,,,,,,,,,,,,,,,,,,,,,,,checkpoint_10 TEST,run/sthelar40x_klt_5class_slideind_foldB_lora_adaptformer_r8_a8_red16_heads_e10_seed42/log/2026-08-20T112527_sthelar40x_klt_5class_slideind_foldB_lora_adaptformer_r8_a8_red16_heads_e10_seed42/inference_results.json,"Rows=true, columns=predicted; paired matches only."
klt_confusion,KLT,CellViT-SAM-H,Selected PEFT,Kidney,B,,,42,,Epithelial,Immune,14062,,,,,,,,,,,,,,,,,,,,,,,,,,,,,,,,,,,,,,,,,,,,,,,,,,,,,,,,checkpoint_10 TEST,run/sthelar40x_klt_5class_slideind_foldB_lora_adaptformer_r8_a8_red16_heads_e10_seed42/log/2026-08-20T112527_sthelar40x_klt_5class_slideind_foldB_lora_adaptformer_r8_a8_red16_heads_e10_seed42/inference_results.json,"Rows=true, columns=predicted; paired matches only."
klt_confusion,KLT,CellViT-SAM-H,Selected PEFT,Kidney,B,,,42,,Epithelial,Stromal,33438,,,,,,,,,,,,,,,,,,,,,,,,,,,,,,,,,,,,,,,,,,,,,,,,,,,,,,,,checkpoint_10 TEST,run/sthelar40x_klt_5class_slideind_foldB_lora_adaptformer_r8_a8_red16_heads_e10_seed42/log/2026-08-20T112527_sthelar40x_klt_5class_slideind_foldB_lora_adaptformer_r8_a8_red16_heads_e10_seed42/inference_results.json,"Rows=true, columns=predicted; paired matches only."
klt_confusion,KLT,CellViT-SAM-H,Selected PEFT,Kidney,B,,,42,,Epithelial,Epithelial,47010,,,,,,,,,,,,,,,,,,,,,,,,,,,,,,,,,,,,,,,,,,,,,,,,,,,,,,,,checkpoint_10 TEST,run/sthelar40x_klt_5class_slideind_foldB_lora_adaptformer_r8_a8_red16_heads_e10_seed42/log/2026-08-20T112527_sthelar40x_klt_5class_slideind_foldB_lora_adaptformer_r8_a8_red16_heads_e10_seed42/inference_results.json,"Rows=true, columns=predicted; paired matches only."
klt_confusion,KLT,CellViT-SAM-H,Selected PEFT,Kidney,B,,,42,,Epithelial,Melanocyte,0,,,,,,,,,,,,,,,,,,,,,,,,,,,,,,,,,,,,,,,,,,,,,,,,,,,,,,,,checkpoint_10 TEST,run/sthelar40x_klt_5class_slideind_foldB_lora_adaptformer_r8_a8_red16_heads_e10_seed42/log/2026-08-20T112527_sthelar40x_klt_5class_slideind_foldB_lora_adaptformer_r8_a8_red16_heads_e10_seed42/inference_results.json,"Rows=true, columns=predicted; paired matches only."
klt_confusion,KLT,CellViT-SAM-H,Selected PEFT,Kidney,B,,,42,,Epithelial,Other,0,,,,,,,,,,,,,,,,,,,,,,,,,,,,,,,,,,,,,,,,,,,,,,,,,,,,,,,,checkpoint_10 TEST,run/sthelar40x_klt_5class_slideind_foldB_lora_adaptformer_r8_a8_red16_heads_e10_seed42/log/2026-08-20T112527_sthelar40x_klt_5class_slideind_foldB_lora_adaptformer_r8_a8_red16_heads_e10_seed42/inference_results.json,"Rows=true, columns=predicted; paired matches only."
klt_confusion,KLT,CellViT-SAM-H,Selected PEFT,Kidney,B,,,42,,Melanocyte,Background,0,,,,,,,,,,,,,,,,,,,,,,,,,,,,,,,,,,,,,,,,,,,,,,,,,,,,,,,,checkpoint_10 TEST,run/sthelar40x_klt_5class_slideind_foldB_lora_adaptformer_r8_a8_red16_heads_e10_seed42/log/2026-08-20T112527_sthelar40x_klt_5class_slideind_foldB_lora_adaptformer_r8_a8_red16_heads_e10_seed42/inference_results.json,"Rows=true, columns=predicted; paired matches only."
klt_confusion,KLT,CellViT-SAM-H,Selected PEFT,Kidney,B,,,42,,Melanocyte,Immune,0,,,,,,,,,,,,,,,,,,,,,,,,,,,,,,,,,,,,,,,,,,,,,,,,,,,,,,,,checkpoint_10 TEST,run/sthelar40x_klt_5class_slideind_foldB_lora_adaptformer_r8_a8_red16_heads_e10_seed42/log/2026-08-20T112527_sthelar40x_klt_5class_slideind_foldB_lora_adaptformer_r8_a8_red16_heads_e10_seed42/inference_results.json,"Rows=true, columns=predicted; paired matches only."
klt_confusion,KLT,CellViT-SAM-H,Selected PEFT,Kidney,B,,,42,,Melanocyte,Stromal,0,,,,,,,,,,,,,,,,,,,,,,,,,,,,,,,,,,,,,,,,,,,,,,,,,,,,,,,,checkpoint_10 TEST,run/sthelar40x_klt_5class_slideind_foldB_lora_adaptformer_r8_a8_red16_heads_e10_seed42/log/2026-08-20T112527_sthelar40x_klt_5class_slideind_foldB_lora_adaptformer_r8_a8_red16_heads_e10_seed42/inference_results.json,"Rows=true, columns=predicted; paired matches only."
klt_confusion,KLT,CellViT-SAM-H,Selected PEFT,Kidney,B,,,42,,Melanocyte,Epithelial,0,,,,,,,,,,,,,,,,,,,,,,,,,,,,,,,,,,,,,,,,,,,,,,,,,,,,,,,,checkpoint_10 TEST,run/sthelar40x_klt_5class_slideind_foldB_lora_adaptformer_r8_a8_red16_heads_e10_seed42/log/2026-08-20T112527_sthelar40x_klt_5class_slideind_foldB_lora_adaptformer_r8_a8_red16_heads_e10_seed42/inference_results.json,"Rows=true, columns=predicted; paired matches only."
klt_confusion,KLT,CellViT-SAM-H,Selected PEFT,Kidney,B,,,42,,Melanocyte,Melanocyte,0,,,,,,,,,,,,,,,,,,,,,,,,,,,,,,,,,,,,,,,,,,,,,,,,,,,,,,,,checkpoint_10 TEST,run/sthelar40x_klt_5class_slideind_foldB_lora_adaptformer_r8_a8_red16_heads_e10_seed42/log/2026-08-20T112527_sthelar40x_klt_5class_slideind_foldB_lora_adaptformer_r8_a8_red16_heads_e10_seed42/inference_results.json,"Rows=true, columns=predicted; paired matches only."
klt_confusion,KLT,CellViT-SAM-H,Selected PEFT,Kidney,B,,,42,,Melanocyte,Other,0,,,,,,,,,,,,,,,,,,,,,,,,,,,,,,,,,,,,,,,,,,,,,,,,,,,,,,,,checkpoint_10 TEST,run/sthelar40x_klt_5class_slideind_foldB_lora_adaptformer_r8_a8_red16_heads_e10_seed42/log/2026-08-20T112527_sthelar40x_klt_5class_slideind_foldB_lora_adaptformer_r8_a8_red16_heads_e10_seed42/inference_results.json,"Rows=true, columns=predicted; paired matches only."
klt_confusion,KLT,CellViT-SAM-H,Selected PEFT,Kidney,B,,,42,,Other,Background,9,,,,,,,,,,,,,,,,,,,,,,,,,,,,,,,,,,,,,,,,,,,,,,,,,,,,,,,,checkpoint_10 TEST,run/sthelar40x_klt_5class_slideind_foldB_lora_adaptformer_r8_a8_red16_heads_e10_seed42/log/2026-08-20T112527_sthelar40x_klt_5class_slideind_foldB_lora_adaptformer_r8_a8_red16_heads_e10_seed42/inference_results.json,"Rows=true, columns=predicted; paired matches only."
klt_confusion,KLT,CellViT-SAM-H,Selected PEFT,Kidney,B,,,42,,Other,Immune,1727,,,,,,,,,,,,,,,,,,,,,,,,,,,,,,,,,,,,,,,,,,,,,,,,,,,,,,,,checkpoint_10 TEST,run/sthelar40x_klt_5class_slideind_foldB_lora_adaptformer_r8_a8_red16_heads_e10_seed42/log/2026-08-20T112527_sthelar40x_klt_5class_slideind_foldB_lora_adaptformer_r8_a8_red16_heads_e10_seed42/inference_results.json,"Rows=true, columns=predicted; paired matches only."
klt_confusion,KLT,CellViT-SAM-H,Selected PEFT,Kidney,B,,,42,,Other,Stromal,4512,,,,,,,,,,,,,,,,,,,,,,,,,,,,,,,,,,,,,,,,,,,,,,,,,,,,,,,,checkpoint_10 TEST,run/sthelar40x_klt_5class_slideind_foldB_lora_adaptformer_r8_a8_red16_heads_e10_seed42/log/2026-08-20T112527_sthelar40x_klt_5class_slideind_foldB_lora_adaptformer_r8_a8_red16_heads_e10_seed42/inference_results.json,"Rows=true, columns=predicted; paired matches only."
klt_confusion,KLT,CellViT-SAM-H,Selected PEFT,Kidney,B,,,42,,Other,Epithelial,1016,,,,,,,,,,,,,,,,,,,,,,,,,,,,,,,,,,,,,,,,,,,,,,,,,,,,,,,,checkpoint_10 TEST,run/sthelar40x_klt_5class_slideind_foldB_lora_adaptformer_r8_a8_red16_heads_e10_seed42/log/2026-08-20T112527_sthelar40x_klt_5class_slideind_foldB_lora_adaptformer_r8_a8_red16_heads_e10_seed42/inference_results.json,"Rows=true, columns=predicted; paired matches only."
klt_confusion,KLT,CellViT-SAM-H,Selected PEFT,Kidney,B,,,42,,Other,Melanocyte,0,,,,,,,,,,,,,,,,,,,,,,,,,,,,,,,,,,,,,,,,,,,,,,,,,,,,,,,,checkpoint_10 TEST,run/sthelar40x_klt_5class_slideind_foldB_lora_adaptformer_r8_a8_red16_heads_e10_seed42/log/2026-08-20T112527_sthelar40x_klt_5class_slideind_foldB_lora_adaptformer_r8_a8_red16_heads_e10_seed42/inference_results.json,"Rows=true, columns=predicted; paired matches only."
klt_confusion,KLT,CellViT-SAM-H,Selected PEFT,Kidney,B,,,42,,Other,Other,1,,,,,,,,,,,,,,,,,,,,,,,,,,,,,,,,,,,,,,,,,,,,,,,,,,,,,,,,checkpoint_10 TEST,run/sthelar40x_klt_5class_slideind_foldB_lora_adaptformer_r8_a8_red16_heads_e10_seed42/log/2026-08-20T112527_sthelar40x_klt_5class_slideind_foldB_lora_adaptformer_r8_a8_red16_heads_e10_seed42/inference_results.json,"Rows=true, columns=predicted; paired matches only."
klt_seed_metric,KLT,CellViT-SAM-H,Selected PEFT,Liver,B,,,42,,,,,9756,,,,,,,,,,,,,,,,,0.8320305261263489,0.7316453047641874,0.6256703006781696,0.21196912397895254,0.8977409929626303,0.31214806752516316,,,,,,,,,,,,,,,,,,,,,,,,,,,,,,,,,checkpoint_10 TEST,run/sthelar40x_klt_5class_slideind_foldB_lora_adaptformer_r8_a8_red16_heads_e10_seed42/log/2026-08-20T112527_sthelar40x_klt_5class_slideind_foldB_lora_adaptformer_r8_a8_red16_heads_e10_seed42/inference_results.json,
klt_per_class,KLT,CellViT-SAM-H,Selected PEFT,Liver,B,,,42,Immune,,,,,,,,,,,,,,,,,,,,,,,,,,,,,,,,,,,,,,,,,,,,,0.07772548021880168,,,43250,50651,4360,0.0207910121789553,,,,,,,,checkpoint_10 TEST,run/sthelar40x_klt_5class_slideind_foldB_lora_adaptformer_r8_a8_red16_heads_e10_seed42/log/2026-08-20T112527_sthelar40x_klt_5class_slideind_foldB_lora_adaptformer_r8_a8_red16_heads_e10_seed42/inference_results.json,
klt_per_class,KLT,CellViT-SAM-H,Selected PEFT,Liver,B,,,42,Stromal,,,,,,,,,,,,,,,,,,,,,,,,,,,,,,,,,,,,,,,,,,,,,0.39832764505119456,,,37102,46356,24640,0.11749783029574738,,,,,,,,checkpoint_10 TEST,run/sthelar40x_klt_5class_slideind_foldB_lora_adaptformer_r8_a8_red16_heads_e10_seed42/log/2026-08-20T112527_sthelar40x_klt_5class_slideind_foldB_lora_adaptformer_r8_a8_red16_heads_e10_seed42/inference_results.json,
klt_per_class,KLT,CellViT-SAM-H,Selected PEFT,Liver,B,,,42,Epithelial,,,,,,,,,,,,,,,,,,,,,,,,,,,,,,,,,,,,,,,,,,,,,0.7725391448306564,,,115644,130042,180698,0.8616730088790974,,,,,,,,checkpoint_10 TEST,run/sthelar40x_klt_5class_slideind_foldB_lora_adaptformer_r8_a8_red16_heads_e10_seed42/log/2026-08-20T112527_sthelar40x_klt_5class_slideind_foldB_lora_adaptformer_r8_a8_red16_heads_e10_seed42/inference_results.json,
klt_per_class,KLT,CellViT-SAM-H,Selected PEFT,Liver,B,,,42,Melanocyte,,,,,,,,,,,,,,,,,,,,,,,,,,,,,,,,,,,,,,,,,,,,,,,,0,0,0,0.0,,,,,,,,checkpoint_10 TEST,run/sthelar40x_klt_5class_slideind_foldB_lora_adaptformer_r8_a8_red16_heads_e10_seed42/log/2026-08-20T112527_sthelar40x_klt_5class_slideind_foldB_lora_adaptformer_r8_a8_red16_heads_e10_seed42/inference_results.json,
klt_per_class,KLT,CellViT-SAM-H,Selected PEFT,Liver,B,,,42,Other,,,,,,,,,,,,,,,,,,,,,,,,,,,,,,,,,,,,,,,,,,,,,0.0,,,1299,2569,8,3.814864619991798e-05,,,,,,,,checkpoint_10 TEST,run/sthelar40x_klt_5class_slideind_foldB_lora_adaptformer_r8_a8_red16_heads_e10_seed42/log/2026-08-20T112527_sthelar40x_klt_5class_slideind_foldB_lora_adaptformer_r8_a8_red16_heads_e10_seed42/inference_results.json,
klt_confusion,KLT,CellViT-SAM-H,Selected PEFT,Liver,B,,,42,,Background,Background,2,,,,,,,,,,,,,,,,,,,,,,,,,,,,,,,,,,,,,,,,,,,,,,,,,,,,,,,,checkpoint_10 TEST,run/sthelar40x_klt_5class_slideind_foldB_lora_adaptformer_r8_a8_red16_heads_e10_seed42/log/2026-08-20T112527_sthelar40x_klt_5class_slideind_foldB_lora_adaptformer_r8_a8_red16_heads_e10_seed42/inference_results.json,"Rows=true, columns=predicted; paired matches only."
klt_confusion,KLT,CellViT-SAM-H,Selected PEFT,Liver,B,,,42,,Background,Immune,0,,,,,,,,,,,,,,,,,,,,,,,,,,,,,,,,,,,,,,,,,,,,,,,,,,,,,,,,checkpoint_10 TEST,run/sthelar40x_klt_5class_slideind_foldB_lora_adaptformer_r8_a8_red16_heads_e10_seed42/log/2026-08-20T112527_sthelar40x_klt_5class_slideind_foldB_lora_adaptformer_r8_a8_red16_heads_e10_seed42/inference_results.json,"Rows=true, columns=predicted; paired matches only."
klt_confusion,KLT,CellViT-SAM-H,Selected PEFT,Liver,B,,,42,,Background,Stromal,0,,,,,,,,,,,,,,,,,,,,,,,,,,,,,,,,,,,,,,,,,,,,,,,,,,,,,,,,checkpoint_10 TEST,run/sthelar40x_klt_5class_slideind_foldB_lora_adaptformer_r8_a8_red16_heads_e10_seed42/log/2026-08-20T112527_sthelar40x_klt_5class_slideind_foldB_lora_adaptformer_r8_a8_red16_heads_e10_seed42/inference_results.json,"Rows=true, columns=predicted; paired matches only."
klt_confusion,KLT,CellViT-SAM-H,Selected PEFT,Liver,B,,,42,,Background,Epithelial,0,,,,,,,,,,,,,,,,,,,,,,,,,,,,,,,,,,,,,,,,,,,,,,,,,,,,,,,,checkpoint_10 TEST,run/sthelar40x_klt_5class_slideind_foldB_lora_adaptformer_r8_a8_red16_heads_e10_seed42/log/2026-08-20T112527_sthelar40x_klt_5class_slideind_foldB_lora_adaptformer_r8_a8_red16_heads_e10_seed42/inference_results.json,"Rows=true, columns=predicted; paired matches only."
klt_confusion,KLT,CellViT-SAM-H,Selected PEFT,Liver,B,,,42,,Background,Melanocyte,0,,,,,,,,,,,,,,,,,,,,,,,,,,,,,,,,,,,,,,,,,,,,,,,,,,,,,,,,checkpoint_10 TEST,run/sthelar40x_klt_5class_slideind_foldB_lora_adaptformer_r8_a8_red16_heads_e10_seed42/log/2026-08-20T112527_sthelar40x_klt_5class_slideind_foldB_lora_adaptformer_r8_a8_red16_heads_e10_seed42/inference_results.json,"Rows=true, columns=predicted; paired matches only."
klt_confusion,KLT,CellViT-SAM-H,Selected PEFT,Liver,B,,,42,,Background,Other,0,,,,,,,,,,,,,,,,,,,,,,,,,,,,,,,,,,,,,,,,,,,,,,,,,,,,,,,,checkpoint_10 TEST,run/sthelar40x_klt_5class_slideind_foldB_lora_adaptformer_r8_a8_red16_heads_e10_seed42/log/2026-08-20T112527_sthelar40x_klt_5class_slideind_foldB_lora_adaptformer_r8_a8_red16_heads_e10_seed42/inference_results.json,"Rows=true, columns=predicted; paired matches only."
klt_confusion,KLT,CellViT-SAM-H,Selected PEFT,Liver,B,,,42,,Immune,Background,30,,,,,,,,,,,,,,,,,,,,,,,,,,,,,,,,,,,,,,,,,,,,,,,,,,,,,,,,checkpoint_10 TEST,run/sthelar40x_klt_5class_slideind_foldB_lora_adaptformer_r8_a8_red16_heads_e10_seed42/log/2026-08-20T112527_sthelar40x_klt_5class_slideind_foldB_lora_adaptformer_r8_a8_red16_heads_e10_seed42/inference_results.json,"Rows=true, columns=predicted; paired matches only."
klt_confusion,KLT,CellViT-SAM-H,Selected PEFT,Liver,B,,,42,,Immune,Immune,1833,,,,,,,,,,,,,,,,,,,,,,,,,,,,,,,,,,,,,,,,,,,,,,,,,,,,,,,,checkpoint_10 TEST,run/sthelar40x_klt_5class_slideind_foldB_lora_adaptformer_r8_a8_red16_heads_e10_seed42/log/2026-08-20T112527_sthelar40x_klt_5class_slideind_foldB_lora_adaptformer_r8_a8_red16_heads_e10_seed42/inference_results.json,"Rows=true, columns=predicted; paired matches only."
klt_confusion,KLT,CellViT-SAM-H,Selected PEFT,Liver,B,,,42,,Immune,Stromal,5657,,,,,,,,,,,,,,,,,,,,,,,,,,,,,,,,,,,,,,,,,,,,,,,,,,,,,,,,checkpoint_10 TEST,run/sthelar40x_klt_5class_slideind_foldB_lora_adaptformer_r8_a8_red16_heads_e10_seed42/log/2026-08-20T112527_sthelar40x_klt_5class_slideind_foldB_lora_adaptformer_r8_a8_red16_heads_e10_seed42/inference_results.json,"Rows=true, columns=predicted; paired matches only."
klt_confusion,KLT,CellViT-SAM-H,Selected PEFT,Liver,B,,,42,,Immune,Epithelial,35760,,,,,,,,,,,,,,,,,,,,,,,,,,,,,,,,,,,,,,,,,,,,,,,,,,,,,,,,checkpoint_10 TEST,run/sthelar40x_klt_5class_slideind_foldB_lora_adaptformer_r8_a8_red16_heads_e10_seed42/log/2026-08-20T112527_sthelar40x_klt_5class_slideind_foldB_lora_adaptformer_r8_a8_red16_heads_e10_seed42/inference_results.json,"Rows=true, columns=predicted; paired matches only."
klt_confusion,KLT,CellViT-SAM-H,Selected PEFT,Liver,B,,,42,,Immune,Melanocyte,0,,,,,,,,,,,,,,,,,,,,,,,,,,,,,,,,,,,,,,,,,,,,,,,,,,,,,,,,checkpoint_10 TEST,run/sthelar40x_klt_5class_slideind_foldB_lora_adaptformer_r8_a8_red16_heads_e10_seed42/log/2026-08-20T112527_sthelar40x_klt_5class_slideind_foldB_lora_adaptformer_r8_a8_red16_heads_e10_seed42/inference_results.json,"Rows=true, columns=predicted; paired matches only."
klt_confusion,KLT,CellViT-SAM-H,Selected PEFT,Liver,B,,,42,,Immune,Other,0,,,,,,,,,,,,,,,,,,,,,,,,,,,,,,,,,,,,,,,,,,,,,,,,,,,,,,,,checkpoint_10 TEST,run/sthelar40x_klt_5class_slideind_foldB_lora_adaptformer_r8_a8_red16_heads_e10_seed42/log/2026-08-20T112527_sthelar40x_klt_5class_slideind_foldB_lora_adaptformer_r8_a8_red16_heads_e10_seed42/inference_results.json,"Rows=true, columns=predicted; paired matches only."
klt_confusion,KLT,CellViT-SAM-H,Selected PEFT,Liver,B,,,42,,Stromal,Background,25,,,,,,,,,,,,,,,,,,,,,,,,,,,,,,,,,,,,,,,,,,,,,,,,,,,,,,,,checkpoint_10 TEST,run/sthelar40x_klt_5class_slideind_foldB_lora_adaptformer_r8_a8_red16_heads_e10_seed42/log/2026-08-20T112527_sthelar40x_klt_5class_slideind_foldB_lora_adaptformer_r8_a8_red16_heads_e10_seed42/inference_results.json,"Rows=true, columns=predicted; paired matches only."
klt_confusion,KLT,CellViT-SAM-H,Selected PEFT,Liver,B,,,42,,Stromal,Immune,1050,,,,,,,,,,,,,,,,,,,,,,,,,,,,,,,,,,,,,,,,,,,,,,,,,,,,,,,,checkpoint_10 TEST,run/sthelar40x_klt_5class_slideind_foldB_lora_adaptformer_r8_a8_red16_heads_e10_seed42/log/2026-08-20T112527_sthelar40x_klt_5class_slideind_foldB_lora_adaptformer_r8_a8_red16_heads_e10_seed42/inference_results.json,"Rows=true, columns=predicted; paired matches only."
klt_confusion,KLT,CellViT-SAM-H,Selected PEFT,Liver,B,,,42,,Stromal,Stromal,11671,,,,,,,,,,,,,,,,,,,,,,,,,,,,,,,,,,,,,,,,,,,,,,,,,,,,,,,,checkpoint_10 TEST,run/sthelar40x_klt_5class_slideind_foldB_lora_adaptformer_r8_a8_red16_heads_e10_seed42/log/2026-08-20T112527_sthelar40x_klt_5class_slideind_foldB_lora_adaptformer_r8_a8_red16_heads_e10_seed42/inference_results.json,"Rows=true, columns=predicted; paired matches only."
klt_confusion,KLT,CellViT-SAM-H,Selected PEFT,Liver,B,,,42,,Stromal,Epithelial,24381,,,,,,,,,,,,,,,,,,,,,,,,,,,,,,,,,,,,,,,,,,,,,,,,,,,,,,,,checkpoint_10 TEST,run/sthelar40x_klt_5class_slideind_foldB_lora_adaptformer_r8_a8_red16_heads_e10_seed42/log/2026-08-20T112527_sthelar40x_klt_5class_slideind_foldB_lora_adaptformer_r8_a8_red16_heads_e10_seed42/inference_results.json,"Rows=true, columns=predicted; paired matches only."
klt_confusion,KLT,CellViT-SAM-H,Selected PEFT,Liver,B,,,42,,Stromal,Melanocyte,0,,,,,,,,,,,,,,,,,,,,,,,,,,,,,,,,,,,,,,,,,,,,,,,,,,,,,,,,checkpoint_10 TEST,run/sthelar40x_klt_5class_slideind_foldB_lora_adaptformer_r8_a8_red16_heads_e10_seed42/log/2026-08-20T112527_sthelar40x_klt_5class_slideind_foldB_lora_adaptformer_r8_a8_red16_heads_e10_seed42/inference_results.json,"Rows=true, columns=predicted; paired matches only."
klt_confusion,KLT,CellViT-SAM-H,Selected PEFT,Liver,B,,,42,,Stromal,Other,0,,,,,,,,,,,,,,,,,,,,,,,,,,,,,,,,,,,,,,,,,,,,,,,,,,,,,,,,checkpoint_10 TEST,run/sthelar40x_klt_5class_slideind_foldB_lora_adaptformer_r8_a8_red16_heads_e10_seed42/log/2026-08-20T112527_sthelar40x_klt_5class_slideind_foldB_lora_adaptformer_r8_a8_red16_heads_e10_seed42/inference_results.json,"Rows=true, columns=predicted; paired matches only."
klt_confusion,KLT,CellViT-SAM-H,Selected PEFT,Liver,B,,,42,,Epithelial,Background,59,,,,,,,,,,,,,,,,,,,,,,,,,,,,,,,,,,,,,,,,,,,,,,,,,,,,,,,,checkpoint_10 TEST,run/sthelar40x_klt_5class_slideind_foldB_lora_adaptformer_r8_a8_red16_heads_e10_seed42/log/2026-08-20T112527_sthelar40x_klt_5class_slideind_foldB_lora_adaptformer_r8_a8_red16_heads_e10_seed42/inference_results.json,"Rows=true, columns=predicted; paired matches only."
klt_confusion,KLT,CellViT-SAM-H,Selected PEFT,Liver,B,,,42,,Epithelial,Immune,778,,,,,,,,,,,,,,,,,,,,,,,,,,,,,,,,,,,,,,,,,,,,,,,,,,,,,,,,checkpoint_10 TEST,run/sthelar40x_klt_5class_slideind_foldB_lora_adaptformer_r8_a8_red16_heads_e10_seed42/log/2026-08-20T112527_sthelar40x_klt_5class_slideind_foldB_lora_adaptformer_r8_a8_red16_heads_e10_seed42/inference_results.json,"Rows=true, columns=predicted; paired matches only."
klt_confusion,KLT,CellViT-SAM-H,Selected PEFT,Liver,B,,,42,,Epithelial,Stromal,3802,,,,,,,,,,,,,,,,,,,,,,,,,,,,,,,,,,,,,,,,,,,,,,,,,,,,,,,,checkpoint_10 TEST,run/sthelar40x_klt_5class_slideind_foldB_lora_adaptformer_r8_a8_red16_heads_e10_seed42/log/2026-08-20T112527_sthelar40x_klt_5class_slideind_foldB_lora_adaptformer_r8_a8_red16_heads_e10_seed42/inference_results.json,"Rows=true, columns=predicted; paired matches only."
klt_confusion,KLT,CellViT-SAM-H,Selected PEFT,Liver,B,,,42,,Epithelial,Epithelial,111061,,,,,,,,,,,,,,,,,,,,,,,,,,,,,,,,,,,,,,,,,,,,,,,,,,,,,,,,checkpoint_10 TEST,run/sthelar40x_klt_5class_slideind_foldB_lora_adaptformer_r8_a8_red16_heads_e10_seed42/log/2026-08-20T112527_sthelar40x_klt_5class_slideind_foldB_lora_adaptformer_r8_a8_red16_heads_e10_seed42/inference_results.json,"Rows=true, columns=predicted; paired matches only."
klt_confusion,KLT,CellViT-SAM-H,Selected PEFT,Liver,B,,,42,,Epithelial,Melanocyte,0,,,,,,,,,,,,,,,,,,,,,,,,,,,,,,,,,,,,,,,,,,,,,,,,,,,,,,,,checkpoint_10 TEST,run/sthelar40x_klt_5class_slideind_foldB_lora_adaptformer_r8_a8_red16_heads_e10_seed42/log/2026-08-20T112527_sthelar40x_klt_5class_slideind_foldB_lora_adaptformer_r8_a8_red16_heads_e10_seed42/inference_results.json,"Rows=true, columns=predicted; paired matches only."
klt_confusion,KLT,CellViT-SAM-H,Selected PEFT,Liver,B,,,42,,Epithelial,Other,3,,,,,,,,,,,,,,,,,,,,,,,,,,,,,,,,,,,,,,,,,,,,,,,,,,,,,,,,checkpoint_10 TEST,run/sthelar40x_klt_5class_slideind_foldB_lora_adaptformer_r8_a8_red16_heads_e10_seed42/log/2026-08-20T112527_sthelar40x_klt_5class_slideind_foldB_lora_adaptformer_r8_a8_red16_heads_e10_seed42/inference_results.json,"Rows=true, columns=predicted; paired matches only."
klt_confusion,KLT,CellViT-SAM-H,Selected PEFT,Liver,B,,,42,,Melanocyte,Background,0,,,,,,,,,,,,,,,,,,,,,,,,,,,,,,,,,,,,,,,,,,,,,,,,,,,,,,,,checkpoint_10 TEST,run/sthelar40x_klt_5class_slideind_foldB_lora_adaptformer_r8_a8_red16_heads_e10_seed42/log/2026-08-20T112527_sthelar40x_klt_5class_slideind_foldB_lora_adaptformer_r8_a8_red16_heads_e10_seed42/inference_results.json,"Rows=true, columns=predicted; paired matches only."
klt_confusion,KLT,CellViT-SAM-H,Selected PEFT,Liver,B,,,42,,Melanocyte,Immune,0,,,,,,,,,,,,,,,,,,,,,,,,,,,,,,,,,,,,,,,,,,,,,,,,,,,,,,,,checkpoint_10 TEST,run/sthelar40x_klt_5class_slideind_foldB_lora_adaptformer_r8_a8_red16_heads_e10_seed42/log/2026-08-20T112527_sthelar40x_klt_5class_slideind_foldB_lora_adaptformer_r8_a8_red16_heads_e10_seed42/inference_results.json,"Rows=true, columns=predicted; paired matches only."
klt_confusion,KLT,CellViT-SAM-H,Selected PEFT,Liver,B,,,42,,Melanocyte,Stromal,0,,,,,,,,,,,,,,,,,,,,,,,,,,,,,,,,,,,,,,,,,,,,,,,,,,,,,,,,checkpoint_10 TEST,run/sthelar40x_klt_5class_slideind_foldB_lora_adaptformer_r8_a8_red16_heads_e10_seed42/log/2026-08-20T112527_sthelar40x_klt_5class_slideind_foldB_lora_adaptformer_r8_a8_red16_heads_e10_seed42/inference_results.json,"Rows=true, columns=predicted; paired matches only."
klt_confusion,KLT,CellViT-SAM-H,Selected PEFT,Liver,B,,,42,,Melanocyte,Epithelial,0,,,,,,,,,,,,,,,,,,,,,,,,,,,,,,,,,,,,,,,,,,,,,,,,,,,,,,,,checkpoint_10 TEST,run/sthelar40x_klt_5class_slideind_foldB_lora_adaptformer_r8_a8_red16_heads_e10_seed42/log/2026-08-20T112527_sthelar40x_klt_5class_slideind_foldB_lora_adaptformer_r8_a8_red16_heads_e10_seed42/inference_results.json,"Rows=true, columns=predicted; paired matches only."
klt_confusion,KLT,CellViT-SAM-H,Selected PEFT,Liver,B,,,42,,Melanocyte,Melanocyte,0,,,,,,,,,,,,,,,,,,,,,,,,,,,,,,,,,,,,,,,,,,,,,,,,,,,,,,,,checkpoint_10 TEST,run/sthelar40x_klt_5class_slideind_foldB_lora_adaptformer_r8_a8_red16_heads_e10_seed42/log/2026-08-20T112527_sthelar40x_klt_5class_slideind_foldB_lora_adaptformer_r8_a8_red16_heads_e10_seed42/inference_results.json,"Rows=true, columns=predicted; paired matches only."
klt_confusion,KLT,CellViT-SAM-H,Selected PEFT,Liver,B,,,42,,Melanocyte,Other,0,,,,,,,,,,,,,,,,,,,,,,,,,,,,,,,,,,,,,,,,,,,,,,,,,,,,,,,,checkpoint_10 TEST,run/sthelar40x_klt_5class_slideind_foldB_lora_adaptformer_r8_a8_red16_heads_e10_seed42/log/2026-08-20T112527_sthelar40x_klt_5class_slideind_foldB_lora_adaptformer_r8_a8_red16_heads_e10_seed42/inference_results.json,"Rows=true, columns=predicted; paired matches only."
klt_confusion,KLT,CellViT-SAM-H,Selected PEFT,Liver,B,,,42,,Other,Background,0,,,,,,,,,,,,,,,,,,,,,,,,,,,,,,,,,,,,,,,,,,,,,,,,,,,,,,,,checkpoint_10 TEST,run/sthelar40x_klt_5class_slideind_foldB_lora_adaptformer_r8_a8_red16_heads_e10_seed42/log/2026-08-20T112527_sthelar40x_klt_5class_slideind_foldB_lora_adaptformer_r8_a8_red16_heads_e10_seed42/inference_results.json,"Rows=true, columns=predicted; paired matches only."
klt_confusion,KLT,CellViT-SAM-H,Selected PEFT,Liver,B,,,42,,Other,Immune,255,,,,,,,,,,,,,,,,,,,,,,,,,,,,,,,,,,,,,,,,,,,,,,,,,,,,,,,,checkpoint_10 TEST,run/sthelar40x_klt_5class_slideind_foldB_lora_adaptformer_r8_a8_red16_heads_e10_seed42/log/2026-08-20T112527_sthelar40x_klt_5class_slideind_foldB_lora_adaptformer_r8_a8_red16_heads_e10_seed42/inference_results.json,"Rows=true, columns=predicted; paired matches only."
klt_confusion,KLT,CellViT-SAM-H,Selected PEFT,Liver,B,,,42,,Other,Stromal,368,,,,,,,,,,,,,,,,,,,,,,,,,,,,,,,,,,,,,,,,,,,,,,,,,,,,,,,,checkpoint_10 TEST,run/sthelar40x_klt_5class_slideind_foldB_lora_adaptformer_r8_a8_red16_heads_e10_seed42/log/2026-08-20T112527_sthelar40x_klt_5class_slideind_foldB_lora_adaptformer_r8_a8_red16_heads_e10_seed42/inference_results.json,"Rows=true, columns=predicted; paired matches only."
klt_confusion,KLT,CellViT-SAM-H,Selected PEFT,Liver,B,,,42,,Other,Epithelial,676,,,,,,,,,,,,,,,,,,,,,,,,,,,,,,,,,,,,,,,,,,,,,,,,,,,,,,,,checkpoint_10 TEST,run/sthelar40x_klt_5class_slideind_foldB_lora_adaptformer_r8_a8_red16_heads_e10_seed42/log/2026-08-20T112527_sthelar40x_klt_5class_slideind_foldB_lora_adaptformer_r8_a8_red16_heads_e10_seed42/inference_results.json,"Rows=true, columns=predicted; paired matches only."
klt_confusion,KLT,CellViT-SAM-H,Selected PEFT,Liver,B,,,42,,Other,Melanocyte,0,,,,,,,,,,,,,,,,,,,,,,,,,,,,,,,,,,,,,,,,,,,,,,,,,,,,,,,,checkpoint_10 TEST,run/sthelar40x_klt_5class_slideind_foldB_lora_adaptformer_r8_a8_red16_heads_e10_seed42/log/2026-08-20T112527_sthelar40x_klt_5class_slideind_foldB_lora_adaptformer_r8_a8_red16_heads_e10_seed42/inference_results.json,"Rows=true, columns=predicted; paired matches only."
klt_confusion,KLT,CellViT-SAM-H,Selected PEFT,Liver,B,,,42,,Other,Other,0,,,,,,,,,,,,,,,,,,,,,,,,,,,,,,,,,,,,,,,,,,,,,,,,,,,,,,,,checkpoint_10 TEST,run/sthelar40x_klt_5class_slideind_foldB_lora_adaptformer_r8_a8_red16_heads_e10_seed42/log/2026-08-20T112527_sthelar40x_klt_5class_slideind_foldB_lora_adaptformer_r8_a8_red16_heads_e10_seed42/inference_results.json,"Rows=true, columns=predicted; paired matches only."
klt_seed_metric,KLT,CellViT-SAM-H,Selected PEFT,Tonsil,B,,,42,,,,,9856,,,,,,,,,,,,,,,,,0.8310621936297931,0.7171119315808264,0.5722548061434379,0.24429429137043518,0.84933557875828,0.4539982652185033,,,,,,,,,,,,,,,,,,,,,,,,,,,,,,,,,checkpoint_10 TEST,run/sthelar40x_klt_5class_slideind_foldB_lora_adaptformer_r8_a8_red16_heads_e10_seed42/log/2026-08-20T112527_sthelar40x_klt_5class_slideind_foldB_lora_adaptformer_r8_a8_red16_heads_e10_seed42/inference_results.json,
klt_per_class,KLT,CellViT-SAM-H,Selected PEFT,Tonsil,B,,,42,Immune,,,,,,,,,,,,,,,,,,,,,,,,,,,,,,,,,,,,,,,,,,,,,0.8662313518044388,,,664098,795858,946633,0.8705231601114555,,,,,,,,checkpoint_10 TEST,run/sthelar40x_klt_5class_slideind_foldB_lora_adaptformer_r8_a8_red16_heads_e10_seed42/log/2026-08-20T112527_sthelar40x_klt_5class_slideind_foldB_lora_adaptformer_r8_a8_red16_heads_e10_seed42/inference_results.json,
klt_per_class,KLT,CellViT-SAM-H,Selected PEFT,Tonsil,B,,,42,Stromal,,,,,,,,,,,,,,,,,,,,,,,,,,,,,,,,,,,,,,,,,,,,,0.32647280619470653,,,158070,191136,70705,0.06502027716726594,,,,,,,,checkpoint_10 TEST,run/sthelar40x_klt_5class_slideind_foldB_lora_adaptformer_r8_a8_red16_heads_e10_seed42/log/2026-08-20T112527_sthelar40x_klt_5class_slideind_foldB_lora_adaptformer_r8_a8_red16_heads_e10_seed42/inference_results.json,
klt_per_class,KLT,CellViT-SAM-H,Selected PEFT,Tonsil,B,,,42,Epithelial,,,,,,,,,,,,,,,,,,,,,,,,,,,,,,,,,,,,,,,,,,,,,0.6232889028748679,,,116714,140515,70081,0.0644464471276312,,,,,,,,checkpoint_10 TEST,run/sthelar40x_klt_5class_slideind_foldB_lora_adaptformer_r8_a8_red16_heads_e10_seed42/log/2026-08-20T112527_sthelar40x_klt_5class_slideind_foldB_lora_adaptformer_r8_a8_red16_heads_e10_seed42/inference_results.json,
klt_per_class,KLT,CellViT-SAM-H,Selected PEFT,Tonsil,B,,,42,Melanocyte,,,,,,,,,,,,,,,,,,,,,,,,,,,,,,,,,,,,,,,,,,,,,,,,0,0,0,0.0,,,,,,,,checkpoint_10 TEST,run/sthelar40x_klt_5class_slideind_foldB_lora_adaptformer_r8_a8_red16_heads_e10_seed42/log/2026-08-20T112527_sthelar40x_klt_5class_slideind_foldB_lora_adaptformer_r8_a8_red16_heads_e10_seed42/inference_results.json,
klt_per_class,KLT,CellViT-SAM-H,Selected PEFT,Tonsil,B,,,42,Other,,,,,,,,,,,,,,,,,,,,,,,,,,,,,,,,,,,,,,,,,,,,,0.0,,,6556,11136,11,1.011559364740719e-05,,,,,,,,checkpoint_10 TEST,run/sthelar40x_klt_5class_slideind_foldB_lora_adaptformer_r8_a8_red16_heads_e10_seed42/log/2026-08-20T112527_sthelar40x_klt_5class_slideind_foldB_lora_adaptformer_r8_a8_red16_heads_e10_seed42/inference_results.json,
klt_confusion,KLT,CellViT-SAM-H,Selected PEFT,Tonsil,B,,,42,,Background,Background,8,,,,,,,,,,,,,,,,,,,,,,,,,,,,,,,,,,,,,,,,,,,,,,,,,,,,,,,,checkpoint_10 TEST,run/sthelar40x_klt_5class_slideind_foldB_lora_adaptformer_r8_a8_red16_heads_e10_seed42/log/2026-08-20T112527_sthelar40x_klt_5class_slideind_foldB_lora_adaptformer_r8_a8_red16_heads_e10_seed42/inference_results.json,"Rows=true, columns=predicted; paired matches only."
klt_confusion,KLT,CellViT-SAM-H,Selected PEFT,Tonsil,B,,,42,,Background,Immune,0,,,,,,,,,,,,,,,,,,,,,,,,,,,,,,,,,,,,,,,,,,,,,,,,,,,,,,,,checkpoint_10 TEST,run/sthelar40x_klt_5class_slideind_foldB_lora_adaptformer_r8_a8_red16_heads_e10_seed42/log/2026-08-20T112527_sthelar40x_klt_5class_slideind_foldB_lora_adaptformer_r8_a8_red16_heads_e10_seed42/inference_results.json,"Rows=true, columns=predicted; paired matches only."
klt_confusion,KLT,CellViT-SAM-H,Selected PEFT,Tonsil,B,,,42,,Background,Stromal,0,,,,,,,,,,,,,,,,,,,,,,,,,,,,,,,,,,,,,,,,,,,,,,,,,,,,,,,,checkpoint_10 TEST,run/sthelar40x_klt_5class_slideind_foldB_lora_adaptformer_r8_a8_red16_heads_e10_seed42/log/2026-08-20T112527_sthelar40x_klt_5class_slideind_foldB_lora_adaptformer_r8_a8_red16_heads_e10_seed42/inference_results.json,"Rows=true, columns=predicted; paired matches only."
klt_confusion,KLT,CellViT-SAM-H,Selected PEFT,Tonsil,B,,,42,,Background,Epithelial,0,,,,,,,,,,,,,,,,,,,,,,,,,,,,,,,,,,,,,,,,,,,,,,,,,,,,,,,,checkpoint_10 TEST,run/sthelar40x_klt_5class_slideind_foldB_lora_adaptformer_r8_a8_red16_heads_e10_seed42/log/2026-08-20T112527_sthelar40x_klt_5class_slideind_foldB_lora_adaptformer_r8_a8_red16_heads_e10_seed42/inference_results.json,"Rows=true, columns=predicted; paired matches only."
klt_confusion,KLT,CellViT-SAM-H,Selected PEFT,Tonsil,B,,,42,,Background,Melanocyte,0,,,,,,,,,,,,,,,,,,,,,,,,,,,,,,,,,,,,,,,,,,,,,,,,,,,,,,,,checkpoint_10 TEST,run/sthelar40x_klt_5class_slideind_foldB_lora_adaptformer_r8_a8_red16_heads_e10_seed42/log/2026-08-20T112527_sthelar40x_klt_5class_slideind_foldB_lora_adaptformer_r8_a8_red16_heads_e10_seed42/inference_results.json,"Rows=true, columns=predicted; paired matches only."
klt_confusion,KLT,CellViT-SAM-H,Selected PEFT,Tonsil,B,,,42,,Background,Other,0,,,,,,,,,,,,,,,,,,,,,,,,,,,,,,,,,,,,,,,,,,,,,,,,,,,,,,,,checkpoint_10 TEST,run/sthelar40x_klt_5class_slideind_foldB_lora_adaptformer_r8_a8_red16_heads_e10_seed42/log/2026-08-20T112527_sthelar40x_klt_5class_slideind_foldB_lora_adaptformer_r8_a8_red16_heads_e10_seed42/inference_results.json,"Rows=true, columns=predicted; paired matches only."
klt_confusion,KLT,CellViT-SAM-H,Selected PEFT,Tonsil,B,,,42,,Immune,Background,61,,,,,,,,,,,,,,,,,,,,,,,,,,,,,,,,,,,,,,,,,,,,,,,,,,,,,,,,checkpoint_10 TEST,run/sthelar40x_klt_5class_slideind_foldB_lora_adaptformer_r8_a8_red16_heads_e10_seed42/log/2026-08-20T112527_sthelar40x_klt_5class_slideind_foldB_lora_adaptformer_r8_a8_red16_heads_e10_seed42/inference_results.json,"Rows=true, columns=predicted; paired matches only."
klt_confusion,KLT,CellViT-SAM-H,Selected PEFT,Tonsil,B,,,42,,Immune,Immune,644859,,,,,,,,,,,,,,,,,,,,,,,,,,,,,,,,,,,,,,,,,,,,,,,,,,,,,,,,checkpoint_10 TEST,run/sthelar40x_klt_5class_slideind_foldB_lora_adaptformer_r8_a8_red16_heads_e10_seed42/log/2026-08-20T112527_sthelar40x_klt_5class_slideind_foldB_lora_adaptformer_r8_a8_red16_heads_e10_seed42/inference_results.json,"Rows=true, columns=predicted; paired matches only."
klt_confusion,KLT,CellViT-SAM-H,Selected PEFT,Tonsil,B,,,42,,Immune,Stromal,14152,,,,,,,,,,,,,,,,,,,,,,,,,,,,,,,,,,,,,,,,,,,,,,,,,,,,,,,,checkpoint_10 TEST,run/sthelar40x_klt_5class_slideind_foldB_lora_adaptformer_r8_a8_red16_heads_e10_seed42/log/2026-08-20T112527_sthelar40x_klt_5class_slideind_foldB_lora_adaptformer_r8_a8_red16_heads_e10_seed42/inference_results.json,"Rows=true, columns=predicted; paired matches only."
klt_confusion,KLT,CellViT-SAM-H,Selected PEFT,Tonsil,B,,,42,,Immune,Epithelial,5085,,,,,,,,,,,,,,,,,,,,,,,,,,,,,,,,,,,,,,,,,,,,,,,,,,,,,,,,checkpoint_10 TEST,run/sthelar40x_klt_5class_slideind_foldB_lora_adaptformer_r8_a8_red16_heads_e10_seed42/log/2026-08-20T112527_sthelar40x_klt_5class_slideind_foldB_lora_adaptformer_r8_a8_red16_heads_e10_seed42/inference_results.json,"Rows=true, columns=predicted; paired matches only."
klt_confusion,KLT,CellViT-SAM-H,Selected PEFT,Tonsil,B,,,42,,Immune,Melanocyte,0,,,,,,,,,,,,,,,,,,,,,,,,,,,,,,,,,,,,,,,,,,,,,,,,,,,,,,,,checkpoint_10 TEST,run/sthelar40x_klt_5class_slideind_foldB_lora_adaptformer_r8_a8_red16_heads_e10_seed42/log/2026-08-20T112527_sthelar40x_klt_5class_slideind_foldB_lora_adaptformer_r8_a8_red16_heads_e10_seed42/inference_results.json,"Rows=true, columns=predicted; paired matches only."
klt_confusion,KLT,CellViT-SAM-H,Selected PEFT,Tonsil,B,,,42,,Immune,Other,2,,,,,,,,,,,,,,,,,,,,,,,,,,,,,,,,,,,,,,,,,,,,,,,,,,,,,,,,checkpoint_10 TEST,run/sthelar40x_klt_5class_slideind_foldB_lora_adaptformer_r8_a8_red16_heads_e10_seed42/log/2026-08-20T112527_sthelar40x_klt_5class_slideind_foldB_lora_adaptformer_r8_a8_red16_heads_e10_seed42/inference_results.json,"Rows=true, columns=predicted; paired matches only."
klt_confusion,KLT,CellViT-SAM-H,Selected PEFT,Tonsil,B,,,42,,Stromal,Background,43,,,,,,,,,,,,,,,,,,,,,,,,,,,,,,,,,,,,,,,,,,,,,,,,,,,,,,,,checkpoint_10 TEST,run/sthelar40x_klt_5class_slideind_foldB_lora_adaptformer_r8_a8_red16_heads_e10_seed42/log/2026-08-20T112527_sthelar40x_klt_5class_slideind_foldB_lora_adaptformer_r8_a8_red16_heads_e10_seed42/inference_results.json,"Rows=true, columns=predicted; paired matches only."
klt_confusion,KLT,CellViT-SAM-H,Selected PEFT,Tonsil,B,,,42,,Stromal,Immune,122056,,,,,,,,,,,,,,,,,,,,,,,,,,,,,,,,,,,,,,,,,,,,,,,,,,,,,,,,checkpoint_10 TEST,run/sthelar40x_klt_5class_slideind_foldB_lora_adaptformer_r8_a8_red16_heads_e10_seed42/log/2026-08-20T112527_sthelar40x_klt_5class_slideind_foldB_lora_adaptformer_r8_a8_red16_heads_e10_seed42/inference_results.json,"Rows=true, columns=predicted; paired matches only."
klt_confusion,KLT,CellViT-SAM-H,Selected PEFT,Tonsil,B,,,42,,Stromal,Stromal,35500,,,,,,,,,,,,,,,,,,,,,,,,,,,,,,,,,,,,,,,,,,,,,,,,,,,,,,,,checkpoint_10 TEST,run/sthelar40x_klt_5class_slideind_foldB_lora_adaptformer_r8_a8_red16_heads_e10_seed42/log/2026-08-20T112527_sthelar40x_klt_5class_slideind_foldB_lora_adaptformer_r8_a8_red16_heads_e10_seed42/inference_results.json,"Rows=true, columns=predicted; paired matches only."
klt_confusion,KLT,CellViT-SAM-H,Selected PEFT,Tonsil,B,,,42,,Stromal,Epithelial,513,,,,,,,,,,,,,,,,,,,,,,,,,,,,,,,,,,,,,,,,,,,,,,,,,,,,,,,,checkpoint_10 TEST,run/sthelar40x_klt_5class_slideind_foldB_lora_adaptformer_r8_a8_red16_heads_e10_seed42/log/2026-08-20T112527_sthelar40x_klt_5class_slideind_foldB_lora_adaptformer_r8_a8_red16_heads_e10_seed42/inference_results.json,"Rows=true, columns=predicted; paired matches only."
klt_confusion,KLT,CellViT-SAM-H,Selected PEFT,Tonsil,B,,,42,,Stromal,Melanocyte,0,,,,,,,,,,,,,,,,,,,,,,,,,,,,,,,,,,,,,,,,,,,,,,,,,,,,,,,,checkpoint_10 TEST,run/sthelar40x_klt_5class_slideind_foldB_lora_adaptformer_r8_a8_red16_heads_e10_seed42/log/2026-08-20T112527_sthelar40x_klt_5class_slideind_foldB_lora_adaptformer_r8_a8_red16_heads_e10_seed42/inference_results.json,"Rows=true, columns=predicted; paired matches only."
klt_confusion,KLT,CellViT-SAM-H,Selected PEFT,Tonsil,B,,,42,,Stromal,Other,1,,,,,,,,,,,,,,,,,,,,,,,,,,,,,,,,,,,,,,,,,,,,,,,,,,,,,,,,checkpoint_10 TEST,run/sthelar40x_klt_5class_slideind_foldB_lora_adaptformer_r8_a8_red16_heads_e10_seed42/log/2026-08-20T112527_sthelar40x_klt_5class_slideind_foldB_lora_adaptformer_r8_a8_red16_heads_e10_seed42/inference_results.json,"Rows=true, columns=predicted; paired matches only."
klt_confusion,KLT,CellViT-SAM-H,Selected PEFT,Tonsil,B,,,42,,Epithelial,Background,75,,,,,,,,,,,,,,,,,,,,,,,,,,,,,,,,,,,,,,,,,,,,,,,,,,,,,,,,checkpoint_10 TEST,run/sthelar40x_klt_5class_slideind_foldB_lora_adaptformer_r8_a8_red16_heads_e10_seed42/log/2026-08-20T112527_sthelar40x_klt_5class_slideind_foldB_lora_adaptformer_r8_a8_red16_heads_e10_seed42/inference_results.json,"Rows=true, columns=predicted; paired matches only."
klt_confusion,KLT,CellViT-SAM-H,Selected PEFT,Tonsil,B,,,42,,Epithelial,Immune,52458,,,,,,,,,,,,,,,,,,,,,,,,,,,,,,,,,,,,,,,,,,,,,,,,,,,,,,,,checkpoint_10 TEST,run/sthelar40x_klt_5class_slideind_foldB_lora_adaptformer_r8_a8_red16_heads_e10_seed42/log/2026-08-20T112527_sthelar40x_klt_5class_slideind_foldB_lora_adaptformer_r8_a8_red16_heads_e10_seed42/inference_results.json,"Rows=true, columns=predicted; paired matches only."
klt_confusion,KLT,CellViT-SAM-H,Selected PEFT,Tonsil,B,,,42,,Epithelial,Stromal,8796,,,,,,,,,,,,,,,,,,,,,,,,,,,,,,,,,,,,,,,,,,,,,,,,,,,,,,,,checkpoint_10 TEST,run/sthelar40x_klt_5class_slideind_foldB_lora_adaptformer_r8_a8_red16_heads_e10_seed42/log/2026-08-20T112527_sthelar40x_klt_5class_slideind_foldB_lora_adaptformer_r8_a8_red16_heads_e10_seed42/inference_results.json,"Rows=true, columns=predicted; paired matches only."
klt_confusion,KLT,CellViT-SAM-H,Selected PEFT,Tonsil,B,,,42,,Epithelial,Epithelial,55459,,,,,,,,,,,,,,,,,,,,,,,,,,,,,,,,,,,,,,,,,,,,,,,,,,,,,,,,checkpoint_10 TEST,run/sthelar40x_klt_5class_slideind_foldB_lora_adaptformer_r8_a8_red16_heads_e10_seed42/log/2026-08-20T112527_sthelar40x_klt_5class_slideind_foldB_lora_adaptformer_r8_a8_red16_heads_e10_seed42/inference_results.json,"Rows=true, columns=predicted; paired matches only."
klt_confusion,KLT,CellViT-SAM-H,Selected PEFT,Tonsil,B,,,42,,Epithelial,Melanocyte,0,,,,,,,,,,,,,,,,,,,,,,,,,,,,,,,,,,,,,,,,,,,,,,,,,,,,,,,,checkpoint_10 TEST,run/sthelar40x_klt_5class_slideind_foldB_lora_adaptformer_r8_a8_red16_heads_e10_seed42/log/2026-08-20T112527_sthelar40x_klt_5class_slideind_foldB_lora_adaptformer_r8_a8_red16_heads_e10_seed42/inference_results.json,"Rows=true, columns=predicted; paired matches only."
klt_confusion,KLT,CellViT-SAM-H,Selected PEFT,Tonsil,B,,,42,,Epithelial,Other,1,,,,,,,,,,,,,,,,,,,,,,,,,,,,,,,,,,,,,,,,,,,,,,,,,,,,,,,,checkpoint_10 TEST,run/sthelar40x_klt_5class_slideind_foldB_lora_adaptformer_r8_a8_red16_heads_e10_seed42/log/2026-08-20T112527_sthelar40x_klt_5class_slideind_foldB_lora_adaptformer_r8_a8_red16_heads_e10_seed42/inference_results.json,"Rows=true, columns=predicted; paired matches only."
klt_confusion,KLT,CellViT-SAM-H,Selected PEFT,Tonsil,B,,,42,,Melanocyte,Background,0,,,,,,,,,,,,,,,,,,,,,,,,,,,,,,,,,,,,,,,,,,,,,,,,,,,,,,,,checkpoint_10 TEST,run/sthelar40x_klt_5class_slideind_foldB_lora_adaptformer_r8_a8_red16_heads_e10_seed42/log/2026-08-20T112527_sthelar40x_klt_5class_slideind_foldB_lora_adaptformer_r8_a8_red16_heads_e10_seed42/inference_results.json,"Rows=true, columns=predicted; paired matches only."
klt_confusion,KLT,CellViT-SAM-H,Selected PEFT,Tonsil,B,,,42,,Melanocyte,Immune,0,,,,,,,,,,,,,,,,,,,,,,,,,,,,,,,,,,,,,,,,,,,,,,,,,,,,,,,,checkpoint_10 TEST,run/sthelar40x_klt_5class_slideind_foldB_lora_adaptformer_r8_a8_red16_heads_e10_seed42/log/2026-08-20T112527_sthelar40x_klt_5class_slideind_foldB_lora_adaptformer_r8_a8_red16_heads_e10_seed42/inference_results.json,"Rows=true, columns=predicted; paired matches only."
klt_confusion,KLT,CellViT-SAM-H,Selected PEFT,Tonsil,B,,,42,,Melanocyte,Stromal,0,,,,,,,,,,,,,,,,,,,,,,,,,,,,,,,,,,,,,,,,,,,,,,,,,,,,,,,,checkpoint_10 TEST,run/sthelar40x_klt_5class_slideind_foldB_lora_adaptformer_r8_a8_red16_heads_e10_seed42/log/2026-08-20T112527_sthelar40x_klt_5class_slideind_foldB_lora_adaptformer_r8_a8_red16_heads_e10_seed42/inference_results.json,"Rows=true, columns=predicted; paired matches only."
klt_confusion,KLT,CellViT-SAM-H,Selected PEFT,Tonsil,B,,,42,,Melanocyte,Epithelial,0,,,,,,,,,,,,,,,,,,,,,,,,,,,,,,,,,,,,,,,,,,,,,,,,,,,,,,,,checkpoint_10 TEST,run/sthelar40x_klt_5class_slideind_foldB_lora_adaptformer_r8_a8_red16_heads_e10_seed42/log/2026-08-20T112527_sthelar40x_klt_5class_slideind_foldB_lora_adaptformer_r8_a8_red16_heads_e10_seed42/inference_results.json,"Rows=true, columns=predicted; paired matches only."
klt_confusion,KLT,CellViT-SAM-H,Selected PEFT,Tonsil,B,,,42,,Melanocyte,Melanocyte,0,,,,,,,,,,,,,,,,,,,,,,,,,,,,,,,,,,,,,,,,,,,,,,,,,,,,,,,,checkpoint_10 TEST,run/sthelar40x_klt_5class_slideind_foldB_lora_adaptformer_r8_a8_red16_heads_e10_seed42/log/2026-08-20T112527_sthelar40x_klt_5class_slideind_foldB_lora_adaptformer_r8_a8_red16_heads_e10_seed42/inference_results.json,"Rows=true, columns=predicted; paired matches only."
klt_confusion,KLT,CellViT-SAM-H,Selected PEFT,Tonsil,B,,,42,,Melanocyte,Other,0,,,,,,,,,,,,,,,,,,,,,,,,,,,,,,,,,,,,,,,,,,,,,,,,,,,,,,,,checkpoint_10 TEST,run/sthelar40x_klt_5class_slideind_foldB_lora_adaptformer_r8_a8_red16_heads_e10_seed42/log/2026-08-20T112527_sthelar40x_klt_5class_slideind_foldB_lora_adaptformer_r8_a8_red16_heads_e10_seed42/inference_results.json,"Rows=true, columns=predicted; paired matches only."
klt_confusion,KLT,CellViT-SAM-H,Selected PEFT,Tonsil,B,,,42,,Other,Background,4,,,,,,,,,,,,,,,,,,,,,,,,,,,,,,,,,,,,,,,,,,,,,,,,,,,,,,,,checkpoint_10 TEST,run/sthelar40x_klt_5class_slideind_foldB_lora_adaptformer_r8_a8_red16_heads_e10_seed42/log/2026-08-20T112527_sthelar40x_klt_5class_slideind_foldB_lora_adaptformer_r8_a8_red16_heads_e10_seed42/inference_results.json,"Rows=true, columns=predicted; paired matches only."
klt_confusion,KLT,CellViT-SAM-H,Selected PEFT,Tonsil,B,,,42,,Other,Immune,5413,,,,,,,,,,,,,,,,,,,,,,,,,,,,,,,,,,,,,,,,,,,,,,,,,,,,,,,,checkpoint_10 TEST,run/sthelar40x_klt_5class_slideind_foldB_lora_adaptformer_r8_a8_red16_heads_e10_seed42/log/2026-08-20T112527_sthelar40x_klt_5class_slideind_foldB_lora_adaptformer_r8_a8_red16_heads_e10_seed42/inference_results.json,"Rows=true, columns=predicted; paired matches only."
klt_confusion,KLT,CellViT-SAM-H,Selected PEFT,Tonsil,B,,,42,,Other,Stromal,958,,,,,,,,,,,,,,,,,,,,,,,,,,,,,,,,,,,,,,,,,,,,,,,,,,,,,,,,checkpoint_10 TEST,run/sthelar40x_klt_5class_slideind_foldB_lora_adaptformer_r8_a8_red16_heads_e10_seed42/log/2026-08-20T112527_sthelar40x_klt_5class_slideind_foldB_lora_adaptformer_r8_a8_red16_heads_e10_seed42/inference_results.json,"Rows=true, columns=predicted; paired matches only."
klt_confusion,KLT,CellViT-SAM-H,Selected PEFT,Tonsil,B,,,42,,Other,Epithelial,185,,,,,,,,,,,,,,,,,,,,,,,,,,,,,,,,,,,,,,,,,,,,,,,,,,,,,,,,checkpoint_10 TEST,run/sthelar40x_klt_5class_slideind_foldB_lora_adaptformer_r8_a8_red16_heads_e10_seed42/log/2026-08-20T112527_sthelar40x_klt_5class_slideind_foldB_lora_adaptformer_r8_a8_red16_heads_e10_seed42/inference_results.json,"Rows=true, columns=predicted; paired matches only."
klt_confusion,KLT,CellViT-SAM-H,Selected PEFT,Tonsil,B,,,42,,Other,Melanocyte,0,,,,,,,,,,,,,,,,,,,,,,,,,,,,,,,,,,,,,,,,,,,,,,,,,,,,,,,,checkpoint_10 TEST,run/sthelar40x_klt_5class_slideind_foldB_lora_adaptformer_r8_a8_red16_heads_e10_seed42/log/2026-08-20T112527_sthelar40x_klt_5class_slideind_foldB_lora_adaptformer_r8_a8_red16_heads_e10_seed42/inference_results.json,"Rows=true, columns=predicted; paired matches only."
klt_confusion,KLT,CellViT-SAM-H,Selected PEFT,Tonsil,B,,,42,,Other,Other,0,,,,,,,,,,,,,,,,,,,,,,,,,,,,,,,,,,,,,,,,,,,,,,,,,,,,,,,,checkpoint_10 TEST,run/sthelar40x_klt_5class_slideind_foldB_lora_adaptformer_r8_a8_red16_heads_e10_seed42/log/2026-08-20T112527_sthelar40x_klt_5class_slideind_foldB_lora_adaptformer_r8_a8_red16_heads_e10_seed42/inference_results.json,"Rows=true, columns=predicted; paired matches only."
klt_seed_metric,KLT,CellViT-SAM-H,Selected PEFT,Pooled KLT,B,,,42,,,,,26335,,,,,,,,,,,,,,,,,0.836443180419304,0.7312682490755203,0.609579157330767,0.23050523629255693,0.862920170836519,0.477919743082384,,,,,,,,,,,,,,,,,,,,,,,,,,,,,,,,,checkpoint_10 TEST,run/sthelar40x_klt_5class_slideind_foldB_lora_adaptformer_r8_a8_red16_heads_e10_seed42/log/2026-08-20T112527_sthelar40x_klt_5class_slideind_foldB_lora_adaptformer_r8_a8_red16_heads_e10_seed42/inference_results.json,
klt_per_class,KLT,CellViT-SAM-H,Selected PEFT,Pooled KLT,B,,,42,Immune,,,,,,,,,,,,,,,,,,,,,,,,,,,,,,,,,,,,,,,,,,,,,0.8234745928668984,,,723997,866243,988599,0.6711343376597985,,,,,,,,checkpoint_10 TEST,run/sthelar40x_klt_5class_slideind_foldB_lora_adaptformer_r8_a8_red16_heads_e10_seed42/log/2026-08-20T112527_sthelar40x_klt_5class_slideind_foldB_lora_adaptformer_r8_a8_red16_heads_e10_seed42/inference_results.json,
klt_per_class,KLT,CellViT-SAM-H,Selected PEFT,Pooled KLT,B,,,42,Stromal,,,,,,,,,,,,,,,,,,,,,,,,,,,,,,,,,,,,,,,,,,,,,0.39176008297762,,,242837,292611,178170,0.1209550130445674,,,,,,,,checkpoint_10 TEST,run/sthelar40x_klt_5class_slideind_foldB_lora_adaptformer_r8_a8_red16_heads_e10_seed42/log/2026-08-20T112527_sthelar40x_klt_5class_slideind_foldB_lora_adaptformer_r8_a8_red16_heads_e10_seed42/inference_results.json,
klt_per_class,KLT,CellViT-SAM-H,Selected PEFT,Pooled KLT,B,,,42,Epithelial,,,,,,,,,,,,,,,,,,,,,,,,,,,,,,,,,,,,,,,,,,,,,0.6963120213527425,,,326868,377387,306237,0.20789639293780765,,,,,,,,checkpoint_10 TEST,run/sthelar40x_klt_5class_slideind_foldB_lora_adaptformer_r8_a8_red16_heads_e10_seed42/log/2026-08-20T112527_sthelar40x_klt_5class_slideind_foldB_lora_adaptformer_r8_a8_red16_heads_e10_seed42/inference_results.json,
klt_per_class,KLT,CellViT-SAM-H,Selected PEFT,Pooled KLT,B,,,42,Melanocyte,,,,,,,,,,,,,,,,,,,,,,,,,,,,,,,,,,,,,,,,,,,,,,,,0,0,0,0.0,,,,,,,,checkpoint_10 TEST,run/sthelar40x_klt_5class_slideind_foldB_lora_adaptformer_r8_a8_red16_heads_e10_seed42/log/2026-08-20T112527_sthelar40x_klt_5class_slideind_foldB_lora_adaptformer_r8_a8_red16_heads_e10_seed42/inference_results.json,
klt_per_class,KLT,CellViT-SAM-H,Selected PEFT,Pooled KLT,B,,,42,Other,,,,,,,,,,,,,,,,,,,,,,,,,,,,,,,,,,,,,,,,,,,,,0.00013227513227513228,,,15111,23623,21,1.4256357826434953e-05,,,,,,,,checkpoint_10 TEST,run/sthelar40x_klt_5class_slideind_foldB_lora_adaptformer_r8_a8_red16_heads_e10_seed42/log/2026-08-20T112527_sthelar40x_klt_5class_slideind_foldB_lora_adaptformer_r8_a8_red16_heads_e10_seed42/inference_results.json,
klt_confusion,KLT,CellViT-SAM-H,Selected PEFT,Pooled KLT,B,,,42,,Background,Background,17,,,,,,,,,,,,,,,,,,,,,,,,,,,,,,,,,,,,,,,,,,,,,,,,,,,,,,,,checkpoint_10 TEST,run/sthelar40x_klt_5class_slideind_foldB_lora_adaptformer_r8_a8_red16_heads_e10_seed42/log/2026-08-20T112527_sthelar40x_klt_5class_slideind_foldB_lora_adaptformer_r8_a8_red16_heads_e10_seed42/inference_results.json,"Rows=true, columns=predicted; paired matches only."
klt_confusion,KLT,CellViT-SAM-H,Selected PEFT,Pooled KLT,B,,,42,,Background,Immune,0,,,,,,,,,,,,,,,,,,,,,,,,,,,,,,,,,,,,,,,,,,,,,,,,,,,,,,,,checkpoint_10 TEST,run/sthelar40x_klt_5class_slideind_foldB_lora_adaptformer_r8_a8_red16_heads_e10_seed42/log/2026-08-20T112527_sthelar40x_klt_5class_slideind_foldB_lora_adaptformer_r8_a8_red16_heads_e10_seed42/inference_results.json,"Rows=true, columns=predicted; paired matches only."
klt_confusion,KLT,CellViT-SAM-H,Selected PEFT,Pooled KLT,B,,,42,,Background,Stromal,0,,,,,,,,,,,,,,,,,,,,,,,,,,,,,,,,,,,,,,,,,,,,,,,,,,,,,,,,checkpoint_10 TEST,run/sthelar40x_klt_5class_slideind_foldB_lora_adaptformer_r8_a8_red16_heads_e10_seed42/log/2026-08-20T112527_sthelar40x_klt_5class_slideind_foldB_lora_adaptformer_r8_a8_red16_heads_e10_seed42/inference_results.json,"Rows=true, columns=predicted; paired matches only."
klt_confusion,KLT,CellViT-SAM-H,Selected PEFT,Pooled KLT,B,,,42,,Background,Epithelial,0,,,,,,,,,,,,,,,,,,,,,,,,,,,,,,,,,,,,,,,,,,,,,,,,,,,,,,,,checkpoint_10 TEST,run/sthelar40x_klt_5class_slideind_foldB_lora_adaptformer_r8_a8_red16_heads_e10_seed42/log/2026-08-20T112527_sthelar40x_klt_5class_slideind_foldB_lora_adaptformer_r8_a8_red16_heads_e10_seed42/inference_results.json,"Rows=true, columns=predicted; paired matches only."
klt_confusion,KLT,CellViT-SAM-H,Selected PEFT,Pooled KLT,B,,,42,,Background,Melanocyte,0,,,,,,,,,,,,,,,,,,,,,,,,,,,,,,,,,,,,,,,,,,,,,,,,,,,,,,,,checkpoint_10 TEST,run/sthelar40x_klt_5class_slideind_foldB_lora_adaptformer_r8_a8_red16_heads_e10_seed42/log/2026-08-20T112527_sthelar40x_klt_5class_slideind_foldB_lora_adaptformer_r8_a8_red16_heads_e10_seed42/inference_results.json,"Rows=true, columns=predicted; paired matches only."
klt_confusion,KLT,CellViT-SAM-H,Selected PEFT,Pooled KLT,B,,,42,,Background,Other,0,,,,,,,,,,,,,,,,,,,,,,,,,,,,,,,,,,,,,,,,,,,,,,,,,,,,,,,,checkpoint_10 TEST,run/sthelar40x_klt_5class_slideind_foldB_lora_adaptformer_r8_a8_red16_heads_e10_seed42/log/2026-08-20T112527_sthelar40x_klt_5class_slideind_foldB_lora_adaptformer_r8_a8_red16_heads_e10_seed42/inference_results.json,"Rows=true, columns=predicted; paired matches only."
klt_confusion,KLT,CellViT-SAM-H,Selected PEFT,Pooled KLT,B,,,42,,Immune,Background,98,,,,,,,,,,,,,,,,,,,,,,,,,,,,,,,,,,,,,,,,,,,,,,,,,,,,,,,,checkpoint_10 TEST,run/sthelar40x_klt_5class_slideind_foldB_lora_adaptformer_r8_a8_red16_heads_e10_seed42/log/2026-08-20T112527_sthelar40x_klt_5class_slideind_foldB_lora_adaptformer_r8_a8_red16_heads_e10_seed42/inference_results.json,"Rows=true, columns=predicted; paired matches only."
klt_confusion,KLT,CellViT-SAM-H,Selected PEFT,Pooled KLT,B,,,42,,Immune,Immune,653887,,,,,,,,,,,,,,,,,,,,,,,,,,,,,,,,,,,,,,,,,,,,,,,,,,,,,,,,checkpoint_10 TEST,run/sthelar40x_klt_5class_slideind_foldB_lora_adaptformer_r8_a8_red16_heads_e10_seed42/log/2026-08-20T112527_sthelar40x_klt_5class_slideind_foldB_lora_adaptformer_r8_a8_red16_heads_e10_seed42/inference_results.json,"Rows=true, columns=predicted; paired matches only."
klt_confusion,KLT,CellViT-SAM-H,Selected PEFT,Pooled KLT,B,,,42,,Immune,Stromal,27799,,,,,,,,,,,,,,,,,,,,,,,,,,,,,,,,,,,,,,,,,,,,,,,,,,,,,,,,checkpoint_10 TEST,run/sthelar40x_klt_5class_slideind_foldB_lora_adaptformer_r8_a8_red16_heads_e10_seed42/log/2026-08-20T112527_sthelar40x_klt_5class_slideind_foldB_lora_adaptformer_r8_a8_red16_heads_e10_seed42/inference_results.json,"Rows=true, columns=predicted; paired matches only."
klt_confusion,KLT,CellViT-SAM-H,Selected PEFT,Pooled KLT,B,,,42,,Immune,Epithelial,42309,,,,,,,,,,,,,,,,,,,,,,,,,,,,,,,,,,,,,,,,,,,,,,,,,,,,,,,,checkpoint_10 TEST,run/sthelar40x_klt_5class_slideind_foldB_lora_adaptformer_r8_a8_red16_heads_e10_seed42/log/2026-08-20T112527_sthelar40x_klt_5class_slideind_foldB_lora_adaptformer_r8_a8_red16_heads_e10_seed42/inference_results.json,"Rows=true, columns=predicted; paired matches only."
klt_confusion,KLT,CellViT-SAM-H,Selected PEFT,Pooled KLT,B,,,42,,Immune,Melanocyte,0,,,,,,,,,,,,,,,,,,,,,,,,,,,,,,,,,,,,,,,,,,,,,,,,,,,,,,,,checkpoint_10 TEST,run/sthelar40x_klt_5class_slideind_foldB_lora_adaptformer_r8_a8_red16_heads_e10_seed42/log/2026-08-20T112527_sthelar40x_klt_5class_slideind_foldB_lora_adaptformer_r8_a8_red16_heads_e10_seed42/inference_results.json,"Rows=true, columns=predicted; paired matches only."
klt_confusion,KLT,CellViT-SAM-H,Selected PEFT,Pooled KLT,B,,,42,,Immune,Other,2,,,,,,,,,,,,,,,,,,,,,,,,,,,,,,,,,,,,,,,,,,,,,,,,,,,,,,,,checkpoint_10 TEST,run/sthelar40x_klt_5class_slideind_foldB_lora_adaptformer_r8_a8_red16_heads_e10_seed42/log/2026-08-20T112527_sthelar40x_klt_5class_slideind_foldB_lora_adaptformer_r8_a8_red16_heads_e10_seed42/inference_results.json,"Rows=true, columns=predicted; paired matches only."
klt_confusion,KLT,CellViT-SAM-H,Selected PEFT,Pooled KLT,B,,,42,,Stromal,Background,88,,,,,,,,,,,,,,,,,,,,,,,,,,,,,,,,,,,,,,,,,,,,,,,,,,,,,,,,checkpoint_10 TEST,run/sthelar40x_klt_5class_slideind_foldB_lora_adaptformer_r8_a8_red16_heads_e10_seed42/log/2026-08-20T112527_sthelar40x_klt_5class_slideind_foldB_lora_adaptformer_r8_a8_red16_heads_e10_seed42/inference_results.json,"Rows=true, columns=predicted; paired matches only."
klt_confusion,KLT,CellViT-SAM-H,Selected PEFT,Pooled KLT,B,,,42,,Stromal,Immune,135540,,,,,,,,,,,,,,,,,,,,,,,,,,,,,,,,,,,,,,,,,,,,,,,,,,,,,,,,checkpoint_10 TEST,run/sthelar40x_klt_5class_slideind_foldB_lora_adaptformer_r8_a8_red16_heads_e10_seed42/log/2026-08-20T112527_sthelar40x_klt_5class_slideind_foldB_lora_adaptformer_r8_a8_red16_heads_e10_seed42/inference_results.json,"Rows=true, columns=predicted; paired matches only."
klt_confusion,KLT,CellViT-SAM-H,Selected PEFT,Pooled KLT,B,,,42,,Stromal,Stromal,78562,,,,,,,,,,,,,,,,,,,,,,,,,,,,,,,,,,,,,,,,,,,,,,,,,,,,,,,,checkpoint_10 TEST,run/sthelar40x_klt_5class_slideind_foldB_lora_adaptformer_r8_a8_red16_heads_e10_seed42/log/2026-08-20T112527_sthelar40x_klt_5class_slideind_foldB_lora_adaptformer_r8_a8_red16_heads_e10_seed42/inference_results.json,"Rows=true, columns=predicted; paired matches only."
klt_confusion,KLT,CellViT-SAM-H,Selected PEFT,Pooled KLT,B,,,42,,Stromal,Epithelial,28733,,,,,,,,,,,,,,,,,,,,,,,,,,,,,,,,,,,,,,,,,,,,,,,,,,,,,,,,checkpoint_10 TEST,run/sthelar40x_klt_5class_slideind_foldB_lora_adaptformer_r8_a8_red16_heads_e10_seed42/log/2026-08-20T112527_sthelar40x_klt_5class_slideind_foldB_lora_adaptformer_r8_a8_red16_heads_e10_seed42/inference_results.json,"Rows=true, columns=predicted; paired matches only."
klt_confusion,KLT,CellViT-SAM-H,Selected PEFT,Pooled KLT,B,,,42,,Stromal,Melanocyte,0,,,,,,,,,,,,,,,,,,,,,,,,,,,,,,,,,,,,,,,,,,,,,,,,,,,,,,,,checkpoint_10 TEST,run/sthelar40x_klt_5class_slideind_foldB_lora_adaptformer_r8_a8_red16_heads_e10_seed42/log/2026-08-20T112527_sthelar40x_klt_5class_slideind_foldB_lora_adaptformer_r8_a8_red16_heads_e10_seed42/inference_results.json,"Rows=true, columns=predicted; paired matches only."
klt_confusion,KLT,CellViT-SAM-H,Selected PEFT,Pooled KLT,B,,,42,,Stromal,Other,2,,,,,,,,,,,,,,,,,,,,,,,,,,,,,,,,,,,,,,,,,,,,,,,,,,,,,,,,checkpoint_10 TEST,run/sthelar40x_klt_5class_slideind_foldB_lora_adaptformer_r8_a8_red16_heads_e10_seed42/log/2026-08-20T112527_sthelar40x_klt_5class_slideind_foldB_lora_adaptformer_r8_a8_red16_heads_e10_seed42/inference_results.json,"Rows=true, columns=predicted; paired matches only."
klt_confusion,KLT,CellViT-SAM-H,Selected PEFT,Pooled KLT,B,,,42,,Epithelial,Background,228,,,,,,,,,,,,,,,,,,,,,,,,,,,,,,,,,,,,,,,,,,,,,,,,,,,,,,,,checkpoint_10 TEST,run/sthelar40x_klt_5class_slideind_foldB_lora_adaptformer_r8_a8_red16_heads_e10_seed42/log/2026-08-20T112527_sthelar40x_klt_5class_slideind_foldB_lora_adaptformer_r8_a8_red16_heads_e10_seed42/inference_results.json,"Rows=true, columns=predicted; paired matches only."
klt_confusion,KLT,CellViT-SAM-H,Selected PEFT,Pooled KLT,B,,,42,,Epithelial,Immune,67298,,,,,,,,,,,,,,,,,,,,,,,,,,,,,,,,,,,,,,,,,,,,,,,,,,,,,,,,checkpoint_10 TEST,run/sthelar40x_klt_5class_slideind_foldB_lora_adaptformer_r8_a8_red16_heads_e10_seed42/log/2026-08-20T112527_sthelar40x_klt_5class_slideind_foldB_lora_adaptformer_r8_a8_red16_heads_e10_seed42/inference_results.json,"Rows=true, columns=predicted; paired matches only."
klt_confusion,KLT,CellViT-SAM-H,Selected PEFT,Pooled KLT,B,,,42,,Epithelial,Stromal,46036,,,,,,,,,,,,,,,,,,,,,,,,,,,,,,,,,,,,,,,,,,,,,,,,,,,,,,,,checkpoint_10 TEST,run/sthelar40x_klt_5class_slideind_foldB_lora_adaptformer_r8_a8_red16_heads_e10_seed42/log/2026-08-20T112527_sthelar40x_klt_5class_slideind_foldB_lora_adaptformer_r8_a8_red16_heads_e10_seed42/inference_results.json,"Rows=true, columns=predicted; paired matches only."
klt_confusion,KLT,CellViT-SAM-H,Selected PEFT,Pooled KLT,B,,,42,,Epithelial,Epithelial,213530,,,,,,,,,,,,,,,,,,,,,,,,,,,,,,,,,,,,,,,,,,,,,,,,,,,,,,,,checkpoint_10 TEST,run/sthelar40x_klt_5class_slideind_foldB_lora_adaptformer_r8_a8_red16_heads_e10_seed42/log/2026-08-20T112527_sthelar40x_klt_5class_slideind_foldB_lora_adaptformer_r8_a8_red16_heads_e10_seed42/inference_results.json,"Rows=true, columns=predicted; paired matches only."
klt_confusion,KLT,CellViT-SAM-H,Selected PEFT,Pooled KLT,B,,,42,,Epithelial,Melanocyte,0,,,,,,,,,,,,,,,,,,,,,,,,,,,,,,,,,,,,,,,,,,,,,,,,,,,,,,,,checkpoint_10 TEST,run/sthelar40x_klt_5class_slideind_foldB_lora_adaptformer_r8_a8_red16_heads_e10_seed42/log/2026-08-20T112527_sthelar40x_klt_5class_slideind_foldB_lora_adaptformer_r8_a8_red16_heads_e10_seed42/inference_results.json,"Rows=true, columns=predicted; paired matches only."
klt_confusion,KLT,CellViT-SAM-H,Selected PEFT,Pooled KLT,B,,,42,,Epithelial,Other,4,,,,,,,,,,,,,,,,,,,,,,,,,,,,,,,,,,,,,,,,,,,,,,,,,,,,,,,,checkpoint_10 TEST,run/sthelar40x_klt_5class_slideind_foldB_lora_adaptformer_r8_a8_red16_heads_e10_seed42/log/2026-08-20T112527_sthelar40x_klt_5class_slideind_foldB_lora_adaptformer_r8_a8_red16_heads_e10_seed42/inference_results.json,"Rows=true, columns=predicted; paired matches only."
klt_confusion,KLT,CellViT-SAM-H,Selected PEFT,Pooled KLT,B,,,42,,Melanocyte,Background,0,,,,,,,,,,,,,,,,,,,,,,,,,,,,,,,,,,,,,,,,,,,,,,,,,,,,,,,,checkpoint_10 TEST,run/sthelar40x_klt_5class_slideind_foldB_lora_adaptformer_r8_a8_red16_heads_e10_seed42/log/2026-08-20T112527_sthelar40x_klt_5class_slideind_foldB_lora_adaptformer_r8_a8_red16_heads_e10_seed42/inference_results.json,"Rows=true, columns=predicted; paired matches only."
klt_confusion,KLT,CellViT-SAM-H,Selected PEFT,Pooled KLT,B,,,42,,Melanocyte,Immune,0,,,,,,,,,,,,,,,,,,,,,,,,,,,,,,,,,,,,,,,,,,,,,,,,,,,,,,,,checkpoint_10 TEST,run/sthelar40x_klt_5class_slideind_foldB_lora_adaptformer_r8_a8_red16_heads_e10_seed42/log/2026-08-20T112527_sthelar40x_klt_5class_slideind_foldB_lora_adaptformer_r8_a8_red16_heads_e10_seed42/inference_results.json,"Rows=true, columns=predicted; paired matches only."
klt_confusion,KLT,CellViT-SAM-H,Selected PEFT,Pooled KLT,B,,,42,,Melanocyte,Stromal,0,,,,,,,,,,,,,,,,,,,,,,,,,,,,,,,,,,,,,,,,,,,,,,,,,,,,,,,,checkpoint_10 TEST,run/sthelar40x_klt_5class_slideind_foldB_lora_adaptformer_r8_a8_red16_heads_e10_seed42/log/2026-08-20T112527_sthelar40x_klt_5class_slideind_foldB_lora_adaptformer_r8_a8_red16_heads_e10_seed42/inference_results.json,"Rows=true, columns=predicted; paired matches only."
klt_confusion,KLT,CellViT-SAM-H,Selected PEFT,Pooled KLT,B,,,42,,Melanocyte,Epithelial,0,,,,,,,,,,,,,,,,,,,,,,,,,,,,,,,,,,,,,,,,,,,,,,,,,,,,,,,,checkpoint_10 TEST,run/sthelar40x_klt_5class_slideind_foldB_lora_adaptformer_r8_a8_red16_heads_e10_seed42/log/2026-08-20T112527_sthelar40x_klt_5class_slideind_foldB_lora_adaptformer_r8_a8_red16_heads_e10_seed42/inference_results.json,"Rows=true, columns=predicted; paired matches only."
klt_confusion,KLT,CellViT-SAM-H,Selected PEFT,Pooled KLT,B,,,42,,Melanocyte,Melanocyte,0,,,,,,,,,,,,,,,,,,,,,,,,,,,,,,,,,,,,,,,,,,,,,,,,,,,,,,,,checkpoint_10 TEST,run/sthelar40x_klt_5class_slideind_foldB_lora_adaptformer_r8_a8_red16_heads_e10_seed42/log/2026-08-20T112527_sthelar40x_klt_5class_slideind_foldB_lora_adaptformer_r8_a8_red16_heads_e10_seed42/inference_results.json,"Rows=true, columns=predicted; paired matches only."
klt_confusion,KLT,CellViT-SAM-H,Selected PEFT,Pooled KLT,B,,,42,,Melanocyte,Other,0,,,,,,,,,,,,,,,,,,,,,,,,,,,,,,,,,,,,,,,,,,,,,,,,,,,,,,,,checkpoint_10 TEST,run/sthelar40x_klt_5class_slideind_foldB_lora_adaptformer_r8_a8_red16_heads_e10_seed42/log/2026-08-20T112527_sthelar40x_klt_5class_slideind_foldB_lora_adaptformer_r8_a8_red16_heads_e10_seed42/inference_results.json,"Rows=true, columns=predicted; paired matches only."
klt_confusion,KLT,CellViT-SAM-H,Selected PEFT,Pooled KLT,B,,,42,,Other,Background,13,,,,,,,,,,,,,,,,,,,,,,,,,,,,,,,,,,,,,,,,,,,,,,,,,,,,,,,,checkpoint_10 TEST,run/sthelar40x_klt_5class_slideind_foldB_lora_adaptformer_r8_a8_red16_heads_e10_seed42/log/2026-08-20T112527_sthelar40x_klt_5class_slideind_foldB_lora_adaptformer_r8_a8_red16_heads_e10_seed42/inference_results.json,"Rows=true, columns=predicted; paired matches only."
klt_confusion,KLT,CellViT-SAM-H,Selected PEFT,Pooled KLT,B,,,42,,Other,Immune,7395,,,,,,,,,,,,,,,,,,,,,,,,,,,,,,,,,,,,,,,,,,,,,,,,,,,,,,,,checkpoint_10 TEST,run/sthelar40x_klt_5class_slideind_foldB_lora_adaptformer_r8_a8_red16_heads_e10_seed42/log/2026-08-20T112527_sthelar40x_klt_5class_slideind_foldB_lora_adaptformer_r8_a8_red16_heads_e10_seed42/inference_results.json,"Rows=true, columns=predicted; paired matches only."
klt_confusion,KLT,CellViT-SAM-H,Selected PEFT,Pooled KLT,B,,,42,,Other,Stromal,5838,,,,,,,,,,,,,,,,,,,,,,,,,,,,,,,,,,,,,,,,,,,,,,,,,,,,,,,,checkpoint_10 TEST,run/sthelar40x_klt_5class_slideind_foldB_lora_adaptformer_r8_a8_red16_heads_e10_seed42/log/2026-08-20T112527_sthelar40x_klt_5class_slideind_foldB_lora_adaptformer_r8_a8_red16_heads_e10_seed42/inference_results.json,"Rows=true, columns=predicted; paired matches only."
klt_confusion,KLT,CellViT-SAM-H,Selected PEFT,Pooled KLT,B,,,42,,Other,Epithelial,1877,,,,,,,,,,,,,,,,,,,,,,,,,,,,,,,,,,,,,,,,,,,,,,,,,,,,,,,,checkpoint_10 TEST,run/sthelar40x_klt_5class_slideind_foldB_lora_adaptformer_r8_a8_red16_heads_e10_seed42/log/2026-08-20T112527_sthelar40x_klt_5class_slideind_foldB_lora_adaptformer_r8_a8_red16_heads_e10_seed42/inference_results.json,"Rows=true, columns=predicted; paired matches only."
klt_confusion,KLT,CellViT-SAM-H,Selected PEFT,Pooled KLT,B,,,42,,Other,Melanocyte,0,,,,,,,,,,,,,,,,,,,,,,,,,,,,,,,,,,,,,,,,,,,,,,,,,,,,,,,,checkpoint_10 TEST,run/sthelar40x_klt_5class_slideind_foldB_lora_adaptformer_r8_a8_red16_heads_e10_seed42/log/2026-08-20T112527_sthelar40x_klt_5class_slideind_foldB_lora_adaptformer_r8_a8_red16_heads_e10_seed42/inference_results.json,"Rows=true, columns=predicted; paired matches only."
klt_confusion,KLT,CellViT-SAM-H,Selected PEFT,Pooled KLT,B,,,42,,Other,Other,1,,,,,,,,,,,,,,,,,,,,,,,,,,,,,,,,,,,,,,,,,,,,,,,,,,,,,,,,checkpoint_10 TEST,run/sthelar40x_klt_5class_slideind_foldB_lora_adaptformer_r8_a8_red16_heads_e10_seed42/log/2026-08-20T112527_sthelar40x_klt_5class_slideind_foldB_lora_adaptformer_r8_a8_red16_heads_e10_seed42/inference_results.json,"Rows=true, columns=predicted; paired matches only."
klt_seed_metric,KLT,CellViT-SAM-H,Selected PEFT,Kidney,B,,,43,,,,,6723,,,,,,,,,,,,,,,,,0.853238820755655,0.7547530354841561,0.6479295239962543,0.2653247956868837,0.9064137067624047,0.3854422579946018,,,,,,,,,,,,,,,,,,,,,,,,,,,,,,,,,checkpoint_10 TEST,run/sthelar40x_klt_5class_slideind_foldB_lora_adaptformer_r8_a8_red16_heads_e10_seed43/log/2026-08-24T122637_sthelar40x_klt_5class_slideind_foldB_lora_adaptformer_r8_a8_red16_heads_e10_seed43/inference_results.json,
klt_per_class,KLT,CellViT-SAM-H,Selected PEFT,Kidney,B,,,43,Immune,,,,,,,,,,,,,,,,,,,,,,,,,,,,,,,,,,,,,,,,,,,,,0.30200567048199095,,,16624,19727,32446,0.18441094893829854,,,,,,,,checkpoint_10 TEST,run/sthelar40x_klt_5class_slideind_foldB_lora_adaptformer_r8_a8_red16_heads_e10_seed43/log/2026-08-24T122637_sthelar40x_klt_5class_slideind_foldB_lora_adaptformer_r8_a8_red16_heads_e10_seed43/inference_results.json,
klt_per_class,KLT,CellViT-SAM-H,Selected PEFT,Kidney,B,,,43,Stromal,,,,,,,,,,,,,,,,,,,,,,,,,,,,,,,,,,,,,,,,,,,,,0.518079021760568,,,47786,55093,79488,0.45178011185377165,,,,,,,,checkpoint_10 TEST,run/sthelar40x_klt_5class_slideind_foldB_lora_adaptformer_r8_a8_red16_heads_e10_seed43/log/2026-08-24T122637_sthelar40x_klt_5class_slideind_foldB_lora_adaptformer_r8_a8_red16_heads_e10_seed43/inference_results.json,
klt_per_class,KLT,CellViT-SAM-H,Selected PEFT,Kidney,B,,,43,Epithelial,,,,,,,,,,,,,,,,,,,,,,,,,,,,,,,,,,,,,,,,,,,,,0.7049000051148279,,,94926,106757,63665,0.3618480880280089,,,,,,,,checkpoint_10 TEST,run/sthelar40x_klt_5class_slideind_foldB_lora_adaptformer_r8_a8_red16_heads_e10_seed43/log/2026-08-24T122637_sthelar40x_klt_5class_slideind_foldB_lora_adaptformer_r8_a8_red16_heads_e10_seed43/inference_results.json,
klt_per_class,KLT,CellViT-SAM-H,Selected PEFT,Kidney,B,,,43,Melanocyte,,,,,,,,,,,,,,,,,,,,,,,,,,,,,,,,,,,,,,,,,,,,,,,,0,0,0,0.0,,,,,,,,checkpoint_10 TEST,run/sthelar40x_klt_5class_slideind_foldB_lora_adaptformer_r8_a8_red16_heads_e10_seed43/log/2026-08-24T122637_sthelar40x_klt_5class_slideind_foldB_lora_adaptformer_r8_a8_red16_heads_e10_seed43/inference_results.json,
klt_per_class,KLT,CellViT-SAM-H,Selected PEFT,Kidney,B,,,43,Other,,,,,,,,,,,,,,,,,,,,,,,,,,,,,,,,,,,,,,,,,,,,,0.016784334621020382,,,7273,9888,345,0.0019608511799208837,,,,,,,,checkpoint_10 TEST,run/sthelar40x_klt_5class_slideind_foldB_lora_adaptformer_r8_a8_red16_heads_e10_seed43/log/2026-08-24T122637_sthelar40x_klt_5class_slideind_foldB_lora_adaptformer_r8_a8_red16_heads_e10_seed43/inference_results.json,
klt_confusion,KLT,CellViT-SAM-H,Selected PEFT,Kidney,B,,,43,,Background,Background,8,,,,,,,,,,,,,,,,,,,,,,,,,,,,,,,,,,,,,,,,,,,,,,,,,,,,,,,,checkpoint_10 TEST,run/sthelar40x_klt_5class_slideind_foldB_lora_adaptformer_r8_a8_red16_heads_e10_seed43/log/2026-08-24T122637_sthelar40x_klt_5class_slideind_foldB_lora_adaptformer_r8_a8_red16_heads_e10_seed43/inference_results.json,"Rows=true, columns=predicted; paired matches only."
klt_confusion,KLT,CellViT-SAM-H,Selected PEFT,Kidney,B,,,43,,Background,Immune,0,,,,,,,,,,,,,,,,,,,,,,,,,,,,,,,,,,,,,,,,,,,,,,,,,,,,,,,,checkpoint_10 TEST,run/sthelar40x_klt_5class_slideind_foldB_lora_adaptformer_r8_a8_red16_heads_e10_seed43/log/2026-08-24T122637_sthelar40x_klt_5class_slideind_foldB_lora_adaptformer_r8_a8_red16_heads_e10_seed43/inference_results.json,"Rows=true, columns=predicted; paired matches only."
klt_confusion,KLT,CellViT-SAM-H,Selected PEFT,Kidney,B,,,43,,Background,Stromal,0,,,,,,,,,,,,,,,,,,,,,,,,,,,,,,,,,,,,,,,,,,,,,,,,,,,,,,,,checkpoint_10 TEST,run/sthelar40x_klt_5class_slideind_foldB_lora_adaptformer_r8_a8_red16_heads_e10_seed43/log/2026-08-24T122637_sthelar40x_klt_5class_slideind_foldB_lora_adaptformer_r8_a8_red16_heads_e10_seed43/inference_results.json,"Rows=true, columns=predicted; paired matches only."
klt_confusion,KLT,CellViT-SAM-H,Selected PEFT,Kidney,B,,,43,,Background,Epithelial,0,,,,,,,,,,,,,,,,,,,,,,,,,,,,,,,,,,,,,,,,,,,,,,,,,,,,,,,,checkpoint_10 TEST,run/sthelar40x_klt_5class_slideind_foldB_lora_adaptformer_r8_a8_red16_heads_e10_seed43/log/2026-08-24T122637_sthelar40x_klt_5class_slideind_foldB_lora_adaptformer_r8_a8_red16_heads_e10_seed43/inference_results.json,"Rows=true, columns=predicted; paired matches only."
klt_confusion,KLT,CellViT-SAM-H,Selected PEFT,Kidney,B,,,43,,Background,Melanocyte,0,,,,,,,,,,,,,,,,,,,,,,,,,,,,,,,,,,,,,,,,,,,,,,,,,,,,,,,,checkpoint_10 TEST,run/sthelar40x_klt_5class_slideind_foldB_lora_adaptformer_r8_a8_red16_heads_e10_seed43/log/2026-08-24T122637_sthelar40x_klt_5class_slideind_foldB_lora_adaptformer_r8_a8_red16_heads_e10_seed43/inference_results.json,"Rows=true, columns=predicted; paired matches only."
klt_confusion,KLT,CellViT-SAM-H,Selected PEFT,Kidney,B,,,43,,Background,Other,0,,,,,,,,,,,,,,,,,,,,,,,,,,,,,,,,,,,,,,,,,,,,,,,,,,,,,,,,checkpoint_10 TEST,run/sthelar40x_klt_5class_slideind_foldB_lora_adaptformer_r8_a8_red16_heads_e10_seed43/log/2026-08-24T122637_sthelar40x_klt_5class_slideind_foldB_lora_adaptformer_r8_a8_red16_heads_e10_seed43/inference_results.json,"Rows=true, columns=predicted; paired matches only."
klt_confusion,KLT,CellViT-SAM-H,Selected PEFT,Kidney,B,,,43,,Immune,Background,14,,,,,,,,,,,,,,,,,,,,,,,,,,,,,,,,,,,,,,,,,,,,,,,,,,,,,,,,checkpoint_10 TEST,run/sthelar40x_klt_5class_slideind_foldB_lora_adaptformer_r8_a8_red16_heads_e10_seed43/log/2026-08-24T122637_sthelar40x_klt_5class_slideind_foldB_lora_adaptformer_r8_a8_red16_heads_e10_seed43/inference_results.json,"Rows=true, columns=predicted; paired matches only."
klt_confusion,KLT,CellViT-SAM-H,Selected PEFT,Kidney,B,,,43,,Immune,Immune,7190,,,,,,,,,,,,,,,,,,,,,,,,,,,,,,,,,,,,,,,,,,,,,,,,,,,,,,,,checkpoint_10 TEST,run/sthelar40x_klt_5class_slideind_foldB_lora_adaptformer_r8_a8_red16_heads_e10_seed43/log/2026-08-24T122637_sthelar40x_klt_5class_slideind_foldB_lora_adaptformer_r8_a8_red16_heads_e10_seed43/inference_results.json,"Rows=true, columns=predicted; paired matches only."
klt_confusion,KLT,CellViT-SAM-H,Selected PEFT,Kidney,B,,,43,,Immune,Stromal,7974,,,,,,,,,,,,,,,,,,,,,,,,,,,,,,,,,,,,,,,,,,,,,,,,,,,,,,,,checkpoint_10 TEST,run/sthelar40x_klt_5class_slideind_foldB_lora_adaptformer_r8_a8_red16_heads_e10_seed43/log/2026-08-24T122637_sthelar40x_klt_5class_slideind_foldB_lora_adaptformer_r8_a8_red16_heads_e10_seed43/inference_results.json,"Rows=true, columns=predicted; paired matches only."
klt_confusion,KLT,CellViT-SAM-H,Selected PEFT,Kidney,B,,,43,,Immune,Epithelial,1435,,,,,,,,,,,,,,,,,,,,,,,,,,,,,,,,,,,,,,,,,,,,,,,,,,,,,,,,checkpoint_10 TEST,run/sthelar40x_klt_5class_slideind_foldB_lora_adaptformer_r8_a8_red16_heads_e10_seed43/log/2026-08-24T122637_sthelar40x_klt_5class_slideind_foldB_lora_adaptformer_r8_a8_red16_heads_e10_seed43/inference_results.json,"Rows=true, columns=predicted; paired matches only."
klt_confusion,KLT,CellViT-SAM-H,Selected PEFT,Kidney,B,,,43,,Immune,Melanocyte,0,,,,,,,,,,,,,,,,,,,,,,,,,,,,,,,,,,,,,,,,,,,,,,,,,,,,,,,,checkpoint_10 TEST,run/sthelar40x_klt_5class_slideind_foldB_lora_adaptformer_r8_a8_red16_heads_e10_seed43/log/2026-08-24T122637_sthelar40x_klt_5class_slideind_foldB_lora_adaptformer_r8_a8_red16_heads_e10_seed43/inference_results.json,"Rows=true, columns=predicted; paired matches only."
klt_confusion,KLT,CellViT-SAM-H,Selected PEFT,Kidney,B,,,43,,Immune,Other,25,,,,,,,,,,,,,,,,,,,,,,,,,,,,,,,,,,,,,,,,,,,,,,,,,,,,,,,,checkpoint_10 TEST,run/sthelar40x_klt_5class_slideind_foldB_lora_adaptformer_r8_a8_red16_heads_e10_seed43/log/2026-08-24T122637_sthelar40x_klt_5class_slideind_foldB_lora_adaptformer_r8_a8_red16_heads_e10_seed43/inference_results.json,"Rows=true, columns=predicted; paired matches only."
klt_confusion,KLT,CellViT-SAM-H,Selected PEFT,Kidney,B,,,43,,Stromal,Background,46,,,,,,,,,,,,,,,,,,,,,,,,,,,,,,,,,,,,,,,,,,,,,,,,,,,,,,,,checkpoint_10 TEST,run/sthelar40x_klt_5class_slideind_foldB_lora_adaptformer_r8_a8_red16_heads_e10_seed43/log/2026-08-24T122637_sthelar40x_klt_5class_slideind_foldB_lora_adaptformer_r8_a8_red16_heads_e10_seed43/inference_results.json,"Rows=true, columns=predicted; paired matches only."
klt_confusion,KLT,CellViT-SAM-H,Selected PEFT,Kidney,B,,,43,,Stromal,Immune,12258,,,,,,,,,,,,,,,,,,,,,,,,,,,,,,,,,,,,,,,,,,,,,,,,,,,,,,,,checkpoint_10 TEST,run/sthelar40x_klt_5class_slideind_foldB_lora_adaptformer_r8_a8_red16_heads_e10_seed43/log/2026-08-24T122637_sthelar40x_klt_5class_slideind_foldB_lora_adaptformer_r8_a8_red16_heads_e10_seed43/inference_results.json,"Rows=true, columns=predicted; paired matches only."
klt_confusion,KLT,CellViT-SAM-H,Selected PEFT,Kidney,B,,,43,,Stromal,Stromal,31522,,,,,,,,,,,,,,,,,,,,,,,,,,,,,,,,,,,,,,,,,,,,,,,,,,,,,,,,checkpoint_10 TEST,run/sthelar40x_klt_5class_slideind_foldB_lora_adaptformer_r8_a8_red16_heads_e10_seed43/log/2026-08-24T122637_sthelar40x_klt_5class_slideind_foldB_lora_adaptformer_r8_a8_red16_heads_e10_seed43/inference_results.json,"Rows=true, columns=predicted; paired matches only."
klt_confusion,KLT,CellViT-SAM-H,Selected PEFT,Kidney,B,,,43,,Stromal,Epithelial,3965,,,,,,,,,,,,,,,,,,,,,,,,,,,,,,,,,,,,,,,,,,,,,,,,,,,,,,,,checkpoint_10 TEST,run/sthelar40x_klt_5class_slideind_foldB_lora_adaptformer_r8_a8_red16_heads_e10_seed43/log/2026-08-24T122637_sthelar40x_klt_5class_slideind_foldB_lora_adaptformer_r8_a8_red16_heads_e10_seed43/inference_results.json,"Rows=true, columns=predicted; paired matches only."
klt_confusion,KLT,CellViT-SAM-H,Selected PEFT,Kidney,B,,,43,,Stromal,Melanocyte,0,,,,,,,,,,,,,,,,,,,,,,,,,,,,,,,,,,,,,,,,,,,,,,,,,,,,,,,,checkpoint_10 TEST,run/sthelar40x_klt_5class_slideind_foldB_lora_adaptformer_r8_a8_red16_heads_e10_seed43/log/2026-08-24T122637_sthelar40x_klt_5class_slideind_foldB_lora_adaptformer_r8_a8_red16_heads_e10_seed43/inference_results.json,"Rows=true, columns=predicted; paired matches only."
klt_confusion,KLT,CellViT-SAM-H,Selected PEFT,Kidney,B,,,43,,Stromal,Other,41,,,,,,,,,,,,,,,,,,,,,,,,,,,,,,,,,,,,,,,,,,,,,,,,,,,,,,,,checkpoint_10 TEST,run/sthelar40x_klt_5class_slideind_foldB_lora_adaptformer_r8_a8_red16_heads_e10_seed43/log/2026-08-24T122637_sthelar40x_klt_5class_slideind_foldB_lora_adaptformer_r8_a8_red16_heads_e10_seed43/inference_results.json,"Rows=true, columns=predicted; paired matches only."
klt_confusion,KLT,CellViT-SAM-H,Selected PEFT,Kidney,B,,,43,,Epithelial,Background,167,,,,,,,,,,,,,,,,,,,,,,,,,,,,,,,,,,,,,,,,,,,,,,,,,,,,,,,,checkpoint_10 TEST,run/sthelar40x_klt_5class_slideind_foldB_lora_adaptformer_r8_a8_red16_heads_e10_seed43/log/2026-08-24T122637_sthelar40x_klt_5class_slideind_foldB_lora_adaptformer_r8_a8_red16_heads_e10_seed43/inference_results.json,"Rows=true, columns=predicted; paired matches only."
klt_confusion,KLT,CellViT-SAM-H,Selected PEFT,Kidney,B,,,43,,Epithelial,Immune,9597,,,,,,,,,,,,,,,,,,,,,,,,,,,,,,,,,,,,,,,,,,,,,,,,,,,,,,,,checkpoint_10 TEST,run/sthelar40x_klt_5class_slideind_foldB_lora_adaptformer_r8_a8_red16_heads_e10_seed43/log/2026-08-24T122637_sthelar40x_klt_5class_slideind_foldB_lora_adaptformer_r8_a8_red16_heads_e10_seed43/inference_results.json,"Rows=true, columns=predicted; paired matches only."
klt_confusion,KLT,CellViT-SAM-H,Selected PEFT,Kidney,B,,,43,,Epithelial,Stromal,30098,,,,,,,,,,,,,,,,,,,,,,,,,,,,,,,,,,,,,,,,,,,,,,,,,,,,,,,,checkpoint_10 TEST,run/sthelar40x_klt_5class_slideind_foldB_lora_adaptformer_r8_a8_red16_heads_e10_seed43/log/2026-08-24T122637_sthelar40x_klt_5class_slideind_foldB_lora_adaptformer_r8_a8_red16_heads_e10_seed43/inference_results.json,"Rows=true, columns=predicted; paired matches only."
klt_confusion,KLT,CellViT-SAM-H,Selected PEFT,Kidney,B,,,43,,Epithelial,Epithelial,55126,,,,,,,,,,,,,,,,,,,,,,,,,,,,,,,,,,,,,,,,,,,,,,,,,,,,,,,,checkpoint_10 TEST,run/sthelar40x_klt_5class_slideind_foldB_lora_adaptformer_r8_a8_red16_heads_e10_seed43/log/2026-08-24T122637_sthelar40x_klt_5class_slideind_foldB_lora_adaptformer_r8_a8_red16_heads_e10_seed43/inference_results.json,"Rows=true, columns=predicted; paired matches only."
klt_confusion,KLT,CellViT-SAM-H,Selected PEFT,Kidney,B,,,43,,Epithelial,Melanocyte,0,,,,,,,,,,,,,,,,,,,,,,,,,,,,,,,,,,,,,,,,,,,,,,,,,,,,,,,,checkpoint_10 TEST,run/sthelar40x_klt_5class_slideind_foldB_lora_adaptformer_r8_a8_red16_heads_e10_seed43/log/2026-08-24T122637_sthelar40x_klt_5class_slideind_foldB_lora_adaptformer_r8_a8_red16_heads_e10_seed43/inference_results.json,"Rows=true, columns=predicted; paired matches only."
klt_confusion,KLT,CellViT-SAM-H,Selected PEFT,Kidney,B,,,43,,Epithelial,Other,105,,,,,,,,,,,,,,,,,,,,,,,,,,,,,,,,,,,,,,,,,,,,,,,,,,,,,,,,checkpoint_10 TEST,run/sthelar40x_klt_5class_slideind_foldB_lora_adaptformer_r8_a8_red16_heads_e10_seed43/log/2026-08-24T122637_sthelar40x_klt_5class_slideind_foldB_lora_adaptformer_r8_a8_red16_heads_e10_seed43/inference_results.json,"Rows=true, columns=predicted; paired matches only."
klt_confusion,KLT,CellViT-SAM-H,Selected PEFT,Kidney,B,,,43,,Melanocyte,Background,0,,,,,,,,,,,,,,,,,,,,,,,,,,,,,,,,,,,,,,,,,,,,,,,,,,,,,,,,checkpoint_10 TEST,run/sthelar40x_klt_5class_slideind_foldB_lora_adaptformer_r8_a8_red16_heads_e10_seed43/log/2026-08-24T122637_sthelar40x_klt_5class_slideind_foldB_lora_adaptformer_r8_a8_red16_heads_e10_seed43/inference_results.json,"Rows=true, columns=predicted; paired matches only."
klt_confusion,KLT,CellViT-SAM-H,Selected PEFT,Kidney,B,,,43,,Melanocyte,Immune,0,,,,,,,,,,,,,,,,,,,,,,,,,,,,,,,,,,,,,,,,,,,,,,,,,,,,,,,,checkpoint_10 TEST,run/sthelar40x_klt_5class_slideind_foldB_lora_adaptformer_r8_a8_red16_heads_e10_seed43/log/2026-08-24T122637_sthelar40x_klt_5class_slideind_foldB_lora_adaptformer_r8_a8_red16_heads_e10_seed43/inference_results.json,"Rows=true, columns=predicted; paired matches only."
klt_confusion,KLT,CellViT-SAM-H,Selected PEFT,Kidney,B,,,43,,Melanocyte,Stromal,0,,,,,,,,,,,,,,,,,,,,,,,,,,,,,,,,,,,,,,,,,,,,,,,,,,,,,,,,checkpoint_10 TEST,run/sthelar40x_klt_5class_slideind_foldB_lora_adaptformer_r8_a8_red16_heads_e10_seed43/log/2026-08-24T122637_sthelar40x_klt_5class_slideind_foldB_lora_adaptformer_r8_a8_red16_heads_e10_seed43/inference_results.json,"Rows=true, columns=predicted; paired matches only."
klt_confusion,KLT,CellViT-SAM-H,Selected PEFT,Kidney,B,,,43,,Melanocyte,Epithelial,0,,,,,,,,,,,,,,,,,,,,,,,,,,,,,,,,,,,,,,,,,,,,,,,,,,,,,,,,checkpoint_10 TEST,run/sthelar40x_klt_5class_slideind_foldB_lora_adaptformer_r8_a8_red16_heads_e10_seed43/log/2026-08-24T122637_sthelar40x_klt_5class_slideind_foldB_lora_adaptformer_r8_a8_red16_heads_e10_seed43/inference_results.json,"Rows=true, columns=predicted; paired matches only."
klt_confusion,KLT,CellViT-SAM-H,Selected PEFT,Kidney,B,,,43,,Melanocyte,Melanocyte,0,,,,,,,,,,,,,,,,,,,,,,,,,,,,,,,,,,,,,,,,,,,,,,,,,,,,,,,,checkpoint_10 TEST,run/sthelar40x_klt_5class_slideind_foldB_lora_adaptformer_r8_a8_red16_heads_e10_seed43/log/2026-08-24T122637_sthelar40x_klt_5class_slideind_foldB_lora_adaptformer_r8_a8_red16_heads_e10_seed43/inference_results.json,"Rows=true, columns=predicted; paired matches only."
klt_confusion,KLT,CellViT-SAM-H,Selected PEFT,Kidney,B,,,43,,Melanocyte,Other,0,,,,,,,,,,,,,,,,,,,,,,,,,,,,,,,,,,,,,,,,,,,,,,,,,,,,,,,,checkpoint_10 TEST,run/sthelar40x_klt_5class_slideind_foldB_lora_adaptformer_r8_a8_red16_heads_e10_seed43/log/2026-08-24T122637_sthelar40x_klt_5class_slideind_foldB_lora_adaptformer_r8_a8_red16_heads_e10_seed43/inference_results.json,"Rows=true, columns=predicted; paired matches only."
klt_confusion,KLT,CellViT-SAM-H,Selected PEFT,Kidney,B,,,43,,Other,Background,39,,,,,,,,,,,,,,,,,,,,,,,,,,,,,,,,,,,,,,,,,,,,,,,,,,,,,,,,checkpoint_10 TEST,run/sthelar40x_klt_5class_slideind_foldB_lora_adaptformer_r8_a8_red16_heads_e10_seed43/log/2026-08-24T122637_sthelar40x_klt_5class_slideind_foldB_lora_adaptformer_r8_a8_red16_heads_e10_seed43/inference_results.json,"Rows=true, columns=predicted; paired matches only."
klt_confusion,KLT,CellViT-SAM-H,Selected PEFT,Kidney,B,,,43,,Other,Immune,1946,,,,,,,,,,,,,,,,,,,,,,,,,,,,,,,,,,,,,,,,,,,,,,,,,,,,,,,,checkpoint_10 TEST,run/sthelar40x_klt_5class_slideind_foldB_lora_adaptformer_r8_a8_red16_heads_e10_seed43/log/2026-08-24T122637_sthelar40x_klt_5class_slideind_foldB_lora_adaptformer_r8_a8_red16_heads_e10_seed43/inference_results.json,"Rows=true, columns=predicted; paired matches only."
klt_confusion,KLT,CellViT-SAM-H,Selected PEFT,Kidney,B,,,43,,Other,Stromal,4308,,,,,,,,,,,,,,,,,,,,,,,,,,,,,,,,,,,,,,,,,,,,,,,,,,,,,,,,checkpoint_10 TEST,run/sthelar40x_klt_5class_slideind_foldB_lora_adaptformer_r8_a8_red16_heads_e10_seed43/log/2026-08-24T122637_sthelar40x_klt_5class_slideind_foldB_lora_adaptformer_r8_a8_red16_heads_e10_seed43/inference_results.json,"Rows=true, columns=predicted; paired matches only."
klt_confusion,KLT,CellViT-SAM-H,Selected PEFT,Kidney,B,,,43,,Other,Epithelial,956,,,,,,,,,,,,,,,,,,,,,,,,,,,,,,,,,,,,,,,,,,,,,,,,,,,,,,,,checkpoint_10 TEST,run/sthelar40x_klt_5class_slideind_foldB_lora_adaptformer_r8_a8_red16_heads_e10_seed43/log/2026-08-24T122637_sthelar40x_klt_5class_slideind_foldB_lora_adaptformer_r8_a8_red16_heads_e10_seed43/inference_results.json,"Rows=true, columns=predicted; paired matches only."
klt_confusion,KLT,CellViT-SAM-H,Selected PEFT,Kidney,B,,,43,,Other,Melanocyte,0,,,,,,,,,,,,,,,,,,,,,,,,,,,,,,,,,,,,,,,,,,,,,,,,,,,,,,,,checkpoint_10 TEST,run/sthelar40x_klt_5class_slideind_foldB_lora_adaptformer_r8_a8_red16_heads_e10_seed43/log/2026-08-24T122637_sthelar40x_klt_5class_slideind_foldB_lora_adaptformer_r8_a8_red16_heads_e10_seed43/inference_results.json,"Rows=true, columns=predicted; paired matches only."
klt_confusion,KLT,CellViT-SAM-H,Selected PEFT,Kidney,B,,,43,,Other,Other,63,,,,,,,,,,,,,,,,,,,,,,,,,,,,,,,,,,,,,,,,,,,,,,,,,,,,,,,,checkpoint_10 TEST,run/sthelar40x_klt_5class_slideind_foldB_lora_adaptformer_r8_a8_red16_heads_e10_seed43/log/2026-08-24T122637_sthelar40x_klt_5class_slideind_foldB_lora_adaptformer_r8_a8_red16_heads_e10_seed43/inference_results.json,"Rows=true, columns=predicted; paired matches only."
klt_seed_metric,KLT,CellViT-SAM-H,Selected PEFT,Liver,B,,,43,,,,,9756,,,,,,,,,,,,,,,,,0.8331550507073908,0.7335420499930501,0.6291953603424807,0.2098881084502337,0.9029442085903938,0.3211908028322529,,,,,,,,,,,,,,,,,,,,,,,,,,,,,,,,,checkpoint_10 TEST,run/sthelar40x_klt_5class_slideind_foldB_lora_adaptformer_r8_a8_red16_heads_e10_seed43/log/2026-08-24T122637_sthelar40x_klt_5class_slideind_foldB_lora_adaptformer_r8_a8_red16_heads_e10_seed43/inference_results.json,
klt_per_class,KLT,CellViT-SAM-H,Selected PEFT,Liver,B,,,43,Immune,,,,,,,,,,,,,,,,,,,,,,,,,,,,,,,,,,,,,,,,,,,,,0.0687655343827672,,,43079,50656,3066,0.01492116021023944,,,,,,,,checkpoint_10 TEST,run/sthelar40x_klt_5class_slideind_foldB_lora_adaptformer_r8_a8_red16_heads_e10_seed43/log/2026-08-24T122637_sthelar40x_klt_5class_slideind_foldB_lora_adaptformer_r8_a8_red16_heads_e10_seed43/inference_results.json,
klt_per_class,KLT,CellViT-SAM-H,Selected PEFT,Liver,B,,,43,Stromal,,,,,,,,,,,,,,,,,,,,,,,,,,,,,,,,,,,,,,,,,,,,,0.3726387169689468,,,36806,46353,21383,0.10406365583025112,,,,,,,,checkpoint_10 TEST,run/sthelar40x_klt_5class_slideind_foldB_lora_adaptformer_r8_a8_red16_heads_e10_seed43/log/2026-08-24T122637_sthelar40x_klt_5class_slideind_foldB_lora_adaptformer_r8_a8_red16_heads_e10_seed43/inference_results.json,
klt_per_class,KLT,CellViT-SAM-H,Selected PEFT,Liver,B,,,43,Epithelial,,,,,,,,,,,,,,,,,,,,,,,,,,,,,,,,,,,,,,,,,,,,,0.7795180389935195,,,115371,130032,180168,0.8768152618259685,,,,,,,,checkpoint_10 TEST,run/sthelar40x_klt_5class_slideind_foldB_lora_adaptformer_r8_a8_red16_heads_e10_seed43/log/2026-08-24T122637_sthelar40x_klt_5class_slideind_foldB_lora_adaptformer_r8_a8_red16_heads_e10_seed43/inference_results.json,
klt_per_class,KLT,CellViT-SAM-H,Selected PEFT,Liver,B,,,43,Melanocyte,,,,,,,,,,,,,,,,,,,,,,,,,,,,,,,,,,,,,,,,,,,,,,,,0,0,0,0.0,,,,,,,,checkpoint_10 TEST,run/sthelar40x_klt_5class_slideind_foldB_lora_adaptformer_r8_a8_red16_heads_e10_seed43/log/2026-08-24T122637_sthelar40x_klt_5class_slideind_foldB_lora_adaptformer_r8_a8_red16_heads_e10_seed43/inference_results.json,
klt_per_class,KLT,CellViT-SAM-H,Selected PEFT,Liver,B,,,43,Other,,,,,,,,,,,,,,,,,,,,,,,,,,,,,,,,,,,,,,,,,,,,,0.06384092098377812,,,1246,2564,863,0.004199922133540977,,,,,,,,checkpoint_10 TEST,run/sthelar40x_klt_5class_slideind_foldB_lora_adaptformer_r8_a8_red16_heads_e10_seed43/log/2026-08-24T122637_sthelar40x_klt_5class_slideind_foldB_lora_adaptformer_r8_a8_red16_heads_e10_seed43/inference_results.json,
klt_confusion,KLT,CellViT-SAM-H,Selected PEFT,Liver,B,,,43,,Background,Background,2,,,,,,,,,,,,,,,,,,,,,,,,,,,,,,,,,,,,,,,,,,,,,,,,,,,,,,,,checkpoint_10 TEST,run/sthelar40x_klt_5class_slideind_foldB_lora_adaptformer_r8_a8_red16_heads_e10_seed43/log/2026-08-24T122637_sthelar40x_klt_5class_slideind_foldB_lora_adaptformer_r8_a8_red16_heads_e10_seed43/inference_results.json,"Rows=true, columns=predicted; paired matches only."
klt_confusion,KLT,CellViT-SAM-H,Selected PEFT,Liver,B,,,43,,Background,Immune,0,,,,,,,,,,,,,,,,,,,,,,,,,,,,,,,,,,,,,,,,,,,,,,,,,,,,,,,,checkpoint_10 TEST,run/sthelar40x_klt_5class_slideind_foldB_lora_adaptformer_r8_a8_red16_heads_e10_seed43/log/2026-08-24T122637_sthelar40x_klt_5class_slideind_foldB_lora_adaptformer_r8_a8_red16_heads_e10_seed43/inference_results.json,"Rows=true, columns=predicted; paired matches only."
klt_confusion,KLT,CellViT-SAM-H,Selected PEFT,Liver,B,,,43,,Background,Stromal,0,,,,,,,,,,,,,,,,,,,,,,,,,,,,,,,,,,,,,,,,,,,,,,,,,,,,,,,,checkpoint_10 TEST,run/sthelar40x_klt_5class_slideind_foldB_lora_adaptformer_r8_a8_red16_heads_e10_seed43/log/2026-08-24T122637_sthelar40x_klt_5class_slideind_foldB_lora_adaptformer_r8_a8_red16_heads_e10_seed43/inference_results.json,"Rows=true, columns=predicted; paired matches only."
klt_confusion,KLT,CellViT-SAM-H,Selected PEFT,Liver,B,,,43,,Background,Epithelial,0,,,,,,,,,,,,,,,,,,,,,,,,,,,,,,,,,,,,,,,,,,,,,,,,,,,,,,,,checkpoint_10 TEST,run/sthelar40x_klt_5class_slideind_foldB_lora_adaptformer_r8_a8_red16_heads_e10_seed43/log/2026-08-24T122637_sthelar40x_klt_5class_slideind_foldB_lora_adaptformer_r8_a8_red16_heads_e10_seed43/inference_results.json,"Rows=true, columns=predicted; paired matches only."
klt_confusion,KLT,CellViT-SAM-H,Selected PEFT,Liver,B,,,43,,Background,Melanocyte,0,,,,,,,,,,,,,,,,,,,,,,,,,,,,,,,,,,,,,,,,,,,,,,,,,,,,,,,,checkpoint_10 TEST,run/sthelar40x_klt_5class_slideind_foldB_lora_adaptformer_r8_a8_red16_heads_e10_seed43/log/2026-08-24T122637_sthelar40x_klt_5class_slideind_foldB_lora_adaptformer_r8_a8_red16_heads_e10_seed43/inference_results.json,"Rows=true, columns=predicted; paired matches only."
klt_confusion,KLT,CellViT-SAM-H,Selected PEFT,Liver,B,,,43,,Background,Other,0,,,,,,,,,,,,,,,,,,,,,,,,,,,,,,,,,,,,,,,,,,,,,,,,,,,,,,,,checkpoint_10 TEST,run/sthelar40x_klt_5class_slideind_foldB_lora_adaptformer_r8_a8_red16_heads_e10_seed43/log/2026-08-24T122637_sthelar40x_klt_5class_slideind_foldB_lora_adaptformer_r8_a8_red16_heads_e10_seed43/inference_results.json,"Rows=true, columns=predicted; paired matches only."
klt_confusion,KLT,CellViT-SAM-H,Selected PEFT,Liver,B,,,43,,Immune,Background,25,,,,,,,,,,,,,,,,,,,,,,,,,,,,,,,,,,,,,,,,,,,,,,,,,,,,,,,,checkpoint_10 TEST,run/sthelar40x_klt_5class_slideind_foldB_lora_adaptformer_r8_a8_red16_heads_e10_seed43/log/2026-08-24T122637_sthelar40x_klt_5class_slideind_foldB_lora_adaptformer_r8_a8_red16_heads_e10_seed43/inference_results.json,"Rows=true, columns=predicted; paired matches only."
klt_confusion,KLT,CellViT-SAM-H,Selected PEFT,Liver,B,,,43,,Immune,Immune,1577,,,,,,,,,,,,,,,,,,,,,,,,,,,,,,,,,,,,,,,,,,,,,,,,,,,,,,,,checkpoint_10 TEST,run/sthelar40x_klt_5class_slideind_foldB_lora_adaptformer_r8_a8_red16_heads_e10_seed43/log/2026-08-24T122637_sthelar40x_klt_5class_slideind_foldB_lora_adaptformer_r8_a8_red16_heads_e10_seed43/inference_results.json,"Rows=true, columns=predicted; paired matches only."
klt_confusion,KLT,CellViT-SAM-H,Selected PEFT,Liver,B,,,43,,Immune,Stromal,6142,,,,,,,,,,,,,,,,,,,,,,,,,,,,,,,,,,,,,,,,,,,,,,,,,,,,,,,,checkpoint_10 TEST,run/sthelar40x_klt_5class_slideind_foldB_lora_adaptformer_r8_a8_red16_heads_e10_seed43/log/2026-08-24T122637_sthelar40x_klt_5class_slideind_foldB_lora_adaptformer_r8_a8_red16_heads_e10_seed43/inference_results.json,"Rows=true, columns=predicted; paired matches only."
klt_confusion,KLT,CellViT-SAM-H,Selected PEFT,Liver,B,,,43,,Immune,Epithelial,35077,,,,,,,,,,,,,,,,,,,,,,,,,,,,,,,,,,,,,,,,,,,,,,,,,,,,,,,,checkpoint_10 TEST,run/sthelar40x_klt_5class_slideind_foldB_lora_adaptformer_r8_a8_red16_heads_e10_seed43/log/2026-08-24T122637_sthelar40x_klt_5class_slideind_foldB_lora_adaptformer_r8_a8_red16_heads_e10_seed43/inference_results.json,"Rows=true, columns=predicted; paired matches only."
klt_confusion,KLT,CellViT-SAM-H,Selected PEFT,Liver,B,,,43,,Immune,Melanocyte,0,,,,,,,,,,,,,,,,,,,,,,,,,,,,,,,,,,,,,,,,,,,,,,,,,,,,,,,,checkpoint_10 TEST,run/sthelar40x_klt_5class_slideind_foldB_lora_adaptformer_r8_a8_red16_heads_e10_seed43/log/2026-08-24T122637_sthelar40x_klt_5class_slideind_foldB_lora_adaptformer_r8_a8_red16_heads_e10_seed43/inference_results.json,"Rows=true, columns=predicted; paired matches only."
klt_confusion,KLT,CellViT-SAM-H,Selected PEFT,Liver,B,,,43,,Immune,Other,283,,,,,,,,,,,,,,,,,,,,,,,,,,,,,,,,,,,,,,,,,,,,,,,,,,,,,,,,checkpoint_10 TEST,run/sthelar40x_klt_5class_slideind_foldB_lora_adaptformer_r8_a8_red16_heads_e10_seed43/log/2026-08-24T122637_sthelar40x_klt_5class_slideind_foldB_lora_adaptformer_r8_a8_red16_heads_e10_seed43/inference_results.json,"Rows=true, columns=predicted; paired matches only."
klt_confusion,KLT,CellViT-SAM-H,Selected PEFT,Liver,B,,,43,,Stromal,Background,28,,,,,,,,,,,,,,,,,,,,,,,,,,,,,,,,,,,,,,,,,,,,,,,,,,,,,,,,checkpoint_10 TEST,run/sthelar40x_klt_5class_slideind_foldB_lora_adaptformer_r8_a8_red16_heads_e10_seed43/log/2026-08-24T122637_sthelar40x_klt_5class_slideind_foldB_lora_adaptformer_r8_a8_red16_heads_e10_seed43/inference_results.json,"Rows=true, columns=predicted; paired matches only."
klt_confusion,KLT,CellViT-SAM-H,Selected PEFT,Liver,B,,,43,,Stromal,Immune,684,,,,,,,,,,,,,,,,,,,,,,,,,,,,,,,,,,,,,,,,,,,,,,,,,,,,,,,,checkpoint_10 TEST,run/sthelar40x_klt_5class_slideind_foldB_lora_adaptformer_r8_a8_red16_heads_e10_seed43/log/2026-08-24T122637_sthelar40x_klt_5class_slideind_foldB_lora_adaptformer_r8_a8_red16_heads_e10_seed43/inference_results.json,"Rows=true, columns=predicted; paired matches only."
klt_confusion,KLT,CellViT-SAM-H,Selected PEFT,Liver,B,,,43,,Stromal,Stromal,10386,,,,,,,,,,,,,,,,,,,,,,,,,,,,,,,,,,,,,,,,,,,,,,,,,,,,,,,,checkpoint_10 TEST,run/sthelar40x_klt_5class_slideind_foldB_lora_adaptformer_r8_a8_red16_heads_e10_seed43/log/2026-08-24T122637_sthelar40x_klt_5class_slideind_foldB_lora_adaptformer_r8_a8_red16_heads_e10_seed43/inference_results.json,"Rows=true, columns=predicted; paired matches only."
klt_confusion,KLT,CellViT-SAM-H,Selected PEFT,Liver,B,,,43,,Stromal,Epithelial,25560,,,,,,,,,,,,,,,,,,,,,,,,,,,,,,,,,,,,,,,,,,,,,,,,,,,,,,,,checkpoint_10 TEST,run/sthelar40x_klt_5class_slideind_foldB_lora_adaptformer_r8_a8_red16_heads_e10_seed43/log/2026-08-24T122637_sthelar40x_klt_5class_slideind_foldB_lora_adaptformer_r8_a8_red16_heads_e10_seed43/inference_results.json,"Rows=true, columns=predicted; paired matches only."
klt_confusion,KLT,CellViT-SAM-H,Selected PEFT,Liver,B,,,43,,Stromal,Melanocyte,0,,,,,,,,,,,,,,,,,,,,,,,,,,,,,,,,,,,,,,,,,,,,,,,,,,,,,,,,checkpoint_10 TEST,run/sthelar40x_klt_5class_slideind_foldB_lora_adaptformer_r8_a8_red16_heads_e10_seed43/log/2026-08-24T122637_sthelar40x_klt_5class_slideind_foldB_lora_adaptformer_r8_a8_red16_heads_e10_seed43/inference_results.json,"Rows=true, columns=predicted; paired matches only."
klt_confusion,KLT,CellViT-SAM-H,Selected PEFT,Liver,B,,,43,,Stromal,Other,176,,,,,,,,,,,,,,,,,,,,,,,,,,,,,,,,,,,,,,,,,,,,,,,,,,,,,,,,checkpoint_10 TEST,run/sthelar40x_klt_5class_slideind_foldB_lora_adaptformer_r8_a8_red16_heads_e10_seed43/log/2026-08-24T122637_sthelar40x_klt_5class_slideind_foldB_lora_adaptformer_r8_a8_red16_heads_e10_seed43/inference_results.json,"Rows=true, columns=predicted; paired matches only."
klt_confusion,KLT,CellViT-SAM-H,Selected PEFT,Liver,B,,,43,,Epithelial,Background,69,,,,,,,,,,,,,,,,,,,,,,,,,,,,,,,,,,,,,,,,,,,,,,,,,,,,,,,,checkpoint_10 TEST,run/sthelar40x_klt_5class_slideind_foldB_lora_adaptformer_r8_a8_red16_heads_e10_seed43/log/2026-08-24T122637_sthelar40x_klt_5class_slideind_foldB_lora_adaptformer_r8_a8_red16_heads_e10_seed43/inference_results.json,"Rows=true, columns=predicted; paired matches only."
klt_confusion,KLT,CellViT-SAM-H,Selected PEFT,Liver,B,,,43,,Epithelial,Immune,360,,,,,,,,,,,,,,,,,,,,,,,,,,,,,,,,,,,,,,,,,,,,,,,,,,,,,,,,checkpoint_10 TEST,run/sthelar40x_klt_5class_slideind_foldB_lora_adaptformer_r8_a8_red16_heads_e10_seed43/log/2026-08-24T122637_sthelar40x_klt_5class_slideind_foldB_lora_adaptformer_r8_a8_red16_heads_e10_seed43/inference_results.json,"Rows=true, columns=predicted; paired matches only."
klt_confusion,KLT,CellViT-SAM-H,Selected PEFT,Liver,B,,,43,,Epithelial,Stromal,2037,,,,,,,,,,,,,,,,,,,,,,,,,,,,,,,,,,,,,,,,,,,,,,,,,,,,,,,,checkpoint_10 TEST,run/sthelar40x_klt_5class_slideind_foldB_lora_adaptformer_r8_a8_red16_heads_e10_seed43/log/2026-08-24T122637_sthelar40x_klt_5class_slideind_foldB_lora_adaptformer_r8_a8_red16_heads_e10_seed43/inference_results.json,"Rows=true, columns=predicted; paired matches only."
klt_confusion,KLT,CellViT-SAM-H,Selected PEFT,Liver,B,,,43,,Epithelial,Epithelial,112829,,,,,,,,,,,,,,,,,,,,,,,,,,,,,,,,,,,,,,,,,,,,,,,,,,,,,,,,checkpoint_10 TEST,run/sthelar40x_klt_5class_slideind_foldB_lora_adaptformer_r8_a8_red16_heads_e10_seed43/log/2026-08-24T122637_sthelar40x_klt_5class_slideind_foldB_lora_adaptformer_r8_a8_red16_heads_e10_seed43/inference_results.json,"Rows=true, columns=predicted; paired matches only."
klt_confusion,KLT,CellViT-SAM-H,Selected PEFT,Liver,B,,,43,,Epithelial,Melanocyte,0,,,,,,,,,,,,,,,,,,,,,,,,,,,,,,,,,,,,,,,,,,,,,,,,,,,,,,,,checkpoint_10 TEST,run/sthelar40x_klt_5class_slideind_foldB_lora_adaptformer_r8_a8_red16_heads_e10_seed43/log/2026-08-24T122637_sthelar40x_klt_5class_slideind_foldB_lora_adaptformer_r8_a8_red16_heads_e10_seed43/inference_results.json,"Rows=true, columns=predicted; paired matches only."
klt_confusion,KLT,CellViT-SAM-H,Selected PEFT,Liver,B,,,43,,Epithelial,Other,145,,,,,,,,,,,,,,,,,,,,,,,,,,,,,,,,,,,,,,,,,,,,,,,,,,,,,,,,checkpoint_10 TEST,run/sthelar40x_klt_5class_slideind_foldB_lora_adaptformer_r8_a8_red16_heads_e10_seed43/log/2026-08-24T122637_sthelar40x_klt_5class_slideind_foldB_lora_adaptformer_r8_a8_red16_heads_e10_seed43/inference_results.json,"Rows=true, columns=predicted; paired matches only."
klt_confusion,KLT,CellViT-SAM-H,Selected PEFT,Liver,B,,,43,,Melanocyte,Background,0,,,,,,,,,,,,,,,,,,,,,,,,,,,,,,,,,,,,,,,,,,,,,,,,,,,,,,,,checkpoint_10 TEST,run/sthelar40x_klt_5class_slideind_foldB_lora_adaptformer_r8_a8_red16_heads_e10_seed43/log/2026-08-24T122637_sthelar40x_klt_5class_slideind_foldB_lora_adaptformer_r8_a8_red16_heads_e10_seed43/inference_results.json,"Rows=true, columns=predicted; paired matches only."
klt_confusion,KLT,CellViT-SAM-H,Selected PEFT,Liver,B,,,43,,Melanocyte,Immune,0,,,,,,,,,,,,,,,,,,,,,,,,,,,,,,,,,,,,,,,,,,,,,,,,,,,,,,,,checkpoint_10 TEST,run/sthelar40x_klt_5class_slideind_foldB_lora_adaptformer_r8_a8_red16_heads_e10_seed43/log/2026-08-24T122637_sthelar40x_klt_5class_slideind_foldB_lora_adaptformer_r8_a8_red16_heads_e10_seed43/inference_results.json,"Rows=true, columns=predicted; paired matches only."
klt_confusion,KLT,CellViT-SAM-H,Selected PEFT,Liver,B,,,43,,Melanocyte,Stromal,0,,,,,,,,,,,,,,,,,,,,,,,,,,,,,,,,,,,,,,,,,,,,,,,,,,,,,,,,checkpoint_10 TEST,run/sthelar40x_klt_5class_slideind_foldB_lora_adaptformer_r8_a8_red16_heads_e10_seed43/log/2026-08-24T122637_sthelar40x_klt_5class_slideind_foldB_lora_adaptformer_r8_a8_red16_heads_e10_seed43/inference_results.json,"Rows=true, columns=predicted; paired matches only."
klt_confusion,KLT,CellViT-SAM-H,Selected PEFT,Liver,B,,,43,,Melanocyte,Epithelial,0,,,,,,,,,,,,,,,,,,,,,,,,,,,,,,,,,,,,,,,,,,,,,,,,,,,,,,,,checkpoint_10 TEST,run/sthelar40x_klt_5class_slideind_foldB_lora_adaptformer_r8_a8_red16_heads_e10_seed43/log/2026-08-24T122637_sthelar40x_klt_5class_slideind_foldB_lora_adaptformer_r8_a8_red16_heads_e10_seed43/inference_results.json,"Rows=true, columns=predicted; paired matches only."
klt_confusion,KLT,CellViT-SAM-H,Selected PEFT,Liver,B,,,43,,Melanocyte,Melanocyte,0,,,,,,,,,,,,,,,,,,,,,,,,,,,,,,,,,,,,,,,,,,,,,,,,,,,,,,,,checkpoint_10 TEST,run/sthelar40x_klt_5class_slideind_foldB_lora_adaptformer_r8_a8_red16_heads_e10_seed43/log/2026-08-24T122637_sthelar40x_klt_5class_slideind_foldB_lora_adaptformer_r8_a8_red16_heads_e10_seed43/inference_results.json,"Rows=true, columns=predicted; paired matches only."
klt_confusion,KLT,CellViT-SAM-H,Selected PEFT,Liver,B,,,43,,Melanocyte,Other,0,,,,,,,,,,,,,,,,,,,,,,,,,,,,,,,,,,,,,,,,,,,,,,,,,,,,,,,,checkpoint_10 TEST,run/sthelar40x_klt_5class_slideind_foldB_lora_adaptformer_r8_a8_red16_heads_e10_seed43/log/2026-08-24T122637_sthelar40x_klt_5class_slideind_foldB_lora_adaptformer_r8_a8_red16_heads_e10_seed43/inference_results.json,"Rows=true, columns=predicted; paired matches only."
klt_confusion,KLT,CellViT-SAM-H,Selected PEFT,Liver,B,,,43,,Other,Background,5,,,,,,,,,,,,,,,,,,,,,,,,,,,,,,,,,,,,,,,,,,,,,,,,,,,,,,,,checkpoint_10 TEST,run/sthelar40x_klt_5class_slideind_foldB_lora_adaptformer_r8_a8_red16_heads_e10_seed43/log/2026-08-24T122637_sthelar40x_klt_5class_slideind_foldB_lora_adaptformer_r8_a8_red16_heads_e10_seed43/inference_results.json,"Rows=true, columns=predicted; paired matches only."
klt_confusion,KLT,CellViT-SAM-H,Selected PEFT,Liver,B,,,43,,Other,Immune,166,,,,,,,,,,,,,,,,,,,,,,,,,,,,,,,,,,,,,,,,,,,,,,,,,,,,,,,,checkpoint_10 TEST,run/sthelar40x_klt_5class_slideind_foldB_lora_adaptformer_r8_a8_red16_heads_e10_seed43/log/2026-08-24T122637_sthelar40x_klt_5class_slideind_foldB_lora_adaptformer_r8_a8_red16_heads_e10_seed43/inference_results.json,"Rows=true, columns=predicted; paired matches only."
klt_confusion,KLT,CellViT-SAM-H,Selected PEFT,Liver,B,,,43,,Other,Stromal,372,,,,,,,,,,,,,,,,,,,,,,,,,,,,,,,,,,,,,,,,,,,,,,,,,,,,,,,,checkpoint_10 TEST,run/sthelar40x_klt_5class_slideind_foldB_lora_adaptformer_r8_a8_red16_heads_e10_seed43/log/2026-08-24T122637_sthelar40x_klt_5class_slideind_foldB_lora_adaptformer_r8_a8_red16_heads_e10_seed43/inference_results.json,"Rows=true, columns=predicted; paired matches only."
klt_confusion,KLT,CellViT-SAM-H,Selected PEFT,Liver,B,,,43,,Other,Epithelial,647,,,,,,,,,,,,,,,,,,,,,,,,,,,,,,,,,,,,,,,,,,,,,,,,,,,,,,,,checkpoint_10 TEST,run/sthelar40x_klt_5class_slideind_foldB_lora_adaptformer_r8_a8_red16_heads_e10_seed43/log/2026-08-24T122637_sthelar40x_klt_5class_slideind_foldB_lora_adaptformer_r8_a8_red16_heads_e10_seed43/inference_results.json,"Rows=true, columns=predicted; paired matches only."
klt_confusion,KLT,CellViT-SAM-H,Selected PEFT,Liver,B,,,43,,Other,Melanocyte,0,,,,,,,,,,,,,,,,,,,,,,,,,,,,,,,,,,,,,,,,,,,,,,,,,,,,,,,,checkpoint_10 TEST,run/sthelar40x_klt_5class_slideind_foldB_lora_adaptformer_r8_a8_red16_heads_e10_seed43/log/2026-08-24T122637_sthelar40x_klt_5class_slideind_foldB_lora_adaptformer_r8_a8_red16_heads_e10_seed43/inference_results.json,"Rows=true, columns=predicted; paired matches only."
klt_confusion,KLT,CellViT-SAM-H,Selected PEFT,Liver,B,,,43,,Other,Other,61,,,,,,,,,,,,,,,,,,,,,,,,,,,,,,,,,,,,,,,,,,,,,,,,,,,,,,,,checkpoint_10 TEST,run/sthelar40x_klt_5class_slideind_foldB_lora_adaptformer_r8_a8_red16_heads_e10_seed43/log/2026-08-24T122637_sthelar40x_klt_5class_slideind_foldB_lora_adaptformer_r8_a8_red16_heads_e10_seed43/inference_results.json,"Rows=true, columns=predicted; paired matches only."
klt_seed_metric,KLT,CellViT-SAM-H,Selected PEFT,Tonsil,B,,,43,,,,,9856,,,,,,,,,,,,,,,,,0.8300965411570407,0.7160279432849508,0.5689234904034269,0.2540069408579048,0.8522135835861211,0.474680550469868,,,,,,,,,,,,,,,,,,,,,,,,,,,,,,,,,checkpoint_10 TEST,run/sthelar40x_klt_5class_slideind_foldB_lora_adaptformer_r8_a8_red16_heads_e10_seed43/log/2026-08-24T122637_sthelar40x_klt_5class_slideind_foldB_lora_adaptformer_r8_a8_red16_heads_e10_seed43/inference_results.json,
klt_per_class,KLT,CellViT-SAM-H,Selected PEFT,Tonsil,B,,,43,Immune,,,,,,,,,,,,,,,,,,,,,,,,,,,,,,,,,,,,,,,,,,,,,0.864337668665975,,,665133,795858,907902,0.8394778402009047,,,,,,,,checkpoint_10 TEST,run/sthelar40x_klt_5class_slideind_foldB_lora_adaptformer_r8_a8_red16_heads_e10_seed43/log/2026-08-24T122637_sthelar40x_klt_5class_slideind_foldB_lora_adaptformer_r8_a8_red16_heads_e10_seed43/inference_results.json,
klt_per_class,KLT,CellViT-SAM-H,Selected PEFT,Tonsil,B,,,43,Stromal,,,,,,,,,,,,,,,,,,,,,,,,,,,,,,,,,,,,,,,,,,,,,0.37987271116969784,,,158144,191127,99768,0.09224897088139894,,,,,,,,checkpoint_10 TEST,run/sthelar40x_klt_5class_slideind_foldB_lora_adaptformer_r8_a8_red16_heads_e10_seed43/log/2026-08-24T122637_sthelar40x_klt_5class_slideind_foldB_lora_adaptformer_r8_a8_red16_heads_e10_seed43/inference_results.json,
klt_per_class,KLT,CellViT-SAM-H,Selected PEFT,Tonsil,B,,,43,Epithelial,,,,,,,,,,,,,,,,,,,,,,,,,,,,,,,,,,,,,,,,,,,,,0.6455418713785278,,,116410,140466,73407,0.06787467129230666,,,,,,,,checkpoint_10 TEST,run/sthelar40x_klt_5class_slideind_foldB_lora_adaptformer_r8_a8_red16_heads_e10_seed43/log/2026-08-24T122637_sthelar40x_klt_5class_slideind_foldB_lora_adaptformer_r8_a8_red16_heads_e10_seed43/inference_results.json,
klt_per_class,KLT,CellViT-SAM-H,Selected PEFT,Tonsil,B,,,43,Melanocyte,,,,,,,,,,,,,,,,,,,,,,,,,,,,,,,,,,,,,,,,,,,,,,,,0,0,0,0.0,,,,,,,,checkpoint_10 TEST,run/sthelar40x_klt_5class_slideind_foldB_lora_adaptformer_r8_a8_red16_heads_e10_seed43/log/2026-08-24T122637_sthelar40x_klt_5class_slideind_foldB_lora_adaptformer_r8_a8_red16_heads_e10_seed43/inference_results.json,
klt_per_class,KLT,CellViT-SAM-H,Selected PEFT,Tonsil,B,,,43,Other,,,,,,,,,,,,,,,,,,,,,,,,,,,,,,,,,,,,,,,,,,,,,0.00896995066527134,,,6399,11130,431,0.0003985176253897336,,,,,,,,checkpoint_10 TEST,run/sthelar40x_klt_5class_slideind_foldB_lora_adaptformer_r8_a8_red16_heads_e10_seed43/log/2026-08-24T122637_sthelar40x_klt_5class_slideind_foldB_lora_adaptformer_r8_a8_red16_heads_e10_seed43/inference_results.json,
klt_confusion,KLT,CellViT-SAM-H,Selected PEFT,Tonsil,B,,,43,,Background,Background,8,,,,,,,,,,,,,,,,,,,,,,,,,,,,,,,,,,,,,,,,,,,,,,,,,,,,,,,,checkpoint_10 TEST,run/sthelar40x_klt_5class_slideind_foldB_lora_adaptformer_r8_a8_red16_heads_e10_seed43/log/2026-08-24T122637_sthelar40x_klt_5class_slideind_foldB_lora_adaptformer_r8_a8_red16_heads_e10_seed43/inference_results.json,"Rows=true, columns=predicted; paired matches only."
klt_confusion,KLT,CellViT-SAM-H,Selected PEFT,Tonsil,B,,,43,,Background,Immune,0,,,,,,,,,,,,,,,,,,,,,,,,,,,,,,,,,,,,,,,,,,,,,,,,,,,,,,,,checkpoint_10 TEST,run/sthelar40x_klt_5class_slideind_foldB_lora_adaptformer_r8_a8_red16_heads_e10_seed43/log/2026-08-24T122637_sthelar40x_klt_5class_slideind_foldB_lora_adaptformer_r8_a8_red16_heads_e10_seed43/inference_results.json,"Rows=true, columns=predicted; paired matches only."
klt_confusion,KLT,CellViT-SAM-H,Selected PEFT,Tonsil,B,,,43,,Background,Stromal,0,,,,,,,,,,,,,,,,,,,,,,,,,,,,,,,,,,,,,,,,,,,,,,,,,,,,,,,,checkpoint_10 TEST,run/sthelar40x_klt_5class_slideind_foldB_lora_adaptformer_r8_a8_red16_heads_e10_seed43/log/2026-08-24T122637_sthelar40x_klt_5class_slideind_foldB_lora_adaptformer_r8_a8_red16_heads_e10_seed43/inference_results.json,"Rows=true, columns=predicted; paired matches only."
klt_confusion,KLT,CellViT-SAM-H,Selected PEFT,Tonsil,B,,,43,,Background,Epithelial,0,,,,,,,,,,,,,,,,,,,,,,,,,,,,,,,,,,,,,,,,,,,,,,,,,,,,,,,,checkpoint_10 TEST,run/sthelar40x_klt_5class_slideind_foldB_lora_adaptformer_r8_a8_red16_heads_e10_seed43/log/2026-08-24T122637_sthelar40x_klt_5class_slideind_foldB_lora_adaptformer_r8_a8_red16_heads_e10_seed43/inference_results.json,"Rows=true, columns=predicted; paired matches only."
klt_confusion,KLT,CellViT-SAM-H,Selected PEFT,Tonsil,B,,,43,,Background,Melanocyte,0,,,,,,,,,,,,,,,,,,,,,,,,,,,,,,,,,,,,,,,,,,,,,,,,,,,,,,,,checkpoint_10 TEST,run/sthelar40x_klt_5class_slideind_foldB_lora_adaptformer_r8_a8_red16_heads_e10_seed43/log/2026-08-24T122637_sthelar40x_klt_5class_slideind_foldB_lora_adaptformer_r8_a8_red16_heads_e10_seed43/inference_results.json,"Rows=true, columns=predicted; paired matches only."
klt_confusion,KLT,CellViT-SAM-H,Selected PEFT,Tonsil,B,,,43,,Background,Other,0,,,,,,,,,,,,,,,,,,,,,,,,,,,,,,,,,,,,,,,,,,,,,,,,,,,,,,,,checkpoint_10 TEST,run/sthelar40x_klt_5class_slideind_foldB_lora_adaptformer_r8_a8_red16_heads_e10_seed43/log/2026-08-24T122637_sthelar40x_klt_5class_slideind_foldB_lora_adaptformer_r8_a8_red16_heads_e10_seed43/inference_results.json,"Rows=true, columns=predicted; paired matches only."
klt_confusion,KLT,CellViT-SAM-H,Selected PEFT,Tonsil,B,,,43,,Immune,Background,61,,,,,,,,,,,,,,,,,,,,,,,,,,,,,,,,,,,,,,,,,,,,,,,,,,,,,,,,checkpoint_10 TEST,run/sthelar40x_klt_5class_slideind_foldB_lora_adaptformer_r8_a8_red16_heads_e10_seed43/log/2026-08-24T122637_sthelar40x_klt_5class_slideind_foldB_lora_adaptformer_r8_a8_red16_heads_e10_seed43/inference_results.json,"Rows=true, columns=predicted; paired matches only."
klt_confusion,KLT,CellViT-SAM-H,Selected PEFT,Tonsil,B,,,43,,Immune,Immune,631473,,,,,,,,,,,,,,,,,,,,,,,,,,,,,,,,,,,,,,,,,,,,,,,,,,,,,,,,checkpoint_10 TEST,run/sthelar40x_klt_5class_slideind_foldB_lora_adaptformer_r8_a8_red16_heads_e10_seed43/log/2026-08-24T122637_sthelar40x_klt_5class_slideind_foldB_lora_adaptformer_r8_a8_red16_heads_e10_seed43/inference_results.json,"Rows=true, columns=predicted; paired matches only."
klt_confusion,KLT,CellViT-SAM-H,Selected PEFT,Tonsil,B,,,43,,Immune,Stromal,27992,,,,,,,,,,,,,,,,,,,,,,,,,,,,,,,,,,,,,,,,,,,,,,,,,,,,,,,,checkpoint_10 TEST,run/sthelar40x_klt_5class_slideind_foldB_lora_adaptformer_r8_a8_red16_heads_e10_seed43/log/2026-08-24T122637_sthelar40x_klt_5class_slideind_foldB_lora_adaptformer_r8_a8_red16_heads_e10_seed43/inference_results.json,"Rows=true, columns=predicted; paired matches only."
klt_confusion,KLT,CellViT-SAM-H,Selected PEFT,Tonsil,B,,,43,,Immune,Epithelial,5610,,,,,,,,,,,,,,,,,,,,,,,,,,,,,,,,,,,,,,,,,,,,,,,,,,,,,,,,checkpoint_10 TEST,run/sthelar40x_klt_5class_slideind_foldB_lora_adaptformer_r8_a8_red16_heads_e10_seed43/log/2026-08-24T122637_sthelar40x_klt_5class_slideind_foldB_lora_adaptformer_r8_a8_red16_heads_e10_seed43/inference_results.json,"Rows=true, columns=predicted; paired matches only."
klt_confusion,KLT,CellViT-SAM-H,Selected PEFT,Tonsil,B,,,43,,Immune,Melanocyte,0,,,,,,,,,,,,,,,,,,,,,,,,,,,,,,,,,,,,,,,,,,,,,,,,,,,,,,,,checkpoint_10 TEST,run/sthelar40x_klt_5class_slideind_foldB_lora_adaptformer_r8_a8_red16_heads_e10_seed43/log/2026-08-24T122637_sthelar40x_klt_5class_slideind_foldB_lora_adaptformer_r8_a8_red16_heads_e10_seed43/inference_results.json,"Rows=true, columns=predicted; paired matches only."
klt_confusion,KLT,CellViT-SAM-H,Selected PEFT,Tonsil,B,,,43,,Immune,Other,58,,,,,,,,,,,,,,,,,,,,,,,,,,,,,,,,,,,,,,,,,,,,,,,,,,,,,,,,checkpoint_10 TEST,run/sthelar40x_klt_5class_slideind_foldB_lora_adaptformer_r8_a8_red16_heads_e10_seed43/log/2026-08-24T122637_sthelar40x_klt_5class_slideind_foldB_lora_adaptformer_r8_a8_red16_heads_e10_seed43/inference_results.json,"Rows=true, columns=predicted; paired matches only."
klt_confusion,KLT,CellViT-SAM-H,Selected PEFT,Tonsil,B,,,43,,Stromal,Background,52,,,,,,,,,,,,,,,,,,,,,,,,,,,,,,,,,,,,,,,,,,,,,,,,,,,,,,,,checkpoint_10 TEST,run/sthelar40x_klt_5class_slideind_foldB_lora_adaptformer_r8_a8_red16_heads_e10_seed43/log/2026-08-24T122637_sthelar40x_klt_5class_slideind_foldB_lora_adaptformer_r8_a8_red16_heads_e10_seed43/inference_results.json,"Rows=true, columns=predicted; paired matches only."
klt_confusion,KLT,CellViT-SAM-H,Selected PEFT,Tonsil,B,,,43,,Stromal,Immune,111261,,,,,,,,,,,,,,,,,,,,,,,,,,,,,,,,,,,,,,,,,,,,,,,,,,,,,,,,checkpoint_10 TEST,run/sthelar40x_klt_5class_slideind_foldB_lora_adaptformer_r8_a8_red16_heads_e10_seed43/log/2026-08-24T122637_sthelar40x_klt_5class_slideind_foldB_lora_adaptformer_r8_a8_red16_heads_e10_seed43/inference_results.json,"Rows=true, columns=predicted; paired matches only."
klt_confusion,KLT,CellViT-SAM-H,Selected PEFT,Tonsil,B,,,43,,Stromal,Stromal,46108,,,,,,,,,,,,,,,,,,,,,,,,,,,,,,,,,,,,,,,,,,,,,,,,,,,,,,,,checkpoint_10 TEST,run/sthelar40x_klt_5class_slideind_foldB_lora_adaptformer_r8_a8_red16_heads_e10_seed43/log/2026-08-24T122637_sthelar40x_klt_5class_slideind_foldB_lora_adaptformer_r8_a8_red16_heads_e10_seed43/inference_results.json,"Rows=true, columns=predicted; paired matches only."
klt_confusion,KLT,CellViT-SAM-H,Selected PEFT,Tonsil,B,,,43,,Stromal,Epithelial,734,,,,,,,,,,,,,,,,,,,,,,,,,,,,,,,,,,,,,,,,,,,,,,,,,,,,,,,,checkpoint_10 TEST,run/sthelar40x_klt_5class_slideind_foldB_lora_adaptformer_r8_a8_red16_heads_e10_seed43/log/2026-08-24T122637_sthelar40x_klt_5class_slideind_foldB_lora_adaptformer_r8_a8_red16_heads_e10_seed43/inference_results.json,"Rows=true, columns=predicted; paired matches only."
klt_confusion,KLT,CellViT-SAM-H,Selected PEFT,Tonsil,B,,,43,,Stromal,Melanocyte,0,,,,,,,,,,,,,,,,,,,,,,,,,,,,,,,,,,,,,,,,,,,,,,,,,,,,,,,,checkpoint_10 TEST,run/sthelar40x_klt_5class_slideind_foldB_lora_adaptformer_r8_a8_red16_heads_e10_seed43/log/2026-08-24T122637_sthelar40x_klt_5class_slideind_foldB_lora_adaptformer_r8_a8_red16_heads_e10_seed43/inference_results.json,"Rows=true, columns=predicted; paired matches only."
klt_confusion,KLT,CellViT-SAM-H,Selected PEFT,Tonsil,B,,,43,,Stromal,Other,41,,,,,,,,,,,,,,,,,,,,,,,,,,,,,,,,,,,,,,,,,,,,,,,,,,,,,,,,checkpoint_10 TEST,run/sthelar40x_klt_5class_slideind_foldB_lora_adaptformer_r8_a8_red16_heads_e10_seed43/log/2026-08-24T122637_sthelar40x_klt_5class_slideind_foldB_lora_adaptformer_r8_a8_red16_heads_e10_seed43/inference_results.json,"Rows=true, columns=predicted; paired matches only."
klt_confusion,KLT,CellViT-SAM-H,Selected PEFT,Tonsil,B,,,43,,Epithelial,Background,124,,,,,,,,,,,,,,,,,,,,,,,,,,,,,,,,,,,,,,,,,,,,,,,,,,,,,,,,checkpoint_10 TEST,run/sthelar40x_klt_5class_slideind_foldB_lora_adaptformer_r8_a8_red16_heads_e10_seed43/log/2026-08-24T122637_sthelar40x_klt_5class_slideind_foldB_lora_adaptformer_r8_a8_red16_heads_e10_seed43/inference_results.json,"Rows=true, columns=predicted; paired matches only."
klt_confusion,KLT,CellViT-SAM-H,Selected PEFT,Tonsil,B,,,43,,Epithelial,Immune,48324,,,,,,,,,,,,,,,,,,,,,,,,,,,,,,,,,,,,,,,,,,,,,,,,,,,,,,,,checkpoint_10 TEST,run/sthelar40x_klt_5class_slideind_foldB_lora_adaptformer_r8_a8_red16_heads_e10_seed43/log/2026-08-24T122637_sthelar40x_klt_5class_slideind_foldB_lora_adaptformer_r8_a8_red16_heads_e10_seed43/inference_results.json,"Rows=true, columns=predicted; paired matches only."
klt_confusion,KLT,CellViT-SAM-H,Selected PEFT,Tonsil,B,,,43,,Epithelial,Stromal,9324,,,,,,,,,,,,,,,,,,,,,,,,,,,,,,,,,,,,,,,,,,,,,,,,,,,,,,,,checkpoint_10 TEST,run/sthelar40x_klt_5class_slideind_foldB_lora_adaptformer_r8_a8_red16_heads_e10_seed43/log/2026-08-24T122637_sthelar40x_klt_5class_slideind_foldB_lora_adaptformer_r8_a8_red16_heads_e10_seed43/inference_results.json,"Rows=true, columns=predicted; paired matches only."
klt_confusion,KLT,CellViT-SAM-H,Selected PEFT,Tonsil,B,,,43,,Epithelial,Epithelial,58601,,,,,,,,,,,,,,,,,,,,,,,,,,,,,,,,,,,,,,,,,,,,,,,,,,,,,,,,checkpoint_10 TEST,run/sthelar40x_klt_5class_slideind_foldB_lora_adaptformer_r8_a8_red16_heads_e10_seed43/log/2026-08-24T122637_sthelar40x_klt_5class_slideind_foldB_lora_adaptformer_r8_a8_red16_heads_e10_seed43/inference_results.json,"Rows=true, columns=predicted; paired matches only."
klt_confusion,KLT,CellViT-SAM-H,Selected PEFT,Tonsil,B,,,43,,Epithelial,Melanocyte,0,,,,,,,,,,,,,,,,,,,,,,,,,,,,,,,,,,,,,,,,,,,,,,,,,,,,,,,,checkpoint_10 TEST,run/sthelar40x_klt_5class_slideind_foldB_lora_adaptformer_r8_a8_red16_heads_e10_seed43/log/2026-08-24T122637_sthelar40x_klt_5class_slideind_foldB_lora_adaptformer_r8_a8_red16_heads_e10_seed43/inference_results.json,"Rows=true, columns=predicted; paired matches only."
klt_confusion,KLT,CellViT-SAM-H,Selected PEFT,Tonsil,B,,,43,,Epithelial,Other,161,,,,,,,,,,,,,,,,,,,,,,,,,,,,,,,,,,,,,,,,,,,,,,,,,,,,,,,,checkpoint_10 TEST,run/sthelar40x_klt_5class_slideind_foldB_lora_adaptformer_r8_a8_red16_heads_e10_seed43/log/2026-08-24T122637_sthelar40x_klt_5class_slideind_foldB_lora_adaptformer_r8_a8_red16_heads_e10_seed43/inference_results.json,"Rows=true, columns=predicted; paired matches only."
klt_confusion,KLT,CellViT-SAM-H,Selected PEFT,Tonsil,B,,,43,,Melanocyte,Background,0,,,,,,,,,,,,,,,,,,,,,,,,,,,,,,,,,,,,,,,,,,,,,,,,,,,,,,,,checkpoint_10 TEST,run/sthelar40x_klt_5class_slideind_foldB_lora_adaptformer_r8_a8_red16_heads_e10_seed43/log/2026-08-24T122637_sthelar40x_klt_5class_slideind_foldB_lora_adaptformer_r8_a8_red16_heads_e10_seed43/inference_results.json,"Rows=true, columns=predicted; paired matches only."
klt_confusion,KLT,CellViT-SAM-H,Selected PEFT,Tonsil,B,,,43,,Melanocyte,Immune,0,,,,,,,,,,,,,,,,,,,,,,,,,,,,,,,,,,,,,,,,,,,,,,,,,,,,,,,,checkpoint_10 TEST,run/sthelar40x_klt_5class_slideind_foldB_lora_adaptformer_r8_a8_red16_heads_e10_seed43/log/2026-08-24T122637_sthelar40x_klt_5class_slideind_foldB_lora_adaptformer_r8_a8_red16_heads_e10_seed43/inference_results.json,"Rows=true, columns=predicted; paired matches only."
klt_confusion,KLT,CellViT-SAM-H,Selected PEFT,Tonsil,B,,,43,,Melanocyte,Stromal,0,,,,,,,,,,,,,,,,,,,,,,,,,,,,,,,,,,,,,,,,,,,,,,,,,,,,,,,,checkpoint_10 TEST,run/sthelar40x_klt_5class_slideind_foldB_lora_adaptformer_r8_a8_red16_heads_e10_seed43/log/2026-08-24T122637_sthelar40x_klt_5class_slideind_foldB_lora_adaptformer_r8_a8_red16_heads_e10_seed43/inference_results.json,"Rows=true, columns=predicted; paired matches only."
klt_confusion,KLT,CellViT-SAM-H,Selected PEFT,Tonsil,B,,,43,,Melanocyte,Epithelial,0,,,,,,,,,,,,,,,,,,,,,,,,,,,,,,,,,,,,,,,,,,,,,,,,,,,,,,,,checkpoint_10 TEST,run/sthelar40x_klt_5class_slideind_foldB_lora_adaptformer_r8_a8_red16_heads_e10_seed43/log/2026-08-24T122637_sthelar40x_klt_5class_slideind_foldB_lora_adaptformer_r8_a8_red16_heads_e10_seed43/inference_results.json,"Rows=true, columns=predicted; paired matches only."
klt_confusion,KLT,CellViT-SAM-H,Selected PEFT,Tonsil,B,,,43,,Melanocyte,Melanocyte,0,,,,,,,,,,,,,,,,,,,,,,,,,,,,,,,,,,,,,,,,,,,,,,,,,,,,,,,,checkpoint_10 TEST,run/sthelar40x_klt_5class_slideind_foldB_lora_adaptformer_r8_a8_red16_heads_e10_seed43/log/2026-08-24T122637_sthelar40x_klt_5class_slideind_foldB_lora_adaptformer_r8_a8_red16_heads_e10_seed43/inference_results.json,"Rows=true, columns=predicted; paired matches only."
klt_confusion,KLT,CellViT-SAM-H,Selected PEFT,Tonsil,B,,,43,,Melanocyte,Other,0,,,,,,,,,,,,,,,,,,,,,,,,,,,,,,,,,,,,,,,,,,,,,,,,,,,,,,,,checkpoint_10 TEST,run/sthelar40x_klt_5class_slideind_foldB_lora_adaptformer_r8_a8_red16_heads_e10_seed43/log/2026-08-24T122637_sthelar40x_klt_5class_slideind_foldB_lora_adaptformer_r8_a8_red16_heads_e10_seed43/inference_results.json,"Rows=true, columns=predicted; paired matches only."
klt_confusion,KLT,CellViT-SAM-H,Selected PEFT,Tonsil,B,,,43,,Other,Background,10,,,,,,,,,,,,,,,,,,,,,,,,,,,,,,,,,,,,,,,,,,,,,,,,,,,,,,,,checkpoint_10 TEST,run/sthelar40x_klt_5class_slideind_foldB_lora_adaptformer_r8_a8_red16_heads_e10_seed43/log/2026-08-24T122637_sthelar40x_klt_5class_slideind_foldB_lora_adaptformer_r8_a8_red16_heads_e10_seed43/inference_results.json,"Rows=true, columns=predicted; paired matches only."
klt_confusion,KLT,CellViT-SAM-H,Selected PEFT,Tonsil,B,,,43,,Other,Immune,4981,,,,,,,,,,,,,,,,,,,,,,,,,,,,,,,,,,,,,,,,,,,,,,,,,,,,,,,,checkpoint_10 TEST,run/sthelar40x_klt_5class_slideind_foldB_lora_adaptformer_r8_a8_red16_heads_e10_seed43/log/2026-08-24T122637_sthelar40x_klt_5class_slideind_foldB_lora_adaptformer_r8_a8_red16_heads_e10_seed43/inference_results.json,"Rows=true, columns=predicted; paired matches only."
klt_confusion,KLT,CellViT-SAM-H,Selected PEFT,Tonsil,B,,,43,,Other,Stromal,1187,,,,,,,,,,,,,,,,,,,,,,,,,,,,,,,,,,,,,,,,,,,,,,,,,,,,,,,,checkpoint_10 TEST,run/sthelar40x_klt_5class_slideind_foldB_lora_adaptformer_r8_a8_red16_heads_e10_seed43/log/2026-08-24T122637_sthelar40x_klt_5class_slideind_foldB_lora_adaptformer_r8_a8_red16_heads_e10_seed43/inference_results.json,"Rows=true, columns=predicted; paired matches only."
klt_confusion,KLT,CellViT-SAM-H,Selected PEFT,Tonsil,B,,,43,,Other,Epithelial,201,,,,,,,,,,,,,,,,,,,,,,,,,,,,,,,,,,,,,,,,,,,,,,,,,,,,,,,,checkpoint_10 TEST,run/sthelar40x_klt_5class_slideind_foldB_lora_adaptformer_r8_a8_red16_heads_e10_seed43/log/2026-08-24T122637_sthelar40x_klt_5class_slideind_foldB_lora_adaptformer_r8_a8_red16_heads_e10_seed43/inference_results.json,"Rows=true, columns=predicted; paired matches only."
klt_confusion,KLT,CellViT-SAM-H,Selected PEFT,Tonsil,B,,,43,,Other,Melanocyte,0,,,,,,,,,,,,,,,,,,,,,,,,,,,,,,,,,,,,,,,,,,,,,,,,,,,,,,,,checkpoint_10 TEST,run/sthelar40x_klt_5class_slideind_foldB_lora_adaptformer_r8_a8_red16_heads_e10_seed43/log/2026-08-24T122637_sthelar40x_klt_5class_slideind_foldB_lora_adaptformer_r8_a8_red16_heads_e10_seed43/inference_results.json,"Rows=true, columns=predicted; paired matches only."
klt_confusion,KLT,CellViT-SAM-H,Selected PEFT,Tonsil,B,,,43,,Other,Other,30,,,,,,,,,,,,,,,,,,,,,,,,,,,,,,,,,,,,,,,,,,,,,,,,,,,,,,,,checkpoint_10 TEST,run/sthelar40x_klt_5class_slideind_foldB_lora_adaptformer_r8_a8_red16_heads_e10_seed43/log/2026-08-24T122637_sthelar40x_klt_5class_slideind_foldB_lora_adaptformer_r8_a8_red16_heads_e10_seed43/inference_results.json,"Rows=true, columns=predicted; paired matches only."
klt_seed_metric,KLT,CellViT-SAM-H,Selected PEFT,Pooled KLT,B,,,43,,,,,26335,,,,,,,,,,,,,,,,,0.837137527104058,0.7324022140234917,0.6114209245013934,0.24055209403982952,0.8661168970671425,0.4959636712045306,,,,,,,,,,,,,,,,,,,,,,,,,,,,,,,,,checkpoint_10 TEST,run/sthelar40x_klt_5class_slideind_foldB_lora_adaptformer_r8_a8_red16_heads_e10_seed43/log/2026-08-24T122637_sthelar40x_klt_5class_slideind_foldB_lora_adaptformer_r8_a8_red16_heads_e10_seed43/inference_results.json,
klt_per_class,KLT,CellViT-SAM-H,Selected PEFT,Pooled KLT,B,,,43,Immune,,,,,,,,,,,,,,,,,,,,,,,,,,,,,,,,,,,,,,,,,,,,,0.8236436040711336,,,724836,866241,943414,0.6448789143993022,,,,,,,,checkpoint_10 TEST,run/sthelar40x_klt_5class_slideind_foldB_lora_adaptformer_r8_a8_red16_heads_e10_seed43/log/2026-08-24T122637_sthelar40x_klt_5class_slideind_foldB_lora_adaptformer_r8_a8_red16_heads_e10_seed43/inference_results.json,
klt_per_class,KLT,CellViT-SAM-H,Selected PEFT,Pooled KLT,B,,,43,Stromal,,,,,,,,,,,,,,,,,,,,,,,,,,,,,,,,,,,,,,,,,,,,,0.4189382797142218,,,242736,292573,200639,0.1371485482578821,,,,,,,,checkpoint_10 TEST,run/sthelar40x_klt_5class_slideind_foldB_lora_adaptformer_r8_a8_red16_heads_e10_seed43/log/2026-08-24T122637_sthelar40x_klt_5class_slideind_foldB_lora_adaptformer_r8_a8_red16_heads_e10_seed43/inference_results.json,
klt_per_class,KLT,CellViT-SAM-H,Selected PEFT,Pooled KLT,B,,,43,Epithelial,,,,,,,,,,,,,,,,,,,,,,,,,,,,,,,,,,,,,,,,,,,,,0.722150680215731,,,326707,377255,317240,0.2168521845171204,,,,,,,,checkpoint_10 TEST,run/sthelar40x_klt_5class_slideind_foldB_lora_adaptformer_r8_a8_red16_heads_e10_seed43/log/2026-08-24T122637_sthelar40x_klt_5class_slideind_foldB_lora_adaptformer_r8_a8_red16_heads_e10_seed43/inference_results.json,
klt_per_class,KLT,CellViT-SAM-H,Selected PEFT,Pooled KLT,B,,,43,Melanocyte,,,,,,,,,,,,,,,,,,,,,,,,,,,,,,,,,,,,,,,,,,,,,,,,0,0,0,0.0,,,,,,,,checkpoint_10 TEST,run/sthelar40x_klt_5class_slideind_foldB_lora_adaptformer_r8_a8_red16_heads_e10_seed43/log/2026-08-24T122637_sthelar40x_klt_5class_slideind_foldB_lora_adaptformer_r8_a8_red16_heads_e10_seed43/inference_results.json,
klt_per_class,KLT,CellViT-SAM-H,Selected PEFT,Pooled KLT,B,,,43,Other,,,,,,,,,,,,,,,,,,,,,,,,,,,,,,,,,,,,,,,,,,,,,0.01912212081703607,,,14918,23582,1639,0.0011203528256952477,,,,,,,,checkpoint_10 TEST,run/sthelar40x_klt_5class_slideind_foldB_lora_adaptformer_r8_a8_red16_heads_e10_seed43/log/2026-08-24T122637_sthelar40x_klt_5class_slideind_foldB_lora_adaptformer_r8_a8_red16_heads_e10_seed43/inference_results.json,
klt_confusion,KLT,CellViT-SAM-H,Selected PEFT,Pooled KLT,B,,,43,,Background,Background,18,,,,,,,,,,,,,,,,,,,,,,,,,,,,,,,,,,,,,,,,,,,,,,,,,,,,,,,,checkpoint_10 TEST,run/sthelar40x_klt_5class_slideind_foldB_lora_adaptformer_r8_a8_red16_heads_e10_seed43/log/2026-08-24T122637_sthelar40x_klt_5class_slideind_foldB_lora_adaptformer_r8_a8_red16_heads_e10_seed43/inference_results.json,"Rows=true, columns=predicted; paired matches only."
klt_confusion,KLT,CellViT-SAM-H,Selected PEFT,Pooled KLT,B,,,43,,Background,Immune,0,,,,,,,,,,,,,,,,,,,,,,,,,,,,,,,,,,,,,,,,,,,,,,,,,,,,,,,,checkpoint_10 TEST,run/sthelar40x_klt_5class_slideind_foldB_lora_adaptformer_r8_a8_red16_heads_e10_seed43/log/2026-08-24T122637_sthelar40x_klt_5class_slideind_foldB_lora_adaptformer_r8_a8_red16_heads_e10_seed43/inference_results.json,"Rows=true, columns=predicted; paired matches only."
klt_confusion,KLT,CellViT-SAM-H,Selected PEFT,Pooled KLT,B,,,43,,Background,Stromal,0,,,,,,,,,,,,,,,,,,,,,,,,,,,,,,,,,,,,,,,,,,,,,,,,,,,,,,,,checkpoint_10 TEST,run/sthelar40x_klt_5class_slideind_foldB_lora_adaptformer_r8_a8_red16_heads_e10_seed43/log/2026-08-24T122637_sthelar40x_klt_5class_slideind_foldB_lora_adaptformer_r8_a8_red16_heads_e10_seed43/inference_results.json,"Rows=true, columns=predicted; paired matches only."
klt_confusion,KLT,CellViT-SAM-H,Selected PEFT,Pooled KLT,B,,,43,,Background,Epithelial,0,,,,,,,,,,,,,,,,,,,,,,,,,,,,,,,,,,,,,,,,,,,,,,,,,,,,,,,,checkpoint_10 TEST,run/sthelar40x_klt_5class_slideind_foldB_lora_adaptformer_r8_a8_red16_heads_e10_seed43/log/2026-08-24T122637_sthelar40x_klt_5class_slideind_foldB_lora_adaptformer_r8_a8_red16_heads_e10_seed43/inference_results.json,"Rows=true, columns=predicted; paired matches only."
klt_confusion,KLT,CellViT-SAM-H,Selected PEFT,Pooled KLT,B,,,43,,Background,Melanocyte,0,,,,,,,,,,,,,,,,,,,,,,,,,,,,,,,,,,,,,,,,,,,,,,,,,,,,,,,,checkpoint_10 TEST,run/sthelar40x_klt_5class_slideind_foldB_lora_adaptformer_r8_a8_red16_heads_e10_seed43/log/2026-08-24T122637_sthelar40x_klt_5class_slideind_foldB_lora_adaptformer_r8_a8_red16_heads_e10_seed43/inference_results.json,"Rows=true, columns=predicted; paired matches only."
klt_confusion,KLT,CellViT-SAM-H,Selected PEFT,Pooled KLT,B,,,43,,Background,Other,0,,,,,,,,,,,,,,,,,,,,,,,,,,,,,,,,,,,,,,,,,,,,,,,,,,,,,,,,checkpoint_10 TEST,run/sthelar40x_klt_5class_slideind_foldB_lora_adaptformer_r8_a8_red16_heads_e10_seed43/log/2026-08-24T122637_sthelar40x_klt_5class_slideind_foldB_lora_adaptformer_r8_a8_red16_heads_e10_seed43/inference_results.json,"Rows=true, columns=predicted; paired matches only."
klt_confusion,KLT,CellViT-SAM-H,Selected PEFT,Pooled KLT,B,,,43,,Immune,Background,100,,,,,,,,,,,,,,,,,,,,,,,,,,,,,,,,,,,,,,,,,,,,,,,,,,,,,,,,checkpoint_10 TEST,run/sthelar40x_klt_5class_slideind_foldB_lora_adaptformer_r8_a8_red16_heads_e10_seed43/log/2026-08-24T122637_sthelar40x_klt_5class_slideind_foldB_lora_adaptformer_r8_a8_red16_heads_e10_seed43/inference_results.json,"Rows=true, columns=predicted; paired matches only."
klt_confusion,KLT,CellViT-SAM-H,Selected PEFT,Pooled KLT,B,,,43,,Immune,Immune,640240,,,,,,,,,,,,,,,,,,,,,,,,,,,,,,,,,,,,,,,,,,,,,,,,,,,,,,,,checkpoint_10 TEST,run/sthelar40x_klt_5class_slideind_foldB_lora_adaptformer_r8_a8_red16_heads_e10_seed43/log/2026-08-24T122637_sthelar40x_klt_5class_slideind_foldB_lora_adaptformer_r8_a8_red16_heads_e10_seed43/inference_results.json,"Rows=true, columns=predicted; paired matches only."
klt_confusion,KLT,CellViT-SAM-H,Selected PEFT,Pooled KLT,B,,,43,,Immune,Stromal,42108,,,,,,,,,,,,,,,,,,,,,,,,,,,,,,,,,,,,,,,,,,,,,,,,,,,,,,,,checkpoint_10 TEST,run/sthelar40x_klt_5class_slideind_foldB_lora_adaptformer_r8_a8_red16_heads_e10_seed43/log/2026-08-24T122637_sthelar40x_klt_5class_slideind_foldB_lora_adaptformer_r8_a8_red16_heads_e10_seed43/inference_results.json,"Rows=true, columns=predicted; paired matches only."
klt_confusion,KLT,CellViT-SAM-H,Selected PEFT,Pooled KLT,B,,,43,,Immune,Epithelial,42122,,,,,,,,,,,,,,,,,,,,,,,,,,,,,,,,,,,,,,,,,,,,,,,,,,,,,,,,checkpoint_10 TEST,run/sthelar40x_klt_5class_slideind_foldB_lora_adaptformer_r8_a8_red16_heads_e10_seed43/log/2026-08-24T122637_sthelar40x_klt_5class_slideind_foldB_lora_adaptformer_r8_a8_red16_heads_e10_seed43/inference_results.json,"Rows=true, columns=predicted; paired matches only."
klt_confusion,KLT,CellViT-SAM-H,Selected PEFT,Pooled KLT,B,,,43,,Immune,Melanocyte,0,,,,,,,,,,,,,,,,,,,,,,,,,,,,,,,,,,,,,,,,,,,,,,,,,,,,,,,,checkpoint_10 TEST,run/sthelar40x_klt_5class_slideind_foldB_lora_adaptformer_r8_a8_red16_heads_e10_seed43/log/2026-08-24T122637_sthelar40x_klt_5class_slideind_foldB_lora_adaptformer_r8_a8_red16_heads_e10_seed43/inference_results.json,"Rows=true, columns=predicted; paired matches only."
klt_confusion,KLT,CellViT-SAM-H,Selected PEFT,Pooled KLT,B,,,43,,Immune,Other,366,,,,,,,,,,,,,,,,,,,,,,,,,,,,,,,,,,,,,,,,,,,,,,,,,,,,,,,,checkpoint_10 TEST,run/sthelar40x_klt_5class_slideind_foldB_lora_adaptformer_r8_a8_red16_heads_e10_seed43/log/2026-08-24T122637_sthelar40x_klt_5class_slideind_foldB_lora_adaptformer_r8_a8_red16_heads_e10_seed43/inference_results.json,"Rows=true, columns=predicted; paired matches only."
klt_confusion,KLT,CellViT-SAM-H,Selected PEFT,Pooled KLT,B,,,43,,Stromal,Background,126,,,,,,,,,,,,,,,,,,,,,,,,,,,,,,,,,,,,,,,,,,,,,,,,,,,,,,,,checkpoint_10 TEST,run/sthelar40x_klt_5class_slideind_foldB_lora_adaptformer_r8_a8_red16_heads_e10_seed43/log/2026-08-24T122637_sthelar40x_klt_5class_slideind_foldB_lora_adaptformer_r8_a8_red16_heads_e10_seed43/inference_results.json,"Rows=true, columns=predicted; paired matches only."
klt_confusion,KLT,CellViT-SAM-H,Selected PEFT,Pooled KLT,B,,,43,,Stromal,Immune,124203,,,,,,,,,,,,,,,,,,,,,,,,,,,,,,,,,,,,,,,,,,,,,,,,,,,,,,,,checkpoint_10 TEST,run/sthelar40x_klt_5class_slideind_foldB_lora_adaptformer_r8_a8_red16_heads_e10_seed43/log/2026-08-24T122637_sthelar40x_klt_5class_slideind_foldB_lora_adaptformer_r8_a8_red16_heads_e10_seed43/inference_results.json,"Rows=true, columns=predicted; paired matches only."
klt_confusion,KLT,CellViT-SAM-H,Selected PEFT,Pooled KLT,B,,,43,,Stromal,Stromal,88016,,,,,,,,,,,,,,,,,,,,,,,,,,,,,,,,,,,,,,,,,,,,,,,,,,,,,,,,checkpoint_10 TEST,run/sthelar40x_klt_5class_slideind_foldB_lora_adaptformer_r8_a8_red16_heads_e10_seed43/log/2026-08-24T122637_sthelar40x_klt_5class_slideind_foldB_lora_adaptformer_r8_a8_red16_heads_e10_seed43/inference_results.json,"Rows=true, columns=predicted; paired matches only."
klt_confusion,KLT,CellViT-SAM-H,Selected PEFT,Pooled KLT,B,,,43,,Stromal,Epithelial,30259,,,,,,,,,,,,,,,,,,,,,,,,,,,,,,,,,,,,,,,,,,,,,,,,,,,,,,,,checkpoint_10 TEST,run/sthelar40x_klt_5class_slideind_foldB_lora_adaptformer_r8_a8_red16_heads_e10_seed43/log/2026-08-24T122637_sthelar40x_klt_5class_slideind_foldB_lora_adaptformer_r8_a8_red16_heads_e10_seed43/inference_results.json,"Rows=true, columns=predicted; paired matches only."
klt_confusion,KLT,CellViT-SAM-H,Selected PEFT,Pooled KLT,B,,,43,,Stromal,Melanocyte,0,,,,,,,,,,,,,,,,,,,,,,,,,,,,,,,,,,,,,,,,,,,,,,,,,,,,,,,,checkpoint_10 TEST,run/sthelar40x_klt_5class_slideind_foldB_lora_adaptformer_r8_a8_red16_heads_e10_seed43/log/2026-08-24T122637_sthelar40x_klt_5class_slideind_foldB_lora_adaptformer_r8_a8_red16_heads_e10_seed43/inference_results.json,"Rows=true, columns=predicted; paired matches only."
klt_confusion,KLT,CellViT-SAM-H,Selected PEFT,Pooled KLT,B,,,43,,Stromal,Other,258,,,,,,,,,,,,,,,,,,,,,,,,,,,,,,,,,,,,,,,,,,,,,,,,,,,,,,,,checkpoint_10 TEST,run/sthelar40x_klt_5class_slideind_foldB_lora_adaptformer_r8_a8_red16_heads_e10_seed43/log/2026-08-24T122637_sthelar40x_klt_5class_slideind_foldB_lora_adaptformer_r8_a8_red16_heads_e10_seed43/inference_results.json,"Rows=true, columns=predicted; paired matches only."
klt_confusion,KLT,CellViT-SAM-H,Selected PEFT,Pooled KLT,B,,,43,,Epithelial,Background,360,,,,,,,,,,,,,,,,,,,,,,,,,,,,,,,,,,,,,,,,,,,,,,,,,,,,,,,,checkpoint_10 TEST,run/sthelar40x_klt_5class_slideind_foldB_lora_adaptformer_r8_a8_red16_heads_e10_seed43/log/2026-08-24T122637_sthelar40x_klt_5class_slideind_foldB_lora_adaptformer_r8_a8_red16_heads_e10_seed43/inference_results.json,"Rows=true, columns=predicted; paired matches only."
klt_confusion,KLT,CellViT-SAM-H,Selected PEFT,Pooled KLT,B,,,43,,Epithelial,Immune,58281,,,,,,,,,,,,,,,,,,,,,,,,,,,,,,,,,,,,,,,,,,,,,,,,,,,,,,,,checkpoint_10 TEST,run/sthelar40x_klt_5class_slideind_foldB_lora_adaptformer_r8_a8_red16_heads_e10_seed43/log/2026-08-24T122637_sthelar40x_klt_5class_slideind_foldB_lora_adaptformer_r8_a8_red16_heads_e10_seed43/inference_results.json,"Rows=true, columns=predicted; paired matches only."
klt_confusion,KLT,CellViT-SAM-H,Selected PEFT,Pooled KLT,B,,,43,,Epithelial,Stromal,41459,,,,,,,,,,,,,,,,,,,,,,,,,,,,,,,,,,,,,,,,,,,,,,,,,,,,,,,,checkpoint_10 TEST,run/sthelar40x_klt_5class_slideind_foldB_lora_adaptformer_r8_a8_red16_heads_e10_seed43/log/2026-08-24T122637_sthelar40x_klt_5class_slideind_foldB_lora_adaptformer_r8_a8_red16_heads_e10_seed43/inference_results.json,"Rows=true, columns=predicted; paired matches only."
klt_confusion,KLT,CellViT-SAM-H,Selected PEFT,Pooled KLT,B,,,43,,Epithelial,Epithelial,226556,,,,,,,,,,,,,,,,,,,,,,,,,,,,,,,,,,,,,,,,,,,,,,,,,,,,,,,,checkpoint_10 TEST,run/sthelar40x_klt_5class_slideind_foldB_lora_adaptformer_r8_a8_red16_heads_e10_seed43/log/2026-08-24T122637_sthelar40x_klt_5class_slideind_foldB_lora_adaptformer_r8_a8_red16_heads_e10_seed43/inference_results.json,"Rows=true, columns=predicted; paired matches only."
klt_confusion,KLT,CellViT-SAM-H,Selected PEFT,Pooled KLT,B,,,43,,Epithelial,Melanocyte,0,,,,,,,,,,,,,,,,,,,,,,,,,,,,,,,,,,,,,,,,,,,,,,,,,,,,,,,,checkpoint_10 TEST,run/sthelar40x_klt_5class_slideind_foldB_lora_adaptformer_r8_a8_red16_heads_e10_seed43/log/2026-08-24T122637_sthelar40x_klt_5class_slideind_foldB_lora_adaptformer_r8_a8_red16_heads_e10_seed43/inference_results.json,"Rows=true, columns=predicted; paired matches only."
klt_confusion,KLT,CellViT-SAM-H,Selected PEFT,Pooled KLT,B,,,43,,Epithelial,Other,411,,,,,,,,,,,,,,,,,,,,,,,,,,,,,,,,,,,,,,,,,,,,,,,,,,,,,,,,checkpoint_10 TEST,run/sthelar40x_klt_5class_slideind_foldB_lora_adaptformer_r8_a8_red16_heads_e10_seed43/log/2026-08-24T122637_sthelar40x_klt_5class_slideind_foldB_lora_adaptformer_r8_a8_red16_heads_e10_seed43/inference_results.json,"Rows=true, columns=predicted; paired matches only."
klt_confusion,KLT,CellViT-SAM-H,Selected PEFT,Pooled KLT,B,,,43,,Melanocyte,Background,0,,,,,,,,,,,,,,,,,,,,,,,,,,,,,,,,,,,,,,,,,,,,,,,,,,,,,,,,checkpoint_10 TEST,run/sthelar40x_klt_5class_slideind_foldB_lora_adaptformer_r8_a8_red16_heads_e10_seed43/log/2026-08-24T122637_sthelar40x_klt_5class_slideind_foldB_lora_adaptformer_r8_a8_red16_heads_e10_seed43/inference_results.json,"Rows=true, columns=predicted; paired matches only."
klt_confusion,KLT,CellViT-SAM-H,Selected PEFT,Pooled KLT,B,,,43,,Melanocyte,Immune,0,,,,,,,,,,,,,,,,,,,,,,,,,,,,,,,,,,,,,,,,,,,,,,,,,,,,,,,,checkpoint_10 TEST,run/sthelar40x_klt_5class_slideind_foldB_lora_adaptformer_r8_a8_red16_heads_e10_seed43/log/2026-08-24T122637_sthelar40x_klt_5class_slideind_foldB_lora_adaptformer_r8_a8_red16_heads_e10_seed43/inference_results.json,"Rows=true, columns=predicted; paired matches only."
klt_confusion,KLT,CellViT-SAM-H,Selected PEFT,Pooled KLT,B,,,43,,Melanocyte,Stromal,0,,,,,,,,,,,,,,,,,,,,,,,,,,,,,,,,,,,,,,,,,,,,,,,,,,,,,,,,checkpoint_10 TEST,run/sthelar40x_klt_5class_slideind_foldB_lora_adaptformer_r8_a8_red16_heads_e10_seed43/log/2026-08-24T122637_sthelar40x_klt_5class_slideind_foldB_lora_adaptformer_r8_a8_red16_heads_e10_seed43/inference_results.json,"Rows=true, columns=predicted; paired matches only."
klt_confusion,KLT,CellViT-SAM-H,Selected PEFT,Pooled KLT,B,,,43,,Melanocyte,Epithelial,0,,,,,,,,,,,,,,,,,,,,,,,,,,,,,,,,,,,,,,,,,,,,,,,,,,,,,,,,checkpoint_10 TEST,run/sthelar40x_klt_5class_slideind_foldB_lora_adaptformer_r8_a8_red16_heads_e10_seed43/log/2026-08-24T122637_sthelar40x_klt_5class_slideind_foldB_lora_adaptformer_r8_a8_red16_heads_e10_seed43/inference_results.json,"Rows=true, columns=predicted; paired matches only."
klt_confusion,KLT,CellViT-SAM-H,Selected PEFT,Pooled KLT,B,,,43,,Melanocyte,Melanocyte,0,,,,,,,,,,,,,,,,,,,,,,,,,,,,,,,,,,,,,,,,,,,,,,,,,,,,,,,,checkpoint_10 TEST,run/sthelar40x_klt_5class_slideind_foldB_lora_adaptformer_r8_a8_red16_heads_e10_seed43/log/2026-08-24T122637_sthelar40x_klt_5class_slideind_foldB_lora_adaptformer_r8_a8_red16_heads_e10_seed43/inference_results.json,"Rows=true, columns=predicted; paired matches only."
klt_confusion,KLT,CellViT-SAM-H,Selected PEFT,Pooled KLT,B,,,43,,Melanocyte,Other,0,,,,,,,,,,,,,,,,,,,,,,,,,,,,,,,,,,,,,,,,,,,,,,,,,,,,,,,,checkpoint_10 TEST,run/sthelar40x_klt_5class_slideind_foldB_lora_adaptformer_r8_a8_red16_heads_e10_seed43/log/2026-08-24T122637_sthelar40x_klt_5class_slideind_foldB_lora_adaptformer_r8_a8_red16_heads_e10_seed43/inference_results.json,"Rows=true, columns=predicted; paired matches only."
klt_confusion,KLT,CellViT-SAM-H,Selected PEFT,Pooled KLT,B,,,43,,Other,Background,54,,,,,,,,,,,,,,,,,,,,,,,,,,,,,,,,,,,,,,,,,,,,,,,,,,,,,,,,checkpoint_10 TEST,run/sthelar40x_klt_5class_slideind_foldB_lora_adaptformer_r8_a8_red16_heads_e10_seed43/log/2026-08-24T122637_sthelar40x_klt_5class_slideind_foldB_lora_adaptformer_r8_a8_red16_heads_e10_seed43/inference_results.json,"Rows=true, columns=predicted; paired matches only."
klt_confusion,KLT,CellViT-SAM-H,Selected PEFT,Pooled KLT,B,,,43,,Other,Immune,7093,,,,,,,,,,,,,,,,,,,,,,,,,,,,,,,,,,,,,,,,,,,,,,,,,,,,,,,,checkpoint_10 TEST,run/sthelar40x_klt_5class_slideind_foldB_lora_adaptformer_r8_a8_red16_heads_e10_seed43/log/2026-08-24T122637_sthelar40x_klt_5class_slideind_foldB_lora_adaptformer_r8_a8_red16_heads_e10_seed43/inference_results.json,"Rows=true, columns=predicted; paired matches only."
klt_confusion,KLT,CellViT-SAM-H,Selected PEFT,Pooled KLT,B,,,43,,Other,Stromal,5867,,,,,,,,,,,,,,,,,,,,,,,,,,,,,,,,,,,,,,,,,,,,,,,,,,,,,,,,checkpoint_10 TEST,run/sthelar40x_klt_5class_slideind_foldB_lora_adaptformer_r8_a8_red16_heads_e10_seed43/log/2026-08-24T122637_sthelar40x_klt_5class_slideind_foldB_lora_adaptformer_r8_a8_red16_heads_e10_seed43/inference_results.json,"Rows=true, columns=predicted; paired matches only."
klt_confusion,KLT,CellViT-SAM-H,Selected PEFT,Pooled KLT,B,,,43,,Other,Epithelial,1804,,,,,,,,,,,,,,,,,,,,,,,,,,,,,,,,,,,,,,,,,,,,,,,,,,,,,,,,checkpoint_10 TEST,run/sthelar40x_klt_5class_slideind_foldB_lora_adaptformer_r8_a8_red16_heads_e10_seed43/log/2026-08-24T122637_sthelar40x_klt_5class_slideind_foldB_lora_adaptformer_r8_a8_red16_heads_e10_seed43/inference_results.json,"Rows=true, columns=predicted; paired matches only."
klt_confusion,KLT,CellViT-SAM-H,Selected PEFT,Pooled KLT,B,,,43,,Other,Melanocyte,0,,,,,,,,,,,,,,,,,,,,,,,,,,,,,,,,,,,,,,,,,,,,,,,,,,,,,,,,checkpoint_10 TEST,run/sthelar40x_klt_5class_slideind_foldB_lora_adaptformer_r8_a8_red16_heads_e10_seed43/log/2026-08-24T122637_sthelar40x_klt_5class_slideind_foldB_lora_adaptformer_r8_a8_red16_heads_e10_seed43/inference_results.json,"Rows=true, columns=predicted; paired matches only."
klt_confusion,KLT,CellViT-SAM-H,Selected PEFT,Pooled KLT,B,,,43,,Other,Other,154,,,,,,,,,,,,,,,,,,,,,,,,,,,,,,,,,,,,,,,,,,,,,,,,,,,,,,,,checkpoint_10 TEST,run/sthelar40x_klt_5class_slideind_foldB_lora_adaptformer_r8_a8_red16_heads_e10_seed43/log/2026-08-24T122637_sthelar40x_klt_5class_slideind_foldB_lora_adaptformer_r8_a8_red16_heads_e10_seed43/inference_results.json,"Rows=true, columns=predicted; paired matches only."
klt_seed_metric,KLT,CellViT-SAM-H,Selected PEFT,Kidney,B,,,44,,,,,6723,,,,,,,,,,,,,,,,,0.846118175719007,0.7442720571490457,0.632514780542166,0.22386921620719058,0.9012354906666888,0.33676955133865727,,,,,,,,,,,,,,,,,,,,,,,,,,,,,,,,,checkpoint_10 TEST,run/sthelar40x_klt_5class_slideind_foldB_lora_adaptformer_r8_a8_red16_heads_e10_seed44/log/2026-08-28T160202_sthelar40x_klt_5class_slideind_foldB_lora_adaptformer_r8_a8_red16_heads_e10_seed44/inference_results.json,
klt_per_class,KLT,CellViT-SAM-H,Selected PEFT,Kidney,B,,,44,Immune,,,,,,,,,,,,,,,,,,,,,,,,,,,,,,,,,,,,,,,,,,,,,0.2635075378951482,,,16255,19709,33309,0.19785800841114834,,,,,,,,checkpoint_10 TEST,run/sthelar40x_klt_5class_slideind_foldB_lora_adaptformer_r8_a8_red16_heads_e10_seed44/log/2026-08-28T160202_sthelar40x_klt_5class_slideind_foldB_lora_adaptformer_r8_a8_red16_heads_e10_seed44/inference_results.json,
klt_per_class,KLT,CellViT-SAM-H,Selected PEFT,Kidney,B,,,44,Stromal,,,,,,,,,,,,,,,,,,,,,,,,,,,,,,,,,,,,,,,,,,,,,0.4866898548053962,,,46426,55051,87911,0.522198065911089,,,,,,,,checkpoint_10 TEST,run/sthelar40x_klt_5class_slideind_foldB_lora_adaptformer_r8_a8_red16_heads_e10_seed44/log/2026-08-28T160202_sthelar40x_klt_5class_slideind_foldB_lora_adaptformer_r8_a8_red16_heads_e10_seed44/inference_results.json,
klt_per_class,KLT,CellViT-SAM-H,Selected PEFT,Kidney,B,,,44,Epithelial,,,,,,,,,,,,,,,,,,,,,,,,,,,,,,,,,,,,,,,,,,,,,0.5838146105634924,,,92603,106291,46829,0.2781678428018153,,,,,,,,checkpoint_10 TEST,run/sthelar40x_klt_5class_slideind_foldB_lora_adaptformer_r8_a8_red16_heads_e10_seed44/log/2026-08-28T160202_sthelar40x_klt_5class_slideind_foldB_lora_adaptformer_r8_a8_red16_heads_e10_seed44/inference_results.json,
klt_per_class,KLT,CellViT-SAM-H,Selected PEFT,Kidney,B,,,44,Melanocyte,,,,,,,,,,,,,,,,,,,,,,,,,,,,,,,,,,,,,,,,,,,,,,,,0,0,0,0.0,,,,,,,,checkpoint_10 TEST,run/sthelar40x_klt_5class_slideind_foldB_lora_adaptformer_r8_a8_red16_heads_e10_seed44/log/2026-08-28T160202_sthelar40x_klt_5class_slideind_foldB_lora_adaptformer_r8_a8_red16_heads_e10_seed44/inference_results.json,
klt_per_class,KLT,CellViT-SAM-H,Selected PEFT,Kidney,B,,,44,Other,,,,,,,,,,,,,,,,,,,,,,,,,,,,,,,,,,,,,,,,,,,,,0.013066202090592335,,,6677,9870,299,0.0017760828759474422,,,,,,,,checkpoint_10 TEST,run/sthelar40x_klt_5class_slideind_foldB_lora_adaptformer_r8_a8_red16_heads_e10_seed44/log/2026-08-28T160202_sthelar40x_klt_5class_slideind_foldB_lora_adaptformer_r8_a8_red16_heads_e10_seed44/inference_results.json,
klt_confusion,KLT,CellViT-SAM-H,Selected PEFT,Kidney,B,,,44,,Background,Background,7,,,,,,,,,,,,,,,,,,,,,,,,,,,,,,,,,,,,,,,,,,,,,,,,,,,,,,,,checkpoint_10 TEST,run/sthelar40x_klt_5class_slideind_foldB_lora_adaptformer_r8_a8_red16_heads_e10_seed44/log/2026-08-28T160202_sthelar40x_klt_5class_slideind_foldB_lora_adaptformer_r8_a8_red16_heads_e10_seed44/inference_results.json,"Rows=true, columns=predicted; paired matches only."
klt_confusion,KLT,CellViT-SAM-H,Selected PEFT,Kidney,B,,,44,,Background,Immune,0,,,,,,,,,,,,,,,,,,,,,,,,,,,,,,,,,,,,,,,,,,,,,,,,,,,,,,,,checkpoint_10 TEST,run/sthelar40x_klt_5class_slideind_foldB_lora_adaptformer_r8_a8_red16_heads_e10_seed44/log/2026-08-28T160202_sthelar40x_klt_5class_slideind_foldB_lora_adaptformer_r8_a8_red16_heads_e10_seed44/inference_results.json,"Rows=true, columns=predicted; paired matches only."
klt_confusion,KLT,CellViT-SAM-H,Selected PEFT,Kidney,B,,,44,,Background,Stromal,0,,,,,,,,,,,,,,,,,,,,,,,,,,,,,,,,,,,,,,,,,,,,,,,,,,,,,,,,checkpoint_10 TEST,run/sthelar40x_klt_5class_slideind_foldB_lora_adaptformer_r8_a8_red16_heads_e10_seed44/log/2026-08-28T160202_sthelar40x_klt_5class_slideind_foldB_lora_adaptformer_r8_a8_red16_heads_e10_seed44/inference_results.json,"Rows=true, columns=predicted; paired matches only."
klt_confusion,KLT,CellViT-SAM-H,Selected PEFT,Kidney,B,,,44,,Background,Epithelial,0,,,,,,,,,,,,,,,,,,,,,,,,,,,,,,,,,,,,,,,,,,,,,,,,,,,,,,,,checkpoint_10 TEST,run/sthelar40x_klt_5class_slideind_foldB_lora_adaptformer_r8_a8_red16_heads_e10_seed44/log/2026-08-28T160202_sthelar40x_klt_5class_slideind_foldB_lora_adaptformer_r8_a8_red16_heads_e10_seed44/inference_results.json,"Rows=true, columns=predicted; paired matches only."
klt_confusion,KLT,CellViT-SAM-H,Selected PEFT,Kidney,B,,,44,,Background,Melanocyte,0,,,,,,,,,,,,,,,,,,,,,,,,,,,,,,,,,,,,,,,,,,,,,,,,,,,,,,,,checkpoint_10 TEST,run/sthelar40x_klt_5class_slideind_foldB_lora_adaptformer_r8_a8_red16_heads_e10_seed44/log/2026-08-28T160202_sthelar40x_klt_5class_slideind_foldB_lora_adaptformer_r8_a8_red16_heads_e10_seed44/inference_results.json,"Rows=true, columns=predicted; paired matches only."
klt_confusion,KLT,CellViT-SAM-H,Selected PEFT,Kidney,B,,,44,,Background,Other,0,,,,,,,,,,,,,,,,,,,,,,,,,,,,,,,,,,,,,,,,,,,,,,,,,,,,,,,,checkpoint_10 TEST,run/sthelar40x_klt_5class_slideind_foldB_lora_adaptformer_r8_a8_red16_heads_e10_seed44/log/2026-08-28T160202_sthelar40x_klt_5class_slideind_foldB_lora_adaptformer_r8_a8_red16_heads_e10_seed44/inference_results.json,"Rows=true, columns=predicted; paired matches only."
klt_confusion,KLT,CellViT-SAM-H,Selected PEFT,Kidney,B,,,44,,Immune,Background,32,,,,,,,,,,,,,,,,,,,,,,,,,,,,,,,,,,,,,,,,,,,,,,,,,,,,,,,,checkpoint_10 TEST,run/sthelar40x_klt_5class_slideind_foldB_lora_adaptformer_r8_a8_red16_heads_e10_seed44/log/2026-08-28T160202_sthelar40x_klt_5class_slideind_foldB_lora_adaptformer_r8_a8_red16_heads_e10_seed44/inference_results.json,"Rows=true, columns=predicted; paired matches only."
klt_confusion,KLT,CellViT-SAM-H,Selected PEFT,Kidney,B,,,44,,Immune,Immune,6406,,,,,,,,,,,,,,,,,,,,,,,,,,,,,,,,,,,,,,,,,,,,,,,,,,,,,,,,checkpoint_10 TEST,run/sthelar40x_klt_5class_slideind_foldB_lora_adaptformer_r8_a8_red16_heads_e10_seed44/log/2026-08-28T160202_sthelar40x_klt_5class_slideind_foldB_lora_adaptformer_r8_a8_red16_heads_e10_seed44/inference_results.json,"Rows=true, columns=predicted; paired matches only."
klt_confusion,KLT,CellViT-SAM-H,Selected PEFT,Kidney,B,,,44,,Immune,Stromal,8568,,,,,,,,,,,,,,,,,,,,,,,,,,,,,,,,,,,,,,,,,,,,,,,,,,,,,,,,checkpoint_10 TEST,run/sthelar40x_klt_5class_slideind_foldB_lora_adaptformer_r8_a8_red16_heads_e10_seed44/log/2026-08-28T160202_sthelar40x_klt_5class_slideind_foldB_lora_adaptformer_r8_a8_red16_heads_e10_seed44/inference_results.json,"Rows=true, columns=predicted; paired matches only."
klt_confusion,KLT,CellViT-SAM-H,Selected PEFT,Kidney,B,,,44,,Immune,Epithelial,1247,,,,,,,,,,,,,,,,,,,,,,,,,,,,,,,,,,,,,,,,,,,,,,,,,,,,,,,,checkpoint_10 TEST,run/sthelar40x_klt_5class_slideind_foldB_lora_adaptformer_r8_a8_red16_heads_e10_seed44/log/2026-08-28T160202_sthelar40x_klt_5class_slideind_foldB_lora_adaptformer_r8_a8_red16_heads_e10_seed44/inference_results.json,"Rows=true, columns=predicted; paired matches only."
klt_confusion,KLT,CellViT-SAM-H,Selected PEFT,Kidney,B,,,44,,Immune,Melanocyte,0,,,,,,,,,,,,,,,,,,,,,,,,,,,,,,,,,,,,,,,,,,,,,,,,,,,,,,,,checkpoint_10 TEST,run/sthelar40x_klt_5class_slideind_foldB_lora_adaptformer_r8_a8_red16_heads_e10_seed44/log/2026-08-28T160202_sthelar40x_klt_5class_slideind_foldB_lora_adaptformer_r8_a8_red16_heads_e10_seed44/inference_results.json,"Rows=true, columns=predicted; paired matches only."
klt_confusion,KLT,CellViT-SAM-H,Selected PEFT,Kidney,B,,,44,,Immune,Other,34,,,,,,,,,,,,,,,,,,,,,,,,,,,,,,,,,,,,,,,,,,,,,,,,,,,,,,,,checkpoint_10 TEST,run/sthelar40x_klt_5class_slideind_foldB_lora_adaptformer_r8_a8_red16_heads_e10_seed44/log/2026-08-28T160202_sthelar40x_klt_5class_slideind_foldB_lora_adaptformer_r8_a8_red16_heads_e10_seed44/inference_results.json,"Rows=true, columns=predicted; paired matches only."
klt_confusion,KLT,CellViT-SAM-H,Selected PEFT,Kidney,B,,,44,,Stromal,Background,88,,,,,,,,,,,,,,,,,,,,,,,,,,,,,,,,,,,,,,,,,,,,,,,,,,,,,,,,checkpoint_10 TEST,run/sthelar40x_klt_5class_slideind_foldB_lora_adaptformer_r8_a8_red16_heads_e10_seed44/log/2026-08-28T160202_sthelar40x_klt_5class_slideind_foldB_lora_adaptformer_r8_a8_red16_heads_e10_seed44/inference_results.json,"Rows=true, columns=predicted; paired matches only."
klt_confusion,KLT,CellViT-SAM-H,Selected PEFT,Kidney,B,,,44,,Stromal,Immune,11595,,,,,,,,,,,,,,,,,,,,,,,,,,,,,,,,,,,,,,,,,,,,,,,,,,,,,,,,checkpoint_10 TEST,run/sthelar40x_klt_5class_slideind_foldB_lora_adaptformer_r8_a8_red16_heads_e10_seed44/log/2026-08-28T160202_sthelar40x_klt_5class_slideind_foldB_lora_adaptformer_r8_a8_red16_heads_e10_seed44/inference_results.json,"Rows=true, columns=predicted; paired matches only."
klt_confusion,KLT,CellViT-SAM-H,Selected PEFT,Kidney,B,,,44,,Stromal,Stromal,31693,,,,,,,,,,,,,,,,,,,,,,,,,,,,,,,,,,,,,,,,,,,,,,,,,,,,,,,,checkpoint_10 TEST,run/sthelar40x_klt_5class_slideind_foldB_lora_adaptformer_r8_a8_red16_heads_e10_seed44/log/2026-08-28T160202_sthelar40x_klt_5class_slideind_foldB_lora_adaptformer_r8_a8_red16_heads_e10_seed44/inference_results.json,"Rows=true, columns=predicted; paired matches only."
klt_confusion,KLT,CellViT-SAM-H,Selected PEFT,Kidney,B,,,44,,Stromal,Epithelial,3077,,,,,,,,,,,,,,,,,,,,,,,,,,,,,,,,,,,,,,,,,,,,,,,,,,,,,,,,checkpoint_10 TEST,run/sthelar40x_klt_5class_slideind_foldB_lora_adaptformer_r8_a8_red16_heads_e10_seed44/log/2026-08-28T160202_sthelar40x_klt_5class_slideind_foldB_lora_adaptformer_r8_a8_red16_heads_e10_seed44/inference_results.json,"Rows=true, columns=predicted; paired matches only."
klt_confusion,KLT,CellViT-SAM-H,Selected PEFT,Kidney,B,,,44,,Stromal,Melanocyte,0,,,,,,,,,,,,,,,,,,,,,,,,,,,,,,,,,,,,,,,,,,,,,,,,,,,,,,,,checkpoint_10 TEST,run/sthelar40x_klt_5class_slideind_foldB_lora_adaptformer_r8_a8_red16_heads_e10_seed44/log/2026-08-28T160202_sthelar40x_klt_5class_slideind_foldB_lora_adaptformer_r8_a8_red16_heads_e10_seed44/inference_results.json,"Rows=true, columns=predicted; paired matches only."
klt_confusion,KLT,CellViT-SAM-H,Selected PEFT,Kidney,B,,,44,,Stromal,Other,61,,,,,,,,,,,,,,,,,,,,,,,,,,,,,,,,,,,,,,,,,,,,,,,,,,,,,,,,checkpoint_10 TEST,run/sthelar40x_klt_5class_slideind_foldB_lora_adaptformer_r8_a8_red16_heads_e10_seed44/log/2026-08-28T160202_sthelar40x_klt_5class_slideind_foldB_lora_adaptformer_r8_a8_red16_heads_e10_seed44/inference_results.json,"Rows=true, columns=predicted; paired matches only."
klt_confusion,KLT,CellViT-SAM-H,Selected PEFT,Kidney,B,,,44,,Epithelial,Background,633,,,,,,,,,,,,,,,,,,,,,,,,,,,,,,,,,,,,,,,,,,,,,,,,,,,,,,,,checkpoint_10 TEST,run/sthelar40x_klt_5class_slideind_foldB_lora_adaptformer_r8_a8_red16_heads_e10_seed44/log/2026-08-28T160202_sthelar40x_klt_5class_slideind_foldB_lora_adaptformer_r8_a8_red16_heads_e10_seed44/inference_results.json,"Rows=true, columns=predicted; paired matches only."
klt_confusion,KLT,CellViT-SAM-H,Selected PEFT,Kidney,B,,,44,,Epithelial,Immune,13202,,,,,,,,,,,,,,,,,,,,,,,,,,,,,,,,,,,,,,,,,,,,,,,,,,,,,,,,checkpoint_10 TEST,run/sthelar40x_klt_5class_slideind_foldB_lora_adaptformer_r8_a8_red16_heads_e10_seed44/log/2026-08-28T160202_sthelar40x_klt_5class_slideind_foldB_lora_adaptformer_r8_a8_red16_heads_e10_seed44/inference_results.json,"Rows=true, columns=predicted; paired matches only."
klt_confusion,KLT,CellViT-SAM-H,Selected PEFT,Kidney,B,,,44,,Epithelial,Stromal,38996,,,,,,,,,,,,,,,,,,,,,,,,,,,,,,,,,,,,,,,,,,,,,,,,,,,,,,,,checkpoint_10 TEST,run/sthelar40x_klt_5class_slideind_foldB_lora_adaptformer_r8_a8_red16_heads_e10_seed44/log/2026-08-28T160202_sthelar40x_klt_5class_slideind_foldB_lora_adaptformer_r8_a8_red16_heads_e10_seed44/inference_results.json,"Rows=true, columns=predicted; paired matches only."
klt_confusion,KLT,CellViT-SAM-H,Selected PEFT,Kidney,B,,,44,,Epithelial,Epithelial,40334,,,,,,,,,,,,,,,,,,,,,,,,,,,,,,,,,,,,,,,,,,,,,,,,,,,,,,,,checkpoint_10 TEST,run/sthelar40x_klt_5class_slideind_foldB_lora_adaptformer_r8_a8_red16_heads_e10_seed44/log/2026-08-28T160202_sthelar40x_klt_5class_slideind_foldB_lora_adaptformer_r8_a8_red16_heads_e10_seed44/inference_results.json,"Rows=true, columns=predicted; paired matches only."
klt_confusion,KLT,CellViT-SAM-H,Selected PEFT,Kidney,B,,,44,,Epithelial,Melanocyte,0,,,,,,,,,,,,,,,,,,,,,,,,,,,,,,,,,,,,,,,,,,,,,,,,,,,,,,,,checkpoint_10 TEST,run/sthelar40x_klt_5class_slideind_foldB_lora_adaptformer_r8_a8_red16_heads_e10_seed44/log/2026-08-28T160202_sthelar40x_klt_5class_slideind_foldB_lora_adaptformer_r8_a8_red16_heads_e10_seed44/inference_results.json,"Rows=true, columns=predicted; paired matches only."
klt_confusion,KLT,CellViT-SAM-H,Selected PEFT,Kidney,B,,,44,,Epithelial,Other,71,,,,,,,,,,,,,,,,,,,,,,,,,,,,,,,,,,,,,,,,,,,,,,,,,,,,,,,,checkpoint_10 TEST,run/sthelar40x_klt_5class_slideind_foldB_lora_adaptformer_r8_a8_red16_heads_e10_seed44/log/2026-08-28T160202_sthelar40x_klt_5class_slideind_foldB_lora_adaptformer_r8_a8_red16_heads_e10_seed44/inference_results.json,"Rows=true, columns=predicted; paired matches only."
klt_confusion,KLT,CellViT-SAM-H,Selected PEFT,Kidney,B,,,44,,Melanocyte,Background,0,,,,,,,,,,,,,,,,,,,,,,,,,,,,,,,,,,,,,,,,,,,,,,,,,,,,,,,,checkpoint_10 TEST,run/sthelar40x_klt_5class_slideind_foldB_lora_adaptformer_r8_a8_red16_heads_e10_seed44/log/2026-08-28T160202_sthelar40x_klt_5class_slideind_foldB_lora_adaptformer_r8_a8_red16_heads_e10_seed44/inference_results.json,"Rows=true, columns=predicted; paired matches only."
klt_confusion,KLT,CellViT-SAM-H,Selected PEFT,Kidney,B,,,44,,Melanocyte,Immune,0,,,,,,,,,,,,,,,,,,,,,,,,,,,,,,,,,,,,,,,,,,,,,,,,,,,,,,,,checkpoint_10 TEST,run/sthelar40x_klt_5class_slideind_foldB_lora_adaptformer_r8_a8_red16_heads_e10_seed44/log/2026-08-28T160202_sthelar40x_klt_5class_slideind_foldB_lora_adaptformer_r8_a8_red16_heads_e10_seed44/inference_results.json,"Rows=true, columns=predicted; paired matches only."
klt_confusion,KLT,CellViT-SAM-H,Selected PEFT,Kidney,B,,,44,,Melanocyte,Stromal,0,,,,,,,,,,,,,,,,,,,,,,,,,,,,,,,,,,,,,,,,,,,,,,,,,,,,,,,,checkpoint_10 TEST,run/sthelar40x_klt_5class_slideind_foldB_lora_adaptformer_r8_a8_red16_heads_e10_seed44/log/2026-08-28T160202_sthelar40x_klt_5class_slideind_foldB_lora_adaptformer_r8_a8_red16_heads_e10_seed44/inference_results.json,"Rows=true, columns=predicted; paired matches only."
klt_confusion,KLT,CellViT-SAM-H,Selected PEFT,Kidney,B,,,44,,Melanocyte,Epithelial,0,,,,,,,,,,,,,,,,,,,,,,,,,,,,,,,,,,,,,,,,,,,,,,,,,,,,,,,,checkpoint_10 TEST,run/sthelar40x_klt_5class_slideind_foldB_lora_adaptformer_r8_a8_red16_heads_e10_seed44/log/2026-08-28T160202_sthelar40x_klt_5class_slideind_foldB_lora_adaptformer_r8_a8_red16_heads_e10_seed44/inference_results.json,"Rows=true, columns=predicted; paired matches only."
klt_confusion,KLT,CellViT-SAM-H,Selected PEFT,Kidney,B,,,44,,Melanocyte,Melanocyte,0,,,,,,,,,,,,,,,,,,,,,,,,,,,,,,,,,,,,,,,,,,,,,,,,,,,,,,,,checkpoint_10 TEST,run/sthelar40x_klt_5class_slideind_foldB_lora_adaptformer_r8_a8_red16_heads_e10_seed44/log/2026-08-28T160202_sthelar40x_klt_5class_slideind_foldB_lora_adaptformer_r8_a8_red16_heads_e10_seed44/inference_results.json,"Rows=true, columns=predicted; paired matches only."
klt_confusion,KLT,CellViT-SAM-H,Selected PEFT,Kidney,B,,,44,,Melanocyte,Other,0,,,,,,,,,,,,,,,,,,,,,,,,,,,,,,,,,,,,,,,,,,,,,,,,,,,,,,,,checkpoint_10 TEST,run/sthelar40x_klt_5class_slideind_foldB_lora_adaptformer_r8_a8_red16_heads_e10_seed44/log/2026-08-28T160202_sthelar40x_klt_5class_slideind_foldB_lora_adaptformer_r8_a8_red16_heads_e10_seed44/inference_results.json,"Rows=true, columns=predicted; paired matches only."
klt_confusion,KLT,CellViT-SAM-H,Selected PEFT,Kidney,B,,,44,,Other,Background,57,,,,,,,,,,,,,,,,,,,,,,,,,,,,,,,,,,,,,,,,,,,,,,,,,,,,,,,,checkpoint_10 TEST,run/sthelar40x_klt_5class_slideind_foldB_lora_adaptformer_r8_a8_red16_heads_e10_seed44/log/2026-08-28T160202_sthelar40x_klt_5class_slideind_foldB_lora_adaptformer_r8_a8_red16_heads_e10_seed44/inference_results.json,"Rows=true, columns=predicted; paired matches only."
klt_confusion,KLT,CellViT-SAM-H,Selected PEFT,Kidney,B,,,44,,Other,Immune,1163,,,,,,,,,,,,,,,,,,,,,,,,,,,,,,,,,,,,,,,,,,,,,,,,,,,,,,,,checkpoint_10 TEST,run/sthelar40x_klt_5class_slideind_foldB_lora_adaptformer_r8_a8_red16_heads_e10_seed44/log/2026-08-28T160202_sthelar40x_klt_5class_slideind_foldB_lora_adaptformer_r8_a8_red16_heads_e10_seed44/inference_results.json,"Rows=true, columns=predicted; paired matches only."
klt_confusion,KLT,CellViT-SAM-H,Selected PEFT,Kidney,B,,,44,,Other,Stromal,4556,,,,,,,,,,,,,,,,,,,,,,,,,,,,,,,,,,,,,,,,,,,,,,,,,,,,,,,,checkpoint_10 TEST,run/sthelar40x_klt_5class_slideind_foldB_lora_adaptformer_r8_a8_red16_heads_e10_seed44/log/2026-08-28T160202_sthelar40x_klt_5class_slideind_foldB_lora_adaptformer_r8_a8_red16_heads_e10_seed44/inference_results.json,"Rows=true, columns=predicted; paired matches only."
klt_confusion,KLT,CellViT-SAM-H,Selected PEFT,Kidney,B,,,44,,Other,Epithelial,913,,,,,,,,,,,,,,,,,,,,,,,,,,,,,,,,,,,,,,,,,,,,,,,,,,,,,,,,checkpoint_10 TEST,run/sthelar40x_klt_5class_slideind_foldB_lora_adaptformer_r8_a8_red16_heads_e10_seed44/log/2026-08-28T160202_sthelar40x_klt_5class_slideind_foldB_lora_adaptformer_r8_a8_red16_heads_e10_seed44/inference_results.json,"Rows=true, columns=predicted; paired matches only."
klt_confusion,KLT,CellViT-SAM-H,Selected PEFT,Kidney,B,,,44,,Other,Melanocyte,0,,,,,,,,,,,,,,,,,,,,,,,,,,,,,,,,,,,,,,,,,,,,,,,,,,,,,,,,checkpoint_10 TEST,run/sthelar40x_klt_5class_slideind_foldB_lora_adaptformer_r8_a8_red16_heads_e10_seed44/log/2026-08-28T160202_sthelar40x_klt_5class_slideind_foldB_lora_adaptformer_r8_a8_red16_heads_e10_seed44/inference_results.json,"Rows=true, columns=predicted; paired matches only."
klt_confusion,KLT,CellViT-SAM-H,Selected PEFT,Kidney,B,,,44,,Other,Other,45,,,,,,,,,,,,,,,,,,,,,,,,,,,,,,,,,,,,,,,,,,,,,,,,,,,,,,,,checkpoint_10 TEST,run/sthelar40x_klt_5class_slideind_foldB_lora_adaptformer_r8_a8_red16_heads_e10_seed44/log/2026-08-28T160202_sthelar40x_klt_5class_slideind_foldB_lora_adaptformer_r8_a8_red16_heads_e10_seed44/inference_results.json,"Rows=true, columns=predicted; paired matches only."
klt_seed_metric,KLT,CellViT-SAM-H,Selected PEFT,Liver,B,,,44,,,,,9756,,,,,,,,,,,,,,,,,0.8313027049880624,0.7307191433838424,0.6246870904890582,0.22489073416972952,0.899341355961179,0.3311906384172817,,,,,,,,,,,,,,,,,,,,,,,,,,,,,,,,,checkpoint_10 TEST,run/sthelar40x_klt_5class_slideind_foldB_lora_adaptformer_r8_a8_red16_heads_e10_seed44/log/2026-08-28T160202_sthelar40x_klt_5class_slideind_foldB_lora_adaptformer_r8_a8_red16_heads_e10_seed44/inference_results.json,
klt_per_class,KLT,CellViT-SAM-H,Selected PEFT,Liver,B,,,44,Immune,,,,,,,,,,,,,,,,,,,,,,,,,,,,,,,,,,,,,,,,,,,,,0.0534771374002921,,,42590,50625,1986,0.00980092185911545,,,,,,,,checkpoint_10 TEST,run/sthelar40x_klt_5class_slideind_foldB_lora_adaptformer_r8_a8_red16_heads_e10_seed44/log/2026-08-28T160202_sthelar40x_klt_5class_slideind_foldB_lora_adaptformer_r8_a8_red16_heads_e10_seed44/inference_results.json,
klt_per_class,KLT,CellViT-SAM-H,Selected PEFT,Liver,B,,,44,Stromal,,,,,,,,,,,,,,,,,,,,,,,,,,,,,,,,,,,,,,,,,,,,,0.4451504576282347,,,36224,46347,26879,0.13264802550411087,,,,,,,,checkpoint_10 TEST,run/sthelar40x_klt_5class_slideind_foldB_lora_adaptformer_r8_a8_red16_heads_e10_seed44/log/2026-08-28T160202_sthelar40x_klt_5class_slideind_foldB_lora_adaptformer_r8_a8_red16_heads_e10_seed44/inference_results.json,
klt_per_class,KLT,CellViT-SAM-H,Selected PEFT,Liver,B,,,44,Epithelial,,,,,,,,,,,,,,,,,,,,,,,,,,,,,,,,,,,,,,,,,,,,,0.789219994896368,,,114448,130011,173281,0.8551427697227514,,,,,,,,checkpoint_10 TEST,run/sthelar40x_klt_5class_slideind_foldB_lora_adaptformer_r8_a8_red16_heads_e10_seed44/log/2026-08-28T160202_sthelar40x_klt_5class_slideind_foldB_lora_adaptformer_r8_a8_red16_heads_e10_seed44/inference_results.json,
klt_per_class,KLT,CellViT-SAM-H,Selected PEFT,Liver,B,,,44,Melanocyte,,,,,,,,,,,,,,,,,,,,,,,,,,,,,,,,,,,,,,,,,,,,,,,,0,0,0,0.0,,,,,,,,checkpoint_10 TEST,run/sthelar40x_klt_5class_slideind_foldB_lora_adaptformer_r8_a8_red16_heads_e10_seed44/log/2026-08-28T160202_sthelar40x_klt_5class_slideind_foldB_lora_adaptformer_r8_a8_red16_heads_e10_seed44/inference_results.json,
klt_per_class,KLT,CellViT-SAM-H,Selected PEFT,Liver,B,,,44,Other,,,,,,,,,,,,,,,,,,,,,,,,,,,,,,,,,,,,,,,,,,,,,0.03691496374423204,,,1199,2568,488,0.002408282914022326,,,,,,,,checkpoint_10 TEST,run/sthelar40x_klt_5class_slideind_foldB_lora_adaptformer_r8_a8_red16_heads_e10_seed44/log/2026-08-28T160202_sthelar40x_klt_5class_slideind_foldB_lora_adaptformer_r8_a8_red16_heads_e10_seed44/inference_results.json,
klt_confusion,KLT,CellViT-SAM-H,Selected PEFT,Liver,B,,,44,,Background,Background,2,,,,,,,,,,,,,,,,,,,,,,,,,,,,,,,,,,,,,,,,,,,,,,,,,,,,,,,,checkpoint_10 TEST,run/sthelar40x_klt_5class_slideind_foldB_lora_adaptformer_r8_a8_red16_heads_e10_seed44/log/2026-08-28T160202_sthelar40x_klt_5class_slideind_foldB_lora_adaptformer_r8_a8_red16_heads_e10_seed44/inference_results.json,"Rows=true, columns=predicted; paired matches only."
klt_confusion,KLT,CellViT-SAM-H,Selected PEFT,Liver,B,,,44,,Background,Immune,0,,,,,,,,,,,,,,,,,,,,,,,,,,,,,,,,,,,,,,,,,,,,,,,,,,,,,,,,checkpoint_10 TEST,run/sthelar40x_klt_5class_slideind_foldB_lora_adaptformer_r8_a8_red16_heads_e10_seed44/log/2026-08-28T160202_sthelar40x_klt_5class_slideind_foldB_lora_adaptformer_r8_a8_red16_heads_e10_seed44/inference_results.json,"Rows=true, columns=predicted; paired matches only."
klt_confusion,KLT,CellViT-SAM-H,Selected PEFT,Liver,B,,,44,,Background,Stromal,0,,,,,,,,,,,,,,,,,,,,,,,,,,,,,,,,,,,,,,,,,,,,,,,,,,,,,,,,checkpoint_10 TEST,run/sthelar40x_klt_5class_slideind_foldB_lora_adaptformer_r8_a8_red16_heads_e10_seed44/log/2026-08-28T160202_sthelar40x_klt_5class_slideind_foldB_lora_adaptformer_r8_a8_red16_heads_e10_seed44/inference_results.json,"Rows=true, columns=predicted; paired matches only."
klt_confusion,KLT,CellViT-SAM-H,Selected PEFT,Liver,B,,,44,,Background,Epithelial,0,,,,,,,,,,,,,,,,,,,,,,,,,,,,,,,,,,,,,,,,,,,,,,,,,,,,,,,,checkpoint_10 TEST,run/sthelar40x_klt_5class_slideind_foldB_lora_adaptformer_r8_a8_red16_heads_e10_seed44/log/2026-08-28T160202_sthelar40x_klt_5class_slideind_foldB_lora_adaptformer_r8_a8_red16_heads_e10_seed44/inference_results.json,"Rows=true, columns=predicted; paired matches only."
klt_confusion,KLT,CellViT-SAM-H,Selected PEFT,Liver,B,,,44,,Background,Melanocyte,0,,,,,,,,,,,,,,,,,,,,,,,,,,,,,,,,,,,,,,,,,,,,,,,,,,,,,,,,checkpoint_10 TEST,run/sthelar40x_klt_5class_slideind_foldB_lora_adaptformer_r8_a8_red16_heads_e10_seed44/log/2026-08-28T160202_sthelar40x_klt_5class_slideind_foldB_lora_adaptformer_r8_a8_red16_heads_e10_seed44/inference_results.json,"Rows=true, columns=predicted; paired matches only."
klt_confusion,KLT,CellViT-SAM-H,Selected PEFT,Liver,B,,,44,,Background,Other,0,,,,,,,,,,,,,,,,,,,,,,,,,,,,,,,,,,,,,,,,,,,,,,,,,,,,,,,,checkpoint_10 TEST,run/sthelar40x_klt_5class_slideind_foldB_lora_adaptformer_r8_a8_red16_heads_e10_seed44/log/2026-08-28T160202_sthelar40x_klt_5class_slideind_foldB_lora_adaptformer_r8_a8_red16_heads_e10_seed44/inference_results.json,"Rows=true, columns=predicted; paired matches only."
klt_confusion,KLT,CellViT-SAM-H,Selected PEFT,Liver,B,,,44,,Immune,Background,56,,,,,,,,,,,,,,,,,,,,,,,,,,,,,,,,,,,,,,,,,,,,,,,,,,,,,,,,checkpoint_10 TEST,run/sthelar40x_klt_5class_slideind_foldB_lora_adaptformer_r8_a8_red16_heads_e10_seed44/log/2026-08-28T160202_sthelar40x_klt_5class_slideind_foldB_lora_adaptformer_r8_a8_red16_heads_e10_seed44/inference_results.json,"Rows=true, columns=predicted; paired matches only."
klt_confusion,KLT,CellViT-SAM-H,Selected PEFT,Liver,B,,,44,,Immune,Immune,1190,,,,,,,,,,,,,,,,,,,,,,,,,,,,,,,,,,,,,,,,,,,,,,,,,,,,,,,,checkpoint_10 TEST,run/sthelar40x_klt_5class_slideind_foldB_lora_adaptformer_r8_a8_red16_heads_e10_seed44/log/2026-08-28T160202_sthelar40x_klt_5class_slideind_foldB_lora_adaptformer_r8_a8_red16_heads_e10_seed44/inference_results.json,"Rows=true, columns=predicted; paired matches only."
klt_confusion,KLT,CellViT-SAM-H,Selected PEFT,Liver,B,,,44,,Immune,Stromal,7831,,,,,,,,,,,,,,,,,,,,,,,,,,,,,,,,,,,,,,,,,,,,,,,,,,,,,,,,checkpoint_10 TEST,run/sthelar40x_klt_5class_slideind_foldB_lora_adaptformer_r8_a8_red16_heads_e10_seed44/log/2026-08-28T160202_sthelar40x_klt_5class_slideind_foldB_lora_adaptformer_r8_a8_red16_heads_e10_seed44/inference_results.json,"Rows=true, columns=predicted; paired matches only."
klt_confusion,KLT,CellViT-SAM-H,Selected PEFT,Liver,B,,,44,,Immune,Epithelial,33453,,,,,,,,,,,,,,,,,,,,,,,,,,,,,,,,,,,,,,,,,,,,,,,,,,,,,,,,checkpoint_10 TEST,run/sthelar40x_klt_5class_slideind_foldB_lora_adaptformer_r8_a8_red16_heads_e10_seed44/log/2026-08-28T160202_sthelar40x_klt_5class_slideind_foldB_lora_adaptformer_r8_a8_red16_heads_e10_seed44/inference_results.json,"Rows=true, columns=predicted; paired matches only."
klt_confusion,KLT,CellViT-SAM-H,Selected PEFT,Liver,B,,,44,,Immune,Melanocyte,0,,,,,,,,,,,,,,,,,,,,,,,,,,,,,,,,,,,,,,,,,,,,,,,,,,,,,,,,checkpoint_10 TEST,run/sthelar40x_klt_5class_slideind_foldB_lora_adaptformer_r8_a8_red16_heads_e10_seed44/log/2026-08-28T160202_sthelar40x_klt_5class_slideind_foldB_lora_adaptformer_r8_a8_red16_heads_e10_seed44/inference_results.json,"Rows=true, columns=predicted; paired matches only."
klt_confusion,KLT,CellViT-SAM-H,Selected PEFT,Liver,B,,,44,,Immune,Other,116,,,,,,,,,,,,,,,,,,,,,,,,,,,,,,,,,,,,,,,,,,,,,,,,,,,,,,,,checkpoint_10 TEST,run/sthelar40x_klt_5class_slideind_foldB_lora_adaptformer_r8_a8_red16_heads_e10_seed44/log/2026-08-28T160202_sthelar40x_klt_5class_slideind_foldB_lora_adaptformer_r8_a8_red16_heads_e10_seed44/inference_results.json,"Rows=true, columns=predicted; paired matches only."
klt_confusion,KLT,CellViT-SAM-H,Selected PEFT,Liver,B,,,44,,Stromal,Background,34,,,,,,,,,,,,,,,,,,,,,,,,,,,,,,,,,,,,,,,,,,,,,,,,,,,,,,,,checkpoint_10 TEST,run/sthelar40x_klt_5class_slideind_foldB_lora_adaptformer_r8_a8_red16_heads_e10_seed44/log/2026-08-28T160202_sthelar40x_klt_5class_slideind_foldB_lora_adaptformer_r8_a8_red16_heads_e10_seed44/inference_results.json,"Rows=true, columns=predicted; paired matches only."
klt_confusion,KLT,CellViT-SAM-H,Selected PEFT,Liver,B,,,44,,Stromal,Immune,344,,,,,,,,,,,,,,,,,,,,,,,,,,,,,,,,,,,,,,,,,,,,,,,,,,,,,,,,checkpoint_10 TEST,run/sthelar40x_klt_5class_slideind_foldB_lora_adaptformer_r8_a8_red16_heads_e10_seed44/log/2026-08-28T160202_sthelar40x_klt_5class_slideind_foldB_lora_adaptformer_r8_a8_red16_heads_e10_seed44/inference_results.json,"Rows=true, columns=predicted; paired matches only."
klt_confusion,KLT,CellViT-SAM-H,Selected PEFT,Liver,B,,,44,,Stromal,Stromal,13521,,,,,,,,,,,,,,,,,,,,,,,,,,,,,,,,,,,,,,,,,,,,,,,,,,,,,,,,checkpoint_10 TEST,run/sthelar40x_klt_5class_slideind_foldB_lora_adaptformer_r8_a8_red16_heads_e10_seed44/log/2026-08-28T160202_sthelar40x_klt_5class_slideind_foldB_lora_adaptformer_r8_a8_red16_heads_e10_seed44/inference_results.json,"Rows=true, columns=predicted; paired matches only."
klt_confusion,KLT,CellViT-SAM-H,Selected PEFT,Liver,B,,,44,,Stromal,Epithelial,22245,,,,,,,,,,,,,,,,,,,,,,,,,,,,,,,,,,,,,,,,,,,,,,,,,,,,,,,,checkpoint_10 TEST,run/sthelar40x_klt_5class_slideind_foldB_lora_adaptformer_r8_a8_red16_heads_e10_seed44/log/2026-08-28T160202_sthelar40x_klt_5class_slideind_foldB_lora_adaptformer_r8_a8_red16_heads_e10_seed44/inference_results.json,"Rows=true, columns=predicted; paired matches only."
klt_confusion,KLT,CellViT-SAM-H,Selected PEFT,Liver,B,,,44,,Stromal,Melanocyte,0,,,,,,,,,,,,,,,,,,,,,,,,,,,,,,,,,,,,,,,,,,,,,,,,,,,,,,,,checkpoint_10 TEST,run/sthelar40x_klt_5class_slideind_foldB_lora_adaptformer_r8_a8_red16_heads_e10_seed44/log/2026-08-28T160202_sthelar40x_klt_5class_slideind_foldB_lora_adaptformer_r8_a8_red16_heads_e10_seed44/inference_results.json,"Rows=true, columns=predicted; paired matches only."
klt_confusion,KLT,CellViT-SAM-H,Selected PEFT,Liver,B,,,44,,Stromal,Other,114,,,,,,,,,,,,,,,,,,,,,,,,,,,,,,,,,,,,,,,,,,,,,,,,,,,,,,,,checkpoint_10 TEST,run/sthelar40x_klt_5class_slideind_foldB_lora_adaptformer_r8_a8_red16_heads_e10_seed44/log/2026-08-28T160202_sthelar40x_klt_5class_slideind_foldB_lora_adaptformer_r8_a8_red16_heads_e10_seed44/inference_results.json,"Rows=true, columns=predicted; paired matches only."
klt_confusion,KLT,CellViT-SAM-H,Selected PEFT,Liver,B,,,44,,Epithelial,Background,90,,,,,,,,,,,,,,,,,,,,,,,,,,,,,,,,,,,,,,,,,,,,,,,,,,,,,,,,checkpoint_10 TEST,run/sthelar40x_klt_5class_slideind_foldB_lora_adaptformer_r8_a8_red16_heads_e10_seed44/log/2026-08-28T160202_sthelar40x_klt_5class_slideind_foldB_lora_adaptformer_r8_a8_red16_heads_e10_seed44/inference_results.json,"Rows=true, columns=predicted; paired matches only."
klt_confusion,KLT,CellViT-SAM-H,Selected PEFT,Liver,B,,,44,,Epithelial,Immune,318,,,,,,,,,,,,,,,,,,,,,,,,,,,,,,,,,,,,,,,,,,,,,,,,,,,,,,,,checkpoint_10 TEST,run/sthelar40x_klt_5class_slideind_foldB_lora_adaptformer_r8_a8_red16_heads_e10_seed44/log/2026-08-28T160202_sthelar40x_klt_5class_slideind_foldB_lora_adaptformer_r8_a8_red16_heads_e10_seed44/inference_results.json,"Rows=true, columns=predicted; paired matches only."
klt_confusion,KLT,CellViT-SAM-H,Selected PEFT,Liver,B,,,44,,Epithelial,Stromal,2730,,,,,,,,,,,,,,,,,,,,,,,,,,,,,,,,,,,,,,,,,,,,,,,,,,,,,,,,checkpoint_10 TEST,run/sthelar40x_klt_5class_slideind_foldB_lora_adaptformer_r8_a8_red16_heads_e10_seed44/log/2026-08-28T160202_sthelar40x_klt_5class_slideind_foldB_lora_adaptformer_r8_a8_red16_heads_e10_seed44/inference_results.json,"Rows=true, columns=predicted; paired matches only."
klt_confusion,KLT,CellViT-SAM-H,Selected PEFT,Liver,B,,,44,,Epithelial,Epithelial,111340,,,,,,,,,,,,,,,,,,,,,,,,,,,,,,,,,,,,,,,,,,,,,,,,,,,,,,,,checkpoint_10 TEST,run/sthelar40x_klt_5class_slideind_foldB_lora_adaptformer_r8_a8_red16_heads_e10_seed44/log/2026-08-28T160202_sthelar40x_klt_5class_slideind_foldB_lora_adaptformer_r8_a8_red16_heads_e10_seed44/inference_results.json,"Rows=true, columns=predicted; paired matches only."
klt_confusion,KLT,CellViT-SAM-H,Selected PEFT,Liver,B,,,44,,Epithelial,Melanocyte,0,,,,,,,,,,,,,,,,,,,,,,,,,,,,,,,,,,,,,,,,,,,,,,,,,,,,,,,,checkpoint_10 TEST,run/sthelar40x_klt_5class_slideind_foldB_lora_adaptformer_r8_a8_red16_heads_e10_seed44/log/2026-08-28T160202_sthelar40x_klt_5class_slideind_foldB_lora_adaptformer_r8_a8_red16_heads_e10_seed44/inference_results.json,"Rows=true, columns=predicted; paired matches only."
klt_confusion,KLT,CellViT-SAM-H,Selected PEFT,Liver,B,,,44,,Epithelial,Other,60,,,,,,,,,,,,,,,,,,,,,,,,,,,,,,,,,,,,,,,,,,,,,,,,,,,,,,,,checkpoint_10 TEST,run/sthelar40x_klt_5class_slideind_foldB_lora_adaptformer_r8_a8_red16_heads_e10_seed44/log/2026-08-28T160202_sthelar40x_klt_5class_slideind_foldB_lora_adaptformer_r8_a8_red16_heads_e10_seed44/inference_results.json,"Rows=true, columns=predicted; paired matches only."
klt_confusion,KLT,CellViT-SAM-H,Selected PEFT,Liver,B,,,44,,Melanocyte,Background,0,,,,,,,,,,,,,,,,,,,,,,,,,,,,,,,,,,,,,,,,,,,,,,,,,,,,,,,,checkpoint_10 TEST,run/sthelar40x_klt_5class_slideind_foldB_lora_adaptformer_r8_a8_red16_heads_e10_seed44/log/2026-08-28T160202_sthelar40x_klt_5class_slideind_foldB_lora_adaptformer_r8_a8_red16_heads_e10_seed44/inference_results.json,"Rows=true, columns=predicted; paired matches only."
klt_confusion,KLT,CellViT-SAM-H,Selected PEFT,Liver,B,,,44,,Melanocyte,Immune,0,,,,,,,,,,,,,,,,,,,,,,,,,,,,,,,,,,,,,,,,,,,,,,,,,,,,,,,,checkpoint_10 TEST,run/sthelar40x_klt_5class_slideind_foldB_lora_adaptformer_r8_a8_red16_heads_e10_seed44/log/2026-08-28T160202_sthelar40x_klt_5class_slideind_foldB_lora_adaptformer_r8_a8_red16_heads_e10_seed44/inference_results.json,"Rows=true, columns=predicted; paired matches only."
klt_confusion,KLT,CellViT-SAM-H,Selected PEFT,Liver,B,,,44,,Melanocyte,Stromal,0,,,,,,,,,,,,,,,,,,,,,,,,,,,,,,,,,,,,,,,,,,,,,,,,,,,,,,,,checkpoint_10 TEST,run/sthelar40x_klt_5class_slideind_foldB_lora_adaptformer_r8_a8_red16_heads_e10_seed44/log/2026-08-28T160202_sthelar40x_klt_5class_slideind_foldB_lora_adaptformer_r8_a8_red16_heads_e10_seed44/inference_results.json,"Rows=true, columns=predicted; paired matches only."
klt_confusion,KLT,CellViT-SAM-H,Selected PEFT,Liver,B,,,44,,Melanocyte,Epithelial,0,,,,,,,,,,,,,,,,,,,,,,,,,,,,,,,,,,,,,,,,,,,,,,,,,,,,,,,,checkpoint_10 TEST,run/sthelar40x_klt_5class_slideind_foldB_lora_adaptformer_r8_a8_red16_heads_e10_seed44/log/2026-08-28T160202_sthelar40x_klt_5class_slideind_foldB_lora_adaptformer_r8_a8_red16_heads_e10_seed44/inference_results.json,"Rows=true, columns=predicted; paired matches only."
klt_confusion,KLT,CellViT-SAM-H,Selected PEFT,Liver,B,,,44,,Melanocyte,Melanocyte,0,,,,,,,,,,,,,,,,,,,,,,,,,,,,,,,,,,,,,,,,,,,,,,,,,,,,,,,,checkpoint_10 TEST,run/sthelar40x_klt_5class_slideind_foldB_lora_adaptformer_r8_a8_red16_heads_e10_seed44/log/2026-08-28T160202_sthelar40x_klt_5class_slideind_foldB_lora_adaptformer_r8_a8_red16_heads_e10_seed44/inference_results.json,"Rows=true, columns=predicted; paired matches only."
klt_confusion,KLT,CellViT-SAM-H,Selected PEFT,Liver,B,,,44,,Melanocyte,Other,0,,,,,,,,,,,,,,,,,,,,,,,,,,,,,,,,,,,,,,,,,,,,,,,,,,,,,,,,checkpoint_10 TEST,run/sthelar40x_klt_5class_slideind_foldB_lora_adaptformer_r8_a8_red16_heads_e10_seed44/log/2026-08-28T160202_sthelar40x_klt_5class_slideind_foldB_lora_adaptformer_r8_a8_red16_heads_e10_seed44/inference_results.json,"Rows=true, columns=predicted; paired matches only."
klt_confusion,KLT,CellViT-SAM-H,Selected PEFT,Liver,B,,,44,,Other,Background,1,,,,,,,,,,,,,,,,,,,,,,,,,,,,,,,,,,,,,,,,,,,,,,,,,,,,,,,,checkpoint_10 TEST,run/sthelar40x_klt_5class_slideind_foldB_lora_adaptformer_r8_a8_red16_heads_e10_seed44/log/2026-08-28T160202_sthelar40x_klt_5class_slideind_foldB_lora_adaptformer_r8_a8_red16_heads_e10_seed44/inference_results.json,"Rows=true, columns=predicted; paired matches only."
klt_confusion,KLT,CellViT-SAM-H,Selected PEFT,Liver,B,,,44,,Other,Immune,63,,,,,,,,,,,,,,,,,,,,,,,,,,,,,,,,,,,,,,,,,,,,,,,,,,,,,,,,checkpoint_10 TEST,run/sthelar40x_klt_5class_slideind_foldB_lora_adaptformer_r8_a8_red16_heads_e10_seed44/log/2026-08-28T160202_sthelar40x_klt_5class_slideind_foldB_lora_adaptformer_r8_a8_red16_heads_e10_seed44/inference_results.json,"Rows=true, columns=predicted; paired matches only."
klt_confusion,KLT,CellViT-SAM-H,Selected PEFT,Liver,B,,,44,,Other,Stromal,442,,,,,,,,,,,,,,,,,,,,,,,,,,,,,,,,,,,,,,,,,,,,,,,,,,,,,,,,checkpoint_10 TEST,run/sthelar40x_klt_5class_slideind_foldB_lora_adaptformer_r8_a8_red16_heads_e10_seed44/log/2026-08-28T160202_sthelar40x_klt_5class_slideind_foldB_lora_adaptformer_r8_a8_red16_heads_e10_seed44/inference_results.json,"Rows=true, columns=predicted; paired matches only."
klt_confusion,KLT,CellViT-SAM-H,Selected PEFT,Liver,B,,,44,,Other,Epithelial,666,,,,,,,,,,,,,,,,,,,,,,,,,,,,,,,,,,,,,,,,,,,,,,,,,,,,,,,,checkpoint_10 TEST,run/sthelar40x_klt_5class_slideind_foldB_lora_adaptformer_r8_a8_red16_heads_e10_seed44/log/2026-08-28T160202_sthelar40x_klt_5class_slideind_foldB_lora_adaptformer_r8_a8_red16_heads_e10_seed44/inference_results.json,"Rows=true, columns=predicted; paired matches only."
klt_confusion,KLT,CellViT-SAM-H,Selected PEFT,Liver,B,,,44,,Other,Melanocyte,0,,,,,,,,,,,,,,,,,,,,,,,,,,,,,,,,,,,,,,,,,,,,,,,,,,,,,,,,checkpoint_10 TEST,run/sthelar40x_klt_5class_slideind_foldB_lora_adaptformer_r8_a8_red16_heads_e10_seed44/log/2026-08-28T160202_sthelar40x_klt_5class_slideind_foldB_lora_adaptformer_r8_a8_red16_heads_e10_seed44/inference_results.json,"Rows=true, columns=predicted; paired matches only."
klt_confusion,KLT,CellViT-SAM-H,Selected PEFT,Liver,B,,,44,,Other,Other,28,,,,,,,,,,,,,,,,,,,,,,,,,,,,,,,,,,,,,,,,,,,,,,,,,,,,,,,,checkpoint_10 TEST,run/sthelar40x_klt_5class_slideind_foldB_lora_adaptformer_r8_a8_red16_heads_e10_seed44/log/2026-08-28T160202_sthelar40x_klt_5class_slideind_foldB_lora_adaptformer_r8_a8_red16_heads_e10_seed44/inference_results.json,"Rows=true, columns=predicted; paired matches only."
klt_seed_metric,KLT,CellViT-SAM-H,Selected PEFT,Tonsil,B,,,44,,,,,9856,,,,,,,,,,,,,,,,,0.8318601415859983,0.7191076077113204,0.5751291069939176,0.26175300305489485,0.8553656657296597,0.4900097474774854,,,,,,,,,,,,,,,,,,,,,,,,,,,,,,,,,checkpoint_10 TEST,run/sthelar40x_klt_5class_slideind_foldB_lora_adaptformer_r8_a8_red16_heads_e10_seed44/log/2026-08-28T160202_sthelar40x_klt_5class_slideind_foldB_lora_adaptformer_r8_a8_red16_heads_e10_seed44/inference_results.json,
klt_per_class,KLT,CellViT-SAM-H,Selected PEFT,Tonsil,B,,,44,Immune,,,,,,,,,,,,,,,,,,,,,,,,,,,,,,,,,,,,,,,,,,,,,0.8619716759690218,,,664525,795021,848607,0.7938392371872167,,,,,,,,checkpoint_10 TEST,run/sthelar40x_klt_5class_slideind_foldB_lora_adaptformer_r8_a8_red16_heads_e10_seed44/log/2026-08-28T160202_sthelar40x_klt_5class_slideind_foldB_lora_adaptformer_r8_a8_red16_heads_e10_seed44/inference_results.json,
klt_per_class,KLT,CellViT-SAM-H,Selected PEFT,Tonsil,B,,,44,Stromal,,,,,,,,,,,,,,,,,,,,,,,,,,,,,,,,,,,,,,,,,,,,,0.41393144750995725,,,157523,190934,137784,0.12889163706710347,,,,,,,,checkpoint_10 TEST,run/sthelar40x_klt_5class_slideind_foldB_lora_adaptformer_r8_a8_red16_heads_e10_seed44/log/2026-08-28T160202_sthelar40x_klt_5class_slideind_foldB_lora_adaptformer_r8_a8_red16_heads_e10_seed44/inference_results.json,
klt_per_class,KLT,CellViT-SAM-H,Selected PEFT,Tonsil,B,,,44,Epithelial,,,,,,,,,,,,,,,,,,,,,,,,,,,,,,,,,,,,,,,,,,,,,0.6708640833957633,,,115594,140361,81491,0.07623169886369482,,,,,,,,checkpoint_10 TEST,run/sthelar40x_klt_5class_slideind_foldB_lora_adaptformer_r8_a8_red16_heads_e10_seed44/log/2026-08-28T160202_sthelar40x_klt_5class_slideind_foldB_lora_adaptformer_r8_a8_red16_heads_e10_seed44/inference_results.json,
klt_per_class,KLT,CellViT-SAM-H,Selected PEFT,Tonsil,B,,,44,Melanocyte,,,,,,,,,,,,,,,,,,,,,,,,,,,,,,,,,,,,,,,,,,,,,,,,0,0,0,0.0,,,,,,,,checkpoint_10 TEST,run/sthelar40x_klt_5class_slideind_foldB_lora_adaptformer_r8_a8_red16_heads_e10_seed44/log/2026-08-28T160202_sthelar40x_klt_5class_slideind_foldB_lora_adaptformer_r8_a8_red16_heads_e10_seed44/inference_results.json,
klt_per_class,KLT,CellViT-SAM-H,Selected PEFT,Tonsil,B,,,44,Other,,,,,,,,,,,,,,,,,,,,,,,,,,,,,,,,,,,,,,,,,,,,,0.013271783035199077,,,6209,11094,1109,0.0010374268819849746,,,,,,,,checkpoint_10 TEST,run/sthelar40x_klt_5class_slideind_foldB_lora_adaptformer_r8_a8_red16_heads_e10_seed44/log/2026-08-28T160202_sthelar40x_klt_5class_slideind_foldB_lora_adaptformer_r8_a8_red16_heads_e10_seed44/inference_results.json,
klt_confusion,KLT,CellViT-SAM-H,Selected PEFT,Tonsil,B,,,44,,Background,Background,8,,,,,,,,,,,,,,,,,,,,,,,,,,,,,,,,,,,,,,,,,,,,,,,,,,,,,,,,checkpoint_10 TEST,run/sthelar40x_klt_5class_slideind_foldB_lora_adaptformer_r8_a8_red16_heads_e10_seed44/log/2026-08-28T160202_sthelar40x_klt_5class_slideind_foldB_lora_adaptformer_r8_a8_red16_heads_e10_seed44/inference_results.json,"Rows=true, columns=predicted; paired matches only."
klt_confusion,KLT,CellViT-SAM-H,Selected PEFT,Tonsil,B,,,44,,Background,Immune,0,,,,,,,,,,,,,,,,,,,,,,,,,,,,,,,,,,,,,,,,,,,,,,,,,,,,,,,,checkpoint_10 TEST,run/sthelar40x_klt_5class_slideind_foldB_lora_adaptformer_r8_a8_red16_heads_e10_seed44/log/2026-08-28T160202_sthelar40x_klt_5class_slideind_foldB_lora_adaptformer_r8_a8_red16_heads_e10_seed44/inference_results.json,"Rows=true, columns=predicted; paired matches only."
klt_confusion,KLT,CellViT-SAM-H,Selected PEFT,Tonsil,B,,,44,,Background,Stromal,0,,,,,,,,,,,,,,,,,,,,,,,,,,,,,,,,,,,,,,,,,,,,,,,,,,,,,,,,checkpoint_10 TEST,run/sthelar40x_klt_5class_slideind_foldB_lora_adaptformer_r8_a8_red16_heads_e10_seed44/log/2026-08-28T160202_sthelar40x_klt_5class_slideind_foldB_lora_adaptformer_r8_a8_red16_heads_e10_seed44/inference_results.json,"Rows=true, columns=predicted; paired matches only."
klt_confusion,KLT,CellViT-SAM-H,Selected PEFT,Tonsil,B,,,44,,Background,Epithelial,0,,,,,,,,,,,,,,,,,,,,,,,,,,,,,,,,,,,,,,,,,,,,,,,,,,,,,,,,checkpoint_10 TEST,run/sthelar40x_klt_5class_slideind_foldB_lora_adaptformer_r8_a8_red16_heads_e10_seed44/log/2026-08-28T160202_sthelar40x_klt_5class_slideind_foldB_lora_adaptformer_r8_a8_red16_heads_e10_seed44/inference_results.json,"Rows=true, columns=predicted; paired matches only."
klt_confusion,KLT,CellViT-SAM-H,Selected PEFT,Tonsil,B,,,44,,Background,Melanocyte,0,,,,,,,,,,,,,,,,,,,,,,,,,,,,,,,,,,,,,,,,,,,,,,,,,,,,,,,,checkpoint_10 TEST,run/sthelar40x_klt_5class_slideind_foldB_lora_adaptformer_r8_a8_red16_heads_e10_seed44/log/2026-08-28T160202_sthelar40x_klt_5class_slideind_foldB_lora_adaptformer_r8_a8_red16_heads_e10_seed44/inference_results.json,"Rows=true, columns=predicted; paired matches only."
klt_confusion,KLT,CellViT-SAM-H,Selected PEFT,Tonsil,B,,,44,,Background,Other,0,,,,,,,,,,,,,,,,,,,,,,,,,,,,,,,,,,,,,,,,,,,,,,,,,,,,,,,,checkpoint_10 TEST,run/sthelar40x_klt_5class_slideind_foldB_lora_adaptformer_r8_a8_red16_heads_e10_seed44/log/2026-08-28T160202_sthelar40x_klt_5class_slideind_foldB_lora_adaptformer_r8_a8_red16_heads_e10_seed44/inference_results.json,"Rows=true, columns=predicted; paired matches only."
klt_confusion,KLT,CellViT-SAM-H,Selected PEFT,Tonsil,B,,,44,,Immune,Background,898,,,,,,,,,,,,,,,,,,,,,,,,,,,,,,,,,,,,,,,,,,,,,,,,,,,,,,,,checkpoint_10 TEST,run/sthelar40x_klt_5class_slideind_foldB_lora_adaptformer_r8_a8_red16_heads_e10_seed44/log/2026-08-28T160202_sthelar40x_klt_5class_slideind_foldB_lora_adaptformer_r8_a8_red16_heads_e10_seed44/inference_results.json,"Rows=true, columns=predicted; paired matches only."
klt_confusion,KLT,CellViT-SAM-H,Selected PEFT,Tonsil,B,,,44,,Immune,Immune,610872,,,,,,,,,,,,,,,,,,,,,,,,,,,,,,,,,,,,,,,,,,,,,,,,,,,,,,,,checkpoint_10 TEST,run/sthelar40x_klt_5class_slideind_foldB_lora_adaptformer_r8_a8_red16_heads_e10_seed44/log/2026-08-28T160202_sthelar40x_klt_5class_slideind_foldB_lora_adaptformer_r8_a8_red16_heads_e10_seed44/inference_results.json,"Rows=true, columns=predicted; paired matches only."
klt_confusion,KLT,CellViT-SAM-H,Selected PEFT,Tonsil,B,,,44,,Immune,Stromal,45006,,,,,,,,,,,,,,,,,,,,,,,,,,,,,,,,,,,,,,,,,,,,,,,,,,,,,,,,checkpoint_10 TEST,run/sthelar40x_klt_5class_slideind_foldB_lora_adaptformer_r8_a8_red16_heads_e10_seed44/log/2026-08-28T160202_sthelar40x_klt_5class_slideind_foldB_lora_adaptformer_r8_a8_red16_heads_e10_seed44/inference_results.json,"Rows=true, columns=predicted; paired matches only."
klt_confusion,KLT,CellViT-SAM-H,Selected PEFT,Tonsil,B,,,44,,Immune,Epithelial,8347,,,,,,,,,,,,,,,,,,,,,,,,,,,,,,,,,,,,,,,,,,,,,,,,,,,,,,,,checkpoint_10 TEST,run/sthelar40x_klt_5class_slideind_foldB_lora_adaptformer_r8_a8_red16_heads_e10_seed44/log/2026-08-28T160202_sthelar40x_klt_5class_slideind_foldB_lora_adaptformer_r8_a8_red16_heads_e10_seed44/inference_results.json,"Rows=true, columns=predicted; paired matches only."
klt_confusion,KLT,CellViT-SAM-H,Selected PEFT,Tonsil,B,,,44,,Immune,Melanocyte,0,,,,,,,,,,,,,,,,,,,,,,,,,,,,,,,,,,,,,,,,,,,,,,,,,,,,,,,,checkpoint_10 TEST,run/sthelar40x_klt_5class_slideind_foldB_lora_adaptformer_r8_a8_red16_heads_e10_seed44/log/2026-08-28T160202_sthelar40x_klt_5class_slideind_foldB_lora_adaptformer_r8_a8_red16_heads_e10_seed44/inference_results.json,"Rows=true, columns=predicted; paired matches only."
klt_confusion,KLT,CellViT-SAM-H,Selected PEFT,Tonsil,B,,,44,,Immune,Other,300,,,,,,,,,,,,,,,,,,,,,,,,,,,,,,,,,,,,,,,,,,,,,,,,,,,,,,,,checkpoint_10 TEST,run/sthelar40x_klt_5class_slideind_foldB_lora_adaptformer_r8_a8_red16_heads_e10_seed44/log/2026-08-28T160202_sthelar40x_klt_5class_slideind_foldB_lora_adaptformer_r8_a8_red16_heads_e10_seed44/inference_results.json,"Rows=true, columns=predicted; paired matches only."
klt_confusion,KLT,CellViT-SAM-H,Selected PEFT,Tonsil,B,,,44,,Stromal,Background,245,,,,,,,,,,,,,,,,,,,,,,,,,,,,,,,,,,,,,,,,,,,,,,,,,,,,,,,,checkpoint_10 TEST,run/sthelar40x_klt_5class_slideind_foldB_lora_adaptformer_r8_a8_red16_heads_e10_seed44/log/2026-08-28T160202_sthelar40x_klt_5class_slideind_foldB_lora_adaptformer_r8_a8_red16_heads_e10_seed44/inference_results.json,"Rows=true, columns=predicted; paired matches only."
klt_confusion,KLT,CellViT-SAM-H,Selected PEFT,Tonsil,B,,,44,,Stromal,Immune,99599,,,,,,,,,,,,,,,,,,,,,,,,,,,,,,,,,,,,,,,,,,,,,,,,,,,,,,,,checkpoint_10 TEST,run/sthelar40x_klt_5class_slideind_foldB_lora_adaptformer_r8_a8_red16_heads_e10_seed44/log/2026-08-28T160202_sthelar40x_klt_5class_slideind_foldB_lora_adaptformer_r8_a8_red16_heads_e10_seed44/inference_results.json,"Rows=true, columns=predicted; paired matches only."
klt_confusion,KLT,CellViT-SAM-H,Selected PEFT,Tonsil,B,,,44,,Stromal,Stromal,56952,,,,,,,,,,,,,,,,,,,,,,,,,,,,,,,,,,,,,,,,,,,,,,,,,,,,,,,,checkpoint_10 TEST,run/sthelar40x_klt_5class_slideind_foldB_lora_adaptformer_r8_a8_red16_heads_e10_seed44/log/2026-08-28T160202_sthelar40x_klt_5class_slideind_foldB_lora_adaptformer_r8_a8_red16_heads_e10_seed44/inference_results.json,"Rows=true, columns=predicted; paired matches only."
klt_confusion,KLT,CellViT-SAM-H,Selected PEFT,Tonsil,B,,,44,,Stromal,Epithelial,776,,,,,,,,,,,,,,,,,,,,,,,,,,,,,,,,,,,,,,,,,,,,,,,,,,,,,,,,checkpoint_10 TEST,run/sthelar40x_klt_5class_slideind_foldB_lora_adaptformer_r8_a8_red16_heads_e10_seed44/log/2026-08-28T160202_sthelar40x_klt_5class_slideind_foldB_lora_adaptformer_r8_a8_red16_heads_e10_seed44/inference_results.json,"Rows=true, columns=predicted; paired matches only."
klt_confusion,KLT,CellViT-SAM-H,Selected PEFT,Tonsil,B,,,44,,Stromal,Melanocyte,0,,,,,,,,,,,,,,,,,,,,,,,,,,,,,,,,,,,,,,,,,,,,,,,,,,,,,,,,checkpoint_10 TEST,run/sthelar40x_klt_5class_slideind_foldB_lora_adaptformer_r8_a8_red16_heads_e10_seed44/log/2026-08-28T160202_sthelar40x_klt_5class_slideind_foldB_lora_adaptformer_r8_a8_red16_heads_e10_seed44/inference_results.json,"Rows=true, columns=predicted; paired matches only."
klt_confusion,KLT,CellViT-SAM-H,Selected PEFT,Tonsil,B,,,44,,Stromal,Other,196,,,,,,,,,,,,,,,,,,,,,,,,,,,,,,,,,,,,,,,,,,,,,,,,,,,,,,,,checkpoint_10 TEST,run/sthelar40x_klt_5class_slideind_foldB_lora_adaptformer_r8_a8_red16_heads_e10_seed44/log/2026-08-28T160202_sthelar40x_klt_5class_slideind_foldB_lora_adaptformer_r8_a8_red16_heads_e10_seed44/inference_results.json,"Rows=true, columns=predicted; paired matches only."
klt_confusion,KLT,CellViT-SAM-H,Selected PEFT,Tonsil,B,,,44,,Epithelial,Background,229,,,,,,,,,,,,,,,,,,,,,,,,,,,,,,,,,,,,,,,,,,,,,,,,,,,,,,,,checkpoint_10 TEST,run/sthelar40x_klt_5class_slideind_foldB_lora_adaptformer_r8_a8_red16_heads_e10_seed44/log/2026-08-28T160202_sthelar40x_klt_5class_slideind_foldB_lora_adaptformer_r8_a8_red16_heads_e10_seed44/inference_results.json,"Rows=true, columns=predicted; paired matches only."
klt_confusion,KLT,CellViT-SAM-H,Selected PEFT,Tonsil,B,,,44,,Epithelial,Immune,38236,,,,,,,,,,,,,,,,,,,,,,,,,,,,,,,,,,,,,,,,,,,,,,,,,,,,,,,,checkpoint_10 TEST,run/sthelar40x_klt_5class_slideind_foldB_lora_adaptformer_r8_a8_red16_heads_e10_seed44/log/2026-08-28T160202_sthelar40x_klt_5class_slideind_foldB_lora_adaptformer_r8_a8_red16_heads_e10_seed44/inference_results.json,"Rows=true, columns=predicted; paired matches only."
klt_confusion,KLT,CellViT-SAM-H,Selected PEFT,Tonsil,B,,,44,,Epithelial,Stromal,14045,,,,,,,,,,,,,,,,,,,,,,,,,,,,,,,,,,,,,,,,,,,,,,,,,,,,,,,,checkpoint_10 TEST,run/sthelar40x_klt_5class_slideind_foldB_lora_adaptformer_r8_a8_red16_heads_e10_seed44/log/2026-08-28T160202_sthelar40x_klt_5class_slideind_foldB_lora_adaptformer_r8_a8_red16_heads_e10_seed44/inference_results.json,"Rows=true, columns=predicted; paired matches only."
klt_confusion,KLT,CellViT-SAM-H,Selected PEFT,Tonsil,B,,,44,,Epithelial,Epithelial,63132,,,,,,,,,,,,,,,,,,,,,,,,,,,,,,,,,,,,,,,,,,,,,,,,,,,,,,,,checkpoint_10 TEST,run/sthelar40x_klt_5class_slideind_foldB_lora_adaptformer_r8_a8_red16_heads_e10_seed44/log/2026-08-28T160202_sthelar40x_klt_5class_slideind_foldB_lora_adaptformer_r8_a8_red16_heads_e10_seed44/inference_results.json,"Rows=true, columns=predicted; paired matches only."
klt_confusion,KLT,CellViT-SAM-H,Selected PEFT,Tonsil,B,,,44,,Epithelial,Melanocyte,0,,,,,,,,,,,,,,,,,,,,,,,,,,,,,,,,,,,,,,,,,,,,,,,,,,,,,,,,checkpoint_10 TEST,run/sthelar40x_klt_5class_slideind_foldB_lora_adaptformer_r8_a8_red16_heads_e10_seed44/log/2026-08-28T160202_sthelar40x_klt_5class_slideind_foldB_lora_adaptformer_r8_a8_red16_heads_e10_seed44/inference_results.json,"Rows=true, columns=predicted; paired matches only."
klt_confusion,KLT,CellViT-SAM-H,Selected PEFT,Tonsil,B,,,44,,Epithelial,Other,181,,,,,,,,,,,,,,,,,,,,,,,,,,,,,,,,,,,,,,,,,,,,,,,,,,,,,,,,checkpoint_10 TEST,run/sthelar40x_klt_5class_slideind_foldB_lora_adaptformer_r8_a8_red16_heads_e10_seed44/log/2026-08-28T160202_sthelar40x_klt_5class_slideind_foldB_lora_adaptformer_r8_a8_red16_heads_e10_seed44/inference_results.json,"Rows=true, columns=predicted; paired matches only."
klt_confusion,KLT,CellViT-SAM-H,Selected PEFT,Tonsil,B,,,44,,Melanocyte,Background,0,,,,,,,,,,,,,,,,,,,,,,,,,,,,,,,,,,,,,,,,,,,,,,,,,,,,,,,,checkpoint_10 TEST,run/sthelar40x_klt_5class_slideind_foldB_lora_adaptformer_r8_a8_red16_heads_e10_seed44/log/2026-08-28T160202_sthelar40x_klt_5class_slideind_foldB_lora_adaptformer_r8_a8_red16_heads_e10_seed44/inference_results.json,"Rows=true, columns=predicted; paired matches only."
klt_confusion,KLT,CellViT-SAM-H,Selected PEFT,Tonsil,B,,,44,,Melanocyte,Immune,0,,,,,,,,,,,,,,,,,,,,,,,,,,,,,,,,,,,,,,,,,,,,,,,,,,,,,,,,checkpoint_10 TEST,run/sthelar40x_klt_5class_slideind_foldB_lora_adaptformer_r8_a8_red16_heads_e10_seed44/log/2026-08-28T160202_sthelar40x_klt_5class_slideind_foldB_lora_adaptformer_r8_a8_red16_heads_e10_seed44/inference_results.json,"Rows=true, columns=predicted; paired matches only."
klt_confusion,KLT,CellViT-SAM-H,Selected PEFT,Tonsil,B,,,44,,Melanocyte,Stromal,0,,,,,,,,,,,,,,,,,,,,,,,,,,,,,,,,,,,,,,,,,,,,,,,,,,,,,,,,checkpoint_10 TEST,run/sthelar40x_klt_5class_slideind_foldB_lora_adaptformer_r8_a8_red16_heads_e10_seed44/log/2026-08-28T160202_sthelar40x_klt_5class_slideind_foldB_lora_adaptformer_r8_a8_red16_heads_e10_seed44/inference_results.json,"Rows=true, columns=predicted; paired matches only."
klt_confusion,KLT,CellViT-SAM-H,Selected PEFT,Tonsil,B,,,44,,Melanocyte,Epithelial,0,,,,,,,,,,,,,,,,,,,,,,,,,,,,,,,,,,,,,,,,,,,,,,,,,,,,,,,,checkpoint_10 TEST,run/sthelar40x_klt_5class_slideind_foldB_lora_adaptformer_r8_a8_red16_heads_e10_seed44/log/2026-08-28T160202_sthelar40x_klt_5class_slideind_foldB_lora_adaptformer_r8_a8_red16_heads_e10_seed44/inference_results.json,"Rows=true, columns=predicted; paired matches only."
klt_confusion,KLT,CellViT-SAM-H,Selected PEFT,Tonsil,B,,,44,,Melanocyte,Melanocyte,0,,,,,,,,,,,,,,,,,,,,,,,,,,,,,,,,,,,,,,,,,,,,,,,,,,,,,,,,checkpoint_10 TEST,run/sthelar40x_klt_5class_slideind_foldB_lora_adaptformer_r8_a8_red16_heads_e10_seed44/log/2026-08-28T160202_sthelar40x_klt_5class_slideind_foldB_lora_adaptformer_r8_a8_red16_heads_e10_seed44/inference_results.json,"Rows=true, columns=predicted; paired matches only."
klt_confusion,KLT,CellViT-SAM-H,Selected PEFT,Tonsil,B,,,44,,Melanocyte,Other,0,,,,,,,,,,,,,,,,,,,,,,,,,,,,,,,,,,,,,,,,,,,,,,,,,,,,,,,,checkpoint_10 TEST,run/sthelar40x_klt_5class_slideind_foldB_lora_adaptformer_r8_a8_red16_heads_e10_seed44/log/2026-08-28T160202_sthelar40x_klt_5class_slideind_foldB_lora_adaptformer_r8_a8_red16_heads_e10_seed44/inference_results.json,"Rows=true, columns=predicted; paired matches only."
klt_confusion,KLT,CellViT-SAM-H,Selected PEFT,Tonsil,B,,,44,,Other,Background,46,,,,,,,,,,,,,,,,,,,,,,,,,,,,,,,,,,,,,,,,,,,,,,,,,,,,,,,,checkpoint_10 TEST,run/sthelar40x_klt_5class_slideind_foldB_lora_adaptformer_r8_a8_red16_heads_e10_seed44/log/2026-08-28T160202_sthelar40x_klt_5class_slideind_foldB_lora_adaptformer_r8_a8_red16_heads_e10_seed44/inference_results.json,"Rows=true, columns=predicted; paired matches only."
klt_confusion,KLT,CellViT-SAM-H,Selected PEFT,Tonsil,B,,,44,,Other,Immune,4151,,,,,,,,,,,,,,,,,,,,,,,,,,,,,,,,,,,,,,,,,,,,,,,,,,,,,,,,checkpoint_10 TEST,run/sthelar40x_klt_5class_slideind_foldB_lora_adaptformer_r8_a8_red16_heads_e10_seed44/log/2026-08-28T160202_sthelar40x_klt_5class_slideind_foldB_lora_adaptformer_r8_a8_red16_heads_e10_seed44/inference_results.json,"Rows=true, columns=predicted; paired matches only."
klt_confusion,KLT,CellViT-SAM-H,Selected PEFT,Tonsil,B,,,44,,Other,Stromal,1650,,,,,,,,,,,,,,,,,,,,,,,,,,,,,,,,,,,,,,,,,,,,,,,,,,,,,,,,checkpoint_10 TEST,run/sthelar40x_klt_5class_slideind_foldB_lora_adaptformer_r8_a8_red16_heads_e10_seed44/log/2026-08-28T160202_sthelar40x_klt_5class_slideind_foldB_lora_adaptformer_r8_a8_red16_heads_e10_seed44/inference_results.json,"Rows=true, columns=predicted; paired matches only."
klt_confusion,KLT,CellViT-SAM-H,Selected PEFT,Tonsil,B,,,44,,Other,Epithelial,362,,,,,,,,,,,,,,,,,,,,,,,,,,,,,,,,,,,,,,,,,,,,,,,,,,,,,,,,checkpoint_10 TEST,run/sthelar40x_klt_5class_slideind_foldB_lora_adaptformer_r8_a8_red16_heads_e10_seed44/log/2026-08-28T160202_sthelar40x_klt_5class_slideind_foldB_lora_adaptformer_r8_a8_red16_heads_e10_seed44/inference_results.json,"Rows=true, columns=predicted; paired matches only."
klt_confusion,KLT,CellViT-SAM-H,Selected PEFT,Tonsil,B,,,44,,Other,Melanocyte,0,,,,,,,,,,,,,,,,,,,,,,,,,,,,,,,,,,,,,,,,,,,,,,,,,,,,,,,,checkpoint_10 TEST,run/sthelar40x_klt_5class_slideind_foldB_lora_adaptformer_r8_a8_red16_heads_e10_seed44/log/2026-08-28T160202_sthelar40x_klt_5class_slideind_foldB_lora_adaptformer_r8_a8_red16_heads_e10_seed44/inference_results.json,"Rows=true, columns=predicted; paired matches only."
klt_confusion,KLT,CellViT-SAM-H,Selected PEFT,Tonsil,B,,,44,,Other,Other,46,,,,,,,,,,,,,,,,,,,,,,,,,,,,,,,,,,,,,,,,,,,,,,,,,,,,,,,,checkpoint_10 TEST,run/sthelar40x_klt_5class_slideind_foldB_lora_adaptformer_r8_a8_red16_heads_e10_seed44/log/2026-08-28T160202_sthelar40x_klt_5class_slideind_foldB_lora_adaptformer_r8_a8_red16_heads_e10_seed44/inference_results.json,"Rows=true, columns=predicted; paired matches only."
klt_seed_metric,KLT,CellViT-SAM-H,Selected PEFT,Pooled KLT,B,,,44,,,,,26335,,,,,,,,,,,,,,,,,0.8352935348659206,0.7298333618632457,0.6081380901054986,0.2384258341078363,0.8672169185649603,0.49467685581069054,,,,,,,,,,,,,,,,,,,,,,,,,,,,,,,,,checkpoint_10 TEST,run/sthelar40x_klt_5class_slideind_foldB_lora_adaptformer_r8_a8_red16_heads_e10_seed44/log/2026-08-28T160202_sthelar40x_klt_5class_slideind_foldB_lora_adaptformer_r8_a8_red16_heads_e10_seed44/inference_results.json,
klt_per_class,KLT,CellViT-SAM-H,Selected PEFT,Pooled KLT,B,,,44,Immune,,,,,,,,,,,,,,,,,,,,,,,,,,,,,,,,,,,,,,,,,,,,,0.8188868785290256,,,723370,865355,883902,0.6138323426897587,,,,,,,,checkpoint_10 TEST,run/sthelar40x_klt_5class_slideind_foldB_lora_adaptformer_r8_a8_red16_heads_e10_seed44/log/2026-08-28T160202_sthelar40x_klt_5class_slideind_foldB_lora_adaptformer_r8_a8_red16_heads_e10_seed44/inference_results.json,
klt_per_class,KLT,CellViT-SAM-H,Selected PEFT,Pooled KLT,B,,,44,Stromal,,,,,,,,,,,,,,,,,,,,,,,,,,,,,,,,,,,,,,,,,,,,,0.438327366178783,,,240173,292332,252574,0.1754018998967342,,,,,,,,checkpoint_10 TEST,run/sthelar40x_klt_5class_slideind_foldB_lora_adaptformer_r8_a8_red16_heads_e10_seed44/log/2026-08-28T160202_sthelar40x_klt_5class_slideind_foldB_lora_adaptformer_r8_a8_red16_heads_e10_seed44/inference_results.json,
klt_per_class,KLT,CellViT-SAM-H,Selected PEFT,Pooled KLT,B,,,44,Epithelial,,,,,,,,,,,,,,,,,,,,,,,,,,,,,,,,,,,,,,,,,,,,,0.7059751502373726,,,322645,376663,301601,0.2094490660588775,,,,,,,,checkpoint_10 TEST,run/sthelar40x_klt_5class_slideind_foldB_lora_adaptformer_r8_a8_red16_heads_e10_seed44/log/2026-08-28T160202_sthelar40x_klt_5class_slideind_foldB_lora_adaptformer_r8_a8_red16_heads_e10_seed44/inference_results.json,
klt_per_class,KLT,CellViT-SAM-H,Selected PEFT,Pooled KLT,B,,,44,Melanocyte,,,,,,,,,,,,,,,,,,,,,,,,,,,,,,,,,,,,,,,,,,,,,,,,0,0,0,0.0,,,,,,,,checkpoint_10 TEST,run/sthelar40x_klt_5class_slideind_foldB_lora_adaptformer_r8_a8_red16_heads_e10_seed44/log/2026-08-28T160202_sthelar40x_klt_5class_slideind_foldB_lora_adaptformer_r8_a8_red16_heads_e10_seed44/inference_results.json,
klt_per_class,KLT,CellViT-SAM-H,Selected PEFT,Pooled KLT,B,,,44,Other,,,,,,,,,,,,,,,,,,,,,,,,,,,,,,,,,,,,,,,,,,,,,0.015518028297581013,,,14085,23532,1896,0.001316691354629566,,,,,,,,checkpoint_10 TEST,run/sthelar40x_klt_5class_slideind_foldB_lora_adaptformer_r8_a8_red16_heads_e10_seed44/log/2026-08-28T160202_sthelar40x_klt_5class_slideind_foldB_lora_adaptformer_r8_a8_red16_heads_e10_seed44/inference_results.json,
klt_confusion,KLT,CellViT-SAM-H,Selected PEFT,Pooled KLT,B,,,44,,Background,Background,17,,,,,,,,,,,,,,,,,,,,,,,,,,,,,,,,,,,,,,,,,,,,,,,,,,,,,,,,checkpoint_10 TEST,run/sthelar40x_klt_5class_slideind_foldB_lora_adaptformer_r8_a8_red16_heads_e10_seed44/log/2026-08-28T160202_sthelar40x_klt_5class_slideind_foldB_lora_adaptformer_r8_a8_red16_heads_e10_seed44/inference_results.json,"Rows=true, columns=predicted; paired matches only."
klt_confusion,KLT,CellViT-SAM-H,Selected PEFT,Pooled KLT,B,,,44,,Background,Immune,0,,,,,,,,,,,,,,,,,,,,,,,,,,,,,,,,,,,,,,,,,,,,,,,,,,,,,,,,checkpoint_10 TEST,run/sthelar40x_klt_5class_slideind_foldB_lora_adaptformer_r8_a8_red16_heads_e10_seed44/log/2026-08-28T160202_sthelar40x_klt_5class_slideind_foldB_lora_adaptformer_r8_a8_red16_heads_e10_seed44/inference_results.json,"Rows=true, columns=predicted; paired matches only."
klt_confusion,KLT,CellViT-SAM-H,Selected PEFT,Pooled KLT,B,,,44,,Background,Stromal,0,,,,,,,,,,,,,,,,,,,,,,,,,,,,,,,,,,,,,,,,,,,,,,,,,,,,,,,,checkpoint_10 TEST,run/sthelar40x_klt_5class_slideind_foldB_lora_adaptformer_r8_a8_red16_heads_e10_seed44/log/2026-08-28T160202_sthelar40x_klt_5class_slideind_foldB_lora_adaptformer_r8_a8_red16_heads_e10_seed44/inference_results.json,"Rows=true, columns=predicted; paired matches only."
klt_confusion,KLT,CellViT-SAM-H,Selected PEFT,Pooled KLT,B,,,44,,Background,Epithelial,0,,,,,,,,,,,,,,,,,,,,,,,,,,,,,,,,,,,,,,,,,,,,,,,,,,,,,,,,checkpoint_10 TEST,run/sthelar40x_klt_5class_slideind_foldB_lora_adaptformer_r8_a8_red16_heads_e10_seed44/log/2026-08-28T160202_sthelar40x_klt_5class_slideind_foldB_lora_adaptformer_r8_a8_red16_heads_e10_seed44/inference_results.json,"Rows=true, columns=predicted; paired matches only."
klt_confusion,KLT,CellViT-SAM-H,Selected PEFT,Pooled KLT,B,,,44,,Background,Melanocyte,0,,,,,,,,,,,,,,,,,,,,,,,,,,,,,,,,,,,,,,,,,,,,,,,,,,,,,,,,checkpoint_10 TEST,run/sthelar40x_klt_5class_slideind_foldB_lora_adaptformer_r8_a8_red16_heads_e10_seed44/log/2026-08-28T160202_sthelar40x_klt_5class_slideind_foldB_lora_adaptformer_r8_a8_red16_heads_e10_seed44/inference_results.json,"Rows=true, columns=predicted; paired matches only."
klt_confusion,KLT,CellViT-SAM-H,Selected PEFT,Pooled KLT,B,,,44,,Background,Other,0,,,,,,,,,,,,,,,,,,,,,,,,,,,,,,,,,,,,,,,,,,,,,,,,,,,,,,,,checkpoint_10 TEST,run/sthelar40x_klt_5class_slideind_foldB_lora_adaptformer_r8_a8_red16_heads_e10_seed44/log/2026-08-28T160202_sthelar40x_klt_5class_slideind_foldB_lora_adaptformer_r8_a8_red16_heads_e10_seed44/inference_results.json,"Rows=true, columns=predicted; paired matches only."
klt_confusion,KLT,CellViT-SAM-H,Selected PEFT,Pooled KLT,B,,,44,,Immune,Background,986,,,,,,,,,,,,,,,,,,,,,,,,,,,,,,,,,,,,,,,,,,,,,,,,,,,,,,,,checkpoint_10 TEST,run/sthelar40x_klt_5class_slideind_foldB_lora_adaptformer_r8_a8_red16_heads_e10_seed44/log/2026-08-28T160202_sthelar40x_klt_5class_slideind_foldB_lora_adaptformer_r8_a8_red16_heads_e10_seed44/inference_results.json,"Rows=true, columns=predicted; paired matches only."
klt_confusion,KLT,CellViT-SAM-H,Selected PEFT,Pooled KLT,B,,,44,,Immune,Immune,618468,,,,,,,,,,,,,,,,,,,,,,,,,,,,,,,,,,,,,,,,,,,,,,,,,,,,,,,,checkpoint_10 TEST,run/sthelar40x_klt_5class_slideind_foldB_lora_adaptformer_r8_a8_red16_heads_e10_seed44/log/2026-08-28T160202_sthelar40x_klt_5class_slideind_foldB_lora_adaptformer_r8_a8_red16_heads_e10_seed44/inference_results.json,"Rows=true, columns=predicted; paired matches only."
klt_confusion,KLT,CellViT-SAM-H,Selected PEFT,Pooled KLT,B,,,44,,Immune,Stromal,61405,,,,,,,,,,,,,,,,,,,,,,,,,,,,,,,,,,,,,,,,,,,,,,,,,,,,,,,,checkpoint_10 TEST,run/sthelar40x_klt_5class_slideind_foldB_lora_adaptformer_r8_a8_red16_heads_e10_seed44/log/2026-08-28T160202_sthelar40x_klt_5class_slideind_foldB_lora_adaptformer_r8_a8_red16_heads_e10_seed44/inference_results.json,"Rows=true, columns=predicted; paired matches only."
klt_confusion,KLT,CellViT-SAM-H,Selected PEFT,Pooled KLT,B,,,44,,Immune,Epithelial,43047,,,,,,,,,,,,,,,,,,,,,,,,,,,,,,,,,,,,,,,,,,,,,,,,,,,,,,,,checkpoint_10 TEST,run/sthelar40x_klt_5class_slideind_foldB_lora_adaptformer_r8_a8_red16_heads_e10_seed44/log/2026-08-28T160202_sthelar40x_klt_5class_slideind_foldB_lora_adaptformer_r8_a8_red16_heads_e10_seed44/inference_results.json,"Rows=true, columns=predicted; paired matches only."
klt_confusion,KLT,CellViT-SAM-H,Selected PEFT,Pooled KLT,B,,,44,,Immune,Melanocyte,0,,,,,,,,,,,,,,,,,,,,,,,,,,,,,,,,,,,,,,,,,,,,,,,,,,,,,,,,checkpoint_10 TEST,run/sthelar40x_klt_5class_slideind_foldB_lora_adaptformer_r8_a8_red16_heads_e10_seed44/log/2026-08-28T160202_sthelar40x_klt_5class_slideind_foldB_lora_adaptformer_r8_a8_red16_heads_e10_seed44/inference_results.json,"Rows=true, columns=predicted; paired matches only."
klt_confusion,KLT,CellViT-SAM-H,Selected PEFT,Pooled KLT,B,,,44,,Immune,Other,450,,,,,,,,,,,,,,,,,,,,,,,,,,,,,,,,,,,,,,,,,,,,,,,,,,,,,,,,checkpoint_10 TEST,run/sthelar40x_klt_5class_slideind_foldB_lora_adaptformer_r8_a8_red16_heads_e10_seed44/log/2026-08-28T160202_sthelar40x_klt_5class_slideind_foldB_lora_adaptformer_r8_a8_red16_heads_e10_seed44/inference_results.json,"Rows=true, columns=predicted; paired matches only."
klt_confusion,KLT,CellViT-SAM-H,Selected PEFT,Pooled KLT,B,,,44,,Stromal,Background,367,,,,,,,,,,,,,,,,,,,,,,,,,,,,,,,,,,,,,,,,,,,,,,,,,,,,,,,,checkpoint_10 TEST,run/sthelar40x_klt_5class_slideind_foldB_lora_adaptformer_r8_a8_red16_heads_e10_seed44/log/2026-08-28T160202_sthelar40x_klt_5class_slideind_foldB_lora_adaptformer_r8_a8_red16_heads_e10_seed44/inference_results.json,"Rows=true, columns=predicted; paired matches only."
klt_confusion,KLT,CellViT-SAM-H,Selected PEFT,Pooled KLT,B,,,44,,Stromal,Immune,111538,,,,,,,,,,,,,,,,,,,,,,,,,,,,,,,,,,,,,,,,,,,,,,,,,,,,,,,,checkpoint_10 TEST,run/sthelar40x_klt_5class_slideind_foldB_lora_adaptformer_r8_a8_red16_heads_e10_seed44/log/2026-08-28T160202_sthelar40x_klt_5class_slideind_foldB_lora_adaptformer_r8_a8_red16_heads_e10_seed44/inference_results.json,"Rows=true, columns=predicted; paired matches only."
klt_confusion,KLT,CellViT-SAM-H,Selected PEFT,Pooled KLT,B,,,44,,Stromal,Stromal,102166,,,,,,,,,,,,,,,,,,,,,,,,,,,,,,,,,,,,,,,,,,,,,,,,,,,,,,,,checkpoint_10 TEST,run/sthelar40x_klt_5class_slideind_foldB_lora_adaptformer_r8_a8_red16_heads_e10_seed44/log/2026-08-28T160202_sthelar40x_klt_5class_slideind_foldB_lora_adaptformer_r8_a8_red16_heads_e10_seed44/inference_results.json,"Rows=true, columns=predicted; paired matches only."
klt_confusion,KLT,CellViT-SAM-H,Selected PEFT,Pooled KLT,B,,,44,,Stromal,Epithelial,26098,,,,,,,,,,,,,,,,,,,,,,,,,,,,,,,,,,,,,,,,,,,,,,,,,,,,,,,,checkpoint_10 TEST,run/sthelar40x_klt_5class_slideind_foldB_lora_adaptformer_r8_a8_red16_heads_e10_seed44/log/2026-08-28T160202_sthelar40x_klt_5class_slideind_foldB_lora_adaptformer_r8_a8_red16_heads_e10_seed44/inference_results.json,"Rows=true, columns=predicted; paired matches only."
klt_confusion,KLT,CellViT-SAM-H,Selected PEFT,Pooled KLT,B,,,44,,Stromal,Melanocyte,0,,,,,,,,,,,,,,,,,,,,,,,,,,,,,,,,,,,,,,,,,,,,,,,,,,,,,,,,checkpoint_10 TEST,run/sthelar40x_klt_5class_slideind_foldB_lora_adaptformer_r8_a8_red16_heads_e10_seed44/log/2026-08-28T160202_sthelar40x_klt_5class_slideind_foldB_lora_adaptformer_r8_a8_red16_heads_e10_seed44/inference_results.json,"Rows=true, columns=predicted; paired matches only."
klt_confusion,KLT,CellViT-SAM-H,Selected PEFT,Pooled KLT,B,,,44,,Stromal,Other,371,,,,,,,,,,,,,,,,,,,,,,,,,,,,,,,,,,,,,,,,,,,,,,,,,,,,,,,,checkpoint_10 TEST,run/sthelar40x_klt_5class_slideind_foldB_lora_adaptformer_r8_a8_red16_heads_e10_seed44/log/2026-08-28T160202_sthelar40x_klt_5class_slideind_foldB_lora_adaptformer_r8_a8_red16_heads_e10_seed44/inference_results.json,"Rows=true, columns=predicted; paired matches only."
klt_confusion,KLT,CellViT-SAM-H,Selected PEFT,Pooled KLT,B,,,44,,Epithelial,Background,952,,,,,,,,,,,,,,,,,,,,,,,,,,,,,,,,,,,,,,,,,,,,,,,,,,,,,,,,checkpoint_10 TEST,run/sthelar40x_klt_5class_slideind_foldB_lora_adaptformer_r8_a8_red16_heads_e10_seed44/log/2026-08-28T160202_sthelar40x_klt_5class_slideind_foldB_lora_adaptformer_r8_a8_red16_heads_e10_seed44/inference_results.json,"Rows=true, columns=predicted; paired matches only."
klt_confusion,KLT,CellViT-SAM-H,Selected PEFT,Pooled KLT,B,,,44,,Epithelial,Immune,51756,,,,,,,,,,,,,,,,,,,,,,,,,,,,,,,,,,,,,,,,,,,,,,,,,,,,,,,,checkpoint_10 TEST,run/sthelar40x_klt_5class_slideind_foldB_lora_adaptformer_r8_a8_red16_heads_e10_seed44/log/2026-08-28T160202_sthelar40x_klt_5class_slideind_foldB_lora_adaptformer_r8_a8_red16_heads_e10_seed44/inference_results.json,"Rows=true, columns=predicted; paired matches only."
klt_confusion,KLT,CellViT-SAM-H,Selected PEFT,Pooled KLT,B,,,44,,Epithelial,Stromal,55771,,,,,,,,,,,,,,,,,,,,,,,,,,,,,,,,,,,,,,,,,,,,,,,,,,,,,,,,checkpoint_10 TEST,run/sthelar40x_klt_5class_slideind_foldB_lora_adaptformer_r8_a8_red16_heads_e10_seed44/log/2026-08-28T160202_sthelar40x_klt_5class_slideind_foldB_lora_adaptformer_r8_a8_red16_heads_e10_seed44/inference_results.json,"Rows=true, columns=predicted; paired matches only."
klt_confusion,KLT,CellViT-SAM-H,Selected PEFT,Pooled KLT,B,,,44,,Epithelial,Epithelial,214806,,,,,,,,,,,,,,,,,,,,,,,,,,,,,,,,,,,,,,,,,,,,,,,,,,,,,,,,checkpoint_10 TEST,run/sthelar40x_klt_5class_slideind_foldB_lora_adaptformer_r8_a8_red16_heads_e10_seed44/log/2026-08-28T160202_sthelar40x_klt_5class_slideind_foldB_lora_adaptformer_r8_a8_red16_heads_e10_seed44/inference_results.json,"Rows=true, columns=predicted; paired matches only."
klt_confusion,KLT,CellViT-SAM-H,Selected PEFT,Pooled KLT,B,,,44,,Epithelial,Melanocyte,0,,,,,,,,,,,,,,,,,,,,,,,,,,,,,,,,,,,,,,,,,,,,,,,,,,,,,,,,checkpoint_10 TEST,run/sthelar40x_klt_5class_slideind_foldB_lora_adaptformer_r8_a8_red16_heads_e10_seed44/log/2026-08-28T160202_sthelar40x_klt_5class_slideind_foldB_lora_adaptformer_r8_a8_red16_heads_e10_seed44/inference_results.json,"Rows=true, columns=predicted; paired matches only."
klt_confusion,KLT,CellViT-SAM-H,Selected PEFT,Pooled KLT,B,,,44,,Epithelial,Other,312,,,,,,,,,,,,,,,,,,,,,,,,,,,,,,,,,,,,,,,,,,,,,,,,,,,,,,,,checkpoint_10 TEST,run/sthelar40x_klt_5class_slideind_foldB_lora_adaptformer_r8_a8_red16_heads_e10_seed44/log/2026-08-28T160202_sthelar40x_klt_5class_slideind_foldB_lora_adaptformer_r8_a8_red16_heads_e10_seed44/inference_results.json,"Rows=true, columns=predicted; paired matches only."
klt_confusion,KLT,CellViT-SAM-H,Selected PEFT,Pooled KLT,B,,,44,,Melanocyte,Background,0,,,,,,,,,,,,,,,,,,,,,,,,,,,,,,,,,,,,,,,,,,,,,,,,,,,,,,,,checkpoint_10 TEST,run/sthelar40x_klt_5class_slideind_foldB_lora_adaptformer_r8_a8_red16_heads_e10_seed44/log/2026-08-28T160202_sthelar40x_klt_5class_slideind_foldB_lora_adaptformer_r8_a8_red16_heads_e10_seed44/inference_results.json,"Rows=true, columns=predicted; paired matches only."
klt_confusion,KLT,CellViT-SAM-H,Selected PEFT,Pooled KLT,B,,,44,,Melanocyte,Immune,0,,,,,,,,,,,,,,,,,,,,,,,,,,,,,,,,,,,,,,,,,,,,,,,,,,,,,,,,checkpoint_10 TEST,run/sthelar40x_klt_5class_slideind_foldB_lora_adaptformer_r8_a8_red16_heads_e10_seed44/log/2026-08-28T160202_sthelar40x_klt_5class_slideind_foldB_lora_adaptformer_r8_a8_red16_heads_e10_seed44/inference_results.json,"Rows=true, columns=predicted; paired matches only."
klt_confusion,KLT,CellViT-SAM-H,Selected PEFT,Pooled KLT,B,,,44,,Melanocyte,Stromal,0,,,,,,,,,,,,,,,,,,,,,,,,,,,,,,,,,,,,,,,,,,,,,,,,,,,,,,,,checkpoint_10 TEST,run/sthelar40x_klt_5class_slideind_foldB_lora_adaptformer_r8_a8_red16_heads_e10_seed44/log/2026-08-28T160202_sthelar40x_klt_5class_slideind_foldB_lora_adaptformer_r8_a8_red16_heads_e10_seed44/inference_results.json,"Rows=true, columns=predicted; paired matches only."
klt_confusion,KLT,CellViT-SAM-H,Selected PEFT,Pooled KLT,B,,,44,,Melanocyte,Epithelial,0,,,,,,,,,,,,,,,,,,,,,,,,,,,,,,,,,,,,,,,,,,,,,,,,,,,,,,,,checkpoint_10 TEST,run/sthelar40x_klt_5class_slideind_foldB_lora_adaptformer_r8_a8_red16_heads_e10_seed44/log/2026-08-28T160202_sthelar40x_klt_5class_slideind_foldB_lora_adaptformer_r8_a8_red16_heads_e10_seed44/inference_results.json,"Rows=true, columns=predicted; paired matches only."
klt_confusion,KLT,CellViT-SAM-H,Selected PEFT,Pooled KLT,B,,,44,,Melanocyte,Melanocyte,0,,,,,,,,,,,,,,,,,,,,,,,,,,,,,,,,,,,,,,,,,,,,,,,,,,,,,,,,checkpoint_10 TEST,run/sthelar40x_klt_5class_slideind_foldB_lora_adaptformer_r8_a8_red16_heads_e10_seed44/log/2026-08-28T160202_sthelar40x_klt_5class_slideind_foldB_lora_adaptformer_r8_a8_red16_heads_e10_seed44/inference_results.json,"Rows=true, columns=predicted; paired matches only."
klt_confusion,KLT,CellViT-SAM-H,Selected PEFT,Pooled KLT,B,,,44,,Melanocyte,Other,0,,,,,,,,,,,,,,,,,,,,,,,,,,,,,,,,,,,,,,,,,,,,,,,,,,,,,,,,checkpoint_10 TEST,run/sthelar40x_klt_5class_slideind_foldB_lora_adaptformer_r8_a8_red16_heads_e10_seed44/log/2026-08-28T160202_sthelar40x_klt_5class_slideind_foldB_lora_adaptformer_r8_a8_red16_heads_e10_seed44/inference_results.json,"Rows=true, columns=predicted; paired matches only."
klt_confusion,KLT,CellViT-SAM-H,Selected PEFT,Pooled KLT,B,,,44,,Other,Background,104,,,,,,,,,,,,,,,,,,,,,,,,,,,,,,,,,,,,,,,,,,,,,,,,,,,,,,,,checkpoint_10 TEST,run/sthelar40x_klt_5class_slideind_foldB_lora_adaptformer_r8_a8_red16_heads_e10_seed44/log/2026-08-28T160202_sthelar40x_klt_5class_slideind_foldB_lora_adaptformer_r8_a8_red16_heads_e10_seed44/inference_results.json,"Rows=true, columns=predicted; paired matches only."
klt_confusion,KLT,CellViT-SAM-H,Selected PEFT,Pooled KLT,B,,,44,,Other,Immune,5377,,,,,,,,,,,,,,,,,,,,,,,,,,,,,,,,,,,,,,,,,,,,,,,,,,,,,,,,checkpoint_10 TEST,run/sthelar40x_klt_5class_slideind_foldB_lora_adaptformer_r8_a8_red16_heads_e10_seed44/log/2026-08-28T160202_sthelar40x_klt_5class_slideind_foldB_lora_adaptformer_r8_a8_red16_heads_e10_seed44/inference_results.json,"Rows=true, columns=predicted; paired matches only."
klt_confusion,KLT,CellViT-SAM-H,Selected PEFT,Pooled KLT,B,,,44,,Other,Stromal,6648,,,,,,,,,,,,,,,,,,,,,,,,,,,,,,,,,,,,,,,,,,,,,,,,,,,,,,,,checkpoint_10 TEST,run/sthelar40x_klt_5class_slideind_foldB_lora_adaptformer_r8_a8_red16_heads_e10_seed44/log/2026-08-28T160202_sthelar40x_klt_5class_slideind_foldB_lora_adaptformer_r8_a8_red16_heads_e10_seed44/inference_results.json,"Rows=true, columns=predicted; paired matches only."
klt_confusion,KLT,CellViT-SAM-H,Selected PEFT,Pooled KLT,B,,,44,,Other,Epithelial,1941,,,,,,,,,,,,,,,,,,,,,,,,,,,,,,,,,,,,,,,,,,,,,,,,,,,,,,,,checkpoint_10 TEST,run/sthelar40x_klt_5class_slideind_foldB_lora_adaptformer_r8_a8_red16_heads_e10_seed44/log/2026-08-28T160202_sthelar40x_klt_5class_slideind_foldB_lora_adaptformer_r8_a8_red16_heads_e10_seed44/inference_results.json,"Rows=true, columns=predicted; paired matches only."
klt_confusion,KLT,CellViT-SAM-H,Selected PEFT,Pooled KLT,B,,,44,,Other,Melanocyte,0,,,,,,,,,,,,,,,,,,,,,,,,,,,,,,,,,,,,,,,,,,,,,,,,,,,,,,,,checkpoint_10 TEST,run/sthelar40x_klt_5class_slideind_foldB_lora_adaptformer_r8_a8_red16_heads_e10_seed44/log/2026-08-28T160202_sthelar40x_klt_5class_slideind_foldB_lora_adaptformer_r8_a8_red16_heads_e10_seed44/inference_results.json,"Rows=true, columns=predicted; paired matches only."
klt_confusion,KLT,CellViT-SAM-H,Selected PEFT,Pooled KLT,B,,,44,,Other,Other,119,,,,,,,,,,,,,,,,,,,,,,,,,,,,,,,,,,,,,,,,,,,,,,,,,,,,,,,,checkpoint_10 TEST,run/sthelar40x_klt_5class_slideind_foldB_lora_adaptformer_r8_a8_red16_heads_e10_seed44/log/2026-08-28T160202_sthelar40x_klt_5class_slideind_foldB_lora_adaptformer_r8_a8_red16_heads_e10_seed44/inference_results.json,"Rows=true, columns=predicted; paired matches only."
klt_fold_summary,KLT,CellViT-SAM-H,Selected PEFT,Kidney,A,,,42;43;44,,,,,,,,,,,,,,,,,,,,,,,,,,,,0.8171618072775152,0.004284811183860537,0.7095196456757088,0.006634097959509882,0.5831774499445023,0.00854413371276099,0.17546259547984677,0.006468342068800992,0.8671084830702366,0.0045274176615074,0.3052729907384168,0.018063768080823953,,,,,,,,,,,,,,,,,,,,,,,
klt_per_class_fold_summary,KLT,CellViT-SAM-H,Selected PEFT,Kidney,A,,,42;43;44,Immune,,,,,,,,,,,,,,,,,,,,,,,,,,,,,,,,,,,,,,,,,,,,,,0.5255830465590735,0.04274412154094863,,,,,,,,,,,,,,
klt_per_class_fold_summary,KLT,CellViT-SAM-H,Selected PEFT,Kidney,A,,,42;43;44,Stromal,,,,,,,,,,,,,,,,,,,,,,,,,,,,,,,,,,,,,,,,,,,,,,0.4968968379605236,0.018886637219108188,,,,,,,,,,,,,,
klt_per_class_fold_summary,KLT,CellViT-SAM-H,Selected PEFT,Kidney,A,,,42;43;44,Epithelial,,,,,,,,,,,,,,,,,,,,,,,,,,,,,,,,,,,,,,,,,,,,,,0.19479282254121677,0.03956156034825654,,,,,,,,,,,,,,
klt_per_class_fold_summary,KLT,CellViT-SAM-H,Selected PEFT,Kidney,A,,,42;43;44,Melanocyte,,,,,,,,,,,,,,,,,,,,,,,,,,,,,,,,,,,,,,,,,,,,,,,,,,,,,,,,,,,,,
klt_per_class_fold_summary,KLT,CellViT-SAM-H,Selected PEFT,Kidney,A,,,42;43;44,Other,,,,,,,,,,,,,,,,,,,,,,,,,,,,,,,,,,,,,,,,,,,,,,0.0038192558928531934,0.0033555450997683305,,,,,,,,,,,,,,
klt_fold_summary,KLT,CellViT-SAM-H,Selected PEFT,Kidney,B,,,42;43;44,,,,,,,,,,,,,,,,,,,,,,,,,,,,0.8500307129920981,0.003612210145452749,0.7501665053417029,0.005361502954844001,0.6404636494100663,0.007718713723539955,0.24212759335825626,0.021164481167753144,0.903720682055321,0.0025953567191576484,0.35864430275338527,0.02470701408996583,,,,,,,,,,,,,,,,,,,,,,,
klt_per_class_fold_summary,KLT,CellViT-SAM-H,Selected PEFT,Kidney,B,,,42;43;44,Immune,,,,,,,,,,,,,,,,,,,,,,,,,,,,,,,,,,,,,,,,,,,,,,0.28062929315799834,0.01959854356402283,,,,,,,,,,,,,,
klt_per_class_fold_summary,KLT,CellViT-SAM-H,Selected PEFT,Kidney,B,,,42;43;44,Stromal,,,,,,,,,,,,,,,,,,,,,,,,,,,,,,,,,,,,,,,,,,,,,,0.5023469830907635,0.015694717557483594,,,,,,,,,,,,,,
klt_per_class_fold_summary,KLT,CellViT-SAM-H,Selected PEFT,Kidney,B,,,42;43;44,Epithelial,,,,,,,,,,,,,,,,,,,,,,,,,,,,,,,,,,,,,,,,,,,,,,0.6415589031925882,0.06073640917201979,,,,,,,,,,,,,,
klt_per_class_fold_summary,KLT,CellViT-SAM-H,Selected PEFT,Kidney,B,,,42;43;44,Melanocyte,,,,,,,,,,,,,,,,,,,,,,,,,,,,,,,,,,,,,,,,,,,,,,,,,,,,,,,,,,,,,
klt_per_class_fold_summary,KLT,CellViT-SAM-H,Selected PEFT,Kidney,B,,,42;43;44,Other,,,,,,,,,,,,,,,,,,,,,,,,,,,,,,,,,,,,,,,,,,,,,,0.010042031572190921,0.008659915232438557,,,,,,,,,,,,,,
klt_fold_difference,KLT,CellViT-SAM-H,Selected PEFT,Kidney,B-A,,,42;43;44,,,,,,,,,,,,,,,,,,,,,,,,,,,,,,,,,,,,,,,,0.0328689057145829,0.04064685966599413,0.057286199465564014,0.06666499787840949,0.03661219898508439,0.053371312014968475,,,,,,,,,,,,,,,,,
klt_fold_summary,KLT,CellViT-SAM-H,FullFT,Kidney,A,,,42;43;44,,,,,,,,,,,,,,,,,,,,,,,,,,,,0.8271686999079332,0.0038063829108479865,0.7222429774414286,0.0061462271563276424,0.5917960463440604,0.008702366439887064,0.17167466949031926,0.011441483676873672,0.8619366556085035,0.00417066204561533,0.30133449101922327,0.023267841115163404,,,,,,,,,,,,,,,,,,,,,,,
klt_per_class_fold_summary,KLT,CellViT-SAM-H,FullFT,Kidney,A,,,42;43;44,Immune,,,,,,,,,,,,,,,,,,,,,,,,,,,,,,,,,,,,,,,,,,,,,,0.44532476006283356,0.06019331744725192,,,,,,,,,,,,,,
klt_per_class_fold_summary,KLT,CellViT-SAM-H,FullFT,Kidney,A,,,42;43;44,Stromal,,,,,,,,,,,,,,,,,,,,,,,,,,,,,,,,,,,,,,,,,,,,,,0.47371100956752993,0.014059723137794803,,,,,,,,,,,,,,
klt_per_class_fold_summary,KLT,CellViT-SAM-H,FullFT,Kidney,A,,,42;43;44,Epithelial,,,,,,,,,,,,,,,,,,,,,,,,,,,,,,,,,,,,,,,,,,,,,,0.15137698998956886,0.026490748194251363,,,,,,,,,,,,,,
klt_per_class_fold_summary,KLT,CellViT-SAM-H,FullFT,Kidney,A,,,42;43;44,Melanocyte,,,,,,,,,,,,,,,,,,,,,,,,,,,,,,,,,,,,,,,,,,,,,,,,,,,,,,,,,,,,,
klt_per_class_fold_summary,KLT,CellViT-SAM-H,FullFT,Kidney,A,,,42;43;44,Other,,,,,,,,,,,,,,,,,,,,,,,,,,,,,,,,,,,,,,,,,,,,,,0.13492520445696085,0.027354115602496034,,,,,,,,,,,,,,
klt_fold_summary,KLT,CellViT-SAM-H,FullFT,Kidney,B,,,42;43;44,,,,,,,,,,,,,,,,,,,,,,,,,,,,0.8587724261044934,0.0006922983703411262,0.763056155953936,0.0012742305021878166,0.6488049990185241,0.0013758820727135094,0.23785439892434365,0.009967303761886037,0.8983257073142191,0.0011712896991815725,0.3978090165788963,0.015340109411881981,,,,,,,,,,,,,,,,,,,,,,,
klt_per_class_fold_summary,KLT,CellViT-SAM-H,FullFT,Kidney,B,,,42;43;44,Immune,,,,,,,,,,,,,,,,,,,,,,,,,,,,,,,,,,,,,,,,,,,,,,0.27752778568333764,0.023394047734018764,,,,,,,,,,,,,,
klt_per_class_fold_summary,KLT,CellViT-SAM-H,FullFT,Kidney,B,,,42;43;44,Stromal,,,,,,,,,,,,,,,,,,,,,,,,,,,,,,,,,,,,,,,,,,,,,,0.4658676954907082,0.013287768041278167,,,,,,,,,,,,,,
klt_per_class_fold_summary,KLT,CellViT-SAM-H,FullFT,Kidney,B,,,42;43;44,Epithelial,,,,,,,,,,,,,,,,,,,,,,,,,,,,,,,,,,,,,,,,,,,,,,0.6117385533439424,0.04916184573088888,,,,,,,,,,,,,,
klt_per_class_fold_summary,KLT,CellViT-SAM-H,FullFT,Kidney,B,,,42;43;44,Melanocyte,,,,,,,,,,,,,,,,,,,,,,,,,,,,,,,,,,,,,,,,,,,,,,,,,,,,,,,,,,,,,
klt_per_class_fold_summary,KLT,CellViT-SAM-H,FullFT,Kidney,B,,,42;43;44,Other,,,,,,,,,,,,,,,,,,,,,,,,,,,,,,,,,,,,,,,,,,,,,,0.23610203179759673,0.009635260832857236,,,,,,,,,,,,,,
klt_fold_difference,KLT,CellViT-SAM-H,FullFT,Kidney,B-A,,,42;43;44,,,,,,,,,,,,,,,,,,,,,,,,,,,,,,,,,,,,,,,,0.03160372619656027,0.04081317851250743,0.05700895267446371,0.06617972943402439,0.0363890517057156,0.09647452555967301,,,,,,,,,,,,,,,,,
klt_fold_summary,KLT,CellViT-SAM-H,Selected PEFT,Liver,A,,,42;43;44,,,,,,,,,,,,,,,,,,,,,,,,,,,,0.8395931984977203,0.0010435120734979054,0.7306404134773907,0.001316511565725237,0.5745719861817177,0.002686901196760625,0.2399268766481725,0.01924676850664228,0.870391197039632,0.004537909247921865,0.37326125238357744,0.04276889174109169,,,,,,,,,,,,,,,,,,,,,,,
klt_per_class_fold_summary,KLT,CellViT-SAM-H,Selected PEFT,Liver,A,,,42;43;44,Immune,,,,,,,,,,,,,,,,,,,,,,,,,,,,,,,,,,,,,,,,,,,,,,0.19489028867875605,0.07023058554054741,,,,,,,,,,,,,,
klt_per_class_fold_summary,KLT,CellViT-SAM-H,Selected PEFT,Liver,A,,,42;43;44,Stromal,,,,,,,,,,,,,,,,,,,,,,,,,,,,,,,,,,,,,,,,,,,,,,0.5740023184138995,0.004279698604908846,,,,,,,,,,,,,,
klt_per_class_fold_summary,KLT,CellViT-SAM-H,Selected PEFT,Liver,A,,,42;43;44,Epithelial,,,,,,,,,,,,,,,,,,,,,,,,,,,,,,,,,,,,,,,,,,,,,,0.7212411942902713,0.0982965416733298,,,,,,,,,,,,,,
klt_per_class_fold_summary,KLT,CellViT-SAM-H,Selected PEFT,Liver,A,,,42;43;44,Melanocyte,,,,,,,,,,,,,,,,,,,,,,,,,,,,,,,,,,,,,,,,,,,,,,,,,,,,,,,,,,,,,
klt_per_class_fold_summary,KLT,CellViT-SAM-H,Selected PEFT,Liver,A,,,42;43;44,Other,,,,,,,,,,,,,,,,,,,,,,,,,,,,,,,,,,,,,,,,,,,,,,0.0029112081513828236,0.005042360429603718,,,,,,,,,,,,,,
klt_fold_summary,KLT,CellViT-SAM-H,Selected PEFT,Liver,B,,,42;43;44,,,,,,,,,,,,,,,,,,,,,,,,,,,,0.8321627606072672,0.0009332259289349259,0.7319688327136933,0.0014389938087638607,0.6265175838365695,0.0023705570718083302,0.21558265553297193,0.00812790885398819,0.9000088525047344,0.0026650566493030344,0.3215098362582326,0.009525293344066061,,,,,,,,,,,,,,,,,,,,,,,
klt_per_class_fold_summary,KLT,CellViT-SAM-H,Selected PEFT,Liver,B,,,42;43;44,Immune,,,,,,,,,,,,,,,,,,,,,,,,,,,,,,,,,,,,,,,,,,,,,,0.06665605066728698,0.01226103476548364,,,,,,,,,,,,,,
klt_per_class_fold_summary,KLT,CellViT-SAM-H,Selected PEFT,Liver,B,,,42;43;44,Stromal,,,,,,,,,,,,,,,,,,,,,,,,,,,,,,,,,,,,,,,,,,,,,,0.40537227321612535,0.03676558476138464,,,,,,,,,,,,,,
klt_per_class_fold_summary,KLT,CellViT-SAM-H,Selected PEFT,Liver,B,,,42;43;44,Epithelial,,,,,,,,,,,,,,,,,,,,,,,,,,,,,,,,,,,,,,,,,,,,,,0.7804257262401814,0.008377386933405987,,,,,,,,,,,,,,
klt_per_class_fold_summary,KLT,CellViT-SAM-H,Selected PEFT,Liver,B,,,42;43;44,Melanocyte,,,,,,,,,,,,,,,,,,,,,,,,,,,,,,,,,,,,,,,,,,,,,,,,,,,,,,,,,,,,,
klt_per_class_fold_summary,KLT,CellViT-SAM-H,Selected PEFT,Liver,B,,,42;43;44,Other,,,,,,,,,,,,,,,,,,,,,,,,,,,,,,,,,,,,,,,,,,,,,,0.033585294909336726,0.032050441789884976,,,,,,,,,,,,,,
klt_fold_difference,KLT,CellViT-SAM-H,Selected PEFT,Liver,B-A,,,42;43;44,,,,,,,,,,,,,,,,,,,,,,,,,,,,,,,,,,,,,,,,-0.007430437890453057,0.0013284192363025582,0.05194559765485185,-0.02434422111520057,0.02961765546510242,-0.05175141612534484,,,,,,,,,,,,,,,,,
klt_fold_summary,KLT,CellViT-SAM-H,FullFT,Liver,A,,,42;43;44,,,,,,,,,,,,,,,,,,,,,,,,,,,,0.8461999769104933,0.002153831843405398,0.7399050609590819,0.0033456010356452013,0.5827619232073955,0.0024290020901783296,0.1756873255138027,0.0340006430575231,0.8706058798958026,0.004618596811229492,0.2749788871603873,0.05036938698899969,,,,,,,,,,,,,,,,,,,,,,,
klt_per_class_fold_summary,KLT,CellViT-SAM-H,FullFT,Liver,A,,,42;43;44,Immune,,,,,,,,,,,,,,,,,,,,,,,,,,,,,,,,,,,,,,,,,,,,,,0.11962689430298572,0.03481223467890426,,,,,,,,,,,,,,
klt_per_class_fold_summary,KLT,CellViT-SAM-H,FullFT,Liver,A,,,42;43;44,Stromal,,,,,,,,,,,,,,,,,,,,,,,,,,,,,,,,,,,,,,,,,,,,,,0.5664756114144346,0.01175620397267972,,,,,,,,,,,,,,
klt_per_class_fold_summary,KLT,CellViT-SAM-H,FullFT,Liver,A,,,42;43;44,Epithelial,,,,,,,,,,,,,,,,,,,,,,,,,,,,,,,,,,,,,,,,,,,,,,0.38556281198849357,0.17108982043417237,,,,,,,,,,,,,,
klt_per_class_fold_summary,KLT,CellViT-SAM-H,FullFT,Liver,A,,,42;43;44,Melanocyte,,,,,,,,,,,,,,,,,,,,,,,,,,,,,,,,,,,,,,,,,,,,,,,,,,,,,,,,,,,,,
klt_per_class_fold_summary,KLT,CellViT-SAM-H,FullFT,Liver,A,,,42;43;44,Other,,,,,,,,,,,,,,,,,,,,,,,,,,,,,,,,,,,,,,,,,,,,,,0.028250230935635456,0.0059397764854486786,,,,,,,,,,,,,,
klt_fold_summary,KLT,CellViT-SAM-H,FullFT,Liver,B,,,42;43;44,,,,,,,,,,,,,,,,,,,,,,,,,,,,0.8245799562987631,0.0029153932677515805,0.7198011811550078,0.004380411634914843,0.6057966817554955,0.005464921841669638,0.18521845049387364,0.003448721502549497,0.8972589700855962,0.0010680268127173712,0.3237380128637149,0.022224924182997458,,,,,,,,,,,,,,,,,,,,,,,
klt_per_class_fold_summary,KLT,CellViT-SAM-H,FullFT,Liver,B,,,42;43;44,Immune,,,,,,,,,,,,,,,,,,,,,,,,,,,,,,,,,,,,,,,,,,,,,,0.04109542181645227,0.01623487935174162,,,,,,,,,,,,,,
klt_per_class_fold_summary,KLT,CellViT-SAM-H,FullFT,Liver,B,,,42;43;44,Stromal,,,,,,,,,,,,,,,,,,,,,,,,,,,,,,,,,,,,,,,,,,,,,,0.2624497270010352,0.04463646915396099,,,,,,,,,,,,,,
klt_per_class_fold_summary,KLT,CellViT-SAM-H,FullFT,Liver,B,,,42;43;44,Epithelial,,,,,,,,,,,,,,,,,,,,,,,,,,,,,,,,,,,,,,,,,,,,,,0.7629713429588856,0.0017582108354813242,,,,,,,,,,,,,,
klt_per_class_fold_summary,KLT,CellViT-SAM-H,FullFT,Liver,B,,,42;43;44,Melanocyte,,,,,,,,,,,,,,,,,,,,,,,,,,,,,,,,,,,,,,,,,,,,,,,,,,,,,,,,,,,,,
klt_per_class_fold_summary,KLT,CellViT-SAM-H,FullFT,Liver,B,,,42;43;44,Other,,,,,,,,,,,,,,,,,,,,,,,,,,,,,,,,,,,,,,,,,,,,,,0.22843555967848675,0.029696195054267134,,,,,,,,,,,,,,
klt_fold_difference,KLT,CellViT-SAM-H,FullFT,Liver,B-A,,,42;43;44,,,,,,,,,,,,,,,,,,,,,,,,,,,,,,,,,,,,,,,,-0.021620020611730184,-0.020103879804074132,0.0230347585481,0.009531124980070943,0.02665309018979356,0.04875912570332758,,,,,,,,,,,,,,,,,
klt_fold_summary,KLT,CellViT-SAM-H,Selected PEFT,Tonsil,A,,,42;43;44,,,,,,,,,,,,,,,,,,,,,,,,,,,,0.7282862931315743,0.005523781738734822,0.6057702391668189,0.004312189149604013,0.43839968595120093,0.0022235125342560114,0.22037732917592145,0.0015979051521424082,0.8252344645495314,0.004101763347924648,0.5107633918228986,0.005508865672862131,,,,,,,,,,,,,,,,,,,,,,,
klt_per_class_fold_summary,KLT,CellViT-SAM-H,Selected PEFT,Tonsil,A,,,42;43;44,Immune,,,,,,,,,,,,,,,,,,,,,,,,,,,,,,,,,,,,,,,,,,,,,,0.8427661850511751,0.0008159689377467736,,,,,,,,,,,,,,
klt_per_class_fold_summary,KLT,CellViT-SAM-H,Selected PEFT,Tonsil,A,,,42;43;44,Stromal,,,,,,,,,,,,,,,,,,,,,,,,,,,,,,,,,,,,,,,,,,,,,,0.5086874060876417,0.007850761074127697,,,,,,,,,,,,,,
klt_per_class_fold_summary,KLT,CellViT-SAM-H,Selected PEFT,Tonsil,A,,,42;43;44,Epithelial,,,,,,,,,,,,,,,,,,,,,,,,,,,,,,,,,,,,,,,,,,,,,,0.6905814544576464,0.015258006148070486,,,,,,,,,,,,,,
klt_per_class_fold_summary,KLT,CellViT-SAM-H,Selected PEFT,Tonsil,A,,,42;43;44,Melanocyte,,,,,,,,,,,,,,,,,,,,,,,,,,,,,,,,,,,,,,,,,,,,,,,,,,,,,,,,,,,,,
klt_per_class_fold_summary,KLT,CellViT-SAM-H,Selected PEFT,Tonsil,A,,,42;43;44,Other,,,,,,,,,,,,,,,,,,,,,,,,,,,,,,,,,,,,,,,,,,,,,,0.0010185216951312706,0.0008671562525677378,,,,,,,,,,,,,,
klt_fold_summary,KLT,CellViT-SAM-H,Selected PEFT,Tonsil,B,,,42;43;44,,,,,,,,,,,,,,,,,,,,,,,,,,,,0.8310062921242775,0.0008831281628359899,0.7174158275256993,0.0015621612604799354,0.5721024678469275,0.003105611781031408,0.2533514117610783,0.008747796420691432,0.8523049426913536,0.0030160814122271737,0.4728961877219522,0.01807193062277403,,,,,,,,,,,,,,,,,,,,,,,
klt_per_class_fold_summary,KLT,CellViT-SAM-H,Selected PEFT,Tonsil,B,,,42;43;44,Immune,,,,,,,,,,,,,,,,,,,,,,,,,,,,,,,,,,,,,,,,,,,,,,0.8641802321464785,0.0021341975655881046,,,,,,,,,,,,,,
klt_per_class_fold_summary,KLT,CellViT-SAM-H,Selected PEFT,Tonsil,B,,,42;43;44,Stromal,,,,,,,,,,,,,,,,,,,,,,,,,,,,,,,,,,,,,,,,,,,,,,0.3734256549581206,0.04408431564086992,,,,,,,,,,,,,,
klt_per_class_fold_summary,KLT,CellViT-SAM-H,Selected PEFT,Tonsil,B,,,42;43;44,Epithelial,,,,,,,,,,,,,,,,,,,,,,,,,,,,,,,,,,,,,,,,,,,,,,0.6465649525497197,0.02380408518954428,,,,,,,,,,,,,,
klt_per_class_fold_summary,KLT,CellViT-SAM-H,Selected PEFT,Tonsil,B,,,42;43;44,Melanocyte,,,,,,,,,,,,,,,,,,,,,,,,,,,,,,,,,,,,,,,,,,,,,,,,,,,,,,,,,,,,,
klt_per_class_fold_summary,KLT,CellViT-SAM-H,Selected PEFT,Tonsil,B,,,42;43;44,Other,,,,,,,,,,,,,,,,,,,,,,,,,,,,,,,,,,,,,,,,,,,,,,0.007413911233490139,0.006771336667770476,,,,,,,,,,,,,,
klt_fold_difference,KLT,CellViT-SAM-H,Selected PEFT,Tonsil,B-A,,,42;43;44,,,,,,,,,,,,,,,,,,,,,,,,,,,,,,,,,,,,,,,,0.10271999899270312,0.11164558835888039,0.1337027818957266,0.03297408258515683,0.027070478141822174,-0.03786720410094646,,,,,,,,,,,,,,,,,
klt_fold_summary,KLT,CellViT-SAM-H,FullFT,Tonsil,A,,,42;43;44,,,,,,,,,,,,,,,,,,,,,,,,,,,,0.7323652221753038,0.008927496171540315,0.6110258038840634,0.0065569384602710695,0.4417744029769635,0.0051478622993876575,0.23150034342294043,0.004754935934956855,0.8189571861605983,0.0037607689057985276,0.5688101614035429,0.009209081898182607,,,,,,,,,,,,,,,,,,,,,,,
klt_per_class_fold_summary,KLT,CellViT-SAM-H,FullFT,Tonsil,A,,,42;43;44,Immune,,,,,,,,,,,,,,,,,,,,,,,,,,,,,,,,,,,,,,,,,,,,,,0.8431046991790888,0.015055517833294665,,,,,,,,,,,,,,
klt_per_class_fold_summary,KLT,CellViT-SAM-H,FullFT,Tonsil,A,,,42;43;44,Stromal,,,,,,,,,,,,,,,,,,,,,,,,,,,,,,,,,,,,,,,,,,,,,,0.5252207241566179,0.008623146724241741,,,,,,,,,,,,,,
klt_per_class_fold_summary,KLT,CellViT-SAM-H,FullFT,Tonsil,A,,,42;43;44,Epithelial,,,,,,,,,,,,,,,,,,,,,,,,,,,,,,,,,,,,,,,,,,,,,,0.7217329281565598,0.00357667192761009,,,,,,,,,,,,,,
klt_per_class_fold_summary,KLT,CellViT-SAM-H,FullFT,Tonsil,A,,,42;43;44,Melanocyte,,,,,,,,,,,,,,,,,,,,,,,,,,,,,,,,,,,,,,,,,,,,,,,,,,,,,,,,,,,,,
klt_per_class_fold_summary,KLT,CellViT-SAM-H,FullFT,Tonsil,A,,,42;43;44,Other,,,,,,,,,,,,,,,,,,,,,,,,,,,,,,,,,,,,,,,,,,,,,,0.18518229412190498,0.03766288960584371,,,,,,,,,,,,,,
klt_fold_summary,KLT,CellViT-SAM-H,FullFT,Tonsil,B,,,42;43;44,,,,,,,,,,,,,,,,,,,,,,,,,,,,0.8357574577624476,0.0018505115909803875,0.7236392089263926,0.002723920062265995,0.5703719176169462,0.0025439937160524413,0.2692001706222494,0.005237139688063588,0.846510859162778,0.005728686619439323,0.542842697293041,0.012441096013119778,,,,,,,,,,,,,,,,,,,,,,,
klt_per_class_fold_summary,KLT,CellViT-SAM-H,FullFT,Tonsil,B,,,42;43;44,Immune,,,,,,,,,,,,,,,,,,,,,,,,,,,,,,,,,,,,,,,,,,,,,,0.8715697043678609,0.0026601798019687682,,,,,,,,,,,,,,
klt_per_class_fold_summary,KLT,CellViT-SAM-H,FullFT,Tonsil,B,,,42;43;44,Stromal,,,,,,,,,,,,,,,,,,,,,,,,,,,,,,,,,,,,,,,,,,,,,,0.4246380506104354,0.012621007768811835,,,,,,,,,,,,,,
klt_per_class_fold_summary,KLT,CellViT-SAM-H,FullFT,Tonsil,B,,,42;43;44,Epithelial,,,,,,,,,,,,,,,,,,,,,,,,,,,,,,,,,,,,,,,,,,,,,,0.7216882120369185,0.02464607037204476,,,,,,,,,,,,,,
klt_per_class_fold_summary,KLT,CellViT-SAM-H,FullFT,Tonsil,B,,,42;43;44,Melanocyte,,,,,,,,,,,,,,,,,,,,,,,,,,,,,,,,,,,,,,,,,,,,,,,,,,,,,,,,,,,,,
klt_per_class_fold_summary,KLT,CellViT-SAM-H,FullFT,Tonsil,B,,,42;43;44,Other,,,,,,,,,,,,,,,,,,,,,,,,,,,,,,,,,,,,,,,,,,,,,,0.15347482215694974,0.028503039133345304,,,,,,,,,,,,,,
klt_fold_difference,KLT,CellViT-SAM-H,FullFT,Tonsil,B-A,,,42;43;44,,,,,,,,,,,,,,,,,,,,,,,,,,,,,,,,,,,,,,,,0.10339223558714383,0.1126134050423292,0.12859751463998265,0.03769982719930895,0.0275536730021797,-0.02596746411050188,,,,,,,,,,,,,,,,,
klt_fold_summary,KLT,CellViT-SAM-H,Selected PEFT,Pooled KLT,A,,,42;43;44,,,,,,,,,,,,,,,,,,,,,,,,,,,,0.788541943809253,0.0022527679105599626,0.674134124724355,0.0016160038738741327,0.5189424447797994,0.001576743246863878,0.21949904118395827,0.006627173030071174,0.8405573538081285,0.004180091693998652,0.4937375730285776,0.018116574980588347,,,,,,,,,,,,,,,,,,,,,,,
klt_per_class_fold_summary,KLT,CellViT-SAM-H,Selected PEFT,Pooled KLT,A,,,42;43;44,Immune,,,,,,,,,,,,,,,,,,,,,,,,,,,,,,,,,,,,,,,,,,,,,,0.758290455152527,0.015837426653902666,,,,,,,,,,,,,,
klt_per_class_fold_summary,KLT,CellViT-SAM-H,Selected PEFT,Pooled KLT,A,,,42;43;44,Stromal,,,,,,,,,,,,,,,,,,,,,,,,,,,,,,,,,,,,,,,,,,,,,,0.5316995350378945,0.001217179268772876,,,,,,,,,,,,,,
klt_per_class_fold_summary,KLT,CellViT-SAM-H,Selected PEFT,Pooled KLT,A,,,42;43;44,Epithelial,,,,,,,,,,,,,,,,,,,,,,,,,,,,,,,,,,,,,,,,,,,,,,0.6836844117574845,0.056268254402748984,,,,,,,,,,,,,,
klt_per_class_fold_summary,KLT,CellViT-SAM-H,Selected PEFT,Pooled KLT,A,,,42;43;44,Melanocyte,,,,,,,,,,,,,,,,,,,,,,,,,,,,,,,,,,,,,,,,,,,,,,,,,,,,,,,,,,,,,
klt_per_class_fold_summary,KLT,CellViT-SAM-H,Selected PEFT,Pooled KLT,A,,,42;43;44,Other,,,,,,,,,,,,,,,,,,,,,,,,,,,,,,,,,,,,,,,,,,,,,,0.0012758901664043688,0.00115856329365436,,,,,,,,,,,,,,
klt_fold_summary,KLT,CellViT-SAM-H,Selected PEFT,Pooled KLT,B,,,42;43;44,,,,,,,,,,,,,,,,,,,,,,,,,,,,0.8362914141297608,0.0009313171310348445,0.7311679416540859,0.0012873602989825026,0.6097127239792196,0.0016454879078564221,0.23649438814674092,0.005294591605965148,0.8654179954895405,0.002232007576565833,0.4895200900325351,0.0100667775622274,,,,,,,,,,,,,,,,,,,,,,,
klt_per_class_fold_summary,KLT,CellViT-SAM-H,Selected PEFT,Pooled KLT,B,,,42;43;44,Immune,,,,,,,,,,,,,,,,,,,,,,,,,,,,,,,,,,,,,,,,,,,,,,0.8220016918223525,0.0026988307812835736,,,,,,,,,,,,,,
klt_per_class_fold_summary,KLT,CellViT-SAM-H,Selected PEFT,Pooled KLT,B,,,42;43;44,Stromal,,,,,,,,,,,,,,,,,,,,,,,,,,,,,,,,,,,,,,,,,,,,,,0.4163419096235416,0.023391960572388185,,,,,,,,,,,,,,
klt_per_class_fold_summary,KLT,CellViT-SAM-H,Selected PEFT,Pooled KLT,B,,,42;43;44,Epithelial,,,,,,,,,,,,,,,,,,,,,,,,,,,,,,,,,,,,,,,,,,,,,,0.7081459506019486,0.013055395575263388,,,,,,,,,,,,,,
klt_per_class_fold_summary,KLT,CellViT-SAM-H,Selected PEFT,Pooled KLT,B,,,42;43;44,Melanocyte,,,,,,,,,,,,,,,,,,,,,,,,,,,,,,,,,,,,,,,,,,,,,,,,,,,,,,,,,,,,,
klt_per_class_fold_summary,KLT,CellViT-SAM-H,Selected PEFT,Pooled KLT,B,,,42;43;44,Other,,,,,,,,,,,,,,,,,,,,,,,,,,,,,,,,,,,,,,,,,,,,,,0.011590808082297406,0.010085675671329985,,,,,,,,,,,,,,
klt_fold_difference,KLT,CellViT-SAM-H,Selected PEFT,Pooled KLT,B-A,,,42;43;44,,,,,,,,,,,,,,,,,,,,,,,,,,,,,,,,,,,,,,,,0.0477494703205078,0.057033816929730974,0.09077027919942016,0.016995346962782654,0.024860641681412,-0.004217482996042521,,,,,,,,,,,,,,,,,
klt_fold_summary,KLT,CellViT-SAM-H,FullFT,Pooled KLT,A,,,42;43;44,,,,,,,,,,,,,,,,,,,,,,,,,,,,0.7947296571091259,0.0032786177210520264,0.6823679540290509,0.002156293737740663,0.5251888024735317,0.0025517361048081715,0.1983962936450657,0.01697351767715892,0.8359720238482672,0.0038648542765930155,0.47508448461609754,0.027662229788079393,,,,,,,,,,,,,,,,,,,,,,,
klt_per_class_fold_summary,KLT,CellViT-SAM-H,FullFT,Pooled KLT,A,,,42;43;44,Immune,,,,,,,,,,,,,,,,,,,,,,,,,,,,,,,,,,,,,,,,,,,,,,0.719075120698637,0.01595684380619907,,,,,,,,,,,,,,
klt_per_class_fold_summary,KLT,CellViT-SAM-H,FullFT,Pooled KLT,A,,,42;43;44,Stromal,,,,,,,,,,,,,,,,,,,,,,,,,,,,,,,,,,,,,,,,,,,,,,0.5325588007077862,0.003386254750550801,,,,,,,,,,,,,,
klt_per_class_fold_summary,KLT,CellViT-SAM-H,FullFT,Pooled KLT,A,,,42;43;44,Epithelial,,,,,,,,,,,,,,,,,,,,,,,,,,,,,,,,,,,,,,,,,,,,,,0.5123399852324805,0.08554102524188718,,,,,,,,,,,,,,
klt_per_class_fold_summary,KLT,CellViT-SAM-H,FullFT,Pooled KLT,A,,,42;43;44,Melanocyte,,,,,,,,,,,,,,,,,,,,,,,,,,,,,,,,,,,,,,,,,,,,,,,,,,,,,,,,,,,,,
klt_per_class_fold_summary,KLT,CellViT-SAM-H,FullFT,Pooled KLT,A,,,42;43;44,Other,,,,,,,,,,,,,,,,,,,,,,,,,,,,,,,,,,,,,,,,,,,,,,0.13636403182548665,0.013785958461164347,,,,,,,,,,,,,,
klt_fold_summary,KLT,CellViT-SAM-H,FullFT,Pooled KLT,B,,,42;43;44,,,,,,,,,,,,,,,,,,,,,,,,,,,,0.8374921047297484,0.001191285928360156,0.7322800418836186,0.0015919615087271537,0.6035182857657412,0.002163895092301945,0.2300863189154919,0.002650197918194603,0.8600561833956929,0.004442735936960731,0.5413558442731775,0.0028653711672695817,,,,,,,,,,,,,,,,,,,,,,,
klt_per_class_fold_summary,KLT,CellViT-SAM-H,FullFT,Pooled KLT,B,,,42;43;44,Immune,,,,,,,,,,,,,,,,,,,,,,,,,,,,,,,,,,,,,,,,,,,,,,0.8292506853380807,0.00592611474681463,,,,,,,,,,,,,,
klt_per_class_fold_summary,KLT,CellViT-SAM-H,FullFT,Pooled KLT,B,,,42;43;44,Stromal,,,,,,,,,,,,,,,,,,,,,,,,,,,,,,,,,,,,,,,,,,,,,,0.4196989707641905,0.013784197634447333,,,,,,,,,,,,,,
klt_per_class_fold_summary,KLT,CellViT-SAM-H,FullFT,Pooled KLT,B,,,42;43;44,Epithelial,,,,,,,,,,,,,,,,,,,,,,,,,,,,,,,,,,,,,,,,,,,,,,0.715878025104825,0.016766502585857327,,,,,,,,,,,,,,
klt_per_class_fold_summary,KLT,CellViT-SAM-H,FullFT,Pooled KLT,B,,,42;43;44,Melanocyte,,,,,,,,,,,,,,,,,,,,,,,,,,,,,,,,,,,,,,,,,,,,,,,,,,,,,,,,,,,,,
klt_per_class_fold_summary,KLT,CellViT-SAM-H,FullFT,Pooled KLT,B,,,42;43;44,Other,,,,,,,,,,,,,,,,,,,,,,,,,,,,,,,,,,,,,,,,,,,,,,0.20059569588561413,0.010090278025418266,,,,,,,,,,,,,,
klt_fold_difference,KLT,CellViT-SAM-H,FullFT,Pooled KLT,B-A,,,42;43;44,,,,,,,,,,,,,,,,,,,,,,,,,,,,,,,,,,,,,,,,0.042762447620622535,0.04991208785456769,0.07832948329220946,0.03169002527042619,0.02408415954742571,0.06627135965707998,,,,,,,,,,,,,,,,,
tissue_result,tissue-specific,CellViT-SAM-H,Selected PEFT,Breast,A,,,42,,,,,49569,,,,,,,,,,,,,,,,,0.7590276994023327,0.6281000889994675,0.4112616179815712,0.23857305473510598,0.8128841744653897,0.5000135737752548,,,,,,,,,,,,,,,,,,,,,,,,,,12,5,12,4,False,Immune->Stromal,57086,checkpoint_10 TEST,run/sthelar40x_breast_5class_slideind_foldA_lora_adaptformer_r8_a8_red16_heads_e10_seed42/log/2026-08-26T105512_sthelar40x_breast_5class_slideind_foldA_lora_adaptformer_r8_a8_red16_heads_e10_seed42/inference_results.json,Strong/weak flag is within-backbone median-based and descriptive.
tissue_per_class,tissue-specific,CellViT-SAM-H,Selected PEFT,Breast,A,,,42,Immune,,,,,,,,,,,,,,,,,,,,,,,,,,,,,,,,,,,,,,,,,,,,,0.5085495493352993,,,155868,193476,107914,0.14445680445174444,,,,,,,,,run/sthelar40x_breast_5class_slideind_foldA_lora_adaptformer_r8_a8_red16_heads_e10_seed42/log/2026-08-26T105512_sthelar40x_breast_5class_slideind_foldA_lora_adaptformer_r8_a8_red16_heads_e10_seed42/inference_results.json,
tissue_per_class,tissue-specific,CellViT-SAM-H,Selected PEFT,Breast,A,,,42,Stromal,,,,,,,,,,,,,,,,,,,,,,,,,,,,,,,,,,,,,,,,,,,,,0.6237051954863809,,,164404,205990,224867,0.30101347597763417,,,,,,,,,run/sthelar40x_breast_5class_slideind_foldA_lora_adaptformer_r8_a8_red16_heads_e10_seed42/log/2026-08-26T105512_sthelar40x_breast_5class_slideind_foldA_lora_adaptformer_r8_a8_red16_heads_e10_seed42/inference_results.json,
tissue_per_class,tissue-specific,CellViT-SAM-H,Selected PEFT,Breast,A,,,42,Epithelial,,,,,,,,,,,,,,,,,,,,,,,,,,,,,,,,,,,,,,,,,,,,,0.8375895539634851,,,311609,395725,410941,0.550097519118968,,,,,,,,,run/sthelar40x_breast_5class_slideind_foldA_lora_adaptformer_r8_a8_red16_heads_e10_seed42/log/2026-08-26T105512_sthelar40x_breast_5class_slideind_foldA_lora_adaptformer_r8_a8_red16_heads_e10_seed42/inference_results.json,
tissue_per_class,tissue-specific,CellViT-SAM-H,Selected PEFT,Breast,A,,,42,Melanocyte,,,,,,,,,,,,,,,,,,,,,,,,,,,,,,,,,,,,,,,,,,,,,,,,0,0,0,0.0,,,,,,,,,run/sthelar40x_breast_5class_slideind_foldA_lora_adaptformer_r8_a8_red16_heads_e10_seed42/log/2026-08-26T105512_sthelar40x_breast_5class_slideind_foldA_lora_adaptformer_r8_a8_red16_heads_e10_seed42/inference_results.json,
tissue_per_class,tissue-specific,CellViT-SAM-H,Selected PEFT,Breast,A,,,42,Other,,,,,,,,,,,,,,,,,,,,,,,,,,,,,,,,,,,,,,,,,,,,,0.030209996315854106,,,5450,25099,3311,0.004432200451653407,,,,,,,,,run/sthelar40x_breast_5class_slideind_foldA_lora_adaptformer_r8_a8_red16_heads_e10_seed42/log/2026-08-26T105512_sthelar40x_breast_5class_slideind_foldA_lora_adaptformer_r8_a8_red16_heads_e10_seed42/inference_results.json,
tissue_result,tissue-specific,CellViT-SAM-H,Selected PEFT,Breast,B,,,42,,,,,45773,,,,,,,,,,,,,,,,,0.7938356488681992,0.6656780358635805,0.45245932771260233,0.27794233356452025,0.8317567253900526,0.5343068738786741,,,,,,,,,,,,,,,,,,,,,,,,,,8,1,11,1,False,Stromal->Immune,95534,checkpoint_10 TEST,run/sthelar40x_breast_5class_slideind_foldB_lora_adaptformer_r8_a8_red16_heads_e10_seed42/log/2026-08-26T225723_sthelar40x_breast_5class_slideind_foldB_lora_adaptformer_r8_a8_red16_heads_e10_seed42/inference_results.json,Strong/weak flag is within-backbone median-based and descriptive.
tissue_per_class,tissue-specific,CellViT-SAM-H,Selected PEFT,Breast,B,,,42,Immune,,,,,,,,,,,,,,,,,,,,,,,,,,,,,,,,,,,,,,,,,,,,,0.6917241447951191,,,197979,238925,353161,0.29499111253666915,,,,,,,,,run/sthelar40x_breast_5class_slideind_foldB_lora_adaptformer_r8_a8_red16_heads_e10_seed42/log/2026-08-26T225723_sthelar40x_breast_5class_slideind_foldB_lora_adaptformer_r8_a8_red16_heads_e10_seed42/inference_results.json,
tissue_per_class,tissue-specific,CellViT-SAM-H,Selected PEFT,Breast,B,,,42,Stromal,,,,,,,,,,,,,,,,,,,,,,,,,,,,,,,,,,,,,,,,,,,,,0.49262610391721295,,,190567,234604,103147,0.08615744174702136,,,,,,,,,run/sthelar40x_breast_5class_slideind_foldB_lora_adaptformer_r8_a8_red16_heads_e10_seed42/log/2026-08-26T225723_sthelar40x_breast_5class_slideind_foldB_lora_adaptformer_r8_a8_red16_heads_e10_seed42/inference_results.json,
tissue_per_class,tissue-specific,CellViT-SAM-H,Selected PEFT,Breast,B,,,42,Epithelial,,,,,,,,,,,,,,,,,,,,,,,,,,,,,,,,,,,,,,,,,,,,,0.9300811364883204,,,619467,762687,738785,0.6170981763994413,,,,,,,,,run/sthelar40x_breast_5class_slideind_foldB_lora_adaptformer_r8_a8_red16_heads_e10_seed42/log/2026-08-26T225723_sthelar40x_breast_5class_slideind_foldB_lora_adaptformer_r8_a8_red16_heads_e10_seed42/inference_results.json,
tissue_per_class,tissue-specific,CellViT-SAM-H,Selected PEFT,Breast,B,,,42,Melanocyte,,,,,,,,,,,,,,,,,,,,,,,,,,,,,,,,,,,,,,,,,,,,,,,,0,0,0,0.0,,,,,,,,,run/sthelar40x_breast_5class_slideind_foldB_lora_adaptformer_r8_a8_red16_heads_e10_seed42/log/2026-08-26T225723_sthelar40x_breast_5class_slideind_foldB_lora_adaptformer_r8_a8_red16_heads_e10_seed42/inference_results.json,
tissue_per_class,tissue-specific,CellViT-SAM-H,Selected PEFT,Breast,B,,,42,Other,,,,,,,,,,,,,,,,,,,,,,,,,,,,,,,,,,,,,,,,,,,,,0.022796110314044316,,,11264,15016,2099,0.001753269316868138,,,,,,,,,run/sthelar40x_breast_5class_slideind_foldB_lora_adaptformer_r8_a8_red16_heads_e10_seed42/log/2026-08-26T225723_sthelar40x_breast_5class_slideind_foldB_lora_adaptformer_r8_a8_red16_heads_e10_seed42/inference_results.json,
tissue_result,tissue-specific,CellViT-SAM-H,Selected PEFT,Colon,A,,,42,,,,,11903,,,,,,,,,,,,,,,,,0.7036804849979382,0.560363708274203,0.2847208450111339,0.14954937065127744,0.7509523225018568,0.4265028166505718,,,,,,,,,,,,,,,,,,,,,,,,,,17,12,13,8,False,Epithelial->Immune,56422,checkpoint_10 TEST,run/sthelar40x_colon_5class_slideind_foldA_lora_adaptformer_r8_a8_red16_heads_e10_seed42/log/2026-08-26T110313_sthelar40x_colon_5class_slideind_foldA_lora_adaptformer_r8_a8_red16_heads_e10_seed42/inference_results.json,Strong/weak flag is within-backbone median-based and descriptive.
tissue_per_class,tissue-specific,CellViT-SAM-H,Selected PEFT,Colon,A,,,42,Immune,,,,,,,,,,,,,,,,,,,,,,,,,,,,,,,,,,,,,,,,,,,,,0.5688719063447348,,,148455,195875,190108,0.27593954841294266,,,,,,,,,run/sthelar40x_colon_5class_slideind_foldA_lora_adaptformer_r8_a8_red16_heads_e10_seed42/log/2026-08-26T110313_sthelar40x_colon_5class_slideind_foldA_lora_adaptformer_r8_a8_red16_heads_e10_seed42/inference_results.json,
tissue_per_class,tissue-specific,CellViT-SAM-H,Selected PEFT,Colon,A,,,42,Stromal,,,,,,,,,,,,,,,,,,,,,,,,,,,,,,,,,,,,,,,,,,,,,0.2763654141639894,,,23800,30566,43868,0.06367389120804473,,,,,,,,,run/sthelar40x_colon_5class_slideind_foldA_lora_adaptformer_r8_a8_red16_heads_e10_seed42/log/2026-08-26T110313_sthelar40x_colon_5class_slideind_foldA_lora_adaptformer_r8_a8_red16_heads_e10_seed42/inference_results.json,
tissue_per_class,tissue-specific,CellViT-SAM-H,Selected PEFT,Colon,A,,,42,Epithelial,,,,,,,,,,,,,,,,,,,,,,,,,,,,,,,,,,,,,,,,,,,,,0.850011838722771,,,361264,511629,454685,0.6599699832207946,,,,,,,,,run/sthelar40x_colon_5class_slideind_foldA_lora_adaptformer_r8_a8_red16_heads_e10_seed42/log/2026-08-26T110313_sthelar40x_colon_5class_slideind_foldA_lora_adaptformer_r8_a8_red16_heads_e10_seed42/inference_results.json,
tissue_per_class,tissue-specific,CellViT-SAM-H,Selected PEFT,Colon,A,,,42,Melanocyte,,,,,,,,,,,,,,,,,,,,,,,,,,,,,,,,,,,,,,,,,,,,,,,,0,0,0,0.0,,,,,,,,,run/sthelar40x_colon_5class_slideind_foldA_lora_adaptformer_r8_a8_red16_heads_e10_seed42/log/2026-08-26T110313_sthelar40x_colon_5class_slideind_foldA_lora_adaptformer_r8_a8_red16_heads_e10_seed42/inference_results.json,
tissue_per_class,tissue-specific,CellViT-SAM-H,Selected PEFT,Colon,A,,,42,Other,,,,,,,,,,,,,,,,,,,,,,,,,,,,,,,,,,,,,,,,,,,,,0.010762107370792142,,,7764,14283,287,0.00041657715821803677,,,,,,,,,run/sthelar40x_colon_5class_slideind_foldA_lora_adaptformer_r8_a8_red16_heads_e10_seed42/log/2026-08-26T110313_sthelar40x_colon_5class_slideind_foldA_lora_adaptformer_r8_a8_red16_heads_e10_seed42/inference_results.json,
tissue_result,tissue-specific,CellViT-SAM-H,Selected PEFT,Colon,B,,,42,,,,,18464,,,,,,,,,,,,,,,,,0.6532830136626561,0.5041382750651151,0.2865091276140891,0.11990913794066184,0.74411793121062,0.3866776104853643,,,,,,,,,,,,,,,,,,,,,,,,,,16,15,14,12,False,Stromal->Immune,156281,checkpoint_10 TEST,run/sthelar40x_colon_5class_slideind_foldB_lora_adaptformer_r8_a8_red16_heads_e10_seed42/log/2026-08-27T154219_sthelar40x_colon_5class_slideind_foldB_lora_adaptformer_r8_a8_red16_heads_e10_seed42/inference_results.json,Strong/weak flag is within-backbone median-based and descriptive.
tissue_per_class,tissue-specific,CellViT-SAM-H,Selected PEFT,Colon,B,,,42,Immune,,,,,,,,,,,,,,,,,,,,,,,,,,,,,,,,,,,,,,,,,,,,,0.3843201488703878,,,150047,208114,281522,0.31121640175726795,,,,,,,,,run/sthelar40x_colon_5class_slideind_foldB_lora_adaptformer_r8_a8_red16_heads_e10_seed42/log/2026-08-27T154219_sthelar40x_colon_5class_slideind_foldB_lora_adaptformer_r8_a8_red16_heads_e10_seed42/inference_results.json,
tissue_per_class,tissue-specific,CellViT-SAM-H,Selected PEFT,Colon,B,,,42,Stromal,,,,,,,,,,,,,,,,,,,,,,,,,,,,,,,,,,,,,,,,,,,,,0.29607104623909464,,,225362,368241,60199,0.06654867530560941,,,,,,,,,run/sthelar40x_colon_5class_slideind_foldB_lora_adaptformer_r8_a8_red16_heads_e10_seed42/log/2026-08-27T154219_sthelar40x_colon_5class_slideind_foldB_lora_adaptformer_r8_a8_red16_heads_e10_seed42/inference_results.json,
tissue_per_class,tissue-specific,CellViT-SAM-H,Selected PEFT,Colon,B,,,42,Epithelial,,,,,,,,,,,,,,,,,,,,,,,,,,,,,,,,,,,,,,,,,,,,,0.8663192468319747,,,393774,590393,562862,0.6222316065028642,,,,,,,,,run/sthelar40x_colon_5class_slideind_foldB_lora_adaptformer_r8_a8_red16_heads_e10_seed42/log/2026-08-27T154219_sthelar40x_colon_5class_slideind_foldB_lora_adaptformer_r8_a8_red16_heads_e10_seed42/inference_results.json,
tissue_per_class,tissue-specific,CellViT-SAM-H,Selected PEFT,Colon,B,,,42,Melanocyte,,,,,,,,,,,,,,,,,,,,,,,,,,,,,,,,,,,,,,,,,,,,,,,,0,0,0,0.0,,,,,,,,,run/sthelar40x_colon_5class_slideind_foldB_lora_adaptformer_r8_a8_red16_heads_e10_seed42/log/2026-08-27T154219_sthelar40x_colon_5class_slideind_foldB_lora_adaptformer_r8_a8_red16_heads_e10_seed42/inference_results.json,
tissue_per_class,tissue-specific,CellViT-SAM-H,Selected PEFT,Colon,B,,,42,Other,,,,,,,,,,,,,,,,,,,,,,,,,,,,,,,,,,,,,,,,,,,,,0.0,,,7701,17032,3,3.316434258323697e-06,,,,,,,,,run/sthelar40x_colon_5class_slideind_foldB_lora_adaptformer_r8_a8_red16_heads_e10_seed42/log/2026-08-27T154219_sthelar40x_colon_5class_slideind_foldB_lora_adaptformer_r8_a8_red16_heads_e10_seed42/inference_results.json,
tissue_result,tissue-specific,CellViT-SAM-H,Selected PEFT,Kidney,A,,,42,,,,,4449,,,,,,,,,,,,,,,,,0.801429288433335,0.6875243040465722,0.5495288937181175,0.09036437232079898,0.847799845291999,0.14924860814224455,,,,,,,,,,,,,,,,,,,,,,,,,,4,16,5,17,True,Immune->Stromal,46015,checkpoint_10 TEST,run/sthelar40x_kidney_5class_slideind_foldA_lora_adaptformer_r8_a8_red16_heads_e10_seed42/log/2026-08-25T220941_sthelar40x_kidney_5class_slideind_foldA_lora_adaptformer_r8_a8_red16_heads_e10_seed42/inference_results.json,Strong/weak flag is within-backbone median-based and descriptive.
tissue_per_class,tissue-specific,CellViT-SAM-H,Selected PEFT,Kidney,A,,,42,Immune,,,,,,,,,,,,,,,,,,,,,,,,,,,,,,,,,,,,,,,,,,,,,0.06996354531060132,,,51254,58422,3794,0.03879702631121473,,,,,,,,,run/sthelar40x_kidney_5class_slideind_foldA_lora_adaptformer_r8_a8_red16_heads_e10_seed42/log/2026-08-25T220941_sthelar40x_kidney_5class_slideind_foldA_lora_adaptformer_r8_a8_red16_heads_e10_seed42/inference_results.json,
tissue_per_class,tissue-specific,CellViT-SAM-H,Selected PEFT,Kidney,A,,,42,Stromal,,,,,,,,,,,,,,,,,,,,,,,,,,,,,,,,,,,,,,,,,,,,,0.4025363973012733,,,20986,26644,87783,0.897659293800043,,,,,,,,,run/sthelar40x_kidney_5class_slideind_foldA_lora_adaptformer_r8_a8_red16_heads_e10_seed42/log/2026-08-25T220941_sthelar40x_kidney_5class_slideind_foldA_lora_adaptformer_r8_a8_red16_heads_e10_seed42/inference_results.json,
tissue_per_class,tissue-specific,CellViT-SAM-H,Selected PEFT,Kidney,A,,,42,Epithelial,,,,,,,,,,,,,,,,,,,,,,,,,,,,,,,,,,,,,,,,,,,,,0.1208247651864614,,,12660,17669,6189,0.06328803264104059,,,,,,,,,run/sthelar40x_kidney_5class_slideind_foldA_lora_adaptformer_r8_a8_red16_heads_e10_seed42/log/2026-08-25T220941_sthelar40x_kidney_5class_slideind_foldA_lora_adaptformer_r8_a8_red16_heads_e10_seed42/inference_results.json,
tissue_per_class,tissue-specific,CellViT-SAM-H,Selected PEFT,Kidney,A,,,42,Melanocyte,,,,,,,,,,,,,,,,,,,,,,,,,,,,,,,,,,,,,,,,,,,,,,,,0,0,0,0.0,,,,,,,,,run/sthelar40x_kidney_5class_slideind_foldA_lora_adaptformer_r8_a8_red16_heads_e10_seed42/log/2026-08-25T220941_sthelar40x_kidney_5class_slideind_foldA_lora_adaptformer_r8_a8_red16_heads_e10_seed42/inference_results.json,
tissue_per_class,tissue-specific,CellViT-SAM-H,Selected PEFT,Kidney,A,,,42,Other,,,,,,,,,,,,,,,,,,,,,,,,,,,,,,,,,,,,,,,,,,,,,0.003669724770642202,,,1081,2100,25,0.00025564724770173126,,,,,,,,,run/sthelar40x_kidney_5class_slideind_foldA_lora_adaptformer_r8_a8_red16_heads_e10_seed42/log/2026-08-25T220941_sthelar40x_kidney_5class_slideind_foldA_lora_adaptformer_r8_a8_red16_heads_e10_seed42/inference_results.json,
tissue_result,tissue-specific,CellViT-SAM-H,Selected PEFT,Kidney,B,,,42,,,,,6723,,,,,,,,,,,,,,,,,0.8343084270621355,0.7265425812164616,0.6094194930834752,0.05290012436894858,0.900829711576452,0.10598213656435491,,,,,,,,,,,,,,,,,,,,,,,,,,1,18,1,18,True,Epithelial->Immune,84882,checkpoint_10 TEST,run/sthelar40x_kidney_5class_slideind_foldB_lora_adaptformer_r8_a8_red16_heads_e10_seed42/log/2026-08-29T060654_sthelar40x_kidney_5class_slideind_foldB_lora_adaptformer_r8_a8_red16_heads_e10_seed42/inference_results.json,Strong/weak flag is within-backbone median-based and descriptive.
tissue_per_class,tissue-specific,CellViT-SAM-H,Selected PEFT,Kidney,B,,,42,Immune,,,,,,,,,,,,,,,,,,,,,,,,,,,,,,,,,,,,,,,,,,,,,0.17239754463717175,,,16255,19732,145562,0.8562269123079457,,,,,,,,,run/sthelar40x_kidney_5class_slideind_foldB_lora_adaptformer_r8_a8_red16_heads_e10_seed42/log/2026-08-29T060654_sthelar40x_kidney_5class_slideind_foldB_lora_adaptformer_r8_a8_red16_heads_e10_seed42/inference_results.json,
tissue_per_class,tissue-specific,CellViT-SAM-H,Selected PEFT,Kidney,B,,,42,Stromal,,,,,,,,,,,,,,,,,,,,,,,,,,,,,,,,,,,,,,,,,,,,,0.15618821668643731,,,47028,55116,9451,0.05559280958095104,,,,,,,,,run/sthelar40x_kidney_5class_slideind_foldB_lora_adaptformer_r8_a8_red16_heads_e10_seed42/log/2026-08-29T060654_sthelar40x_kidney_5class_slideind_foldB_lora_adaptformer_r8_a8_red16_heads_e10_seed42/inference_results.json,
tissue_per_class,tissue-specific,CellViT-SAM-H,Selected PEFT,Kidney,B,,,42,Epithelial,,,,,,,,,,,,,,,,,,,,,,,,,,,,,,,,,,,,,,,,,,,,,0.09534278493381061,,,92912,106874,14991,0.08818027811110327,,,,,,,,,run/sthelar40x_kidney_5class_slideind_foldB_lora_adaptformer_r8_a8_red16_heads_e10_seed42/log/2026-08-29T060654_sthelar40x_kidney_5class_slideind_foldB_lora_adaptformer_r8_a8_red16_heads_e10_seed42/inference_results.json,
tissue_per_class,tissue-specific,CellViT-SAM-H,Selected PEFT,Kidney,B,,,42,Melanocyte,,,,,,,,,,,,,,,,,,,,,,,,,,,,,,,,,,,,,,,,,,,,,,,,0,0,0,0.0,,,,,,,,,run/sthelar40x_kidney_5class_slideind_foldB_lora_adaptformer_r8_a8_red16_heads_e10_seed42/log/2026-08-29T060654_sthelar40x_kidney_5class_slideind_foldB_lora_adaptformer_r8_a8_red16_heads_e10_seed42/inference_results.json,
tissue_per_class,tissue-specific,CellViT-SAM-H,Selected PEFT,Kidney,B,,,42,Other,,,,,,,,,,,,,,,,,,,,,,,,,,,,,,,,,,,,,,,,,,,,,0.0,,,6729,9921,0,0.0,,,,,,,,,run/sthelar40x_kidney_5class_slideind_foldB_lora_adaptformer_r8_a8_red16_heads_e10_seed42/log/2026-08-29T060654_sthelar40x_kidney_5class_slideind_foldB_lora_adaptformer_r8_a8_red16_heads_e10_seed42/inference_results.json,
tissue_result,tissue-specific,CellViT-SAM-H,Selected PEFT,Liver,A,,,42,,,,,9166,,,,,,,,,,,,,,,,,0.7956153624568125,0.6689820031388763,0.48007024095491996,0.17150571328971126,0.8431559251836118,0.2649016754227152,,,,,,,,,,,,,,,,,,,,,,,,,,7,10,6,15,True,Epithelial->Stromal,79410,checkpoint_10 TEST,run/sthelar40x_liver_5class_slideind_foldA_lora_adaptformer_r8_a8_red16_heads_e10_seed42/log/2026-08-25T220941_sthelar40x_liver_5class_slideind_foldA_lora_adaptformer_r8_a8_red16_heads_e10_seed42/inference_results.json,Strong/weak flag is within-backbone median-based and descriptive.
tissue_per_class,tissue-specific,CellViT-SAM-H,Selected PEFT,Liver,A,,,42,Immune,,,,,,,,,,,,,,,,,,,,,,,,,,,,,,,,,,,,,,,,,,,,,0.017299499907390256,,,53118,66191,1030,0.0036307620722838903,,,,,,,,,run/sthelar40x_liver_5class_slideind_foldA_lora_adaptformer_r8_a8_red16_heads_e10_seed42/log/2026-08-25T220941_sthelar40x_liver_5class_slideind_foldA_lora_adaptformer_r8_a8_red16_heads_e10_seed42/inference_results.json,
tissue_per_class,tissue-specific,CellViT-SAM-H,Selected PEFT,Liver,A,,,42,Stromal,,,,,,,,,,,,,,,,,,,,,,,,,,,,,,,,,,,,,,,,,,,,,0.44613349308571715,,,56751,72684,202778,0.7147948266927987,,,,,,,,,run/sthelar40x_liver_5class_slideind_foldA_lora_adaptformer_r8_a8_red16_heads_e10_seed42/log/2026-08-25T220941_sthelar40x_liver_5class_slideind_foldA_lora_adaptformer_r8_a8_red16_heads_e10_seed42/inference_results.json,
tissue_per_class,tissue-specific,CellViT-SAM-H,Selected PEFT,Liver,A,,,42,Epithelial,,,,,,,,,,,,,,,,,,,,,,,,,,,,,,,,,,,,,,,,,,,,,0.5961737086977533,,,142638,175936,79874,0.281556786176314,,,,,,,,,run/sthelar40x_liver_5class_slideind_foldA_lora_adaptformer_r8_a8_red16_heads_e10_seed42/log/2026-08-25T220941_sthelar40x_liver_5class_slideind_foldA_lora_adaptformer_r8_a8_red16_heads_e10_seed42/inference_results.json,
tissue_per_class,tissue-specific,CellViT-SAM-H,Selected PEFT,Liver,A,,,42,Melanocyte,,,,,,,,,,,,,,,,,,,,,,,,,,,,,,,,,,,,,,,,,,,,,,,,0,0,0,0.0,,,,,,,,,run/sthelar40x_liver_5class_slideind_foldA_lora_adaptformer_r8_a8_red16_heads_e10_seed42/log/2026-08-25T220941_sthelar40x_liver_5class_slideind_foldA_lora_adaptformer_r8_a8_red16_heads_e10_seed42/inference_results.json,
tissue_per_class,tissue-specific,CellViT-SAM-H,Selected PEFT,Liver,A,,,42,Other,,,,,,,,,,,,,,,,,,,,,,,,,,,,,,,,,,,,,,,,,,,,,0.0,,,419,1124,5,1.7625058603319857e-05,,,,,,,,,run/sthelar40x_liver_5class_slideind_foldA_lora_adaptformer_r8_a8_red16_heads_e10_seed42/log/2026-08-25T220941_sthelar40x_liver_5class_slideind_foldA_lora_adaptformer_r8_a8_red16_heads_e10_seed42/inference_results.json,
tissue_result,tissue-specific,CellViT-SAM-H,Selected PEFT,Liver,B,,,42,,,,,20427,,,,,,,,,,,,,,,,,0.776509757057797,0.6508085241386633,0.5218891073485565,0.24455487927283093,0.8826469722686456,0.4030201245608104,,,,,,,,,,,,,,,,,,,,,,,,,,5,4,2,11,True,Immune->Epithelial,56418,checkpoint_10 TEST,run/sthelar40x_liver_5class_slideind_foldB_lora_adaptformer_r8_a8_red16_heads_e10_seed42/log/2026-08-29T060941_sthelar40x_liver_5class_slideind_foldB_lora_adaptformer_r8_a8_red16_heads_e10_seed42/inference_results.json,Strong/weak flag is within-backbone median-based and descriptive.
tissue_per_class,tissue-specific,CellViT-SAM-H,Selected PEFT,Liver,B,,,42,Immune,,,,,,,,,,,,,,,,,,,,,,,,,,,,,,,,,,,,,,,,,,,,,0.3285815126629134,,,89350,106478,29075,0.06603377204437832,,,,,,,,,run/sthelar40x_liver_5class_slideind_foldB_lora_adaptformer_r8_a8_red16_heads_e10_seed42/log/2026-08-29T060941_sthelar40x_liver_5class_slideind_foldB_lora_adaptformer_r8_a8_red16_heads_e10_seed42/inference_results.json,
tissue_per_class,tissue-specific,CellViT-SAM-H,Selected PEFT,Liver,B,,,42,Stromal,,,,,,,,,,,,,,,,,,,,,,,,,,,,,,,,,,,,,,,,,,,,,0.4651182034075018,,,76143,97143,50015,0.1135917148340355,,,,,,,,,run/sthelar40x_liver_5class_slideind_foldB_lora_adaptformer_r8_a8_red16_heads_e10_seed42/log/2026-08-29T060941_sthelar40x_liver_5class_slideind_foldB_lora_adaptformer_r8_a8_red16_heads_e10_seed42/inference_results.json,
tissue_per_class,tissue-specific,CellViT-SAM-H,Selected PEFT,Liver,B,,,42,Epithelial,,,,,,,,,,,,,,,,,,,,,,,,,,,,,,,,,,,,,,,,,,,,,0.8183807821728264,,,238175,271122,361215,0.8203745131215862,,,,,,,,,run/sthelar40x_liver_5class_slideind_foldB_lora_adaptformer_r8_a8_red16_heads_e10_seed42/log/2026-08-29T060941_sthelar40x_liver_5class_slideind_foldB_lora_adaptformer_r8_a8_red16_heads_e10_seed42/inference_results.json,
tissue_per_class,tissue-specific,CellViT-SAM-H,Selected PEFT,Liver,B,,,42,Melanocyte,,,,,,,,,,,,,,,,,,,,,,,,,,,,,,,,,,,,,,,,,,,,,,,,0,0,0,0.0,,,,,,,,,run/sthelar40x_liver_5class_slideind_foldB_lora_adaptformer_r8_a8_red16_heads_e10_seed42/log/2026-08-29T060941_sthelar40x_liver_5class_slideind_foldB_lora_adaptformer_r8_a8_red16_heads_e10_seed42/inference_results.json,
tissue_per_class,tissue-specific,CellViT-SAM-H,Selected PEFT,Liver,B,,,42,Other,,,,,,,,,,,,,,,,,,,,,,,,,,,,,,,,,,,,,,,,,,,,,0.0,,,2649,5350,0,0.0,,,,,,,,,run/sthelar40x_liver_5class_slideind_foldB_lora_adaptformer_r8_a8_red16_heads_e10_seed42/log/2026-08-29T060941_sthelar40x_liver_5class_slideind_foldB_lora_adaptformer_r8_a8_red16_heads_e10_seed42/inference_results.json,
tissue_result,tissue-specific,CellViT-SAM-H,Selected PEFT,Lung,A,,,42,,,,,20621,,,,,,,,,,,,,,,,,0.7833767925485886,0.6572452893508411,0.5083038175992315,0.1934084809192781,0.8429629162625882,0.40421136379813805,,,,,,,,,,,,,,,,,,,,,,,,,,6,8,7,10,True,Epithelial->Immune,61435,checkpoint_10 TEST,run/sthelar40x_lung_5class_slideind_foldA_lora_adaptformer_r8_a8_red16_heads_e10_seed42/log/2026-08-26T141800_sthelar40x_lung_5class_slideind_foldA_lora_adaptformer_r8_a8_red16_heads_e10_seed42/inference_results.json,Strong/weak flag is within-backbone median-based and descriptive.
tissue_per_class,tissue-specific,CellViT-SAM-H,Selected PEFT,Lung,A,,,42,Immune,,,,,,,,,,,,,,,,,,,,,,,,,,,,,,,,,,,,,,,,,,,,,0.6220212610963856,,,162574,194173,265210,0.507678053897603,,,,,,,,,run/sthelar40x_lung_5class_slideind_foldA_lora_adaptformer_r8_a8_red16_heads_e10_seed42/log/2026-08-26T141800_sthelar40x_lung_5class_slideind_foldA_lora_adaptformer_r8_a8_red16_heads_e10_seed42/inference_results.json,
tissue_per_class,tissue-specific,CellViT-SAM-H,Selected PEFT,Lung,A,,,42,Stromal,,,,,,,,,,,,,,,,,,,,,,,,,,,,,,,,,,,,,,,,,,,,,0.6385166234294117,,,142469,174761,216356,0.41415931913981296,,,,,,,,,run/sthelar40x_lung_5class_slideind_foldA_lora_adaptformer_r8_a8_red16_heads_e10_seed42/log/2026-08-26T141800_sthelar40x_lung_5class_slideind_foldA_lora_adaptformer_r8_a8_red16_heads_e10_seed42/inference_results.json,
tissue_per_class,tissue-specific,CellViT-SAM-H,Selected PEFT,Lung,A,,,42,Epithelial,,,,,,,,,,,,,,,,,,,,,,,,,,,,,,,,,,,,,,,,,,,,,0.35483098509510524,,,121008,145102,40600,0.0777185211275694,,,,,,,,,run/sthelar40x_lung_5class_slideind_foldA_lora_adaptformer_r8_a8_red16_heads_e10_seed42/log/2026-08-26T141800_sthelar40x_lung_5class_slideind_foldA_lora_adaptformer_r8_a8_red16_heads_e10_seed42/inference_results.json,
tissue_per_class,tissue-specific,CellViT-SAM-H,Selected PEFT,Lung,A,,,42,Melanocyte,,,,,,,,,,,,,,,,,,,,,,,,,,,,,,,,,,,,,,,,,,,,,,,,0,0,0,0.0,,,,,,,,,run/sthelar40x_lung_5class_slideind_foldA_lora_adaptformer_r8_a8_red16_heads_e10_seed42/log/2026-08-26T141800_sthelar40x_lung_5class_slideind_foldA_lora_adaptformer_r8_a8_red16_heads_e10_seed42/inference_results.json,
tissue_per_class,tissue-specific,CellViT-SAM-H,Selected PEFT,Lung,A,,,42,Other,,,,,,,,,,,,,,,,,,,,,,,,,,,,,,,,,,,,,,,,,,,,,0.001476585571649557,,,28337,40119,232,0.00044410583501468227,,,,,,,,,run/sthelar40x_lung_5class_slideind_foldA_lora_adaptformer_r8_a8_red16_heads_e10_seed42/log/2026-08-26T141800_sthelar40x_lung_5class_slideind_foldA_lora_adaptformer_r8_a8_red16_heads_e10_seed42/inference_results.json,
tissue_result,tissue-specific,CellViT-SAM-H,Selected PEFT,Lung,B,,,42,,,,,10938,,,,,,,,,,,,,,,,,0.8297162857123773,0.719172327499924,0.5636510047398432,0.251397281010138,0.8619419381056374,0.4700817253528707,,,,,,,,,,,,,,,,,,,,,,,,,,3,3,3,7,False,Stromal->Immune,39038,checkpoint_10 TEST,run/sthelar40x_lung_5class_slideind_foldB_lora_adaptformer_r8_a8_red16_heads_e10_seed42/log/2026-08-27T154613_sthelar40x_lung_5class_slideind_foldB_lora_adaptformer_r8_a8_red16_heads_e10_seed42/inference_results.json,Strong/weak flag is within-backbone median-based and descriptive.
tissue_per_class,tissue-specific,CellViT-SAM-H,Selected PEFT,Lung,B,,,42,Immune,,,,,,,,,,,,,,,,,,,,,,,,,,,,,,,,,,,,,,,,,,,,,0.7262746376652569,,,126042,145454,207208,0.7277529388212403,,,,,,,,,run/sthelar40x_lung_5class_slideind_foldB_lora_adaptformer_r8_a8_red16_heads_e10_seed42/log/2026-08-27T154613_sthelar40x_lung_5class_slideind_foldB_lora_adaptformer_r8_a8_red16_heads_e10_seed42/inference_results.json,
tissue_per_class,tissue-specific,CellViT-SAM-H,Selected PEFT,Lung,B,,,42,Stromal,,,,,,,,,,,,,,,,,,,,,,,,,,,,,,,,,,,,,,,,,,,,,0.434201266713582,,,57991,71716,24105,0.08466123214492682,,,,,,,,,run/sthelar40x_lung_5class_slideind_foldB_lora_adaptformer_r8_a8_red16_heads_e10_seed42/log/2026-08-27T154613_sthelar40x_lung_5class_slideind_foldB_lora_adaptformer_r8_a8_red16_heads_e10_seed42/inference_results.json,
tissue_per_class,tissue-specific,CellViT-SAM-H,Selected PEFT,Lung,B,,,42,Epithelial,,,,,,,,,,,,,,,,,,,,,,,,,,,,,,,,,,,,,,,,,,,,,0.7189156626506024,,,53323,68294,53345,0.18735753697453314,,,,,,,,,run/sthelar40x_lung_5class_slideind_foldB_lora_adaptformer_r8_a8_red16_heads_e10_seed42/log/2026-08-27T154613_sthelar40x_lung_5class_slideind_foldB_lora_adaptformer_r8_a8_red16_heads_e10_seed42/inference_results.json,
tissue_per_class,tissue-specific,CellViT-SAM-H,Selected PEFT,Lung,B,,,42,Melanocyte,,,,,,,,,,,,,,,,,,,,,,,,,,,,,,,,,,,,,,,,,,,,,,,,0,0,0,0.0,,,,,,,,,run/sthelar40x_lung_5class_slideind_foldB_lora_adaptformer_r8_a8_red16_heads_e10_seed42/log/2026-08-27T154613_sthelar40x_lung_5class_slideind_foldB_lora_adaptformer_r8_a8_red16_heads_e10_seed42/inference_results.json,
tissue_per_class,tissue-specific,CellViT-SAM-H,Selected PEFT,Lung,B,,,42,Other,,,,,,,,,,,,,,,,,,,,,,,,,,,,,,,,,,,,,,,,,,,,,0.0009353343820415799,,,23479,34934,65,0.00022829205929974044,,,,,,,,,run/sthelar40x_lung_5class_slideind_foldB_lora_adaptformer_r8_a8_red16_heads_e10_seed42/log/2026-08-27T154613_sthelar40x_lung_5class_slideind_foldB_lora_adaptformer_r8_a8_red16_heads_e10_seed42/inference_results.json,
tissue_result,tissue-specific,CellViT-SAM-H,Selected PEFT,Ovary,A,,,42,,,,,25498,,,,,,,,,,,,,,,,,0.7514552697807471,0.6225399501573445,0.44875987659719585,0.22264470198982342,0.8343549707732534,0.5054029144142186,,,,,,,,,,,,,,,,,,,,,,,,,,10,6,9,3,False,Stromal->Immune,33012,checkpoint_10 TEST,run/sthelar40x_ovary_5class_slideind_foldA_lora_adaptformer_r8_a8_red16_heads_e10_seed42/log/2026-08-26T105512_sthelar40x_ovary_5class_slideind_foldA_lora_adaptformer_r8_a8_red16_heads_e10_seed42/inference_results.json,Strong/weak flag is within-backbone median-based and descriptive.
tissue_per_class,tissue-specific,CellViT-SAM-H,Selected PEFT,Ovary,A,,,42,Immune,,,,,,,,,,,,,,,,,,,,,,,,,,,,,,,,,,,,,,,,,,,,,0.3618801878549585,,,74970,90259,78378,0.09807756559214058,,,,,,,,,run/sthelar40x_ovary_5class_slideind_foldA_lora_adaptformer_r8_a8_red16_heads_e10_seed42/log/2026-08-26T105512_sthelar40x_ovary_5class_slideind_foldA_lora_adaptformer_r8_a8_red16_heads_e10_seed42/inference_results.json,
tissue_per_class,tissue-specific,CellViT-SAM-H,Selected PEFT,Ovary,A,,,42,Stromal,,,,,,,,,,,,,,,,,,,,,,,,,,,,,,,,,,,,,,,,,,,,,0.7752108035644871,,,247883,304120,249226,0.31186658708141096,,,,,,,,,run/sthelar40x_ovary_5class_slideind_foldA_lora_adaptformer_r8_a8_red16_heads_e10_seed42/log/2026-08-26T105512_sthelar40x_ovary_5class_slideind_foldA_lora_adaptformer_r8_a8_red16_heads_e10_seed42/inference_results.json,
tissue_per_class,tissue-specific,CellViT-SAM-H,Selected PEFT,Ovary,A,,,42,Epithelial,,,,,,,,,,,,,,,,,,,,,,,,,,,,,,,,,,,,,,,,,,,,,0.8841181302607755,,,311194,360874,471507,0.5900158044304962,,,,,,,,,run/sthelar40x_ovary_5class_slideind_foldA_lora_adaptformer_r8_a8_red16_heads_e10_seed42/log/2026-08-26T105512_sthelar40x_ovary_5class_slideind_foldA_lora_adaptformer_r8_a8_red16_heads_e10_seed42/inference_results.json,
tissue_per_class,tissue-specific,CellViT-SAM-H,Selected PEFT,Ovary,A,,,42,Melanocyte,,,,,,,,,,,,,,,,,,,,,,,,,,,,,,,,,,,,,,,,,,,,,,,,0,0,0,0.0,,,,,,,,,run/sthelar40x_ovary_5class_slideind_foldA_lora_adaptformer_r8_a8_red16_heads_e10_seed42/log/2026-08-26T105512_sthelar40x_ovary_5class_slideind_foldA_lora_adaptformer_r8_a8_red16_heads_e10_seed42/inference_results.json,
tissue_per_class,tissue-specific,CellViT-SAM-H,Selected PEFT,Ovary,A,,,42,Other,,,,,,,,,,,,,,,,,,,,,,,,,,,,,,,,,,,,,,,,,,,,,0.00040253597665291336,,,39723,60217,32,4.004289595228889e-05,,,,,,,,,run/sthelar40x_ovary_5class_slideind_foldA_lora_adaptformer_r8_a8_red16_heads_e10_seed42/log/2026-08-26T105512_sthelar40x_ovary_5class_slideind_foldA_lora_adaptformer_r8_a8_red16_heads_e10_seed42/inference_results.json,
tissue_result,tissue-specific,CellViT-SAM-H,Selected PEFT,Ovary,B,,,42,,,,,10039,,,,,,,,,,,,,,,,,0.7273679869056037,0.5911682561782413,0.3874301071935281,0.15482826483984696,0.8328478630172788,0.48059933978667174,,,,,,,,,,,,,,,,,,,,,,,,,,14,11,10,6,False,Epithelial->Immune,67466,checkpoint_10 TEST,run/sthelar40x_ovary_5class_slideind_foldB_lora_adaptformer_r8_a8_red16_heads_e10_seed42/log/2026-08-27T154219_sthelar40x_ovary_5class_slideind_foldB_lora_adaptformer_r8_a8_red16_heads_e10_seed42/inference_results.json,Strong/weak flag is within-backbone median-based and descriptive.
tissue_per_class,tissue-specific,CellViT-SAM-H,Selected PEFT,Ovary,B,,,42,Immune,,,,,,,,,,,,,,,,,,,,,,,,,,,,,,,,,,,,,,,,,,,,,0.3449405649740367,,,85438,104483,124823,0.2779242350698913,,,,,,,,,run/sthelar40x_ovary_5class_slideind_foldB_lora_adaptformer_r8_a8_red16_heads_e10_seed42/log/2026-08-27T154219_sthelar40x_ovary_5class_slideind_foldB_lora_adaptformer_r8_a8_red16_heads_e10_seed42/inference_results.json,
tissue_per_class,tissue-specific,CellViT-SAM-H,Selected PEFT,Ovary,B,,,42,Stromal,,,,,,,,,,,,,,,,,,,,,,,,,,,,,,,,,,,,,,,,,,,,,0.6465739210637562,,,49291,61888,66476,0.14801191647778128,,,,,,,,,run/sthelar40x_ovary_5class_slideind_foldB_lora_adaptformer_r8_a8_red16_heads_e10_seed42/log/2026-08-27T154219_sthelar40x_ovary_5class_slideind_foldB_lora_adaptformer_r8_a8_red16_heads_e10_seed42/inference_results.json,
tissue_per_class,tissue-specific,CellViT-SAM-H,Selected PEFT,Ovary,B,,,42,Epithelial,,,,,,,,,,,,,,,,,,,,,,,,,,,,,,,,,,,,,,,,,,,,,0.7129667615268019,,,246564,310152,240353,0.5351571719294809,,,,,,,,,run/sthelar40x_ovary_5class_slideind_foldB_lora_adaptformer_r8_a8_red16_heads_e10_seed42/log/2026-08-27T154219_sthelar40x_ovary_5class_slideind_foldB_lora_adaptformer_r8_a8_red16_heads_e10_seed42/inference_results.json,
tissue_per_class,tissue-specific,CellViT-SAM-H,Selected PEFT,Ovary,B,,,42,Melanocyte,,,,,,,,,,,,,,,,,,,,,,,,,,,,,,,,,,,,,,,,,,,,,,,,0,0,0,0.0,,,,,,,,,run/sthelar40x_ovary_5class_slideind_foldB_lora_adaptformer_r8_a8_red16_heads_e10_seed42/log/2026-08-27T154219_sthelar40x_ovary_5class_slideind_foldB_lora_adaptformer_r8_a8_red16_heads_e10_seed42/inference_results.json,
tissue_per_class,tissue-specific,CellViT-SAM-H,Selected PEFT,Ovary,B,,,42,Other,,,,,,,,,,,,,,,,,,,,,,,,,,,,,,,,,,,,,,,,,,,,,0.21791611158209195,,,13593,22354,17474,0.038906676522846594,,,,,,,,,run/sthelar40x_ovary_5class_slideind_foldB_lora_adaptformer_r8_a8_red16_heads_e10_seed42/log/2026-08-27T154219_sthelar40x_ovary_5class_slideind_foldB_lora_adaptformer_r8_a8_red16_heads_e10_seed42/inference_results.json,
tissue_result,tissue-specific,CellViT-SAM-H,Selected PEFT,Pancreatic,A,,,42,,,,,12647,,,,,,,,,,,,,,,,,0.7417215953527168,0.6049786389361531,0.3774411660283502,0.12393072164987763,0.7337755706803492,0.2787625121793176,,,,,,,,,,,,,,,,,,,,,,,,,,15,14,16,14,False,Other->Immune,46962,checkpoint_10 TEST,run/sthelar40x_pancreatic_5class_slideind_foldA_lora_adaptformer_r8_a8_red16_heads_e10_seed42/log/2026-08-26T105512_sthelar40x_pancreatic_5class_slideind_foldA_lora_adaptformer_r8_a8_red16_heads_e10_seed42/inference_results.json,Strong/weak flag is within-backbone median-based and descriptive.
tissue_per_class,tissue-specific,CellViT-SAM-H,Selected PEFT,Pancreatic,A,,,42,Immune,,,,,,,,,,,,,,,,,,,,,,,,,,,,,,,,,,,,,,,,,,,,,0.6137242768972028,,,103402,155985,223058,0.7013608522305651,,,,,,,,,run/sthelar40x_pancreatic_5class_slideind_foldA_lora_adaptformer_r8_a8_red16_heads_e10_seed42/log/2026-08-26T105512_sthelar40x_pancreatic_5class_slideind_foldA_lora_adaptformer_r8_a8_red16_heads_e10_seed42/inference_results.json,
tissue_per_class,tissue-specific,CellViT-SAM-H,Selected PEFT,Pancreatic,A,,,42,Stromal,,,,,,,,,,,,,,,,,,,,,,,,,,,,,,,,,,,,,,,,,,,,,0.38105316823346747,,,58546,82287,87791,0.2760410771107673,,,,,,,,,run/sthelar40x_pancreatic_5class_slideind_foldA_lora_adaptformer_r8_a8_red16_heads_e10_seed42/log/2026-08-26T105512_sthelar40x_pancreatic_5class_slideind_foldA_lora_adaptformer_r8_a8_red16_heads_e10_seed42/inference_results.json,
tissue_per_class,tissue-specific,CellViT-SAM-H,Selected PEFT,Pancreatic,A,,,42,Epithelial,,,,,,,,,,,,,,,,,,,,,,,,,,,,,,,,,,,,,,,,,,,,,0.118747557639703,,,76569,117706,6167,0.01939088656630067,,,,,,,,,run/sthelar40x_pancreatic_5class_slideind_foldA_lora_adaptformer_r8_a8_red16_heads_e10_seed42/log/2026-08-26T105512_sthelar40x_pancreatic_5class_slideind_foldA_lora_adaptformer_r8_a8_red16_heads_e10_seed42/inference_results.json,
tissue_per_class,tissue-specific,CellViT-SAM-H,Selected PEFT,Pancreatic,A,,,42,Melanocyte,,,,,,,,,,,,,,,,,,,,,,,,,,,,,,,,,,,,,,,,,,,,,,,,0,0,0,0.0,,,,,,,,,run/sthelar40x_pancreatic_5class_slideind_foldA_lora_adaptformer_r8_a8_red16_heads_e10_seed42/log/2026-08-26T105512_sthelar40x_pancreatic_5class_slideind_foldA_lora_adaptformer_r8_a8_red16_heads_e10_seed42/inference_results.json,
tissue_per_class,tissue-specific,CellViT-SAM-H,Selected PEFT,Pancreatic,A,,,42,Other,,,,,,,,,,,,,,,,,,,,,,,,,,,,,,,,,,,,,,,,,,,,,0.001525045946897118,,,50296,113164,1020,0.003207184092366902,,,,,,,,,run/sthelar40x_pancreatic_5class_slideind_foldA_lora_adaptformer_r8_a8_red16_heads_e10_seed42/log/2026-08-26T105512_sthelar40x_pancreatic_5class_slideind_foldA_lora_adaptformer_r8_a8_red16_heads_e10_seed42/inference_results.json,
tissue_result,tissue-specific,CellViT-SAM-H,Selected PEFT,Pancreatic,B,,,42,,,,,25526,,,,,,,,,,,,,,,,,0.748703221715716,0.6137219639837475,0.3891657273168339,0.1745340484967602,0.72504314158917,0.4167253543098746,,,,,,,,,,,,,,,,,,,,,,,,,,13,9,17,9,False,Epithelial->Stromal,46219,checkpoint_10 TEST,run/sthelar40x_pancreatic_5class_slideind_foldB_lora_adaptformer_r8_a8_red16_heads_e10_seed42/log/2026-08-26T225723_sthelar40x_pancreatic_5class_slideind_foldB_lora_adaptformer_r8_a8_red16_heads_e10_seed42/inference_results.json,Strong/weak flag is within-backbone median-based and descriptive.
tissue_per_class,tissue-specific,CellViT-SAM-H,Selected PEFT,Pancreatic,B,,,42,Immune,,,,,,,,,,,,,,,,,,,,,,,,,,,,,,,,,,,,,,,,,,,,,0.5736983084431072,,,100869,138877,90960,0.20484318101462232,,,,,,,,,run/sthelar40x_pancreatic_5class_slideind_foldB_lora_adaptformer_r8_a8_red16_heads_e10_seed42/log/2026-08-26T225723_sthelar40x_pancreatic_5class_slideind_foldB_lora_adaptformer_r8_a8_red16_heads_e10_seed42/inference_results.json,
tissue_per_class,tissue-specific,CellViT-SAM-H,Selected PEFT,Pancreatic,B,,,42,Stromal,,,,,,,,,,,,,,,,,,,,,,,,,,,,,,,,,,,,,,,,,,,,,0.38838992084552404,,,49056,73507,182639,0.41130555999702734,,,,,,,,,run/sthelar40x_pancreatic_5class_slideind_foldB_lora_adaptformer_r8_a8_red16_heads_e10_seed42/log/2026-08-26T225723_sthelar40x_pancreatic_5class_slideind_foldB_lora_adaptformer_r8_a8_red16_heads_e10_seed42/inference_results.json,
tissue_per_class,tissue-specific,CellViT-SAM-H,Selected PEFT,Pancreatic,B,,,42,Epithelial,,,,,,,,,,,,,,,,,,,,,,,,,,,,,,,,,,,,,,,,,,,,,0.6945682174877781,,,149034,199217,165942,0.3737036845198819,,,,,,,,,run/sthelar40x_pancreatic_5class_slideind_foldB_lora_adaptformer_r8_a8_red16_heads_e10_seed42/log/2026-08-26T225723_sthelar40x_pancreatic_5class_slideind_foldB_lora_adaptformer_r8_a8_red16_heads_e10_seed42/inference_results.json,
tissue_per_class,tissue-specific,CellViT-SAM-H,Selected PEFT,Pancreatic,B,,,42,Melanocyte,,,,,,,,,,,,,,,,,,,,,,,,,,,,,,,,,,,,,,,,,,,,,,,,0,0,0,0.0,,,,,,,,,run/sthelar40x_pancreatic_5class_slideind_foldB_lora_adaptformer_r8_a8_red16_heads_e10_seed42/log/2026-08-26T225723_sthelar40x_pancreatic_5class_slideind_foldB_lora_adaptformer_r8_a8_red16_heads_e10_seed42/inference_results.json,
tissue_per_class,tissue-specific,CellViT-SAM-H,Selected PEFT,Pancreatic,B,,,42,Other,,,,,,,,,,,,,,,,,,,,,,,,,,,,,,,,,,,,,,,,,,,,,0.01024497046308919,,,21668,28420,4506,0.010147574468468428,,,,,,,,,run/sthelar40x_pancreatic_5class_slideind_foldB_lora_adaptformer_r8_a8_red16_heads_e10_seed42/log/2026-08-26T225723_sthelar40x_pancreatic_5class_slideind_foldB_lora_adaptformer_r8_a8_red16_heads_e10_seed42/inference_results.json,
tissue_result,tissue-specific,CellViT-SAM-H,Selected PEFT,Skin,A,,,42,,,,,12790,,,,,,,,,,,,,,,,,0.7691965330696313,0.6546545825672688,0.4400976317448564,0.13416291906979316,0.7431512215650897,0.2425189705726829,,,,,,,,,,,,,,,,,,,,,,,,,,11,13,15,16,False,Melanocyte->Stromal,39468,checkpoint_10 TEST,run/sthelar40x_skin_5class_slideind_foldA_lora_adaptformer_r8_a8_red16_heads_e10_seed42/log/2026-08-26T164216_sthelar40x_skin_5class_slideind_foldA_lora_adaptformer_r8_a8_red16_heads_e10_seed42/inference_results.json,Strong/weak flag is within-backbone median-based and descriptive.
tissue_per_class,tissue-specific,CellViT-SAM-H,Selected PEFT,Skin,A,,,42,Immune,,,,,,,,,,,,,,,,,,,,,,,,,,,,,,,,,,,,,,,,,,,,,0.45474742750233865,,,66764,77761,43694,0.1774245943443728,,,,,,,,,run/sthelar40x_skin_5class_slideind_foldA_lora_adaptformer_r8_a8_red16_heads_e10_seed42/log/2026-08-26T164216_sthelar40x_skin_5class_slideind_foldA_lora_adaptformer_r8_a8_red16_heads_e10_seed42/inference_results.json,
tissue_per_class,tissue-specific,CellViT-SAM-H,Selected PEFT,Skin,A,,,42,Stromal,,,,,,,,,,,,,,,,,,,,,,,,,,,,,,,,,,,,,,,,,,,,,0.28269239125711554,,,31860,38319,123404,0.5010963665600078,,,,,,,,,run/sthelar40x_skin_5class_slideind_foldA_lora_adaptformer_r8_a8_red16_heads_e10_seed42/log/2026-08-26T164216_sthelar40x_skin_5class_slideind_foldA_lora_adaptformer_r8_a8_red16_heads_e10_seed42/inference_results.json,
tissue_per_class,tissue-specific,CellViT-SAM-H,Selected PEFT,Skin,A,,,42,Epithelial,,,,,,,,,,,,,,,,,,,,,,,,,,,,,,,,,,,,,,,,,,,,,0.47200274819649607,,,8619,10718,13252,0.053811295011938216,,,,,,,,,run/sthelar40x_skin_5class_slideind_foldA_lora_adaptformer_r8_a8_red16_heads_e10_seed42/log/2026-08-26T164216_sthelar40x_skin_5class_slideind_foldA_lora_adaptformer_r8_a8_red16_heads_e10_seed42/inference_results.json,
tissue_per_class,tissue-specific,CellViT-SAM-H,Selected PEFT,Skin,A,,,42,Melanocyte,,,,,,,,,,,,,,,,,,,,,,,,,,,,,,,,,,,,,,,,,,,,,0.0014663006598352969,,,58589,72962,104,0.00042230415644744747,,,,,,,,,run/sthelar40x_skin_5class_slideind_foldA_lora_adaptformer_r8_a8_red16_heads_e10_seed42/log/2026-08-26T164216_sthelar40x_skin_5class_slideind_foldA_lora_adaptformer_r8_a8_red16_heads_e10_seed42/inference_results.json,
tissue_per_class,tissue-specific,CellViT-SAM-H,Selected PEFT,Skin,A,,,42,Other,,,,,,,,,,,,,,,,,,,,,,,,,,,,,,,,,,,,,,,,,,,,,0.0016859852476290833,,,51,87,65814,0.26724543992723376,,,,,,,,,run/sthelar40x_skin_5class_slideind_foldA_lora_adaptformer_r8_a8_red16_heads_e10_seed42/log/2026-08-26T164216_sthelar40x_skin_5class_slideind_foldA_lora_adaptformer_r8_a8_red16_heads_e10_seed42/inference_results.json,
tissue_result,tissue-specific,CellViT-SAM-H,Selected PEFT,Skin,B,,,42,,,,,11209,,,,,,,,,,,,,,,,,0.454879846877665,0.3348494032524444,0.2136613600833656,0.07166844811113465,0.6627763929487295,0.29358072481034897,,,,,,,,,,,,,,,,,,,,,,,,,,18,17,18,13,False,Stromal->Epithelial,8991,checkpoint_10 TEST,run/sthelar40x_skin_5class_slideind_foldB_lora_adaptformer_r8_a8_red16_heads_e10_seed42/log/2026-08-26T230626_sthelar40x_skin_5class_slideind_foldB_lora_adaptformer_r8_a8_red16_heads_e10_seed42/inference_results.json,Strong/weak flag is within-backbone median-based and descriptive.
tissue_per_class,tissue-specific,CellViT-SAM-H,Selected PEFT,Skin,B,,,42,Immune,,,,,,,,,,,,,,,,,,,,,,,,,,,,,,,,,,,,,,,,,,,,,0.17550274223034734,,,5300,7656,11170,0.11173128475973272,,,,,,,,,run/sthelar40x_skin_5class_slideind_foldB_lora_adaptformer_r8_a8_red16_heads_e10_seed42/log/2026-08-26T230626_sthelar40x_skin_5class_slideind_foldB_lora_adaptformer_r8_a8_red16_heads_e10_seed42/inference_results.json,
tissue_per_class,tissue-specific,CellViT-SAM-H,Selected PEFT,Skin,B,,,42,Stromal,,,,,,,,,,,,,,,,,,,,,,,,,,,,,,,,,,,,,,,,,,,,,0.4969722280225517,,,24025,47505,20860,0.20865842435882048,,,,,,,,,run/sthelar40x_skin_5class_slideind_foldB_lora_adaptformer_r8_a8_red16_heads_e10_seed42/log/2026-08-26T230626_sthelar40x_skin_5class_slideind_foldB_lora_adaptformer_r8_a8_red16_heads_e10_seed42/inference_results.json,
tissue_per_class,tissue-specific,CellViT-SAM-H,Selected PEFT,Skin,B,,,42,Epithelial,,,,,,,,,,,,,,,,,,,,,,,,,,,,,,,,,,,,,,,,,,,,,0.7611195571668031,,,41763,60109,65301,0.6531928940103229,,,,,,,,,run/sthelar40x_skin_5class_slideind_foldB_lora_adaptformer_r8_a8_red16_heads_e10_seed42/log/2026-08-26T230626_sthelar40x_skin_5class_slideind_foldB_lora_adaptformer_r8_a8_red16_heads_e10_seed42/inference_results.json,
tissue_per_class,tissue-specific,CellViT-SAM-H,Selected PEFT,Skin,B,,,42,Melanocyte,,,,,,,,,,,,,,,,,,,,,,,,,,,,,,,,,,,,,,,,,,,,,0.034309096632042804,,,3996,5534,2641,0.026417396871123915,,,,,,,,,run/sthelar40x_skin_5class_slideind_foldB_lora_adaptformer_r8_a8_red16_heads_e10_seed42/log/2026-08-26T230626_sthelar40x_skin_5class_slideind_foldB_lora_adaptformer_r8_a8_red16_heads_e10_seed42/inference_results.json,
tissue_per_class,tissue-specific,CellViT-SAM-H,Selected PEFT,Skin,B,,,42,Other,,,,,,,,,,,,,,,,,,,,,,,,,,,,,,,,,,,,,,,,,,,,,0.0,,,17215,55988,0,0.0,,,,,,,,,run/sthelar40x_skin_5class_slideind_foldB_lora_adaptformer_r8_a8_red16_heads_e10_seed42/log/2026-08-26T230626_sthelar40x_skin_5class_slideind_foldB_lora_adaptformer_r8_a8_red16_heads_e10_seed42/inference_results.json,
tissue_result,tissue-specific,CellViT-SAM-H,Selected PEFT,Tonsil,A,,,42,,,,,21083,,,,,,,,,,,,,,,,,0.7374287844394416,0.6111726028917458,0.4522440218264186,0.21584030891935824,0.8382589521280475,0.48786643371037725,,,,,,,,,,,,,,,,,,,,,,,,,,9,7,8,5,False,Immune->Stromal,125211,checkpoint_10 TEST,run/sthelar40x_tonsil_5class_slideind_foldA_lora_adaptformer_r8_a8_red16_heads_e10_seed42/log/2026-08-25T192051_sthelar40x_tonsil_5class_slideind_foldA_lora_adaptformer_r8_a8_red16_heads_e10_seed42/inference_results.json,Strong/weak flag is within-backbone median-based and descriptive.
tissue_per_class,tissue-specific,CellViT-SAM-H,Selected PEFT,Tonsil,A,,,42,Immune,,,,,,,,,,,,,,,,,,,,,,,,,,,,,,,,,,,,,,,,,,,,,0.809813615809467,,,921418,1115096,912453,0.5900032459932675,,,,,,,,,run/sthelar40x_tonsil_5class_slideind_foldA_lora_adaptformer_r8_a8_red16_heads_e10_seed42/log/2026-08-25T192051_sthelar40x_tonsil_5class_slideind_foldA_lora_adaptformer_r8_a8_red16_heads_e10_seed42/inference_results.json,
tissue_per_class,tissue-specific,CellViT-SAM-H,Selected PEFT,Tonsil,A,,,42,Stromal,,,,,,,,,,,,,,,,,,,,,,,,,,,,,,,,,,,,,,,,,,,,,0.5055800569611625,,,261227,341054,324441,0.20978751029729936,,,,,,,,,run/sthelar40x_tonsil_5class_slideind_foldA_lora_adaptformer_r8_a8_red16_heads_e10_seed42/log/2026-08-25T192051_sthelar40x_tonsil_5class_slideind_foldA_lora_adaptformer_r8_a8_red16_heads_e10_seed42/inference_results.json,
tissue_per_class,tissue-specific,CellViT-SAM-H,Selected PEFT,Tonsil,A,,,42,Epithelial,,,,,,,,,,,,,,,,,,,,,,,,,,,,,,,,,,,,,,,,,,,,,0.6360720620708795,,,140868,177099,309628,0.20020924370943316,,,,,,,,,run/sthelar40x_tonsil_5class_slideind_foldA_lora_adaptformer_r8_a8_red16_heads_e10_seed42/log/2026-08-25T192051_sthelar40x_tonsil_5class_slideind_foldA_lora_adaptformer_r8_a8_red16_heads_e10_seed42/inference_results.json,
tissue_per_class,tissue-specific,CellViT-SAM-H,Selected PEFT,Tonsil,A,,,42,Melanocyte,,,,,,,,,,,,,,,,,,,,,,,,,,,,,,,,,,,,,,,,,,,,,,,,0,0,0,0.0,,,,,,,,,run/sthelar40x_tonsil_5class_slideind_foldA_lora_adaptformer_r8_a8_red16_heads_e10_seed42/log/2026-08-25T192051_sthelar40x_tonsil_5class_slideind_foldA_lora_adaptformer_r8_a8_red16_heads_e10_seed42/inference_results.json,
tissue_per_class,tissue-specific,CellViT-SAM-H,Selected PEFT,Tonsil,A,,,42,Other,,,,,,,,,,,,,,,,,,,,,,,,,,,,,,,,,,,,,,,,,,,,,0.0,,,44164,83059,0,0.0,,,,,,,,,run/sthelar40x_tonsil_5class_slideind_foldA_lora_adaptformer_r8_a8_red16_heads_e10_seed42/log/2026-08-25T192051_sthelar40x_tonsil_5class_slideind_foldA_lora_adaptformer_r8_a8_red16_heads_e10_seed42/inference_results.json,
tissue_result,tissue-specific,CellViT-SAM-H,Selected PEFT,Tonsil,B,,,42,,,,,23067,,,,,,,,,,,,,,,,,0.8316900514684316,0.7190389144619787,0.577059605163144,0.2603020413877553,0.8559936093955811,0.5107643498087211,,,,,,,,,,,,,,,,,,,,,,,,,,2,2,4,2,False,Stromal->Immune,224338,checkpoint_10 TEST,run/sthelar40x_tonsil_5class_slideind_foldB_lora_adaptformer_r8_a8_red16_heads_e10_seed42/log/2026-08-25T192051_sthelar40x_tonsil_5class_slideind_foldB_lora_adaptformer_r8_a8_red16_heads_e10_seed42/inference_results.json,Strong/weak flag is within-backbone median-based and descriptive.
tissue_per_class,tissue-specific,CellViT-SAM-H,Selected PEFT,Tonsil,B,,,42,Immune,,,,,,,,,,,,,,,,,,,,,,,,,,,,,,,,,,,,,,,,,,,,,0.8611930803674326,,,1550883,1855942,1915396,0.7647356857302674,,,,,,,,,run/sthelar40x_tonsil_5class_slideind_foldB_lora_adaptformer_r8_a8_red16_heads_e10_seed42/log/2026-08-25T192051_sthelar40x_tonsil_5class_slideind_foldB_lora_adaptformer_r8_a8_red16_heads_e10_seed42/inference_results.json,
tissue_per_class,tissue-specific,CellViT-SAM-H,Selected PEFT,Tonsil,B,,,42,Stromal,,,,,,,,,,,,,,,,,,,,,,,,,,,,,,,,,,,,,,,,,,,,,0.409910472017064,,,369093,445916,377251,0.15062018620558312,,,,,,,,,run/sthelar40x_tonsil_5class_slideind_foldB_lora_adaptformer_r8_a8_red16_heads_e10_seed42/log/2026-08-25T192051_sthelar40x_tonsil_5class_slideind_foldB_lora_adaptformer_r8_a8_red16_heads_e10_seed42/inference_results.json,
tissue_per_class,tissue-specific,CellViT-SAM-H,Selected PEFT,Tonsil,B,,,42,Epithelial,,,,,,,,,,,,,,,,,,,,,,,,,,,,,,,,,,,,,,,,,,,,,0.6772291290434312,,,277100,334497,203569,0.08127639339772287,,,,,,,,,run/sthelar40x_tonsil_5class_slideind_foldB_lora_adaptformer_r8_a8_red16_heads_e10_seed42/log/2026-08-25T192051_sthelar40x_tonsil_5class_slideind_foldB_lora_adaptformer_r8_a8_red16_heads_e10_seed42/inference_results.json,
tissue_per_class,tissue-specific,CellViT-SAM-H,Selected PEFT,Tonsil,B,,,42,Melanocyte,,,,,,,,,,,,,,,,,,,,,,,,,,,,,,,,,,,,,,,,,,,,,,,,0,0,0,0.0,,,,,,,,,run/sthelar40x_tonsil_5class_slideind_foldB_lora_adaptformer_r8_a8_red16_heads_e10_seed42/log/2026-08-25T192051_sthelar40x_tonsil_5class_slideind_foldB_lora_adaptformer_r8_a8_red16_heads_e10_seed42/inference_results.json,
tissue_per_class,tissue-specific,CellViT-SAM-H,Selected PEFT,Tonsil,B,,,42,Other,,,,,,,,,,,,,,,,,,,,,,,,,,,,,,,,,,,,,,,,,,,,,0.09472471780695692,,,14850,26622,8435,0.00336773466642658,,,,,,,,,run/sthelar40x_tonsil_5class_slideind_foldB_lora_adaptformer_r8_a8_red16_heads_e10_seed42/log/2026-08-25T192051_sthelar40x_tonsil_5class_slideind_foldB_lora_adaptformer_r8_a8_red16_heads_e10_seed42/inference_results.json,
tissue_reciprocal_fold_mean,tissue-specific,CellViT-SAM-H,Selected PEFT,Breast,A+B mean,,,42,,,,,,,,,,,,,,,,,,,,,,,,0.43186047284708673,0.25825769414981314,0.8223204499277212,0.5171602238269645,,,,,,,,,,,,,,,,,,,,,,,,,,5,1,6,1,,,,,,Unweighted descriptive mean of reciprocal fold directions; only complete A+B tissue pairs ranked.
tissue_reciprocal_fold_mean,tissue-specific,CellViT-SAM-H,Selected PEFT,Colon,A+B mean,,,42,,,,,,,,,,,,,,,,,,,,,,,,0.2856149863126115,0.13472925429596963,0.7475351268562385,0.4065902135679681,,,,,,,,,,,,,,,,,,,,,,,,,,9,7,7,5,,,,,,Unweighted descriptive mean of reciprocal fold directions; only complete A+B tissue pairs ranked.
tissue_reciprocal_fold_mean,tissue-specific,CellViT-SAM-H,Selected PEFT,Kidney,A+B mean,,,42,,,,,,,,,,,,,,,,,,,,,,,,0.5794741934007963,0.07163224834487378,0.8743147784342256,0.12761537235329973,,,,,,,,,,,,,,,,,,,,,,,,,,1,9,1,9,,,,,,Unweighted descriptive mean of reciprocal fold directions; only complete A+B tissue pairs ranked.
tissue_reciprocal_fold_mean,tissue-specific,CellViT-SAM-H,Selected PEFT,Liver,A+B mean,,,42,,,,,,,,,,,,,,,,,,,,,,,,0.5009796741517383,0.2080302962812711,0.8629014487261287,0.3339608999917628,,,,,,,,,,,,,,,,,,,,,,,,,,4,4,2,7,,,,,,Unweighted descriptive mean of reciprocal fold directions; only complete A+B tissue pairs ranked.
tissue_reciprocal_fold_mean,tissue-specific,CellViT-SAM-H,Selected PEFT,Lung,A+B mean,,,42,,,,,,,,,,,,,,,,,,,,,,,,0.5359774111695373,0.22240288096470803,0.8524524271841127,0.4371465445755044,,,,,,,,,,,,,,,,,,,,,,,,,,2,3,3,4,,,,,,Unweighted descriptive mean of reciprocal fold directions; only complete A+B tissue pairs ranked.
tissue_reciprocal_fold_mean,tissue-specific,CellViT-SAM-H,Selected PEFT,Ovary,A+B mean,,,42,,,,,,,,,,,,,,,,,,,,,,,,0.418094991895362,0.18873648341483518,0.8336014168952661,0.4930011271004452,,,,,,,,,,,,,,,,,,,,,,,,,,6,5,5,3,,,,,,Unweighted descriptive mean of reciprocal fold directions; only complete A+B tissue pairs ranked.
tissue_reciprocal_fold_mean,tissue-specific,CellViT-SAM-H,Selected PEFT,Pancreatic,A+B mean,,,42,,,,,,,,,,,,,,,,,,,,,,,,0.3833034466725921,0.14923238507331893,0.7294093561347597,0.34774393324459607,,,,,,,,,,,,,,,,,,,,,,,,,,7,6,8,6,,,,,,Unweighted descriptive mean of reciprocal fold directions; only complete A+B tissue pairs ranked.
tissue_reciprocal_fold_mean,tissue-specific,CellViT-SAM-H,Selected PEFT,Skin,A+B mean,,,42,,,,,,,,,,,,,,,,,,,,,,,,0.326879495914111,0.10291568359046391,0.7029638072569095,0.26804984769151596,,,,,,,,,,,,,,,,,,,,,,,,,,8,8,9,8,,,,,,Unweighted descriptive mean of reciprocal fold directions; only complete A+B tissue pairs ranked.
tissue_reciprocal_fold_mean,tissue-specific,CellViT-SAM-H,Selected PEFT,Tonsil,A+B mean,,,42,,,,,,,,,,,,,,,,,,,,,,,,0.5146518134947813,0.23807117515355677,0.8471262807618143,0.4993153917595492,,,,,,,,,,,,,,,,,,,,,,,,,,3,2,4,2,,,,,,Unweighted descriptive mean of reciprocal fold directions; only complete A+B tissue pairs ranked.
tissue_result,tissue-specific,CellViT-256,Selected PEFT,Breast,A,,,42,,,,,49569,,,,,,,,,,,,,,,,,0.7825767723377292,0.6617447796886642,0.45365355313501593,0.23661721751552128,0.7918037088650486,0.4639066871688298,,,,,,,,,,,,,,,,,,,,,,,,,,8,3,11,5,False,Immune->Stromal,71867,checkpoint_10 TEST,run/sthelar40x_breast_5class_slideind_foldA_cellvit256_lora_adaptformer_r8_a8_red16_heads_e10_seed42/log/2026-08-31T102746_sthelar40x_breast_5class_slideind_foldA_cellvit256_lora_adaptformer_r8_a8_red16_heads_e10_seed42/inference_results.json,Strong/weak flag is within-backbone median-based and descriptive.
tissue_per_class,tissue-specific,CellViT-256,Selected PEFT,Breast,A,,,42,Immune,,,,,,,,,,,,,,,,,,,,,,,,,,,,,,,,,,,,,,,,,,,,,0.4263198669020435,,,151856,192844,93065,0.12530833943728725,,,,,,,,,run/sthelar40x_breast_5class_slideind_foldA_cellvit256_lora_adaptformer_r8_a8_red16_heads_e10_seed42/log/2026-08-31T102746_sthelar40x_breast_5class_slideind_foldA_cellvit256_lora_adaptformer_r8_a8_red16_heads_e10_seed42/inference_results.json,
tissue_per_class,tissue-specific,CellViT-256,Selected PEFT,Breast,A,,,42,Stromal,,,,,,,,,,,,,,,,,,,,,,,,,,,,,,,,,,,,,,,,,,,,,0.5978925553877996,,,159327,205192,264045,0.3555261428756086,,,,,,,,,run/sthelar40x_breast_5class_slideind_foldA_cellvit256_lora_adaptformer_r8_a8_red16_heads_e10_seed42/log/2026-08-31T102746_sthelar40x_breast_5class_slideind_foldA_cellvit256_lora_adaptformer_r8_a8_red16_heads_e10_seed42/inference_results.json,
tissue_per_class,tissue-specific,CellViT-256,Selected PEFT,Breast,A,,,42,Epithelial,,,,,,,,,,,,,,,,,,,,,,,,,,,,,,,,,,,,,,,,,,,,,0.8136543086254586,,,303198,394395,379437,0.5108969042181912,,,,,,,,,run/sthelar40x_breast_5class_slideind_foldA_cellvit256_lora_adaptformer_r8_a8_red16_heads_e10_seed42/log/2026-08-31T102746_sthelar40x_breast_5class_slideind_foldA_cellvit256_lora_adaptformer_r8_a8_red16_heads_e10_seed42/inference_results.json,
tissue_per_class,tissue-specific,CellViT-256,Selected PEFT,Breast,A,,,42,Melanocyte,,,,,,,,,,,,,,,,,,,,,,,,,,,,,,,,,,,,,,,,,,,,,,,,0,0,0,0.0,,,,,,,,,run/sthelar40x_breast_5class_slideind_foldA_cellvit256_lora_adaptformer_r8_a8_red16_heads_e10_seed42/log/2026-08-31T102746_sthelar40x_breast_5class_slideind_foldA_cellvit256_lora_adaptformer_r8_a8_red16_heads_e10_seed42/inference_results.json,
tissue_per_class,tissue-specific,CellViT-256,Selected PEFT,Breast,A,,,42,Other,,,,,,,,,,,,,,,,,,,,,,,,,,,,,,,,,,,,,,,,,,,,,0.01776001776001776,,,3909,25045,6141,0.008268613468912922,,,,,,,,,run/sthelar40x_breast_5class_slideind_foldA_cellvit256_lora_adaptformer_r8_a8_red16_heads_e10_seed42/log/2026-08-31T102746_sthelar40x_breast_5class_slideind_foldA_cellvit256_lora_adaptformer_r8_a8_red16_heads_e10_seed42/inference_results.json,
tissue_result,tissue-specific,CellViT-256,Selected PEFT,Breast,B,,,42,,,,,45773,,,,,,,,,,,,,,,,,0.8198884755274961,0.7016625651346928,0.5101255911498671,0.3022816592683329,0.8349197121205234,0.522674180235952,,,,,,,,,,,,,,,,,,,,,,,,,,4,1,5,1,False,Stromal->Immune,85573,checkpoint_10 TEST,run/sthelar40x_breast_5class_slideind_foldB_cellvit256_lora_adaptformer_r8_a8_red16_heads_e10_seed42/log/2026-08-31T102746_sthelar40x_breast_5class_slideind_foldB_cellvit256_lora_adaptformer_r8_a8_red16_heads_e10_seed42/inference_results.json,Strong/weak flag is within-backbone median-based and descriptive.
tissue_per_class,tissue-specific,CellViT-256,Selected PEFT,Breast,B,,,42,Immune,,,,,,,,,,,,,,,,,,,,,,,,,,,,,,,,,,,,,,,,,,,,,0.6529487564550978,,,192241,238576,356463,0.3147959751386924,,,,,,,,,run/sthelar40x_breast_5class_slideind_foldB_cellvit256_lora_adaptformer_r8_a8_red16_heads_e10_seed42/log/2026-08-31T102746_sthelar40x_breast_5class_slideind_foldB_cellvit256_lora_adaptformer_r8_a8_red16_heads_e10_seed42/inference_results.json,
tissue_per_class,tissue-specific,CellViT-256,Selected PEFT,Breast,B,,,42,Stromal,,,,,,,,,,,,,,,,,,,,,,,,,,,,,,,,,,,,,,,,,,,,,0.4900279884160742,,,182557,233889,175739,0.15519683634738715,,,,,,,,,run/sthelar40x_breast_5class_slideind_foldB_cellvit256_lora_adaptformer_r8_a8_red16_heads_e10_seed42/log/2026-08-31T102746_sthelar40x_breast_5class_slideind_foldB_cellvit256_lora_adaptformer_r8_a8_red16_heads_e10_seed42/inference_results.json,
tissue_per_class,tissue-specific,CellViT-256,Selected PEFT,Breast,B,,,42,Epithelial,,,,,,,,,,,,,,,,,,,,,,,,,,,,,,,,,,,,,,,,,,,,,0.8769758824537355,,,608766,759164,585536,0.5170925905320031,,,,,,,,,run/sthelar40x_breast_5class_slideind_foldB_cellvit256_lora_adaptformer_r8_a8_red16_heads_e10_seed42/log/2026-08-31T102746_sthelar40x_breast_5class_slideind_foldB_cellvit256_lora_adaptformer_r8_a8_red16_heads_e10_seed42/inference_results.json,
tissue_per_class,tissue-specific,CellViT-256,Selected PEFT,Breast,B,,,42,Melanocyte,,,,,,,,,,,,,,,,,,,,,,,,,,,,,,,,,,,,,,,,,,,,,,,,0,0,0,0.0,,,,,,,,,run/sthelar40x_breast_5class_slideind_foldB_cellvit256_lora_adaptformer_r8_a8_red16_heads_e10_seed42/log/2026-08-31T102746_sthelar40x_breast_5class_slideind_foldB_cellvit256_lora_adaptformer_r8_a8_red16_heads_e10_seed42/inference_results.json,
tissue_per_class,tissue-specific,CellViT-256,Selected PEFT,Breast,B,,,42,Other,,,,,,,,,,,,,,,,,,,,,,,,,,,,,,,,,,,,,,,,,,,,,0.07074409361890042,,,10758,14928,14624,0.012914597981917443,,,,,,,,,run/sthelar40x_breast_5class_slideind_foldB_cellvit256_lora_adaptformer_r8_a8_red16_heads_e10_seed42/log/2026-08-31T102746_sthelar40x_breast_5class_slideind_foldB_cellvit256_lora_adaptformer_r8_a8_red16_heads_e10_seed42/inference_results.json,
tissue_result,tissue-specific,CellViT-256,Selected PEFT,Colon,A,,,42,,,,,11903,,,,,,,,,,,,,,,,,0.7337421472857052,0.5966439777276532,0.334595937807556,0.11509590912327305,0.7512879564035879,0.3301177928190146,,,,,,,,,,,,,,,,,,,,,,,,,,15,10,13,11,False,Epithelial->Immune,166212,checkpoint_10 TEST,run/sthelar40x_colon_5class_slideind_foldA_cellvit256_lora_adaptformer_r8_a8_red16_heads_e10_seed42/log/2026-08-31T102746_sthelar40x_colon_5class_slideind_foldA_cellvit256_lora_adaptformer_r8_a8_red16_heads_e10_seed42/inference_results.json,Strong/weak flag is within-backbone median-based and descriptive.
tissue_per_class,tissue-specific,CellViT-256,Selected PEFT,Colon,A,,,42,Immune,,,,,,,,,,,,,,,,,,,,,,,,,,,,,,,,,,,,,,,,,,,,,0.4764903520414319,,,145424,195544,329214,0.5349402523796679,,,,,,,,,run/sthelar40x_colon_5class_slideind_foldA_cellvit256_lora_adaptformer_r8_a8_red16_heads_e10_seed42/log/2026-08-31T102746_sthelar40x_colon_5class_slideind_foldA_cellvit256_lora_adaptformer_r8_a8_red16_heads_e10_seed42/inference_results.json,
tissue_per_class,tissue-specific,CellViT-256,Selected PEFT,Colon,A,,,42,Stromal,,,,,,,,,,,,,,,,,,,,,,,,,,,,,,,,,,,,,,,,,,,,,0.22863292856975737,,,23095,30511,23509,0.03819980436188502,,,,,,,,,run/sthelar40x_colon_5class_slideind_foldA_cellvit256_lora_adaptformer_r8_a8_red16_heads_e10_seed42/log/2026-08-31T102746_sthelar40x_colon_5class_slideind_foldA_cellvit256_lora_adaptformer_r8_a8_red16_heads_e10_seed42/inference_results.json,
tissue_per_class,tissue-specific,CellViT-256,Selected PEFT,Colon,A,,,42,Epithelial,,,,,,,,,,,,,,,,,,,,,,,,,,,,,,,,,,,,,,,,,,,,,0.5686840537692189,,,338259,510930,187001,0.3038581656164388,,,,,,,,,run/sthelar40x_colon_5class_slideind_foldA_cellvit256_lora_adaptformer_r8_a8_red16_heads_e10_seed42/log/2026-08-31T102746_sthelar40x_colon_5class_slideind_foldA_cellvit256_lora_adaptformer_r8_a8_red16_heads_e10_seed42/inference_results.json,
tissue_per_class,tissue-specific,CellViT-256,Selected PEFT,Colon,A,,,42,Melanocyte,,,,,,,,,,,,,,,,,,,,,,,,,,,,,,,,,,,,,,,,,,,,,,,,0,0,0,0.0,,,,,,,,,run/sthelar40x_colon_5class_slideind_foldA_cellvit256_lora_adaptformer_r8_a8_red16_heads_e10_seed42/log/2026-08-31T102746_sthelar40x_colon_5class_slideind_foldA_cellvit256_lora_adaptformer_r8_a8_red16_heads_e10_seed42/inference_results.json,
tissue_per_class,tissue-specific,CellViT-256,Selected PEFT,Colon,A,,,42,Other,,,,,,,,,,,,,,,,,,,,,,,,,,,,,,,,,,,,,,,,,,,,,0.04666383689564991,,,6658,14183,75698,0.12300177764200824,,,,,,,,,run/sthelar40x_colon_5class_slideind_foldA_cellvit256_lora_adaptformer_r8_a8_red16_heads_e10_seed42/log/2026-08-31T102746_sthelar40x_colon_5class_slideind_foldA_cellvit256_lora_adaptformer_r8_a8_red16_heads_e10_seed42/inference_results.json,
tissue_result,tissue-specific,CellViT-256,Selected PEFT,Colon,B,,,42,,,,,18464,,,,,,,,,,,,,,,,,0.6358922708832655,0.4813205447889382,0.23950914730519576,0.1078709396288322,0.7105189458167115,0.4724484029070593,,,,,,,,,,,,,,,,,,,,,,,,,,17,11,15,4,False,Stromal->Immune,96174,checkpoint_10 TEST,run/sthelar40x_colon_5class_slideind_foldB_cellvit256_lora_adaptformer_r8_a8_red16_heads_e10_seed42/log/2026-08-31T102746_sthelar40x_colon_5class_slideind_foldB_cellvit256_lora_adaptformer_r8_a8_red16_heads_e10_seed42/inference_results.json,Strong/weak flag is within-backbone median-based and descriptive.
tissue_per_class,tissue-specific,CellViT-256,Selected PEFT,Colon,B,,,42,Immune,,,,,,,,,,,,,,,,,,,,,,,,,,,,,,,,,,,,,,,,,,,,,0.43508518151594533,,,139394,205560,200576,0.2417816351746376,,,,,,,,,run/sthelar40x_colon_5class_slideind_foldB_cellvit256_lora_adaptformer_r8_a8_red16_heads_e10_seed42/log/2026-08-31T102746_sthelar40x_colon_5class_slideind_foldB_cellvit256_lora_adaptformer_r8_a8_red16_heads_e10_seed42/inference_results.json,
tissue_per_class,tissue-specific,CellViT-256,Selected PEFT,Colon,B,,,42,Stromal,,,,,,,,,,,,,,,,,,,,,,,,,,,,,,,,,,,,,,,,,,,,,0.5016944481807236,,,204379,362553,108315,0.13056685652291836,,,,,,,,,run/sthelar40x_colon_5class_slideind_foldB_cellvit256_lora_adaptformer_r8_a8_red16_heads_e10_seed42/log/2026-08-31T102746_sthelar40x_colon_5class_slideind_foldB_cellvit256_lora_adaptformer_r8_a8_red16_heads_e10_seed42/inference_results.json,
tissue_per_class,tissue-specific,CellViT-256,Selected PEFT,Colon,B,,,42,Epithelial,,,,,,,,,,,,,,,,,,,,,,,,,,,,,,,,,,,,,,,,,,,,,0.8815444478813891,,,357126,585589,498450,0.600849832745683,,,,,,,,,run/sthelar40x_colon_5class_slideind_foldB_cellvit256_lora_adaptformer_r8_a8_red16_heads_e10_seed42/log/2026-08-31T102746_sthelar40x_colon_5class_slideind_foldB_cellvit256_lora_adaptformer_r8_a8_red16_heads_e10_seed42/inference_results.json,
tissue_per_class,tissue-specific,CellViT-256,Selected PEFT,Colon,B,,,42,Melanocyte,,,,,,,,,,,,,,,,,,,,,,,,,,,,,,,,,,,,,,,,,,,,,,,,0,0,0,0.0,,,,,,,,,run/sthelar40x_colon_5class_slideind_foldB_cellvit256_lora_adaptformer_r8_a8_red16_heads_e10_seed42/log/2026-08-31T102746_sthelar40x_colon_5class_slideind_foldB_cellvit256_lora_adaptformer_r8_a8_red16_heads_e10_seed42/inference_results.json,
tissue_per_class,tissue-specific,CellViT-256,Selected PEFT,Colon,B,,,42,Other,,,,,,,,,,,,,,,,,,,,,,,,,,,,,,,,,,,,,,,,,,,,,0.07146953405017921,,,6618,16842,22234,0.026801675556760992,,,,,,,,,run/sthelar40x_colon_5class_slideind_foldB_cellvit256_lora_adaptformer_r8_a8_red16_heads_e10_seed42/log/2026-08-31T102746_sthelar40x_colon_5class_slideind_foldB_cellvit256_lora_adaptformer_r8_a8_red16_heads_e10_seed42/inference_results.json,
tissue_result,tissue-specific,CellViT-256,Selected PEFT,Kidney,A,,,42,,,,,4449,,,,,,,,,,,,,,,,,0.7556044226085273,0.6226520046897803,0.46812751383901174,0.09888927072998394,0.8338601450165909,0.21043416382209185,,,,,,,,,,,,,,,,,,,,,,,,,,7,13,6,14,True,Immune->Stromal,30095,checkpoint_10 TEST,run/sthelar40x_kidney_5class_slideind_foldA_cellvit256_lora_adaptformer_r8_a8_red16_heads_e10_seed42/log/2026-08-30T014011_sthelar40x_kidney_5class_slideind_foldA_cellvit256_lora_adaptformer_r8_a8_red16_heads_e10_seed42/inference_results.json,Strong/weak flag is within-backbone median-based and descriptive.
tissue_per_class,tissue-specific,CellViT-256,Selected PEFT,Kidney,A,,,42,Immune,,,,,,,,,,,,,,,,,,,,,,,,,,,,,,,,,,,,,,,,,,,,,0.2814433661173712,,,50099,58172,12145,0.1257298438858752,,,,,,,,,run/sthelar40x_kidney_5class_slideind_foldA_cellvit256_lora_adaptformer_r8_a8_red16_heads_e10_seed42/log/2026-08-30T014011_sthelar40x_kidney_5class_slideind_foldA_cellvit256_lora_adaptformer_r8_a8_red16_heads_e10_seed42/inference_results.json,
tissue_per_class,tissue-specific,CellViT-256,Selected PEFT,Kidney,A,,,42,Stromal,,,,,,,,,,,,,,,,,,,,,,,,,,,,,,,,,,,,,,,,,,,,,0.3451014631535959,,,20753,26332,56713,0.5871154085055281,,,,,,,,,run/sthelar40x_kidney_5class_slideind_foldA_cellvit256_lora_adaptformer_r8_a8_red16_heads_e10_seed42/log/2026-08-30T014011_sthelar40x_kidney_5class_slideind_foldA_cellvit256_lora_adaptformer_r8_a8_red16_heads_e10_seed42/inference_results.json,
tissue_per_class,tissue-specific,CellViT-256,Selected PEFT,Kidney,A,,,42,Epithelial,,,,,,,,,,,,,,,,,,,,,,,,,,,,,,,,,,,,,,,,,,,,,0.19021264200407806,,,12150,17483,27469,0.2843699532071721,,,,,,,,,run/sthelar40x_kidney_5class_slideind_foldA_cellvit256_lora_adaptformer_r8_a8_red16_heads_e10_seed42/log/2026-08-30T014011_sthelar40x_kidney_5class_slideind_foldA_cellvit256_lora_adaptformer_r8_a8_red16_heads_e10_seed42/inference_results.json,
tissue_per_class,tissue-specific,CellViT-256,Selected PEFT,Kidney,A,,,42,Melanocyte,,,,,,,,,,,,,,,,,,,,,,,,,,,,,,,,,,,,,,,,,,,,,,,,0,0,0,0.0,,,,,,,,,run/sthelar40x_kidney_5class_slideind_foldA_cellvit256_lora_adaptformer_r8_a8_red16_heads_e10_seed42/log/2026-08-30T014011_sthelar40x_kidney_5class_slideind_foldA_cellvit256_lora_adaptformer_r8_a8_red16_heads_e10_seed42/inference_results.json,
tissue_per_class,tissue-specific,CellViT-256,Selected PEFT,Kidney,A,,,42,Other,,,,,,,,,,,,,,,,,,,,,,,,,,,,,,,,,,,,,,,,,,,,,0.02497918401332223,,,975,2066,269,0.0027847944014244897,,,,,,,,,run/sthelar40x_kidney_5class_slideind_foldA_cellvit256_lora_adaptformer_r8_a8_red16_heads_e10_seed42/log/2026-08-30T014011_sthelar40x_kidney_5class_slideind_foldA_cellvit256_lora_adaptformer_r8_a8_red16_heads_e10_seed42/inference_results.json,
tissue_result,tissue-specific,CellViT-256,Selected PEFT,Kidney,B,,,42,,,,,6723,,,,,,,,,,,,,,,,,0.8085176048747588,0.690588408184597,0.568279342749323,0.09647383181407689,0.8938342203284767,0.1726811290922512,,,,,,,,,,,,,,,,,,,,,,,,,,2,15,1,15,True,Epithelial->Immune,44356,checkpoint_10 TEST,run/sthelar40x_kidney_5class_slideind_foldB_cellvit256_lora_adaptformer_r8_a8_red16_heads_e10_seed42/log/2026-08-29T172314_sthelar40x_kidney_5class_slideind_foldB_cellvit256_lora_adaptformer_r8_a8_red16_heads_e10_seed42/inference_results.json,Strong/weak flag is within-backbone median-based and descriptive.
tissue_per_class,tissue-specific,CellViT-256,Selected PEFT,Kidney,B,,,42,Immune,,,,,,,,,,,,,,,,,,,,,,,,,,,,,,,,,,,,,,,,,,,,,0.11954287808773285,,,15930,19709,61668,0.3734218222994617,,,,,,,,,run/sthelar40x_kidney_5class_slideind_foldB_cellvit256_lora_adaptformer_r8_a8_red16_heads_e10_seed42/log/2026-08-29T172314_sthelar40x_kidney_5class_slideind_foldB_cellvit256_lora_adaptformer_r8_a8_red16_heads_e10_seed42/inference_results.json,
tissue_per_class,tissue-specific,CellViT-256,Selected PEFT,Kidney,B,,,42,Stromal,,,,,,,,,,,,,,,,,,,,,,,,,,,,,,,,,,,,,,,,,,,,,0.13497358252503747,,,46290,54995,18049,0.10929315805090134,,,,,,,,,run/sthelar40x_kidney_5class_slideind_foldB_cellvit256_lora_adaptformer_r8_a8_red16_heads_e10_seed42/log/2026-08-29T172314_sthelar40x_kidney_5class_slideind_foldB_cellvit256_lora_adaptformer_r8_a8_red16_heads_e10_seed42/inference_results.json,
tissue_per_class,tissue-specific,CellViT-256,Selected PEFT,Kidney,B,,,42,Epithelial,,,,,,,,,,,,,,,,,,,,,,,,,,,,,,,,,,,,,,,,,,,,,0.40145028882372646,,,90647,106277,83286,0.5043265533507324,,,,,,,,,run/sthelar40x_kidney_5class_slideind_foldB_cellvit256_lora_adaptformer_r8_a8_red16_heads_e10_seed42/log/2026-08-29T172314_sthelar40x_kidney_5class_slideind_foldB_cellvit256_lora_adaptformer_r8_a8_red16_heads_e10_seed42/inference_results.json,
tissue_per_class,tissue-specific,CellViT-256,Selected PEFT,Kidney,B,,,42,Melanocyte,,,,,,,,,,,,,,,,,,,,,,,,,,,,,,,,,,,,,,,,,,,,,,,,0,0,0,0.0,,,,,,,,,run/sthelar40x_kidney_5class_slideind_foldB_cellvit256_lora_adaptformer_r8_a8_red16_heads_e10_seed42/log/2026-08-29T172314_sthelar40x_kidney_5class_slideind_foldB_cellvit256_lora_adaptformer_r8_a8_red16_heads_e10_seed42/inference_results.json,
tissue_per_class,tissue-specific,CellViT-256,Selected PEFT,Kidney,B,,,42,Other,,,,,,,,,,,,,,,,,,,,,,,,,,,,,,,,,,,,,,,,,,,,,0.03475776693250803,,,6318,9885,2140,0.012958466298904585,,,,,,,,,run/sthelar40x_kidney_5class_slideind_foldB_cellvit256_lora_adaptformer_r8_a8_red16_heads_e10_seed42/log/2026-08-29T172314_sthelar40x_kidney_5class_slideind_foldB_cellvit256_lora_adaptformer_r8_a8_red16_heads_e10_seed42/inference_results.json,
tissue_result,tissue-specific,CellViT-256,Selected PEFT,Liver,A,,,42,,,,,9166,,,,,,,,,,,,,,,,,0.7917732881628909,0.6694135480774142,0.4793617855769644,0.07369064401690542,0.8324935736105297,0.1136170507515096,,,,,,,,,,,,,,,,,,,,,,,,,,6,17,7,18,True,Epithelial->Stromal,132257,checkpoint_10 TEST,run/sthelar40x_liver_5class_slideind_foldA_cellvit256_lora_adaptformer_r8_a8_red16_heads_e10_seed42/log/2026-08-29T182535_sthelar40x_liver_5class_slideind_foldA_cellvit256_lora_adaptformer_r8_a8_red16_heads_e10_seed42/inference_results.json,Strong/weak flag is within-backbone median-based and descriptive.
tissue_per_class,tissue-specific,CellViT-256,Selected PEFT,Liver,A,,,42,Immune,,,,,,,,,,,,,,,,,,,,,,,,,,,,,,,,,,,,,,,,,,,,,0.006192531431788328,,,52983,66172,323,0.0011647992614523567,,,,,,,,,run/sthelar40x_liver_5class_slideind_foldA_cellvit256_lora_adaptformer_r8_a8_red16_heads_e10_seed42/log/2026-08-29T182535_sthelar40x_liver_5class_slideind_foldA_cellvit256_lora_adaptformer_r8_a8_red16_heads_e10_seed42/inference_results.json,
tissue_per_class,tissue-specific,CellViT-256,Selected PEFT,Liver,A,,,42,Stromal,,,,,,,,,,,,,,,,,,,,,,,,,,,,,,,,,,,,,,,,,,,,,0.3681963496663929,,,55171,72592,269108,0.9704544880833462,,,,,,,,,run/sthelar40x_liver_5class_slideind_foldA_cellvit256_lora_adaptformer_r8_a8_red16_heads_e10_seed42/log/2026-08-29T182535_sthelar40x_liver_5class_slideind_foldA_cellvit256_lora_adaptformer_r8_a8_red16_heads_e10_seed42/inference_results.json,
tissue_per_class,tissue-specific,CellViT-256,Selected PEFT,Liver,A,,,42,Epithelial,,,,,,,,,,,,,,,,,,,,,,,,,,,,,,,,,,,,,,,,,,,,,0.08007932190785713,,,138217,175685,7771,0.02802369987847141,,,,,,,,,run/sthelar40x_liver_5class_slideind_foldA_cellvit256_lora_adaptformer_r8_a8_red16_heads_e10_seed42/log/2026-08-29T182535_sthelar40x_liver_5class_slideind_foldA_cellvit256_lora_adaptformer_r8_a8_red16_heads_e10_seed42/inference_results.json,
tissue_per_class,tissue-specific,CellViT-256,Selected PEFT,Liver,A,,,42,Melanocyte,,,,,,,,,,,,,,,,,,,,,,,,,,,,,,,,,,,,,,,,,,,,,,,,0,0,0,0.0,,,,,,,,,run/sthelar40x_liver_5class_slideind_foldA_cellvit256_lora_adaptformer_r8_a8_red16_heads_e10_seed42/log/2026-08-29T182535_sthelar40x_liver_5class_slideind_foldA_cellvit256_lora_adaptformer_r8_a8_red16_heads_e10_seed42/inference_results.json,
tissue_per_class,tissue-specific,CellViT-256,Selected PEFT,Liver,A,,,42,Other,,,,,,,,,,,,,,,,,,,,,,,,,,,,,,,,,,,,,,,,,,,,,0.0,,,528,1124,99,0.00035701277672997936,,,,,,,,,run/sthelar40x_liver_5class_slideind_foldA_cellvit256_lora_adaptformer_r8_a8_red16_heads_e10_seed42/log/2026-08-29T182535_sthelar40x_liver_5class_slideind_foldA_cellvit256_lora_adaptformer_r8_a8_red16_heads_e10_seed42/inference_results.json,
tissue_result,tissue-specific,CellViT-256,Selected PEFT,Liver,B,,,42,,,,,20427,,,,,,,,,,,,,,,,,0.8020192442567299,0.6877990850233603,0.5721474362874098,0.25132797303600996,0.865265694695322,0.3963183053160058,,,,,,,,,,,,,,,,,,,,,,,,,,1,2,2,10,True,Immune->Epithelial,42113,checkpoint_10 TEST,run/sthelar40x_liver_5class_slideind_foldB_cellvit256_lora_adaptformer_r8_a8_red16_heads_e10_seed42/log/2026-08-29T223640_sthelar40x_liver_5class_slideind_foldB_cellvit256_lora_adaptformer_r8_a8_red16_heads_e10_seed42/inference_results.json,Strong/weak flag is within-backbone median-based and descriptive.
tissue_per_class,tissue-specific,CellViT-256,Selected PEFT,Liver,B,,,42,Immune,,,,,,,,,,,,,,,,,,,,,,,,,,,,,,,,,,,,,,,,,,,,,0.43046085116388433,,,80035,104556,58245,0.15395778154885573,,,,,,,,,run/sthelar40x_liver_5class_slideind_foldB_cellvit256_lora_adaptformer_r8_a8_red16_heads_e10_seed42/log/2026-08-29T223640_sthelar40x_liver_5class_slideind_foldB_cellvit256_lora_adaptformer_r8_a8_red16_heads_e10_seed42/inference_results.json,
tissue_per_class,tissue-specific,CellViT-256,Selected PEFT,Liver,B,,,42,Stromal,,,,,,,,,,,,,,,,,,,,,,,,,,,,,,,,,,,,,,,,,,,,,0.3535518464763748,,,68478,95611,33828,0.08941683980143689,,,,,,,,,run/sthelar40x_liver_5class_slideind_foldB_cellvit256_lora_adaptformer_r8_a8_red16_heads_e10_seed42/log/2026-08-29T223640_sthelar40x_liver_5class_slideind_foldB_cellvit256_lora_adaptformer_r8_a8_red16_heads_e10_seed42/inference_results.json,
tissue_per_class,tissue-specific,CellViT-256,Selected PEFT,Liver,B,,,42,Epithelial,,,,,,,,,,,,,,,,,,,,,,,,,,,,,,,,,,,,,,,,,,,,,0.8012605236237642,,,216927,266639,286192,0.7564852848661708,,,,,,,,,run/sthelar40x_liver_5class_slideind_foldB_cellvit256_lora_adaptformer_r8_a8_red16_heads_e10_seed42/log/2026-08-29T223640_sthelar40x_liver_5class_slideind_foldB_cellvit256_lora_adaptformer_r8_a8_red16_heads_e10_seed42/inference_results.json,
tissue_per_class,tissue-specific,CellViT-256,Selected PEFT,Liver,B,,,42,Melanocyte,,,,,,,,,,,,,,,,,,,,,,,,,,,,,,,,,,,,,,,,,,,,,,,,0,0,0,0.0,,,,,,,,,run/sthelar40x_liver_5class_slideind_foldB_cellvit256_lora_adaptformer_r8_a8_red16_heads_e10_seed42/log/2026-08-29T223640_sthelar40x_liver_5class_slideind_foldB_cellvit256_lora_adaptformer_r8_a8_red16_heads_e10_seed42/inference_results.json,
tissue_per_class,tissue-specific,CellViT-256,Selected PEFT,Liver,B,,,42,Other,,,,,,,,,,,,,,,,,,,,,,,,,,,,,,,,,,,,,,,,,,,,,0.0,,,2052,5311,53,0.00014009378353660147,,,,,,,,,run/sthelar40x_liver_5class_slideind_foldB_cellvit256_lora_adaptformer_r8_a8_red16_heads_e10_seed42/log/2026-08-29T223640_sthelar40x_liver_5class_slideind_foldB_cellvit256_lora_adaptformer_r8_a8_red16_heads_e10_seed42/inference_results.json,
tissue_result,tissue-specific,CellViT-256,Selected PEFT,Lung,A,,,42,,,,,20621,,,,,,,,,,,,,,,,,0.732243451420147,0.5925750816088027,0.4125329544807951,0.14806639339802716,0.8296812063865726,0.40497631166994774,,,,,,,,,,,,,,,,,,,,,,,,,,11,8,8,9,False,Immune->Stromal,51043,checkpoint_10 TEST,run/sthelar40x_lung_5class_slideind_foldA_cellvit256_lora_adaptformer_r8_a8_red16_heads_e10_seed42/log/2026-08-31T132703_sthelar40x_lung_5class_slideind_foldA_cellvit256_lora_adaptformer_r8_a8_red16_heads_e10_seed42/inference_results.json,Strong/weak flag is within-backbone median-based and descriptive.
tissue_per_class,tissue-specific,CellViT-256,Selected PEFT,Lung,A,,,42,Immune,,,,,,,,,,,,,,,,,,,,,,,,,,,,,,,,,,,,,,,,,,,,,0.5715885478231656,,,155783,193054,182423,0.3767350032319953,,,,,,,,,run/sthelar40x_lung_5class_slideind_foldA_cellvit256_lora_adaptformer_r8_a8_red16_heads_e10_seed42/log/2026-08-31T132703_sthelar40x_lung_5class_slideind_foldA_cellvit256_lora_adaptformer_r8_a8_red16_heads_e10_seed42/inference_results.json,
tissue_per_class,tissue-specific,CellViT-256,Selected PEFT,Lung,A,,,42,Stromal,,,,,,,,,,,,,,,,,,,,,,,,,,,,,,,,,,,,,,,,,,,,,0.5894493167565948,,,134549,173776,241326,0.49837987200059475,,,,,,,,,run/sthelar40x_lung_5class_slideind_foldA_cellvit256_lora_adaptformer_r8_a8_red16_heads_e10_seed42/log/2026-08-31T132703_sthelar40x_lung_5class_slideind_foldA_cellvit256_lora_adaptformer_r8_a8_red16_heads_e10_seed42/inference_results.json,
tissue_per_class,tissue-specific,CellViT-256,Selected PEFT,Lung,A,,,42,Epithelial,,,,,,,,,,,,,,,,,,,,,,,,,,,,,,,,,,,,,,,,,,,,,0.32032917611996403,,,114686,143632,38703,0.07992837981004541,,,,,,,,,run/sthelar40x_lung_5class_slideind_foldA_cellvit256_lora_adaptformer_r8_a8_red16_heads_e10_seed42/log/2026-08-31T132703_sthelar40x_lung_5class_slideind_foldA_cellvit256_lora_adaptformer_r8_a8_red16_heads_e10_seed42/inference_results.json,
tissue_per_class,tissue-specific,CellViT-256,Selected PEFT,Lung,A,,,42,Melanocyte,,,,,,,,,,,,,,,,,,,,,,,,,,,,,,,,,,,,,,,,,,,,,,,,0,0,0,0.0,,,,,,,,,run/sthelar40x_lung_5class_slideind_foldA_cellvit256_lora_adaptformer_r8_a8_red16_heads_e10_seed42/log/2026-08-31T132703_sthelar40x_lung_5class_slideind_foldA_cellvit256_lora_adaptformer_r8_a8_red16_heads_e10_seed42/inference_results.json,
tissue_per_class,tissue-specific,CellViT-256,Selected PEFT,Lung,A,,,42,Other,,,,,,,,,,,,,,,,,,,,,,,,,,,,,,,,,,,,,,,,,,,,,0.13853820598006644,,,24936,39652,21769,0.04495674495736451,,,,,,,,,run/sthelar40x_lung_5class_slideind_foldA_cellvit256_lora_adaptformer_r8_a8_red16_heads_e10_seed42/log/2026-08-31T132703_sthelar40x_lung_5class_slideind_foldA_cellvit256_lora_adaptformer_r8_a8_red16_heads_e10_seed42/inference_results.json,
tissue_result,tissue-specific,CellViT-256,Selected PEFT,Lung,B,,,42,,,,,10938,,,,,,,,,,,,,,,,,0.794386346325961,0.6717763766974196,0.4962732147087402,0.21682675832192097,0.8282021259499047,0.45456867340352497,,,,,,,,,,,,,,,,,,,,,,,,,,5,5,9,7,False,Stromal->Immune,34229,checkpoint_10 TEST,run/sthelar40x_lung_5class_slideind_foldB_cellvit256_lora_adaptformer_r8_a8_red16_heads_e10_seed42/log/2026-08-30T224946_sthelar40x_lung_5class_slideind_foldB_cellvit256_lora_adaptformer_r8_a8_red16_heads_e10_seed42/inference_results.json,Strong/weak flag is within-backbone median-based and descriptive.
tissue_per_class,tissue-specific,CellViT-256,Selected PEFT,Lung,B,,,42,Immune,,,,,,,,,,,,,,,,,,,,,,,,,,,,,,,,,,,,,,,,,,,,,0.7015803274041528,,,122131,144815,191989,0.6728641472535406,,,,,,,,,run/sthelar40x_lung_5class_slideind_foldB_cellvit256_lora_adaptformer_r8_a8_red16_heads_e10_seed42/log/2026-08-30T224946_sthelar40x_lung_5class_slideind_foldB_cellvit256_lora_adaptformer_r8_a8_red16_heads_e10_seed42/inference_results.json,
tissue_per_class,tissue-specific,CellViT-256,Selected PEFT,Lung,B,,,42,Stromal,,,,,,,,,,,,,,,,,,,,,,,,,,,,,,,,,,,,,,,,,,,,,0.37648444926430225,,,55395,70978,22273,0.07806021778215476,,,,,,,,,run/sthelar40x_lung_5class_slideind_foldB_cellvit256_lora_adaptformer_r8_a8_red16_heads_e10_seed42/log/2026-08-30T224946_sthelar40x_lung_5class_slideind_foldB_cellvit256_lora_adaptformer_r8_a8_red16_heads_e10_seed42/inference_results.json,
tissue_per_class,tissue-specific,CellViT-256,Selected PEFT,Lung,B,,,42,Epithelial,,,,,,,,,,,,,,,,,,,,,,,,,,,,,,,,,,,,,,,,,,,,,0.6210353918670608,,,51187,67669,62363,0.21856370320785334,,,,,,,,,run/sthelar40x_lung_5class_slideind_foldB_cellvit256_lora_adaptformer_r8_a8_red16_heads_e10_seed42/log/2026-08-30T224946_sthelar40x_lung_5class_slideind_foldB_cellvit256_lora_adaptformer_r8_a8_red16_heads_e10_seed42/inference_results.json,
tissue_per_class,tissue-specific,CellViT-256,Selected PEFT,Lung,B,,,42,Melanocyte,,,,,,,,,,,,,,,,,,,,,,,,,,,,,,,,,,,,,,,,,,,,,,,,0,0,0,0.0,,,,,,,,,run/sthelar40x_lung_5class_slideind_foldB_cellvit256_lora_adaptformer_r8_a8_red16_heads_e10_seed42/log/2026-08-30T224946_sthelar40x_lung_5class_slideind_foldB_cellvit256_lora_adaptformer_r8_a8_red16_heads_e10_seed42/inference_results.json,
tissue_per_class,tissue-specific,CellViT-256,Selected PEFT,Lung,B,,,42,Other,,,,,,,,,,,,,,,,,,,,,,,,,,,,,,,,,,,,,,,,,,,,,0.11917452507858411,,,21500,34686,8706,0.03051193175645128,,,,,,,,,run/sthelar40x_lung_5class_slideind_foldB_cellvit256_lora_adaptformer_r8_a8_red16_heads_e10_seed42/log/2026-08-30T224946_sthelar40x_lung_5class_slideind_foldB_cellvit256_lora_adaptformer_r8_a8_red16_heads_e10_seed42/inference_results.json,
tissue_result,tissue-specific,CellViT-256,Selected PEFT,Ovary,A,,,42,,,,,25498,,,,,,,,,,,,,,,,,0.7288156913698527,0.5943120570427083,0.41263898034061675,0.19941216476684975,0.7845550765411455,0.515849515321896,,,,,,,,,,,,,,,,,,,,,,,,,,10,6,12,2,False,Epithelial->Immune,36525,checkpoint_10 TEST,run/sthelar40x_ovary_5class_slideind_foldA_cellvit256_lora_adaptformer_r8_a8_red16_heads_e10_seed42/log/2026-08-30T224946_sthelar40x_ovary_5class_slideind_foldA_cellvit256_lora_adaptformer_r8_a8_red16_heads_e10_seed42/inference_results.json,Strong/weak flag is within-backbone median-based and descriptive.
tissue_per_class,tissue-specific,CellViT-256,Selected PEFT,Ovary,A,,,42,Immune,,,,,,,,,,,,,,,,,,,,,,,,,,,,,,,,,,,,,,,,,,,,,0.34092152854222363,,,68367,89958,102630,0.1393274595783386,,,,,,,,,run/sthelar40x_ovary_5class_slideind_foldA_cellvit256_lora_adaptformer_r8_a8_red16_heads_e10_seed42/log/2026-08-30T224946_sthelar40x_ovary_5class_slideind_foldA_cellvit256_lora_adaptformer_r8_a8_red16_heads_e10_seed42/inference_results.json,
tissue_per_class,tissue-specific,CellViT-256,Selected PEFT,Ovary,A,,,42,Stromal,,,,,,,,,,,,,,,,,,,,,,,,,,,,,,,,,,,,,,,,,,,,,0.7509458590072022,,,220843,303337,231415,0.31416217537095614,,,,,,,,,run/sthelar40x_ovary_5class_slideind_foldA_cellvit256_lora_adaptformer_r8_a8_red16_heads_e10_seed42/log/2026-08-30T224946_sthelar40x_ovary_5class_slideind_foldA_cellvit256_lora_adaptformer_r8_a8_red16_heads_e10_seed42/inference_results.json,
tissue_per_class,tissue-specific,CellViT-256,Selected PEFT,Ovary,A,,,42,Epithelial,,,,,,,,,,,,,,,,,,,,,,,,,,,,,,,,,,,,,,,,,,,,,0.8452506082303742,,,288146,360012,382860,0.5197594385088445,,,,,,,,,run/sthelar40x_ovary_5class_slideind_foldA_cellvit256_lora_adaptformer_r8_a8_red16_heads_e10_seed42/log/2026-08-30T224946_sthelar40x_ovary_5class_slideind_foldA_cellvit256_lora_adaptformer_r8_a8_red16_heads_e10_seed42/inference_results.json,
tissue_per_class,tissue-specific,CellViT-256,Selected PEFT,Ovary,A,,,42,Melanocyte,,,,,,,,,,,,,,,,,,,,,,,,,,,,,,,,,,,,,,,,,,,,,,,,0,0,0,0.0,,,,,,,,,run/sthelar40x_ovary_5class_slideind_foldA_cellvit256_lora_adaptformer_r8_a8_red16_heads_e10_seed42/log/2026-08-30T224946_sthelar40x_ovary_5class_slideind_foldA_cellvit256_lora_adaptformer_r8_a8_red16_heads_e10_seed42/inference_results.json,
tissue_per_class,tissue-specific,CellViT-256,Selected PEFT,Ovary,A,,,42,Other,,,,,,,,,,,,,,,,,,,,,,,,,,,,,,,,,,,,,,,,,,,,,0.12628006550778398,,,31500,60005,19705,0.026750926541860686,,,,,,,,,run/sthelar40x_ovary_5class_slideind_foldA_cellvit256_lora_adaptformer_r8_a8_red16_heads_e10_seed42/log/2026-08-30T224946_sthelar40x_ovary_5class_slideind_foldA_cellvit256_lora_adaptformer_r8_a8_red16_heads_e10_seed42/inference_results.json,
tissue_result,tissue-specific,CellViT-256,Selected PEFT,Ovary,B,,,42,,,,,10039,,,,,,,,,,,,,,,,,0.7437047729734807,0.6108270534483348,0.41387138360008474,0.1477084260919149,0.8385342751034479,0.4262642008769628,,,,,,,,,,,,,,,,,,,,,,,,,,9,9,4,8,False,Epithelial->Immune,81463,checkpoint_10 TEST,run/sthelar40x_ovary_5class_slideind_foldB_cellvit256_lora_adaptformer_r8_a8_red16_heads_e10_seed42/log/2026-08-31T150207_sthelar40x_ovary_5class_slideind_foldB_cellvit256_lora_adaptformer_r8_a8_red16_heads_e10_seed42/inference_results.json,Strong/weak flag is within-backbone median-based and descriptive.
tissue_per_class,tissue-specific,CellViT-256,Selected PEFT,Ovary,B,,,42,Immune,,,,,,,,,,,,,,,,,,,,,,,,,,,,,,,,,,,,,,,,,,,,,0.3565796237725558,,,83750,104163,154852,0.3722260682281451,,,,,,,,,run/sthelar40x_ovary_5class_slideind_foldB_cellvit256_lora_adaptformer_r8_a8_red16_heads_e10_seed42/log/2026-08-31T150207_sthelar40x_ovary_5class_slideind_foldB_cellvit256_lora_adaptformer_r8_a8_red16_heads_e10_seed42/inference_results.json,
tissue_per_class,tissue-specific,CellViT-256,Selected PEFT,Ovary,B,,,42,Stromal,,,,,,,,,,,,,,,,,,,,,,,,,,,,,,,,,,,,,,,,,,,,,0.46468946868797284,,,47474,60936,24837,0.05970203069112726,,,,,,,,,run/sthelar40x_ovary_5class_slideind_foldB_cellvit256_lora_adaptformer_r8_a8_red16_heads_e10_seed42/log/2026-08-31T150207_sthelar40x_ovary_5class_slideind_foldB_cellvit256_lora_adaptformer_r8_a8_red16_heads_e10_seed42/inference_results.json,
tissue_per_class,tissue-specific,CellViT-256,Selected PEFT,Ovary,B,,,42,Epithelial,,,,,,,,,,,,,,,,,,,,,,,,,,,,,,,,,,,,,,,,,,,,,0.6539252767417467,,,239064,309004,194216,0.46684742894504055,,,,,,,,,run/sthelar40x_ovary_5class_slideind_foldB_cellvit256_lora_adaptformer_r8_a8_red16_heads_e10_seed42/log/2026-08-31T150207_sthelar40x_ovary_5class_slideind_foldB_cellvit256_lora_adaptformer_r8_a8_red16_heads_e10_seed42/inference_results.json,
tissue_per_class,tissue-specific,CellViT-256,Selected PEFT,Ovary,B,,,42,Melanocyte,,,,,,,,,,,,,,,,,,,,,,,,,,,,,,,,,,,,,,,,,,,,,,,,0,0,0,0.0,,,,,,,,,run/sthelar40x_ovary_5class_slideind_foldB_cellvit256_lora_adaptformer_r8_a8_red16_heads_e10_seed42/log/2026-08-31T150207_sthelar40x_ovary_5class_slideind_foldB_cellvit256_lora_adaptformer_r8_a8_red16_heads_e10_seed42/inference_results.json,
tissue_per_class,tissue-specific,CellViT-256,Selected PEFT,Ovary,B,,,42,Other,,,,,,,,,,,,,,,,,,,,,,,,,,,,,,,,,,,,,,,,,,,,,0.2298624343055759,,,12391,22182,42111,0.10122447213568708,,,,,,,,,run/sthelar40x_ovary_5class_slideind_foldB_cellvit256_lora_adaptformer_r8_a8_red16_heads_e10_seed42/log/2026-08-31T150207_sthelar40x_ovary_5class_slideind_foldB_cellvit256_lora_adaptformer_r8_a8_red16_heads_e10_seed42/inference_results.json,
tissue_result,tissue-specific,CellViT-256,Selected PEFT,Pancreatic,A,,,42,,,,,12647,,,,,,,,,,,,,,,,,0.7100719495848977,0.5670560197353236,0.350000842237304,0.09704965116516759,0.7362812908512673,0.23281018858929428,,,,,,,,,,,,,,,,,,,,,,,,,,14,14,14,13,False,Epithelial->Immune,54911,checkpoint_10 TEST,run/sthelar40x_pancreatic_5class_slideind_foldA_cellvit256_lora_adaptformer_r8_a8_red16_heads_e10_seed42/log/2026-08-31T162713_sthelar40x_pancreatic_5class_slideind_foldA_cellvit256_lora_adaptformer_r8_a8_red16_heads_e10_seed42/inference_results.json,Strong/weak flag is within-backbone median-based and descriptive.
tissue_per_class,tissue-specific,CellViT-256,Selected PEFT,Pancreatic,A,,,42,Immune,,,,,,,,,,,,,,,,,,,,,,,,,,,,,,,,,,,,,,,,,,,,,0.5734992606924756,,,110874,155402,282937,0.8211354507673376,,,,,,,,,run/sthelar40x_pancreatic_5class_slideind_foldA_cellvit256_lora_adaptformer_r8_a8_red16_heads_e10_seed42/log/2026-08-31T162713_sthelar40x_pancreatic_5class_slideind_foldA_cellvit256_lora_adaptformer_r8_a8_red16_heads_e10_seed42/inference_results.json,
tissue_per_class,tissue-specific,CellViT-256,Selected PEFT,Pancreatic,A,,,42,Stromal,,,,,,,,,,,,,,,,,,,,,,,,,,,,,,,,,,,,,,,,,,,,,0.2842624578751096,,,55932,81687,51733,0.15013872443175222,,,,,,,,,run/sthelar40x_pancreatic_5class_slideind_foldA_cellvit256_lora_adaptformer_r8_a8_red16_heads_e10_seed42/log/2026-08-31T162713_sthelar40x_pancreatic_5class_slideind_foldA_cellvit256_lora_adaptformer_r8_a8_red16_heads_e10_seed42/inference_results.json,
tissue_per_class,tissue-specific,CellViT-256,Selected PEFT,Pancreatic,A,,,42,Epithelial,,,,,,,,,,,,,,,,,,,,,,,,,,,,,,,,,,,,,,,,,,,,,0.0673642822481305,,,76913,117095,5124,0.014870794734275963,,,,,,,,,run/sthelar40x_pancreatic_5class_slideind_foldA_cellvit256_lora_adaptformer_r8_a8_red16_heads_e10_seed42/log/2026-08-31T162713_sthelar40x_pancreatic_5class_slideind_foldA_cellvit256_lora_adaptformer_r8_a8_red16_heads_e10_seed42/inference_results.json,
tissue_per_class,tissue-specific,CellViT-256,Selected PEFT,Pancreatic,A,,,42,Melanocyte,,,,,,,,,,,,,,,,,,,,,,,,,,,,,,,,,,,,,,,,,,,,,,,,0,0,0,0.0,,,,,,,,,run/sthelar40x_pancreatic_5class_slideind_foldA_cellvit256_lora_adaptformer_r8_a8_red16_heads_e10_seed42/log/2026-08-31T162713_sthelar40x_pancreatic_5class_slideind_foldA_cellvit256_lora_adaptformer_r8_a8_red16_heads_e10_seed42/inference_results.json,
tissue_per_class,tissue-specific,CellViT-256,Selected PEFT,Pancreatic,A,,,42,Other,,,,,,,,,,,,,,,,,,,,,,,,,,,,,,,,,,,,,,,,,,,,,0.006114753541461426,,,55159,112225,4774,0.013855030066634163,,,,,,,,,run/sthelar40x_pancreatic_5class_slideind_foldA_cellvit256_lora_adaptformer_r8_a8_red16_heads_e10_seed42/log/2026-08-31T162713_sthelar40x_pancreatic_5class_slideind_foldA_cellvit256_lora_adaptformer_r8_a8_red16_heads_e10_seed42/inference_results.json,
tissue_result,tissue-specific,CellViT-256,Selected PEFT,Pancreatic,B,,,42,,,,,25526,,,,,,,,,,,,,,,,,0.6988663686732408,0.5520427930653491,0.2997656451052011,0.10669691635303451,0.63032268481461,0.3150550236078917,,,,,,,,,,,,,,,,,,,,,,,,,,16,12,18,12,False,Epithelial->Stromal,77991,checkpoint_10 TEST,run/sthelar40x_pancreatic_5class_slideind_foldB_cellvit256_lora_adaptformer_r8_a8_red16_heads_e10_seed42/log/2026-08-30T224700_sthelar40x_pancreatic_5class_slideind_foldB_cellvit256_lora_adaptformer_r8_a8_red16_heads_e10_seed42/inference_results.json,Strong/weak flag is within-backbone median-based and descriptive.
tissue_per_class,tissue-specific,CellViT-256,Selected PEFT,Pancreatic,B,,,42,Immune,,,,,,,,,,,,,,,,,,,,,,,,,,,,,,,,,,,,,,,,,,,,,0.4515033947623666,,,85293,138213,55226,0.1296759392970271,,,,,,,,,run/sthelar40x_pancreatic_5class_slideind_foldB_cellvit256_lora_adaptformer_r8_a8_red16_heads_e10_seed42/log/2026-08-30T224700_sthelar40x_pancreatic_5class_slideind_foldB_cellvit256_lora_adaptformer_r8_a8_red16_heads_e10_seed42/inference_results.json,
tissue_per_class,tissue-specific,CellViT-256,Selected PEFT,Pancreatic,B,,,42,Stromal,,,,,,,,,,,,,,,,,,,,,,,,,,,,,,,,,,,,,,,,,,,,,0.3208835704000114,,,41209,73108,274037,0.6434651319512441,,,,,,,,,run/sthelar40x_pancreatic_5class_slideind_foldB_cellvit256_lora_adaptformer_r8_a8_red16_heads_e10_seed42/log/2026-08-30T224700_sthelar40x_pancreatic_5class_slideind_foldB_cellvit256_lora_adaptformer_r8_a8_red16_heads_e10_seed42/inference_results.json,
tissue_per_class,tissue-specific,CellViT-256,Selected PEFT,Pancreatic,B,,,42,Epithelial,,,,,,,,,,,,,,,,,,,,,,,,,,,,,,,,,,,,,,,,,,,,,0.4682529488579196,,,126744,197644,89150,0.2093327416131888,,,,,,,,,run/sthelar40x_pancreatic_5class_slideind_foldB_cellvit256_lora_adaptformer_r8_a8_red16_heads_e10_seed42/log/2026-08-30T224700_sthelar40x_pancreatic_5class_slideind_foldB_cellvit256_lora_adaptformer_r8_a8_red16_heads_e10_seed42/inference_results.json,
tissue_per_class,tissue-specific,CellViT-256,Selected PEFT,Pancreatic,B,,,42,Melanocyte,,,,,,,,,,,,,,,,,,,,,,,,,,,,,,,,,,,,,,,,,,,,,,,,0,0,0,0.0,,,,,,,,,run/sthelar40x_pancreatic_5class_slideind_foldB_cellvit256_lora_adaptformer_r8_a8_red16_heads_e10_seed42/log/2026-08-30T224700_sthelar40x_pancreatic_5class_slideind_foldB_cellvit256_lora_adaptformer_r8_a8_red16_heads_e10_seed42/inference_results.json,
tissue_per_class,tissue-specific,CellViT-256,Selected PEFT,Pancreatic,B,,,42,Other,,,,,,,,,,,,,,,,,,,,,,,,,,,,,,,,,,,,,,,,,,,,,0.019580180411269292,,,18945,28187,7464,0.01752618713854,,,,,,,,,run/sthelar40x_pancreatic_5class_slideind_foldB_cellvit256_lora_adaptformer_r8_a8_red16_heads_e10_seed42/log/2026-08-30T224700_sthelar40x_pancreatic_5class_slideind_foldB_cellvit256_lora_adaptformer_r8_a8_red16_heads_e10_seed42/inference_results.json,
tissue_result,tissue-specific,CellViT-256,Selected PEFT,Skin,A,,,42,,,,,12790,,,,,,,,,,,,,,,,,0.75044818365689,0.6323619569268313,0.3944403251561227,0.08315026787098356,0.7087237727173719,0.13092129260129234,,,,,,,,,,,,,,,,,,,,,,,,,,13,16,16,17,False,Immune->Other,38620,checkpoint_10 TEST,run/sthelar40x_skin_5class_slideind_foldA_cellvit256_lora_adaptformer_r8_a8_red16_heads_e10_seed42/log/2026-08-31T193035_sthelar40x_skin_5class_slideind_foldA_cellvit256_lora_adaptformer_r8_a8_red16_heads_e10_seed42/inference_results.json,Strong/weak flag is within-backbone median-based and descriptive.
tissue_per_class,tissue-specific,CellViT-256,Selected PEFT,Skin,A,,,42,Immune,,,,,,,,,,,,,,,,,,,,,,,,,,,,,,,,,,,,,,,,,,,,,0.1930809290574762,,,65869,77698,24326,0.09480531121755024,,,,,,,,,run/sthelar40x_skin_5class_slideind_foldA_cellvit256_lora_adaptformer_r8_a8_red16_heads_e10_seed42/log/2026-08-31T193035_sthelar40x_skin_5class_slideind_foldA_cellvit256_lora_adaptformer_r8_a8_red16_heads_e10_seed42/inference_results.json,
tissue_per_class,tissue-specific,CellViT-256,Selected PEFT,Skin,A,,,42,Stromal,,,,,,,,,,,,,,,,,,,,,,,,,,,,,,,,,,,,,,,,,,,,,0.2620456684588507,,,31147,38263,75999,0.2961896262115679,,,,,,,,,run/sthelar40x_skin_5class_slideind_foldA_cellvit256_lora_adaptformer_r8_a8_red16_heads_e10_seed42/log/2026-08-31T193035_sthelar40x_skin_5class_slideind_foldA_cellvit256_lora_adaptformer_r8_a8_red16_heads_e10_seed42/inference_results.json,
tissue_per_class,tissue-specific,CellViT-256,Selected PEFT,Skin,A,,,42,Epithelial,,,,,,,,,,,,,,,,,,,,,,,,,,,,,,,,,,,,,,,,,,,,,0.18948257655755016,,,8757,10678,66117,0.25767667359083984,,,,,,,,,run/sthelar40x_skin_5class_slideind_foldA_cellvit256_lora_adaptformer_r8_a8_red16_heads_e10_seed42/log/2026-08-31T193035_sthelar40x_skin_5class_slideind_foldA_cellvit256_lora_adaptformer_r8_a8_red16_heads_e10_seed42/inference_results.json,
tissue_per_class,tissue-specific,CellViT-256,Selected PEFT,Skin,A,,,42,Melanocyte,,,,,,,,,,,,,,,,,,,,,,,,,,,,,,,,,,,,,,,,,,,,,0.008793074180953998,,,57943,72678,1222,0.004762480075139621,,,,,,,,,run/sthelar40x_skin_5class_slideind_foldA_cellvit256_lora_adaptformer_r8_a8_red16_heads_e10_seed42/log/2026-08-31T193035_sthelar40x_skin_5class_slideind_foldA_cellvit256_lora_adaptformer_r8_a8_red16_heads_e10_seed42/inference_results.json,
tissue_per_class,tissue-specific,CellViT-256,Selected PEFT,Skin,A,,,42,Other,,,,,,,,,,,,,,,,,,,,,,,,,,,,,,,,,,,,,,,,,,,,,0.0012042147516307074,,,45,87,88925,0.3465659089049024,,,,,,,,,run/sthelar40x_skin_5class_slideind_foldA_cellvit256_lora_adaptformer_r8_a8_red16_heads_e10_seed42/log/2026-08-31T193035_sthelar40x_skin_5class_slideind_foldA_cellvit256_lora_adaptformer_r8_a8_red16_heads_e10_seed42/inference_results.json,
tissue_result,tissue-specific,CellViT-256,Selected PEFT,Skin,B,,,42,,,,,11209,,,,,,,,,,,,,,,,,0.4757467864239892,0.35298433219192427,0.22207527194210555,0.030554470541214955,0.6782002417667464,0.15049384125845072,,,,,,,,,,,,,,,,,,,,,,,,,,18,18,17,16,False,Stromal->Epithelial,24057,checkpoint_10 TEST,run/sthelar40x_skin_5class_slideind_foldB_cellvit256_lora_adaptformer_r8_a8_red16_heads_e10_seed42/log/2026-08-31T201343_sthelar40x_skin_5class_slideind_foldB_cellvit256_lora_adaptformer_r8_a8_red16_heads_e10_seed42/inference_results.json,Strong/weak flag is within-backbone median-based and descriptive.
tissue_per_class,tissue-specific,CellViT-256,Selected PEFT,Skin,B,,,42,Immune,,,,,,,,,,,,,,,,,,,,,,,,,,,,,,,,,,,,,,,,,,,,,0.016200035217467865,,,5491,7633,195,0.001723863576088686,,,,,,,,,run/sthelar40x_skin_5class_slideind_foldB_cellvit256_lora_adaptformer_r8_a8_red16_heads_e10_seed42/log/2026-08-31T201343_sthelar40x_skin_5class_slideind_foldB_cellvit256_lora_adaptformer_r8_a8_red16_heads_e10_seed42/inference_results.json,
tissue_per_class,tissue-specific,CellViT-256,Selected PEFT,Skin,B,,,42,Stromal,,,,,,,,,,,,,,,,,,,,,,,,,,,,,,,,,,,,,,,,,,,,,0.10639649580365801,,,25717,47418,4426,0.039127283014197566,,,,,,,,,run/sthelar40x_skin_5class_slideind_foldB_cellvit256_lora_adaptformer_r8_a8_red16_heads_e10_seed42/log/2026-08-31T201343_sthelar40x_skin_5class_slideind_foldB_cellvit256_lora_adaptformer_r8_a8_red16_heads_e10_seed42/inference_results.json,
tissue_per_class,tissue-specific,CellViT-256,Selected PEFT,Skin,B,,,42,Epithelial,,,,,,,,,,,,,,,,,,,,,,,,,,,,,,,,,,,,,,,,,,,,,0.6298726752711277,,,43428,60114,108497,0.9591488534097138,,,,,,,,,run/sthelar40x_skin_5class_slideind_foldB_cellvit256_lora_adaptformer_r8_a8_red16_heads_e10_seed42/log/2026-08-31T201343_sthelar40x_skin_5class_slideind_foldB_cellvit256_lora_adaptformer_r8_a8_red16_heads_e10_seed42/inference_results.json,
tissue_per_class,tissue-specific,CellViT-256,Selected PEFT,Skin,B,,,42,Melanocyte,,,,,,,,,,,,,,,,,,,,,,,,,,,,,,,,,,,,,,,,,,,,,0.0,,,4264,5532,0,0.0,,,,,,,,,run/sthelar40x_skin_5class_slideind_foldB_cellvit256_lora_adaptformer_r8_a8_red16_heads_e10_seed42/log/2026-08-31T201343_sthelar40x_skin_5class_slideind_foldB_cellvit256_lora_adaptformer_r8_a8_red16_heads_e10_seed42/inference_results.json,
tissue_per_class,tissue-specific,CellViT-256,Selected PEFT,Skin,B,,,42,Other,,,,,,,,,,,,,,,,,,,,,,,,,,,,,,,,,,,,,,,,,,,,,0.0,,,19808,55877,0,0.0,,,,,,,,,run/sthelar40x_skin_5class_slideind_foldB_cellvit256_lora_adaptformer_r8_a8_red16_heads_e10_seed42/log/2026-08-31T201343_sthelar40x_skin_5class_slideind_foldB_cellvit256_lora_adaptformer_r8_a8_red16_heads_e10_seed42/inference_results.json,
tissue_result,tissue-specific,CellViT-256,Selected PEFT,Tonsil,A,,,42,,,,,21083,,,,,,,,,,,,,,,,,0.7033756955146516,0.5723412238206829,0.4091020760943788,0.176688549242164,0.8277590317540806,0.45865888864838666,,,,,,,,,,,,,,,,,,,,,,,,,,12,7,10,6,False,Immune->Stromal,156900,checkpoint_10 TEST,run/sthelar40x_tonsil_5class_slideind_foldA_cellvit256_lora_adaptformer_r8_a8_red16_heads_e10_seed42/log/2026-08-29T235644_sthelar40x_tonsil_5class_slideind_foldA_cellvit256_lora_adaptformer_r8_a8_red16_heads_e10_seed42/inference_results.json,Strong/weak flag is within-backbone median-based and descriptive.
tissue_per_class,tissue-specific,CellViT-256,Selected PEFT,Tonsil,A,,,42,Immune,,,,,,,,,,,,,,,,,,,,,,,,,,,,,,,,,,,,,,,,,,,,,0.7771289631233699,,,902934,1114971,781290,0.5411146425571024,,,,,,,,,run/sthelar40x_tonsil_5class_slideind_foldA_cellvit256_lora_adaptformer_r8_a8_red16_heads_e10_seed42/log/2026-08-29T235644_sthelar40x_tonsil_5class_slideind_foldA_cellvit256_lora_adaptformer_r8_a8_red16_heads_e10_seed42/inference_results.json,
tissue_per_class,tissue-specific,CellViT-256,Selected PEFT,Tonsil,A,,,42,Stromal,,,,,,,,,,,,,,,,,,,,,,,,,,,,,,,,,,,,,,,,,,,,,0.47864151851737036,,,239720,340968,344280,0.2384453264979191,,,,,,,,,run/sthelar40x_tonsil_5class_slideind_foldA_cellvit256_lora_adaptformer_r8_a8_red16_heads_e10_seed42/log/2026-08-29T235644_sthelar40x_tonsil_5class_slideind_foldA_cellvit256_lora_adaptformer_r8_a8_red16_heads_e10_seed42/inference_results.json,
tissue_per_class,tissue-specific,CellViT-256,Selected PEFT,Tonsil,A,,,42,Epithelial,,,,,,,,,,,,,,,,,,,,,,,,,,,,,,,,,,,,,,,,,,,,,0.5788650729528064,,,131545,177080,318283,0.22044003094497847,,,,,,,,,run/sthelar40x_tonsil_5class_slideind_foldA_cellvit256_lora_adaptformer_r8_a8_red16_heads_e10_seed42/log/2026-08-29T235644_sthelar40x_tonsil_5class_slideind_foldA_cellvit256_lora_adaptformer_r8_a8_red16_heads_e10_seed42/inference_results.json,
tissue_per_class,tissue-specific,CellViT-256,Selected PEFT,Tonsil,A,,,42,Melanocyte,,,,,,,,,,,,,,,,,,,,,,,,,,,,,,,,,,,,,,,,,,,,,,,,0,0,0,0.0,,,,,,,,,run/sthelar40x_tonsil_5class_slideind_foldA_cellvit256_lora_adaptformer_r8_a8_red16_heads_e10_seed42/log/2026-08-29T235644_sthelar40x_tonsil_5class_slideind_foldA_cellvit256_lora_adaptformer_r8_a8_red16_heads_e10_seed42/inference_results.json,
tissue_per_class,tissue-specific,CellViT-256,Selected PEFT,Tonsil,A,,,42,Other,,,,,,,,,,,,,,,,,,,,,,,,,,,,,,,,,,,,,,,,,,,,,0.0,,,33826,83047,0,0.0,,,,,,,,,run/sthelar40x_tonsil_5class_slideind_foldA_cellvit256_lora_adaptformer_r8_a8_red16_heads_e10_seed42/log/2026-08-29T235644_sthelar40x_tonsil_5class_slideind_foldA_cellvit256_lora_adaptformer_r8_a8_red16_heads_e10_seed42/inference_results.json,
tissue_result,tissue-specific,CellViT-256,Selected PEFT,Tonsil,B,,,42,,,,,23067,,,,,,,,,,,,,,,,,0.7980686571092857,0.6744327713913979,0.5273599211241206,0.22945257169163968,0.8632110181866615,0.49984770481691015,,,,,,,,,,,,,,,,,,,,,,,,,,3,4,3,3,False,Stromal->Immune,192828,checkpoint_10 TEST,run/sthelar40x_tonsil_5class_slideind_foldB_cellvit256_lora_adaptformer_r8_a8_red16_heads_e10_seed42/log/2026-08-30T002904_sthelar40x_tonsil_5class_slideind_foldB_cellvit256_lora_adaptformer_r8_a8_red16_heads_e10_seed42/inference_results.json,Strong/weak flag is within-backbone median-based and descriptive.
tissue_per_class,tissue-specific,CellViT-256,Selected PEFT,Tonsil,B,,,42,Immune,,,,,,,,,,,,,,,,,,,,,,,,,,,,,,,,,,,,,,,,,,,,,0.8393426400887315,,,1517287,1852833,1643409,0.7124187511541953,,,,,,,,,run/sthelar40x_tonsil_5class_slideind_foldB_cellvit256_lora_adaptformer_r8_a8_red16_heads_e10_seed42/log/2026-08-30T002904_sthelar40x_tonsil_5class_slideind_foldB_cellvit256_lora_adaptformer_r8_a8_red16_heads_e10_seed42/inference_results.json,
tissue_per_class,tissue-specific,CellViT-256,Selected PEFT,Tonsil,B,,,42,Stromal,,,,,,,,,,,,,,,,,,,,,,,,,,,,,,,,,,,,,,,,,,,,,0.4075994360707851,,,352126,445134,422852,0.1833065863476796,,,,,,,,,run/sthelar40x_tonsil_5class_slideind_foldB_cellvit256_lora_adaptformer_r8_a8_red16_heads_e10_seed42/log/2026-08-30T002904_sthelar40x_tonsil_5class_slideind_foldB_cellvit256_lora_adaptformer_r8_a8_red16_heads_e10_seed42/inference_results.json,
tissue_per_class,tissue-specific,CellViT-256,Selected PEFT,Tonsil,B,,,42,Epithelial,,,,,,,,,,,,,,,,,,,,,,,,,,,,,,,,,,,,,,,,,,,,,0.6903715809212525,,,262667,333755,228855,0.09920877474529674,,,,,,,,,run/sthelar40x_tonsil_5class_slideind_foldB_cellvit256_lora_adaptformer_r8_a8_red16_heads_e10_seed42/log/2026-08-30T002904_sthelar40x_tonsil_5class_slideind_foldB_cellvit256_lora_adaptformer_r8_a8_red16_heads_e10_seed42/inference_results.json,
tissue_per_class,tissue-specific,CellViT-256,Selected PEFT,Tonsil,B,,,42,Melanocyte,,,,,,,,,,,,,,,,,,,,,,,,,,,,,,,,,,,,,,,,,,,,,,,,0,0,0,0.0,,,,,,,,,run/sthelar40x_tonsil_5class_slideind_foldB_cellvit256_lora_adaptformer_r8_a8_red16_heads_e10_seed42/log/2026-08-30T002904_sthelar40x_tonsil_5class_slideind_foldB_cellvit256_lora_adaptformer_r8_a8_red16_heads_e10_seed42/inference_results.json,
tissue_per_class,tissue-specific,CellViT-256,Selected PEFT,Tonsil,B,,,42,Other,,,,,,,,,,,,,,,,,,,,,,,,,,,,,,,,,,,,,,,,,,,,,0.062077162186871454,,,10875,26588,11686,0.005065887752828374,,,,,,,,,run/sthelar40x_tonsil_5class_slideind_foldB_cellvit256_lora_adaptformer_r8_a8_red16_heads_e10_seed42/log/2026-08-30T002904_sthelar40x_tonsil_5class_slideind_foldB_cellvit256_lora_adaptformer_r8_a8_red16_heads_e10_seed42/inference_results.json,
tissue_reciprocal_fold_mean,tissue-specific,CellViT-256,Selected PEFT,Breast,A+B mean,,,42,,,,,,,,,,,,,,,,,,,,,,,,0.48188957214244155,0.2694494383919271,0.8133617104927859,0.4932904337023909,,,,,,,,,,,,,,,,,,,,,,,,,,3,1,5,1,,,,,,Unweighted descriptive mean of reciprocal fold directions; only complete A+B tissue pairs ranked.
tissue_reciprocal_fold_mean,tissue-specific,CellViT-256,Selected PEFT,Colon,A+B mean,,,42,,,,,,,,,,,,,,,,,,,,,,,,0.28705254255637586,0.11148342437605263,0.7309034511101498,0.40128309786303695,,,,,,,,,,,,,,,,,,,,,,,,,,9,6,7,5,,,,,,Unweighted descriptive mean of reciprocal fold directions; only complete A+B tissue pairs ranked.
tissue_reciprocal_fold_mean,tissue-specific,CellViT-256,Selected PEFT,Kidney,A+B mean,,,42,,,,,,,,,,,,,,,,,,,,,,,,0.5182034282941674,0.0976815512720304,0.8638471826725338,0.19155764645717152,,,,,,,,,,,,,,,,,,,,,,,,,,2,8,1,8,,,,,,Unweighted descriptive mean of reciprocal fold directions; only complete A+B tissue pairs ranked.
tissue_reciprocal_fold_mean,tissue-specific,CellViT-256,Selected PEFT,Liver,A+B mean,,,42,,,,,,,,,,,,,,,,,,,,,,,,0.5257546109321871,0.16250930852645767,0.8488796341529259,0.2549676780337577,,,,,,,,,,,,,,,,,,,,,,,,,,1,5,2,7,,,,,,Unweighted descriptive mean of reciprocal fold directions; only complete A+B tissue pairs ranked.
tissue_reciprocal_fold_mean,tissue-specific,CellViT-256,Selected PEFT,Lung,A+B mean,,,42,,,,,,,,,,,,,,,,,,,,,,,,0.45440308459476764,0.18244657585997406,0.8289416661682387,0.42977249253673633,,,,,,,,,,,,,,,,,,,,,,,,,,5,3,4,4,,,,,,Unweighted descriptive mean of reciprocal fold directions; only complete A+B tissue pairs ranked.
tissue_reciprocal_fold_mean,tissue-specific,CellViT-256,Selected PEFT,Ovary,A+B mean,,,42,,,,,,,,,,,,,,,,,,,,,,,,0.4132551819703507,0.17356029542938234,0.8115446758222967,0.47105685809942943,,,,,,,,,,,,,,,,,,,,,,,,,,6,4,6,3,,,,,,Unweighted descriptive mean of reciprocal fold directions; only complete A+B tissue pairs ranked.
tissue_reciprocal_fold_mean,tissue-specific,CellViT-256,Selected PEFT,Pancreatic,A+B mean,,,42,,,,,,,,,,,,,,,,,,,,,,,,0.32488324367125254,0.10187328375910104,0.6833019878329386,0.273932606098593,,,,,,,,,,,,,,,,,,,,,,,,,,7,7,9,6,,,,,,Unweighted descriptive mean of reciprocal fold directions; only complete A+B tissue pairs ranked.
tissue_reciprocal_fold_mean,tissue-specific,CellViT-256,Selected PEFT,Skin,A+B mean,,,42,,,,,,,,,,,,,,,,,,,,,,,,0.3082577985491141,0.05685236920609926,0.6934620072420592,0.14070756692987152,,,,,,,,,,,,,,,,,,,,,,,,,,8,9,8,9,,,,,,Unweighted descriptive mean of reciprocal fold directions; only complete A+B tissue pairs ranked.
tissue_reciprocal_fold_mean,tissue-specific,CellViT-256,Selected PEFT,Tonsil,A+B mean,,,42,,,,,,,,,,,,,,,,,,,,,,,,0.46823099860924966,0.20307056046690186,0.845485024970371,0.4792532967326484,,,,,,,,,,,,,,,,,,,,,,,,,,4,2,3,2,,,,,,Unweighted descriptive mean of reciprocal fold directions; only complete A+B tissue pairs ranked.
