protocol,backbone,method,domain,tissue,seed,fold,status,canonical_job_id,checkpoint_policy,Dice,Jaccard,bPQ,mPQ,F1det,F1type,immune_F1,immune_matched_support,immune_total_true_support,stromal_F1,stromal_matched_support,stromal_total_true_support,epithelial_F1,epithelial_matched_support,epithelial_total_true_support,melanocyte_F1,melanocyte_matched_support,melanocyte_total_true_support,other_F1,other_matched_support,other_total_true_support,trainable_params,total_params,trainable_pct,matched_patches,source_inference_json,provenance_note,test_patches,test_true_support,train_slide,test_slide,test_patch_id_sha256,training_wall_seconds,training_wall_hours,training_peak_allocated_gib,inference_peak_allocated_gib,inference_patches_per_second,retained_model_state_bytes,model_state_kind,source_efficiency_json,source_inference_efficiency_json
held_out_slide_KLT,CellViT-SAM-H,Frozen,KLT,Kidney+Liver+Tonsil,42,A,COMPLETED,1465774,official_pretrained,0.739183209,0.610734187,0.476233098,,0.828634881,,,,,,,,,,,,,,,,,0,699741149,0.000000000,,run/sthelar40x_klt_5class_slideind_foldA_frozen_seed42/eval/frozen_class_agnostic_results.json,,,,,,,,,,,,,,,
held_out_slide_KLT,CellViT-SAM-H,Frozen,KLT,Kidney+Liver+Tonsil,42,B,COMPLETED,1465815,official_pretrained,0.784177340,0.659797761,0.556509529,,0.848977657,,,,,,,,,,,,,,,,,0,699741149,0.000000000,,run/sthelar40x_klt_5class_slideind_foldB_frozen_seed42/eval/frozen_class_agnostic_results.json,,,,,,,,,,,,,,,
held_out_slide_KLT,CellViT-SAM-H,LP,KLT,Kidney+Liver+Tonsil,42,A,COMPLETED,1465814,checkpoint_10 TEST,0.734021585,0.601925195,0.463717652,0.194705169,0.831557245,0.415691639,0.802876637,507388,644689,0.381613656,186274,260279,0.478276262,202466,276803,,0,0,0.000000000,18998,41775,650,699736523,0.000092892,,run/sthelar40x_klt_5class_slideind_foldA_lp_final_heads_e10_seed42/log/2026-08-19T114405_sthelar40x_klt_5class_slideind_foldA_lp_final_heads_e10_seed42/inference_results.json,Canonical completion re-established from checkpoint-10 TEST artifacts on 2026-09-01.,23494,1223546,kidney_s0;liver_s0;tonsil_s0,kidney_s1;liver_s1;tonsil_s1,47b58bbfec248fadb420a3ee2072039375f23f2aae3ff5dc4146be2664e97a61,20278.850039,5.633014,3.893232,7.820193,9.636818,,,run/sthelar40x_klt_5class_slideind_foldA_lp_final_heads_e10_seed42/log/2026-08-19T114405_sthelar40x_klt_5class_slideind_foldA_lp_final_heads_e10_seed42/efficiency_metrics.json,run/sthelar40x_klt_5class_slideind_foldA_lp_final_heads_e10_seed42/log/2026-08-19T114405_sthelar40x_klt_5class_slideind_foldA_lp_final_heads_e10_seed42/inference_efficiency_metrics.json
held_out_slide_KLT,CellViT-SAM-H,LP,KLT,Kidney+Liver+Tonsil,42,B,COMPLETED,1465816,checkpoint_10 TEST,0.786167516,0.662299752,0.559110459,0.215950396,0.851035679,0.420922314,0.813005538,687543,866327,0.192200639,221685,292693,0.678483081,285378,377596,,0,0,0.000000000,11370,23634,650,699736523,0.000092892,,run/sthelar40x_klt_5class_slideind_foldB_lp_final_heads_e10_seed42/log/2026-08-19T123449_sthelar40x_klt_5class_slideind_foldB_lp_final_heads_e10_seed42/inference_results.json,Canonical completion re-established from checkpoint-10 TEST artifacts on 2026-09-01.,26335,1560250,kidney_s1;liver_s1;tonsil_s1,kidney_s0;liver_s0;tonsil_s0,ecb48f53f1b24e779857cc2415f3f61e87130e253e65857542adbf7ca5b3972e,18164.480058,5.045689,3.893232,7.820193,8.809425,,,run/sthelar40x_klt_5class_slideind_foldB_lp_final_heads_e10_seed42/log/2026-08-19T123449_sthelar40x_klt_5class_slideind_foldB_lp_final_heads_e10_seed42/efficiency_metrics.json,run/sthelar40x_klt_5class_slideind_foldB_lp_final_heads_e10_seed42/log/2026-08-19T123449_sthelar40x_klt_5class_slideind_foldB_lp_final_heads_e10_seed42/inference_efficiency_metrics.json
held_out_slide_KLT,CellViT-SAM-H,LP,KLT,Kidney+Liver+Tonsil,43,A,COMPLETED,1468274,checkpoint_10 TEST,0.729492512,0.597466432,0.463084517,0.203558417,0.826069779,0.438962522,0.797181957,501128,644648,0.339813897,181980,260255,0.618854235,198994,276719,,0,0,0.000000000,17818,41775,650,699736523,0.000092892,,run/sthelar40x_klt_5class_slideind_foldA_lp_final_heads_e10_seed43/log/2026-08-20T165926_sthelar40x_klt_5class_slideind_foldA_lp_final_heads_e10_seed43/inference_results.json,Canonical completion re-established from checkpoint-10 TEST artifacts on 2026-09-01.,23494,1223397,kidney_s0;liver_s0;tonsil_s0,kidney_s1;liver_s1;tonsil_s1,47b58bbfec248fadb420a3ee2072039375f23f2aae3ff5dc4146be2664e97a61,20658.393596,5.738443,3.893232,7.820193,9.474606,,,run/sthelar40x_klt_5class_slideind_foldA_lp_final_heads_e10_seed43/log/2026-08-20T165926_sthelar40x_klt_5class_slideind_foldA_lp_final_heads_e10_seed43/efficiency_metrics.json,run/sthelar40x_klt_5class_slideind_foldA_lp_final_heads_e10_seed43/log/2026-08-20T165926_sthelar40x_klt_5class_slideind_foldA_lp_final_heads_e10_seed43/inference_efficiency_metrics.json
held_out_slide_KLT,CellViT-SAM-H,LP,KLT,Kidney+Liver+Tonsil,43,B,COMPLETED,1468275,checkpoint_10 TEST,0.785399938,0.661267262,0.559287466,0.207725524,0.849863000,0.415270248,0.802072761,684978,866326,0.285595966,220463,292684,0.573234327,284140,377510,,0,0,0.000177936,11236,23634,650,699736523,0.000092892,,run/sthelar40x_klt_5class_slideind_foldB_lp_final_heads_e10_seed43/log/2026-08-20T194225_sthelar40x_klt_5class_slideind_foldB_lp_final_heads_e10_seed43/inference_results.json,Canonical completion re-established from checkpoint-10 TEST artifacts on 2026-09-01.,26335,1560154,kidney_s1;liver_s1;tonsil_s1,kidney_s0;liver_s0;tonsil_s0,ecb48f53f1b24e779857cc2415f3f61e87130e253e65857542adbf7ca5b3972e,17908.642895,4.974623,3.893232,7.820193,7.914775,,,run/sthelar40x_klt_5class_slideind_foldB_lp_final_heads_e10_seed43/log/2026-08-20T194225_sthelar40x_klt_5class_slideind_foldB_lp_final_heads_e10_seed43/efficiency_metrics.json,run/sthelar40x_klt_5class_slideind_foldB_lp_final_heads_e10_seed43/log/2026-08-20T194225_sthelar40x_klt_5class_slideind_foldB_lp_final_heads_e10_seed43/inference_efficiency_metrics.json
held_out_slide_KLT,CellViT-SAM-H,LP,KLT,Kidney+Liver+Tonsil,44,A,COMPLETED,1570493,checkpoint_10 TEST,0.729817639,0.597613644,0.461035095,0.199657831,0.828844919,0.439833853,0.788226842,505452,644687,0.379800922,184076,260281,0.591307647,200330,276806,,0,0,0.000000000,18293,41775,650,699736523,0.000092892,,run/sthelar40x_klt_5class_slideind_foldA_lp_final_heads_e10_seed44/log/2026-09-01T145728_sthelar40x_klt_5class_slideind_foldA_lp_final_heads_e10_seed44/inference_results.json,Canonical completion re-established from checkpoint-10 TEST artifacts on 2026-09-01.,23494,1223549,kidney_s0;liver_s0;tonsil_s0,kidney_s1;liver_s1;tonsil_s1,47b58bbfec248fadb420a3ee2072039375f23f2aae3ff5dc4146be2664e97a61,19910.190307,5.530608,3.893232,7.820193,9.025852,,,run/sthelar40x_klt_5class_slideind_foldA_lp_final_heads_e10_seed44/log/2026-09-01T145728_sthelar40x_klt_5class_slideind_foldA_lp_final_heads_e10_seed44/efficiency_metrics.json,run/sthelar40x_klt_5class_slideind_foldA_lp_final_heads_e10_seed44/log/2026-09-01T145728_sthelar40x_klt_5class_slideind_foldA_lp_final_heads_e10_seed44/inference_efficiency_metrics.json
held_out_slide_KLT,CellViT-SAM-H,LP,KLT,Kidney+Liver+Tonsil,44,B,COMPLETED,1570494,checkpoint_10 TEST,0.781395155,0.656380425,0.554563715,0.204945310,0.848128725,0.423149326,0.787962955,683935,866333,0.339473235,219671,292692,0.565161113,283155,377576,,0,0,0.000000000,11090,23634,650,699736523,0.000092892,,run/sthelar40x_klt_5class_slideind_foldB_lp_final_heads_e10_seed44/log/2026-09-01T150226_sthelar40x_klt_5class_slideind_foldB_lp_final_heads_e10_seed44/inference_results.json,Canonical completion re-established from checkpoint-10 TEST artifacts on 2026-09-01.,26335,1560235,kidney_s1;liver_s1;tonsil_s1,kidney_s0;liver_s0;tonsil_s0,ecb48f53f1b24e779857cc2415f3f61e87130e253e65857542adbf7ca5b3972e,19397.583847,5.388218,3.893232,7.820193,8.748182,,,run/sthelar40x_klt_5class_slideind_foldB_lp_final_heads_e10_seed44/log/2026-09-01T150226_sthelar40x_klt_5class_slideind_foldB_lp_final_heads_e10_seed44/efficiency_metrics.json,run/sthelar40x_klt_5class_slideind_foldB_lp_final_heads_e10_seed44/log/2026-09-01T150226_sthelar40x_klt_5class_slideind_foldB_lp_final_heads_e10_seed44/inference_efficiency_metrics.json
held_out_slide_KLT,CellViT-SAM-H,Selected PEFT,KLT,Kidney+Liver+Tonsil,42,A,COMPLETED,1465776,checkpoint_10 TEST,0.790979447,0.675632564,0.519822534,0.216963135,0.842759783,0.483567384,0.754382724,536496,644639,0.532731386,203714,260197,0.647054284,225463,276753,,0,0,0.000101143,19762,41741,7908779,707644395,1.117620525,,run/sthelar40x_klt_5class_slideind_foldA_lora_adaptformer_r8_a8_red16_heads_e10_seed42/log/2026-08-19T105648_sthelar40x_klt_5class_slideind_foldA_lora_adaptformer_r8_a8_red16_heads_e10_seed42/inference_results.json,Canonical completion re-established from checkpoint-10 TEST artifacts on 2026-09-01.,23494,1223330,kidney_s0;liver_s0;tonsil_s0,kidney_s1;liver_s1;tonsil_s1,47b58bbfec248fadb420a3ee2072039375f23f2aae3ff5dc4146be2664e97a61,28094.345991,7.803985,9.361769,6.834445,8.518929,,,run/sthelar40x_klt_5class_slideind_foldA_lora_adaptformer_r8_a8_red16_heads_e10_seed42/log/2026-08-19T105648_sthelar40x_klt_5class_slideind_foldA_lora_adaptformer_r8_a8_red16_heads_e10_seed42/efficiency_metrics.json,run/sthelar40x_klt_5class_slideind_foldA_lora_adaptformer_r8_a8_red16_heads_e10_seed42/log/2026-08-19T105648_sthelar40x_klt_5class_slideind_foldA_lora_adaptformer_r8_a8_red16_heads_e10_seed42/inference_efficiency_metrics.json
held_out_slide_KLT,CellViT-SAM-H,Selected PEFT,KLT,Kidney+Liver+Tonsil,42,B,COMPLETED,1468272,checkpoint_10 TEST,0.836443180,0.731268249,0.609579157,0.230505236,0.862920171,0.477919743,0.823474593,723997,866243,0.391760083,242837,292611,0.696312021,326868,377387,,0,0,0.000132275,15111,23623,7908779,707644395,1.117620525,,run/sthelar40x_klt_5class_slideind_foldB_lora_adaptformer_r8_a8_red16_heads_e10_seed42/log/2026-08-20T112527_sthelar40x_klt_5class_slideind_foldB_lora_adaptformer_r8_a8_red16_heads_e10_seed42/inference_results.json,Canonical completion re-established from checkpoint-10 TEST artifacts on 2026-09-01.,26335,1559864,kidney_s1;liver_s1;tonsil_s1,kidney_s0;liver_s0;tonsil_s0,ecb48f53f1b24e779857cc2415f3f61e87130e253e65857542adbf7ca5b3972e,25169.484723,6.991524,9.361769,6.834445,8.138865,,,run/sthelar40x_klt_5class_slideind_foldB_lora_adaptformer_r8_a8_red16_heads_e10_seed42/log/2026-08-20T112527_sthelar40x_klt_5class_slideind_foldB_lora_adaptformer_r8_a8_red16_heads_e10_seed42/efficiency_metrics.json,run/sthelar40x_klt_5class_slideind_foldB_lora_adaptformer_r8_a8_red16_heads_e10_seed42/log/2026-08-20T112527_sthelar40x_klt_5class_slideind_foldB_lora_adaptformer_r8_a8_red16_heads_e10_seed42/inference_efficiency_metrics.json
held_out_slide_KLT,CellViT-SAM-H,Selected PEFT,KLT,Kidney+Liver+Tonsil,43,A,COMPLETED,1475933,checkpoint_10 TEST,0.788109893,0.674347962,0.519882691,0.214514290,0.843175701,0.482991188,0.744772691,537531,644485,0.530357179,203736,260074,0.655525916,224511,276099,,0,0,0.001308966,19713,41731,7908779,707644395,1.117620525,,run/sthelar40x_klt_5class_slideind_foldA_lora_adaptformer_r8_a8_red16_heads_e10_seed43/log/2026-08-24T122637_sthelar40x_klt_5class_slideind_foldA_lora_adaptformer_r8_a8_red16_heads_e10_seed43/inference_results.json,Canonical completion re-established from checkpoint-10 TEST artifacts on 2026-09-01.,23494,1222389,kidney_s0;liver_s0;tonsil_s0,kidney_s1;liver_s1;tonsil_s1,47b58bbfec248fadb420a3ee2072039375f23f2aae3ff5dc4146be2664e97a61,24080.374011,6.688993,9.361769,6.834445,9.257787,,,run/sthelar40x_klt_5class_slideind_foldA_lora_adaptformer_r8_a8_red16_heads_e10_seed43/log/2026-08-24T122637_sthelar40x_klt_5class_slideind_foldA_lora_adaptformer_r8_a8_red16_heads_e10_seed43/efficiency_metrics.json,run/sthelar40x_klt_5class_slideind_foldA_lora_adaptformer_r8_a8_red16_heads_e10_seed43/log/2026-08-24T122637_sthelar40x_klt_5class_slideind_foldA_lora_adaptformer_r8_a8_red16_heads_e10_seed43/inference_efficiency_metrics.json
held_out_slide_KLT,CellViT-SAM-H,Selected PEFT,KLT,Kidney+Liver+Tonsil,43,B,COMPLETED,1475934,checkpoint_10 TEST,0.837137527,0.732402214,0.611420925,0.240552094,0.866116897,0.495963671,0.823643604,724836,866241,0.418938280,242736,292573,0.722150680,326707,377255,,0,0,0.019122121,14918,23582,7908779,707644395,1.117620525,,run/sthelar40x_klt_5class_slideind_foldB_lora_adaptformer_r8_a8_red16_heads_e10_seed43/log/2026-08-24T122637_sthelar40x_klt_5class_slideind_foldB_lora_adaptformer_r8_a8_red16_heads_e10_seed43/inference_results.json,Canonical completion re-established from checkpoint-10 TEST artifacts on 2026-09-01.,26335,1559651,kidney_s1;liver_s1;tonsil_s1,kidney_s0;liver_s0;tonsil_s0,ecb48f53f1b24e779857cc2415f3f61e87130e253e65857542adbf7ca5b3972e,20838.056456,5.788349,9.361769,6.834445,8.300136,,,run/sthelar40x_klt_5class_slideind_foldB_lora_adaptformer_r8_a8_red16_heads_e10_seed43/log/2026-08-24T122637_sthelar40x_klt_5class_slideind_foldB_lora_adaptformer_r8_a8_red16_heads_e10_seed43/efficiency_metrics.json,run/sthelar40x_klt_5class_slideind_foldB_lora_adaptformer_r8_a8_red16_heads_e10_seed43/log/2026-08-24T122637_sthelar40x_klt_5class_slideind_foldB_lora_adaptformer_r8_a8_red16_heads_e10_seed43/inference_efficiency_metrics.json
held_out_slide_KLT,CellViT-SAM-H,Selected PEFT,KLT,Kidney+Liver+Tonsil,44,A,COMPLETED,1524187,checkpoint_10 TEST,0.786536491,0.672421848,0.517122110,0.227019698,0.835736577,0.514654147,0.775715950,535445,644433,0.532010040,203647,260110,0.748473035,225145,276512,,0,0,0.002417561,20182,41705,7908779,707644395,1.117620525,,run/sthelar40x_klt_5class_slideind_foldA_lora_adaptformer_r8_a8_red16_heads_e10_seed44/log/2026-08-28T160202_sthelar40x_klt_5class_slideind_foldA_lora_adaptformer_r8_a8_red16_heads_e10_seed44/inference_results.json,Canonical completion re-established from checkpoint-10 TEST artifacts on 2026-09-01.,23494,1222760,kidney_s0;liver_s0;tonsil_s0,kidney_s1;liver_s1;tonsil_s1,47b58bbfec248fadb420a3ee2072039375f23f2aae3ff5dc4146be2664e97a61,25921.062132,7.200295,9.361769,6.834445,9.242537,31812068,adapter safetensors,run/sthelar40x_klt_5class_slideind_foldA_lora_adaptformer_r8_a8_red16_heads_e10_seed44/log/2026-08-28T160202_sthelar40x_klt_5class_slideind_foldA_lora_adaptformer_r8_a8_red16_heads_e10_seed44/efficiency_metrics.json,run/sthelar40x_klt_5class_slideind_foldA_lora_adaptformer_r8_a8_red16_heads_e10_seed44/log/2026-08-28T160202_sthelar40x_klt_5class_slideind_foldA_lora_adaptformer_r8_a8_red16_heads_e10_seed44/inference_efficiency_metrics.json
held_out_slide_KLT,CellViT-SAM-H,Selected PEFT,KLT,Kidney+Liver+Tonsil,44,B,COMPLETED,1524189,checkpoint_10 TEST,0.835293535,0.729833362,0.608138090,0.238425834,0.867216919,0.494676856,0.818886879,723370,865355,0.438327366,240173,292332,0.705975150,322645,376663,,0,0,0.015518028,14085,23532,7908779,707644395,1.117620525,,run/sthelar40x_klt_5class_slideind_foldB_lora_adaptformer_r8_a8_red16_heads_e10_seed44/log/2026-08-28T160202_sthelar40x_klt_5class_slideind_foldB_lora_adaptformer_r8_a8_red16_heads_e10_seed44/inference_results.json,Canonical completion re-established from checkpoint-10 TEST artifacts on 2026-09-01.,26335,1557882,kidney_s1;liver_s1;tonsil_s1,kidney_s0;liver_s0;tonsil_s0,ecb48f53f1b24e779857cc2415f3f61e87130e253e65857542adbf7ca5b3972e,22653.905304,6.292751,9.361769,6.834445,8.472542,31812132,adapter safetensors,run/sthelar40x_klt_5class_slideind_foldB_lora_adaptformer_r8_a8_red16_heads_e10_seed44/log/2026-08-28T160202_sthelar40x_klt_5class_slideind_foldB_lora_adaptformer_r8_a8_red16_heads_e10_seed44/efficiency_metrics.json,run/sthelar40x_klt_5class_slideind_foldB_lora_adaptformer_r8_a8_red16_heads_e10_seed44/log/2026-08-28T160202_sthelar40x_klt_5class_slideind_foldB_lora_adaptformer_r8_a8_red16_heads_e10_seed44/inference_efficiency_metrics.json
held_out_slide_KLT,CellViT-SAM-H,FullFT,KLT,Kidney+Liver+Tonsil,42,A,COMPLETED,1465777,checkpoint_10 TEST,0.790962625,0.679880617,0.522569900,0.178996828,0.831642319,0.443195442,0.703896072,531621,644531,0.529046558,197957,260164,0.414863597,223062,276562,,0,0,0.124975540,17562,41757,699736523,699736523,100.000000000,,run/sthelar40x_klt_5class_slideind_foldA_fullft_lr1e-5_e10_seed42/log/2026-08-19T110413_sthelar40x_klt_5class_slideind_foldA_fullft_lr1e-5_e10_seed42/inference_results.json,Canonical completion re-established from checkpoint-10 TEST artifacts on 2026-09-01.,23494,1223014,kidney_s0;liver_s0;tonsil_s0,kidney_s1;liver_s1;tonsil_s1,47b58bbfec248fadb420a3ee2072039375f23f2aae3ff5dc4146be2664e97a61,31844.095517,8.845582,15.507665,7.882327,9.537831,8397780353,canonical FullFT checkpoint size (provenance; weight may be retention-deleted),run/sthelar40x_klt_5class_slideind_foldA_fullft_lr1e-5_e10_seed42/log/2026-08-19T110413_sthelar40x_klt_5class_slideind_foldA_fullft_lr1e-5_e10_seed42/efficiency_metrics.json,run/sthelar40x_klt_5class_slideind_foldA_fullft_lr1e-5_e10_seed42/log/2026-08-19T110413_sthelar40x_klt_5class_slideind_foldA_fullft_lr1e-5_e10_seed42/inference_efficiency_metrics.json
held_out_slide_KLT,CellViT-SAM-H,FullFT,KLT,Kidney+Liver+Tonsil,42,B,COMPLETED,1465822,checkpoint_10 TEST,0.838595557,0.733798850,0.605767735,0.227492166,0.862206280,0.538082460,0.831273442,722057,866290,0.431807632,240352,292631,0.698378727,324208,377366,,0,0,0.190870037,14806,23615,699736523,699736523,100.000000000,,run/sthelar40x_klt_5class_slideind_foldB_fullft_lr1e-5_e10_seed42/log/2026-08-19T181004_sthelar40x_klt_5class_slideind_foldB_fullft_lr1e-5_e10_seed42/inference_results.json,Canonical completion re-established from checkpoint-10 TEST artifacts on 2026-09-01.,26335,1559902,kidney_s1;liver_s1;tonsil_s1,kidney_s0;liver_s0;tonsil_s0,ecb48f53f1b24e779857cc2415f3f61e87130e253e65857542adbf7ca5b3972e,25652.690591,7.125747,15.507665,7.882327,8.324481,8397780353,canonical FullFT checkpoint size (provenance; weight may be retention-deleted),run/sthelar40x_klt_5class_slideind_foldB_fullft_lr1e-5_e10_seed42/log/2026-08-19T181004_sthelar40x_klt_5class_slideind_foldB_fullft_lr1e-5_e10_seed42/efficiency_metrics.json,run/sthelar40x_klt_5class_slideind_foldB_fullft_lr1e-5_e10_seed42/log/2026-08-19T181004_sthelar40x_klt_5class_slideind_foldB_fullft_lr1e-5_e10_seed42/inference_efficiency_metrics.json
held_out_slide_KLT,CellViT-SAM-H,FullFT,KLT,Kidney+Liver+Tonsil,43,A,COMPLETED,1475941,checkpoint_10 TEST,0.796939417,0.683514311,0.525328908,0.210513846,0.837200211,0.489442922,0.717619302,532659,644433,0.532826690,200323,260055,0.574899621,222317,276255,,0,0,0.132426075,20092,41650,699736523,699736523,100.000000000,,run/sthelar40x_klt_5class_slideind_foldA_fullft_lr1e-5_e10_seed43/log/2026-08-25T015318_sthelar40x_klt_5class_slideind_foldA_fullft_lr1e-5_e10_seed43/inference_results.json,Canonical completion re-established from checkpoint-10 TEST artifacts on 2026-09-01.,23494,1222393,kidney_s0;liver_s0;tonsil_s0,kidney_s1;liver_s1;tonsil_s1,47b58bbfec248fadb420a3ee2072039375f23f2aae3ff5dc4146be2664e97a61,31761.212125,8.822559,15.501546,7.884646,9.329470,8397780353,canonical FullFT checkpoint size (provenance; weight may be retention-deleted),run/sthelar40x_klt_5class_slideind_foldA_fullft_lr1e-5_e10_seed43/log/2026-08-25T015318_sthelar40x_klt_5class_slideind_foldA_fullft_lr1e-5_e10_seed43/efficiency_metrics.json,run/sthelar40x_klt_5class_slideind_foldA_fullft_lr1e-5_e10_seed43/log/2026-08-25T015318_sthelar40x_klt_5class_slideind_foldA_fullft_lr1e-5_e10_seed43/inference_efficiency_metrics.json
held_out_slide_KLT,CellViT-SAM-H,FullFT,KLT,Kidney+Liver+Tonsil,43,B,COMPLETED,1475942,checkpoint_10 TEST,0.837651686,0.732417443,0.603335593,0.232789214,0.854947438,0.543409749,0.822578019,717371,866268,0.422591111,239547,292633,0.717455049,322700,377330,,0,0,0.211014817,15263,23623,699736523,699736523,100.000000000,,run/sthelar40x_klt_5class_slideind_foldB_fullft_lr1e-5_e10_seed43/log/2026-08-25T105706_sthelar40x_klt_5class_slideind_foldB_fullft_lr1e-5_e10_seed43/inference_results.json,Canonical completion re-established from checkpoint-10 TEST artifacts on 2026-09-01.,26335,1559854,kidney_s1;liver_s1;tonsil_s1,kidney_s0;liver_s0;tonsil_s0,ecb48f53f1b24e779857cc2415f3f61e87130e253e65857542adbf7ca5b3972e,27193.225427,7.553674,15.501546,7.884646,8.385924,8397780353,canonical FullFT checkpoint size (provenance; weight may be retention-deleted),run/sthelar40x_klt_5class_slideind_foldB_fullft_lr1e-5_e10_seed43/log/2026-08-25T105706_sthelar40x_klt_5class_slideind_foldB_fullft_lr1e-5_e10_seed43/efficiency_metrics.json,run/sthelar40x_klt_5class_slideind_foldB_fullft_lr1e-5_e10_seed43/log/2026-08-25T105706_sthelar40x_klt_5class_slideind_foldB_fullft_lr1e-5_e10_seed43/inference_efficiency_metrics.json
held_out_slide_KLT,CellViT-SAM-H,FullFT,KLT,Kidney+Liver+Tonsil,44,A,COMPLETED,1524190,checkpoint_10 TEST,0.796286929,0.683708934,0.527667599,0.205678207,0.839073541,0.492615090,0.735709988,533263,644616,0.535803154,198308,260144,0.547256738,221193,276591,,0,0,0.151690481,19016,41695,699736523,699736523,100.000000000,,run/sthelar40x_klt_5class_slideind_foldA_fullft_lr1e-5_e10_seed44/log/2026-08-28T220820_sthelar40x_klt_5class_slideind_foldA_fullft_lr1e-5_e10_seed44/inference_results.json,Canonical completion re-established from checkpoint-10 TEST artifacts on 2026-09-01.,23494,1223046,kidney_s0;liver_s0;tonsil_s0,kidney_s1;liver_s1;tonsil_s1,47b58bbfec248fadb420a3ee2072039375f23f2aae3ff5dc4146be2664e97a61,30632.855539,8.509127,15.501546,7.884646,9.383338,8397780353,canonical FullFT checkpoint size (provenance; weight may be retention-deleted),run/sthelar40x_klt_5class_slideind_foldA_fullft_lr1e-5_e10_seed44/log/2026-08-28T220820_sthelar40x_klt_5class_slideind_foldA_fullft_lr1e-5_e10_seed44/efficiency_metrics.json,run/sthelar40x_klt_5class_slideind_foldA_fullft_lr1e-5_e10_seed44/log/2026-08-28T220820_sthelar40x_klt_5class_slideind_foldA_fullft_lr1e-5_e10_seed44/inference_efficiency_metrics.json
held_out_slide_KLT,CellViT-SAM-H,FullFT,KLT,Kidney+Liver+Tonsil,44,B,COMPLETED,1524191,checkpoint_10 TEST,0.836229072,0.730623833,0.601451529,0.229977577,0.863014833,0.542575324,0.833900595,720138,866312,0.404698169,239460,292687,0.731800299,323210,377585,,0,0,0.199902234,14780,23635,699736523,699736523,100.000000000,,run/sthelar40x_klt_5class_slideind_foldB_fullft_lr1e-5_e10_seed44/log/2026-08-28T224255_sthelar40x_klt_5class_slideind_foldB_fullft_lr1e-5_e10_seed44/inference_results.json,Canonical completion re-established from checkpoint-10 TEST artifacts on 2026-09-01.,26335,1560219,kidney_s1;liver_s1;tonsil_s1,kidney_s0;liver_s0;tonsil_s0,ecb48f53f1b24e779857cc2415f3f61e87130e253e65857542adbf7ca5b3972e,26035.548125,7.232097,15.501546,7.884646,8.338075,8397780353,canonical FullFT checkpoint size (provenance; weight may be retention-deleted),run/sthelar40x_klt_5class_slideind_foldB_fullft_lr1e-5_e10_seed44/log/2026-08-28T224255_sthelar40x_klt_5class_slideind_foldB_fullft_lr1e-5_e10_seed44/efficiency_metrics.json,run/sthelar40x_klt_5class_slideind_foldB_fullft_lr1e-5_e10_seed44/log/2026-08-28T224255_sthelar40x_klt_5class_slideind_foldB_fullft_lr1e-5_e10_seed44/inference_efficiency_metrics.json
held_out_slide_KLT,CellViT-256,Frozen,KLT,Kidney+Liver+Tonsil,42,A,COMPLETED,1475937,official_pretrained,0.747747126,0.621585337,0.474524360,,0.833567515,,,,,,,,,,,,,,,,,0,46750349,0.000000000,,run/sthelar40x_klt_5class_slideind_foldA_cellvit256_frozen_seed42/eval/frozen_class_agnostic_results.json,,,,,,,,,,,,,,,
held_out_slide_KLT,CellViT-256,Frozen,KLT,Kidney+Liver+Tonsil,42,B,COMPLETED,1475938,official_pretrained,0.795420779,0.675882735,0.561385455,,0.857775898,,,,,,,,,,,,,,,,,0,46750349,0.000000000,,run/sthelar40x_klt_5class_slideind_foldB_cellvit256_frozen_seed42/eval/frozen_class_agnostic_results.json,,,,,,,,,,,,,,,
held_out_slide_KLT,CellViT-256,LP,KLT,Kidney+Liver+Tonsil,42,A,COMPLETED,1475939,checkpoint_10 TEST,0.735079889,0.602779805,0.447014688,0.173587917,0.828397717,0.399374646,0.785880340,512009,644660,0.354033137,185808,260198,0.456851200,200895,276648,,0,0,0.000733906,19059,41721,650,46743419,0.001390570,,run/sthelar40x_klt_5class_slideind_foldA_cellvit256_lp_final_heads_e10_seed42/log/2026-08-24T195358_sthelar40x_klt_5class_slideind_foldA_cellvit256_lp_final_heads_e10_seed42/inference_results.json,Canonical completion re-established from checkpoint-10 TEST artifacts on 2026-09-01.,23494,1223227,kidney_s0;liver_s0;tonsil_s0,kidney_s1;liver_s1;tonsil_s1,47b58bbfec248fadb420a3ee2072039375f23f2aae3ff5dc4146be2664e97a61,16685.017795,4.634727,1.336204,1.610587,10.502266,,,run/sthelar40x_klt_5class_slideind_foldA_cellvit256_lp_final_heads_e10_seed42/log/2026-08-24T195358_sthelar40x_klt_5class_slideind_foldA_cellvit256_lp_final_heads_e10_seed42/efficiency_metrics.json,run/sthelar40x_klt_5class_slideind_foldA_cellvit256_lp_final_heads_e10_seed42/log/2026-08-24T195358_sthelar40x_klt_5class_slideind_foldA_cellvit256_lp_final_heads_e10_seed42/inference_efficiency_metrics.json
held_out_slide_KLT,CellViT-256,LP,KLT,Kidney+Liver+Tonsil,42,B,COMPLETED,1475940,checkpoint_10 TEST,0.788382414,0.665693568,0.548296443,0.199425614,0.853129757,0.414006294,0.816001058,700359,865901,0.262178383,224662,292258,0.577845737,286457,376299,,0,0,0.000000000,11124,23592,650,46743419,0.001390570,,run/sthelar40x_klt_5class_slideind_foldB_cellvit256_lp_final_heads_e10_seed42/log/2026-08-24T203638_sthelar40x_klt_5class_slideind_foldB_cellvit256_lp_final_heads_e10_seed42/inference_results.json,Canonical completion re-established from checkpoint-10 TEST artifacts on 2026-09-01.,26335,1558050,kidney_s1;liver_s1;tonsil_s1,kidney_s0;liver_s0;tonsil_s0,ecb48f53f1b24e779857cc2415f3f61e87130e253e65857542adbf7ca5b3972e,14436.497708,4.010138,1.336204,1.610587,9.468238,,,run/sthelar40x_klt_5class_slideind_foldB_cellvit256_lp_final_heads_e10_seed42/log/2026-08-24T203638_sthelar40x_klt_5class_slideind_foldB_cellvit256_lp_final_heads_e10_seed42/efficiency_metrics.json,run/sthelar40x_klt_5class_slideind_foldB_cellvit256_lp_final_heads_e10_seed42/log/2026-08-24T203638_sthelar40x_klt_5class_slideind_foldB_cellvit256_lp_final_heads_e10_seed42/inference_efficiency_metrics.json
held_out_slide_KLT,CellViT-256,LP,KLT,Kidney+Liver+Tonsil,43,A,COMPLETED,1570495,checkpoint_10 TEST,0.718726318,0.583322922,0.434530878,0.170297035,0.818879174,0.403460853,0.785221434,501554,644519,0.324233259,176592,260045,0.503680378,192334,276378,,0,0,0.000708341,16925,41666,650,46743419,0.001390570,,run/sthelar40x_klt_5class_slideind_foldA_cellvit256_lp_final_heads_e10_seed43/log/2026-09-01T093003_sthelar40x_klt_5class_slideind_foldA_cellvit256_lp_final_heads_e10_seed43/inference_results.json,Canonical completion re-established from checkpoint-10 TEST artifacts on 2026-09-01.,23494,1222608,kidney_s0;liver_s0;tonsil_s0,kidney_s1;liver_s1;tonsil_s1,47b58bbfec248fadb420a3ee2072039375f23f2aae3ff5dc4146be2664e97a61,17189.249833,4.774792,1.336204,1.610587,10.419891,,,run/sthelar40x_klt_5class_slideind_foldA_cellvit256_lp_final_heads_e10_seed43/log/2026-09-01T093003_sthelar40x_klt_5class_slideind_foldA_cellvit256_lp_final_heads_e10_seed43/efficiency_metrics.json,run/sthelar40x_klt_5class_slideind_foldA_cellvit256_lp_final_heads_e10_seed43/log/2026-09-01T093003_sthelar40x_klt_5class_slideind_foldA_cellvit256_lp_final_heads_e10_seed43/inference_efficiency_metrics.json
held_out_slide_KLT,CellViT-256,LP,KLT,Kidney+Liver+Tonsil,43,B,COMPLETED,1570496,checkpoint_10 TEST,0.788948437,0.665498459,0.548441203,0.206559684,0.855269157,0.413195475,0.816368493,700312,866071,0.217657567,225533,292407,0.618755841,289011,376615,,0,0,0.000000000,11353,23613,650,46743419,0.001390570,,run/sthelar40x_klt_5class_slideind_foldB_cellvit256_lp_final_heads_e10_seed43/log/2026-09-01T093003_sthelar40x_klt_5class_slideind_foldB_cellvit256_lp_final_heads_e10_seed43/inference_results.json,Canonical completion re-established from checkpoint-10 TEST artifacts on 2026-09-01.,26335,1558706,kidney_s1;liver_s1;tonsil_s1,kidney_s0;liver_s0;tonsil_s0,ecb48f53f1b24e779857cc2415f3f61e87130e253e65857542adbf7ca5b3972e,16836.372462,4.676770,1.336204,1.610587,9.154773,,,run/sthelar40x_klt_5class_slideind_foldB_cellvit256_lp_final_heads_e10_seed43/log/2026-09-01T093003_sthelar40x_klt_5class_slideind_foldB_cellvit256_lp_final_heads_e10_seed43/efficiency_metrics.json,run/sthelar40x_klt_5class_slideind_foldB_cellvit256_lp_final_heads_e10_seed43/log/2026-09-01T093003_sthelar40x_klt_5class_slideind_foldB_cellvit256_lp_final_heads_e10_seed43/inference_efficiency_metrics.json
held_out_slide_KLT,CellViT-256,LP,KLT,Kidney+Liver+Tonsil,44,A,COMPLETED,1570497,checkpoint_10 TEST,0.725716529,0.591408443,0.438336955,0.170176434,0.824636490,0.398493614,0.787020043,509212,644579,0.319142296,181899,260101,0.486941888,196550,276415,,0,0,0.000870227,18343,41675,650,46743419,0.001390570,,run/sthelar40x_klt_5class_slideind_foldA_cellvit256_lp_final_heads_e10_seed44/log/2026-09-01T132245_sthelar40x_klt_5class_slideind_foldA_cellvit256_lp_final_heads_e10_seed44/inference_results.json,Canonical completion re-established from checkpoint-10 TEST artifacts on 2026-09-01.,23494,1222770,kidney_s0;liver_s0;tonsil_s0,kidney_s1;liver_s1;tonsil_s1,47b58bbfec248fadb420a3ee2072039375f23f2aae3ff5dc4146be2664e97a61,20776.723991,5.771312,1.336204,1.610587,10.322284,,,run/sthelar40x_klt_5class_slideind_foldA_cellvit256_lp_final_heads_e10_seed44/log/2026-09-01T132245_sthelar40x_klt_5class_slideind_foldA_cellvit256_lp_final_heads_e10_seed44/efficiency_metrics.json,run/sthelar40x_klt_5class_slideind_foldA_cellvit256_lp_final_heads_e10_seed44/log/2026-09-01T132245_sthelar40x_klt_5class_slideind_foldA_cellvit256_lp_final_heads_e10_seed44/inference_efficiency_metrics.json
held_out_slide_KLT,CellViT-256,LP,KLT,Kidney+Liver+Tonsil,44,B,COMPLETED,1570498,checkpoint_10 TEST,0.763805680,0.633657259,0.522568708,0.191789211,0.837915101,0.415330568,0.813723519,680826,865409,0.272934812,211320,291810,0.574663942,266994,375122,,0,0,0.000000000,9184,23572,650,46743419,0.001390570,,run/sthelar40x_klt_5class_slideind_foldB_cellvit256_lp_final_heads_e10_seed44/log/2026-09-01T143938_sthelar40x_klt_5class_slideind_foldB_cellvit256_lp_final_heads_e10_seed44/inference_results.json,Canonical completion re-established from checkpoint-10 TEST artifacts on 2026-09-01.,26335,1555913,kidney_s1;liver_s1;tonsil_s1,kidney_s0;liver_s0;tonsil_s0,ecb48f53f1b24e779857cc2415f3f61e87130e253e65857542adbf7ca5b3972e,16302.950259,4.528597,1.336204,1.610587,9.206938,,,run/sthelar40x_klt_5class_slideind_foldB_cellvit256_lp_final_heads_e10_seed44/log/2026-09-01T143938_sthelar40x_klt_5class_slideind_foldB_cellvit256_lp_final_heads_e10_seed44/efficiency_metrics.json,run/sthelar40x_klt_5class_slideind_foldB_cellvit256_lp_final_heads_e10_seed44/log/2026-09-01T143938_sthelar40x_klt_5class_slideind_foldB_cellvit256_lp_final_heads_e10_seed44/inference_efficiency_metrics.json
held_out_slide_KLT,CellViT-256,Selected PEFT,KLT,Kidney+Liver+Tonsil,42,A,COMPLETED,1478320,checkpoint_10 TEST,0.767567380,0.640913035,0.468417518,0.190465543,0.824494095,0.497561868,0.736528535,528436,644067,0.491090470,203598,259698,0.662399385,220505,275710,,0,0,0.100229083,23410,41603,374198,47116967,0.794189490,,run/sthelar40x_klt_5class_slideind_foldA_cellvit256_lora_adaptformer_r8_a8_red16_heads_e10_seed42/log/2026-08-25T114238_sthelar40x_klt_5class_slideind_foldA_cellvit256_lora_adaptformer_r8_a8_red16_heads_e10_seed42/inference_results.json,Canonical completion re-established from checkpoint-10 TEST artifacts on 2026-09-01.,23494,1221078,kidney_s0;liver_s0;tonsil_s0,kidney_s1;liver_s1;tonsil_s1,47b58bbfec248fadb420a3ee2072039375f23f2aae3ff5dc4146be2664e97a61,24857.718076,6.904922,2.040328,1.581058,9.632777,,,run/sthelar40x_klt_5class_slideind_foldA_cellvit256_lora_adaptformer_r8_a8_red16_heads_e10_seed42/log/2026-08-25T114238_sthelar40x_klt_5class_slideind_foldA_cellvit256_lora_adaptformer_r8_a8_red16_heads_e10_seed42/efficiency_metrics.json,run/sthelar40x_klt_5class_slideind_foldA_cellvit256_lora_adaptformer_r8_a8_red16_heads_e10_seed42/log/2026-08-25T114238_sthelar40x_klt_5class_slideind_foldA_cellvit256_lora_adaptformer_r8_a8_red16_heads_e10_seed42/inference_efficiency_metrics.json
held_out_slide_KLT,CellViT-256,Selected PEFT,KLT,Kidney+Liver+Tonsil,42,B,COMPLETED,1478322,checkpoint_10 TEST,0.814708595,0.700079546,0.567591723,0.195223080,0.859312821,0.464843024,0.824263883,714111,865023,0.345854186,234741,291664,0.634258795,309935,375660,,0,0,0.054995233,12638,23408,374198,47116967,0.794189490,,run/sthelar40x_klt_5class_slideind_foldB_cellvit256_lora_adaptformer_r8_a8_red16_heads_e10_seed42/log/2026-08-25T114238_sthelar40x_klt_5class_slideind_foldB_cellvit256_lora_adaptformer_r8_a8_red16_heads_e10_seed42/inference_results.json,Canonical completion re-established from checkpoint-10 TEST artifacts on 2026-09-01.,26335,1555755,kidney_s1;liver_s1;tonsil_s1,kidney_s0;liver_s0;tonsil_s0,ecb48f53f1b24e779857cc2415f3f61e87130e253e65857542adbf7ca5b3972e,18655.760391,5.182156,2.040328,1.581058,9.144160,,,run/sthelar40x_klt_5class_slideind_foldB_cellvit256_lora_adaptformer_r8_a8_red16_heads_e10_seed42/log/2026-08-25T114238_sthelar40x_klt_5class_slideind_foldB_cellvit256_lora_adaptformer_r8_a8_red16_heads_e10_seed42/efficiency_metrics.json,run/sthelar40x_klt_5class_slideind_foldB_cellvit256_lora_adaptformer_r8_a8_red16_heads_e10_seed42/log/2026-08-25T114238_sthelar40x_klt_5class_slideind_foldB_cellvit256_lora_adaptformer_r8_a8_red16_heads_e10_seed42/inference_efficiency_metrics.json
held_out_slide_KLT,CellViT-256,Selected PEFT,KLT,Kidney+Liver+Tonsil,43,A,COMPLETED,1524192,checkpoint_10 TEST,0.765054780,0.640928466,0.470623723,0.169304901,0.841838252,0.435270160,0.721533080,528026,643062,0.504382767,197578,258736,0.472596250,215598,273982,,0,0,0.042568543,20484,41411,374198,47116967,0.794189490,,run/sthelar40x_klt_5class_slideind_foldA_cellvit256_lora_adaptformer_r8_a8_red16_heads_e10_seed43/log/2026-08-28T161713_sthelar40x_klt_5class_slideind_foldA_cellvit256_lora_adaptformer_r8_a8_red16_heads_e10_seed43/inference_results.json,Canonical completion re-established from checkpoint-10 TEST artifacts on 2026-09-01.,23494,1217191,kidney_s0;liver_s0;tonsil_s0,kidney_s1;liver_s1;tonsil_s1,47b58bbfec248fadb420a3ee2072039375f23f2aae3ff5dc4146be2664e97a61,20582.977442,5.717494,2.040328,1.581058,9.893776,1613552,adapter safetensors,run/sthelar40x_klt_5class_slideind_foldA_cellvit256_lora_adaptformer_r8_a8_red16_heads_e10_seed43/log/2026-08-28T161713_sthelar40x_klt_5class_slideind_foldA_cellvit256_lora_adaptformer_r8_a8_red16_heads_e10_seed43/efficiency_metrics.json,run/sthelar40x_klt_5class_slideind_foldA_cellvit256_lora_adaptformer_r8_a8_red16_heads_e10_seed43/log/2026-08-28T161713_sthelar40x_klt_5class_slideind_foldA_cellvit256_lora_adaptformer_r8_a8_red16_heads_e10_seed43/inference_efficiency_metrics.json
held_out_slide_KLT,CellViT-256,Selected PEFT,KLT,Kidney+Liver+Tonsil,43,B,COMPLETED,1524193,checkpoint_10 TEST,0.817917880,0.704835816,0.573476058,0.192112755,0.865151978,0.463118265,0.826258809,716651,864440,0.342332686,235827,291456,0.627366206,311475,374577,,0,0,0.056515359,12674,23376,374198,47116967,0.794189490,,run/sthelar40x_klt_5class_slideind_foldB_cellvit256_lora_adaptformer_r8_a8_red16_heads_e10_seed43/log/2026-08-28T161713_sthelar40x_klt_5class_slideind_foldB_cellvit256_lora_adaptformer_r8_a8_red16_heads_e10_seed43/inference_results.json,Canonical completion re-established from checkpoint-10 TEST artifacts on 2026-09-01.,26335,1553849,kidney_s1;liver_s1;tonsil_s1,kidney_s0;liver_s0;tonsil_s0,ecb48f53f1b24e779857cc2415f3f61e87130e253e65857542adbf7ca5b3972e,17965.255171,4.990349,2.040328,1.581058,9.014691,1613552,adapter safetensors,run/sthelar40x_klt_5class_slideind_foldB_cellvit256_lora_adaptformer_r8_a8_red16_heads_e10_seed43/log/2026-08-28T161713_sthelar40x_klt_5class_slideind_foldB_cellvit256_lora_adaptformer_r8_a8_red16_heads_e10_seed43/efficiency_metrics.json,run/sthelar40x_klt_5class_slideind_foldB_cellvit256_lora_adaptformer_r8_a8_red16_heads_e10_seed43/log/2026-08-28T161713_sthelar40x_klt_5class_slideind_foldB_cellvit256_lora_adaptformer_r8_a8_red16_heads_e10_seed43/inference_efficiency_metrics.json
held_out_slide_KLT,CellViT-256,Selected PEFT,KLT,Kidney+Liver+Tonsil,44,A,COMPLETED,1558251,checkpoint_10 TEST,0.767204109,0.641384402,0.469107907,0.190829644,0.833364499,0.492060969,0.750238256,529607,643709,0.495441950,202524,259180,0.626886249,219530,275058,,0,0,0.095677421,22393,41477,374198,47116967,0.794189490,,run/sthelar40x_klt_5class_slideind_foldA_cellvit256_lora_adaptformer_r8_a8_red16_heads_e10_seed44/log/2026-08-29T170826_sthelar40x_klt_5class_slideind_foldA_cellvit256_lora_adaptformer_r8_a8_red16_heads_e10_seed44/inference_results.json,Canonical completion re-established from checkpoint-10 TEST artifacts on 2026-09-01.,23494,1219424,kidney_s0;liver_s0;tonsil_s0,kidney_s1;liver_s1;tonsil_s1,47b58bbfec248fadb420a3ee2072039375f23f2aae3ff5dc4146be2664e97a61,21912.432006,6.086787,2.040328,1.581058,9.757765,1613552,adapter safetensors,run/sthelar40x_klt_5class_slideind_foldA_cellvit256_lora_adaptformer_r8_a8_red16_heads_e10_seed44/log/2026-08-29T170826_sthelar40x_klt_5class_slideind_foldA_cellvit256_lora_adaptformer_r8_a8_red16_heads_e10_seed44/efficiency_metrics.json,run/sthelar40x_klt_5class_slideind_foldA_cellvit256_lora_adaptformer_r8_a8_red16_heads_e10_seed44/log/2026-08-29T170826_sthelar40x_klt_5class_slideind_foldA_cellvit256_lora_adaptformer_r8_a8_red16_heads_e10_seed44/inference_efficiency_metrics.json
held_out_slide_KLT,CellViT-256,Selected PEFT,KLT,Kidney+Liver+Tonsil,44,B,COMPLETED,1558640,checkpoint_10 TEST,0.803001201,0.684270332,0.552230923,0.182859277,0.860590729,0.472080359,0.828115337,707689,863291,0.362047167,226654,290884,0.634651548,295414,374560,,0,0,0.063507383,10463,23292,374198,47116967,0.794189490,,run/sthelar40x_klt_5class_slideind_foldB_cellvit256_lora_adaptformer_r8_a8_red16_heads_e10_seed44/log/2026-08-29T171724_sthelar40x_klt_5class_slideind_foldB_cellvit256_lora_adaptformer_r8_a8_red16_heads_e10_seed44/inference_results.json,Canonical completion re-established from checkpoint-10 TEST artifacts on 2026-09-01.,26335,1552027,kidney_s1;liver_s1;tonsil_s1,kidney_s0;liver_s0;tonsil_s0,ecb48f53f1b24e779857cc2415f3f61e87130e253e65857542adbf7ca5b3972e,22462.931226,6.239703,2.040328,1.581058,8.213948,1613560,adapter safetensors,run/sthelar40x_klt_5class_slideind_foldB_cellvit256_lora_adaptformer_r8_a8_red16_heads_e10_seed44/log/2026-08-29T171724_sthelar40x_klt_5class_slideind_foldB_cellvit256_lora_adaptformer_r8_a8_red16_heads_e10_seed44/efficiency_metrics.json,run/sthelar40x_klt_5class_slideind_foldB_cellvit256_lora_adaptformer_r8_a8_red16_heads_e10_seed44/log/2026-08-29T171724_sthelar40x_klt_5class_slideind_foldB_cellvit256_lora_adaptformer_r8_a8_red16_heads_e10_seed44/inference_efficiency_metrics.json
held_out_slide_KLT,CellViT-256,FullFT,KLT,Kidney+Liver+Tonsil,42,A,COMPLETED,1473865,checkpoint_10 TEST,0.786897578,0.673020873,0.510964769,0.192716488,0.835910750,0.467405143,0.713757316,534023,644229,0.515172964,200121,259792,0.560652339,221136,275858,,0,0,0.080037952,19194,41651,46743419,46743419,100.000000000,,run/sthelar40x_klt_5class_slideind_foldA_cellvit256_fullft_lr1e-5_e10_seed42/log/2026-08-24T115109_sthelar40x_klt_5class_slideind_foldA_cellvit256_fullft_lr1e-5_e10_seed42/inference_results.json,Canonical completion re-established from checkpoint-10 TEST artifacts on 2026-09-01.,23494,1221530,kidney_s0;liver_s0;tonsil_s0,kidney_s1;liver_s1;tonsil_s1,47b58bbfec248fadb420a3ee2072039375f23f2aae3ff5dc4146be2664e97a61,21537.159188,5.982544,2.667426,1.617799,8.691151,561446912,canonical FullFT checkpoint size (provenance; weight may be retention-deleted),run/sthelar40x_klt_5class_slideind_foldA_cellvit256_fullft_lr1e-5_e10_seed42/log/2026-08-24T115109_sthelar40x_klt_5class_slideind_foldA_cellvit256_fullft_lr1e-5_e10_seed42/efficiency_metrics.json,run/sthelar40x_klt_5class_slideind_foldA_cellvit256_fullft_lr1e-5_e10_seed42/log/2026-08-24T115109_sthelar40x_klt_5class_slideind_foldA_cellvit256_fullft_lr1e-5_e10_seed42/inference_efficiency_metrics.json
held_out_slide_KLT,CellViT-256,FullFT,KLT,Kidney+Liver+Tonsil,42,B,COMPLETED,1473866,checkpoint_10 TEST,0.833061821,0.726075137,0.596366927,0.204571594,0.865886857,0.481218489,0.820106981,722989,866039,0.382599243,240126,292507,0.598340675,322434,376689,,0,0,0.123827055,14381,23598,46743419,46743419,100.000000000,,run/sthelar40x_klt_5class_slideind_foldB_cellvit256_fullft_lr1e-5_e10_seed42/log/2026-08-24T115109_sthelar40x_klt_5class_slideind_foldB_cellvit256_fullft_lr1e-5_e10_seed42/inference_results.json,Canonical completion re-established from checkpoint-10 TEST artifacts on 2026-09-01.,26335,1558833,kidney_s1;liver_s1;tonsil_s1,kidney_s0;liver_s0;tonsil_s0,ecb48f53f1b24e779857cc2415f3f61e87130e253e65857542adbf7ca5b3972e,18616.312458,5.171198,2.667426,1.617799,8.203985,561446912,canonical FullFT checkpoint size (provenance; weight may be retention-deleted),run/sthelar40x_klt_5class_slideind_foldB_cellvit256_fullft_lr1e-5_e10_seed42/log/2026-08-24T115109_sthelar40x_klt_5class_slideind_foldB_cellvit256_fullft_lr1e-5_e10_seed42/efficiency_metrics.json,run/sthelar40x_klt_5class_slideind_foldB_cellvit256_fullft_lr1e-5_e10_seed42/log/2026-08-24T115109_sthelar40x_klt_5class_slideind_foldB_cellvit256_fullft_lr1e-5_e10_seed42/inference_efficiency_metrics.json
held_out_slide_KLT,CellViT-256,FullFT,KLT,Kidney+Liver+Tonsil,43,A,COMPLETED,1524194,checkpoint_10 TEST,0.784386144,0.672037868,0.511257715,0.180299338,0.837112084,0.446002027,0.689946657,532435,644096,0.493641782,196521,259923,0.497014543,217930,275725,,0,0,0.103405127,17543,41675,46743419,46743419,100.000000000,,run/sthelar40x_klt_5class_slideind_foldA_cellvit256_fullft_lr1e-5_e10_seed43/log/2026-08-28T231450_sthelar40x_klt_5class_slideind_foldA_cellvit256_fullft_lr1e-5_e10_seed43/inference_results.json,Canonical completion re-established from checkpoint-10 TEST artifacts on 2026-09-01.,23494,1221419,kidney_s0;liver_s0;tonsil_s0,kidney_s1;liver_s1;tonsil_s1,47b58bbfec248fadb420a3ee2072039375f23f2aae3ff5dc4146be2664e97a61,22106.589082,6.140719,2.667426,1.617799,9.619459,561442577,canonical FullFT checkpoint size (provenance; weight may be retention-deleted),run/sthelar40x_klt_5class_slideind_foldA_cellvit256_fullft_lr1e-5_e10_seed43/log/2026-08-28T231450_sthelar40x_klt_5class_slideind_foldA_cellvit256_fullft_lr1e-5_e10_seed43/efficiency_metrics.json,run/sthelar40x_klt_5class_slideind_foldA_cellvit256_fullft_lr1e-5_e10_seed43/log/2026-08-28T231450_sthelar40x_klt_5class_slideind_foldA_cellvit256_fullft_lr1e-5_e10_seed43/inference_efficiency_metrics.json
held_out_slide_KLT,CellViT-256,FullFT,KLT,Kidney+Liver+Tonsil,43,B,COMPLETED,1524195,checkpoint_10 TEST,0.837475210,0.732494692,0.601598555,0.221315609,0.857743685,0.513131259,0.819739781,719965,866125,0.395619726,240102,292545,0.683247253,323790,376967,,0,0,0.153918275,14804,23603,46743419,46743419,100.000000000,,run/sthelar40x_klt_5class_slideind_foldB_cellvit256_fullft_lr1e-5_e10_seed43/log/2026-08-28T235957_sthelar40x_klt_5class_slideind_foldB_cellvit256_fullft_lr1e-5_e10_seed43/inference_results.json,Canonical completion re-established from checkpoint-10 TEST artifacts on 2026-09-01.,26335,1559240,kidney_s1;liver_s1;tonsil_s1,kidney_s0;liver_s0;tonsil_s0,ecb48f53f1b24e779857cc2415f3f61e87130e253e65857542adbf7ca5b3972e,18969.992828,5.269442,2.667426,1.617799,8.570369,561442577,canonical FullFT checkpoint size (provenance; weight may be retention-deleted),run/sthelar40x_klt_5class_slideind_foldB_cellvit256_fullft_lr1e-5_e10_seed43/log/2026-08-28T235957_sthelar40x_klt_5class_slideind_foldB_cellvit256_fullft_lr1e-5_e10_seed43/efficiency_metrics.json,run/sthelar40x_klt_5class_slideind_foldB_cellvit256_fullft_lr1e-5_e10_seed43/log/2026-08-28T235957_sthelar40x_klt_5class_slideind_foldB_cellvit256_fullft_lr1e-5_e10_seed43/inference_efficiency_metrics.json
held_out_slide_KLT,CellViT-256,FullFT,KLT,Kidney+Liver+Tonsil,44,A,COMPLETED,1558641,checkpoint_10 TEST,0.785342484,0.670114704,0.506448668,0.188847525,0.833911298,0.481694805,0.717430432,532613,644362,0.508432761,199838,259905,0.579105144,220990,276108,,0,0,0.121810883,18795,41649,46743419,46743419,100.000000000,,run/sthelar40x_klt_5class_slideind_foldA_cellvit256_fullft_lr1e-5_e10_seed44/log/2026-08-29T171724_sthelar40x_klt_5class_slideind_foldA_cellvit256_fullft_lr1e-5_e10_seed44/inference_results.json,Canonical completion re-established from checkpoint-10 TEST artifacts on 2026-09-01.,23494,1222024,kidney_s0;liver_s0;tonsil_s0,kidney_s1;liver_s1;tonsil_s1,47b58bbfec248fadb420a3ee2072039375f23f2aae3ff5dc4146be2664e97a61,27166.468808,7.546241,2.675923,1.617799,8.234447,561446912,canonical FullFT checkpoint size (provenance; weight may be retention-deleted),run/sthelar40x_klt_5class_slideind_foldA_cellvit256_fullft_lr1e-5_e10_seed44/log/2026-08-29T171724_sthelar40x_klt_5class_slideind_foldA_cellvit256_fullft_lr1e-5_e10_seed44/efficiency_metrics.json,run/sthelar40x_klt_5class_slideind_foldA_cellvit256_fullft_lr1e-5_e10_seed44/log/2026-08-29T171724_sthelar40x_klt_5class_slideind_foldA_cellvit256_fullft_lr1e-5_e10_seed44/inference_efficiency_metrics.json
held_out_slide_KLT,CellViT-256,FullFT,KLT,Kidney+Liver+Tonsil,44,B,COMPLETED,1559201,checkpoint_10 TEST,0.826074687,0.716530213,0.586325046,0.210479789,0.866386348,0.503027199,0.827325706,719539,866081,0.397432866,235272,292546,0.658240038,315106,377174,,0,0,0.129110187,12962,23603,46743419,46743419,100.000000000,,run/sthelar40x_klt_5class_slideind_foldB_cellvit256_fullft_lr1e-5_e10_seed44/log/2026-08-30T010309_sthelar40x_klt_5class_slideind_foldB_cellvit256_fullft_lr1e-5_e10_seed44/inference_results.json,Canonical completion re-established from checkpoint-10 TEST artifacts on 2026-09-01.,26335,1559404,kidney_s1;liver_s1;tonsil_s1,kidney_s0;liver_s0;tonsil_s0,ecb48f53f1b24e779857cc2415f3f61e87130e253e65857542adbf7ca5b3972e,19414.019808,5.392783,2.667426,1.617799,8.908384,561442577,canonical FullFT checkpoint size (provenance; weight may be retention-deleted),run/sthelar40x_klt_5class_slideind_foldB_cellvit256_fullft_lr1e-5_e10_seed44/log/2026-08-30T010309_sthelar40x_klt_5class_slideind_foldB_cellvit256_fullft_lr1e-5_e10_seed44/efficiency_metrics.json,run/sthelar40x_klt_5class_slideind_foldB_cellvit256_fullft_lr1e-5_e10_seed44/log/2026-08-30T010309_sthelar40x_klt_5class_slideind_foldB_cellvit256_fullft_lr1e-5_e10_seed44/inference_efficiency_metrics.json
tissue_specific_held_out_slide,CellViT-SAM-H,Selected PEFT,Breast,Breast,42,A,COMPLETED,1482333,checkpoint_10 TEST,0.759027699,0.628100089,0.411261618,0.238573055,0.812884174,0.500013574,0.508549549,155868,193476,0.623705195,164404,205990,0.837589554,311609,395725,,0,0,0.030209996,5450,25099,7908779,707644395,1.117620525,,run/sthelar40x_breast_5class_slideind_foldA_lora_adaptformer_r8_a8_red16_heads_e10_seed42/log/2026-08-26T105512_sthelar40x_breast_5class_slideind_foldA_lora_adaptformer_r8_a8_red16_heads_e10_seed42/inference_results.json,Canonical completion re-established from checkpoint-10 TEST artifacts on 2026-09-01.,49569,820290,breast_s0,breast_s1,6919f9d362da83fdab6869db214f1149625570ce8b9e2d81ed9651cf98f0fe57,40757.973769,11.321659,9.361769,6.834445,14.471596,,,run/sthelar40x_breast_5class_slideind_foldA_lora_adaptformer_r8_a8_red16_heads_e10_seed42/log/2026-08-26T105512_sthelar40x_breast_5class_slideind_foldA_lora_adaptformer_r8_a8_red16_heads_e10_seed42/efficiency_metrics.json,run/sthelar40x_breast_5class_slideind_foldA_lora_adaptformer_r8_a8_red16_heads_e10_seed42/log/2026-08-26T105512_sthelar40x_breast_5class_slideind_foldA_lora_adaptformer_r8_a8_red16_heads_e10_seed42/inference_efficiency_metrics.json
tissue_specific_held_out_slide,CellViT-256,Selected PEFT,Breast,Breast,42,A,COMPLETED,1570484,checkpoint_10 TEST,0.782576772,0.661744780,0.453653553,0.236617218,0.791803709,0.463906687,0.426319867,151856,192844,0.597892555,159327,205192,0.813654309,303198,394395,,0,0,0.017760018,3909,25045,374198,47116967,0.794189490,,run/sthelar40x_breast_5class_slideind_foldA_cellvit256_lora_adaptformer_r8_a8_red16_heads_e10_seed42/log/2026-08-31T102746_sthelar40x_breast_5class_slideind_foldA_cellvit256_lora_adaptformer_r8_a8_red16_heads_e10_seed42/inference_results.json,Canonical completion re-established from checkpoint-10 TEST artifacts on 2026-09-01.,49569,817476,breast_s0,breast_s1,6919f9d362da83fdab6869db214f1149625570ce8b9e2d81ed9651cf98f0fe57,29159.499478,8.099861,2.040328,1.581058,15.613647,1613512,verified adapter safetensors,run/sthelar40x_breast_5class_slideind_foldA_cellvit256_lora_adaptformer_r8_a8_red16_heads_e10_seed42/log/2026-08-31T102746_sthelar40x_breast_5class_slideind_foldA_cellvit256_lora_adaptformer_r8_a8_red16_heads_e10_seed42/efficiency_metrics.json,run/sthelar40x_breast_5class_slideind_foldA_cellvit256_lora_adaptformer_r8_a8_red16_heads_e10_seed42/log/2026-08-31T102746_sthelar40x_breast_5class_slideind_foldA_cellvit256_lora_adaptformer_r8_a8_red16_heads_e10_seed42/inference_efficiency_metrics.json
tissue_specific_held_out_slide,CellViT-SAM-H,Selected PEFT,Breast,Breast,42,B,COMPLETED,1492582,checkpoint_10 TEST,0.793835649,0.665678036,0.452459328,0.277942334,0.831756725,0.534306874,0.691724145,197979,238925,0.492626104,190567,234604,0.930081136,619467,762687,,0,0,0.022796110,11264,15016,7908779,707644395,1.117620525,,run/sthelar40x_breast_5class_slideind_foldB_lora_adaptformer_r8_a8_red16_heads_e10_seed42/log/2026-08-26T225723_sthelar40x_breast_5class_slideind_foldB_lora_adaptformer_r8_a8_red16_heads_e10_seed42/inference_results.json,Canonical completion re-established from checkpoint-10 TEST artifacts on 2026-09-01.,45773,1251232,breast_s1,breast_s0,d41bd81521359b3f03b1832ffa33157a6ad1b2fd89819853a91a8a9835dc7d73,41787.392030,11.607609,9.361769,6.834445,11.487486,,,run/sthelar40x_breast_5class_slideind_foldB_lora_adaptformer_r8_a8_red16_heads_e10_seed42/log/2026-08-26T225723_sthelar40x_breast_5class_slideind_foldB_lora_adaptformer_r8_a8_red16_heads_e10_seed42/efficiency_metrics.json,run/sthelar40x_breast_5class_slideind_foldB_lora_adaptformer_r8_a8_red16_heads_e10_seed42/log/2026-08-26T225723_sthelar40x_breast_5class_slideind_foldB_lora_adaptformer_r8_a8_red16_heads_e10_seed42/inference_efficiency_metrics.json
tissue_specific_held_out_slide,CellViT-256,Selected PEFT,Breast,Breast,42,B,COMPLETED,1570485,checkpoint_10 TEST,0.819888476,0.701662565,0.510125591,0.302281659,0.834919712,0.522674180,0.652948756,192241,238576,0.490027988,182557,233889,0.876975882,608766,759164,,0,0,0.070744094,10758,14928,374198,47116967,0.794189490,,run/sthelar40x_breast_5class_slideind_foldB_cellvit256_lora_adaptformer_r8_a8_red16_heads_e10_seed42/log/2026-08-31T102746_sthelar40x_breast_5class_slideind_foldB_cellvit256_lora_adaptformer_r8_a8_red16_heads_e10_seed42/inference_results.json,Canonical completion re-established from checkpoint-10 TEST artifacts on 2026-09-01.,45773,1246557,breast_s1,breast_s0,d41bd81521359b3f03b1832ffa33157a6ad1b2fd89819853a91a8a9835dc7d73,31048.260478,8.624517,2.040328,1.581058,11.816588,1613520,verified adapter safetensors,run/sthelar40x_breast_5class_slideind_foldB_cellvit256_lora_adaptformer_r8_a8_red16_heads_e10_seed42/log/2026-08-31T102746_sthelar40x_breast_5class_slideind_foldB_cellvit256_lora_adaptformer_r8_a8_red16_heads_e10_seed42/efficiency_metrics.json,run/sthelar40x_breast_5class_slideind_foldB_cellvit256_lora_adaptformer_r8_a8_red16_heads_e10_seed42/log/2026-08-31T102746_sthelar40x_breast_5class_slideind_foldB_cellvit256_lora_adaptformer_r8_a8_red16_heads_e10_seed42/inference_efficiency_metrics.json
tissue_specific_held_out_slide,CellViT-SAM-H,Selected PEFT,Colon,Colon,42,A,COMPLETED,1482336,checkpoint_10 TEST,0.703680485,0.560363708,0.284720845,0.149549371,0.750952323,0.426502817,0.568871906,148455,195875,0.276365414,23800,30566,0.850011839,361264,511629,,0,0,0.010762107,7764,14283,7908779,707644395,1.117620525,,run/sthelar40x_colon_5class_slideind_foldA_lora_adaptformer_r8_a8_red16_heads_e10_seed42/log/2026-08-26T110313_sthelar40x_colon_5class_slideind_foldA_lora_adaptformer_r8_a8_red16_heads_e10_seed42/inference_results.json,Canonical completion re-established from checkpoint-10 TEST artifacts on 2026-09-01.,11903,752353,colon_s1,colon_s2,95091217911927e0dbf677070725bf1795fe5191566c82602778576ae497686a,18181.377880,5.050383,9.361769,6.834445,7.051511,,,run/sthelar40x_colon_5class_slideind_foldA_lora_adaptformer_r8_a8_red16_heads_e10_seed42/log/2026-08-26T110313_sthelar40x_colon_5class_slideind_foldA_lora_adaptformer_r8_a8_red16_heads_e10_seed42/efficiency_metrics.json,run/sthelar40x_colon_5class_slideind_foldA_lora_adaptformer_r8_a8_red16_heads_e10_seed42/log/2026-08-26T110313_sthelar40x_colon_5class_slideind_foldA_lora_adaptformer_r8_a8_red16_heads_e10_seed42/inference_efficiency_metrics.json
tissue_specific_held_out_slide,CellViT-256,Selected PEFT,Colon,Colon,42,A,COMPLETED,1570486,checkpoint_10 TEST,0.733742147,0.596643978,0.334595938,0.115095909,0.751287956,0.330117793,0.476490352,145424,195544,0.228632929,23095,30511,0.568684054,338259,510930,,0,0,0.046663837,6658,14183,374198,47116967,0.794189490,,run/sthelar40x_colon_5class_slideind_foldA_cellvit256_lora_adaptformer_r8_a8_red16_heads_e10_seed42/log/2026-08-31T102746_sthelar40x_colon_5class_slideind_foldA_cellvit256_lora_adaptformer_r8_a8_red16_heads_e10_seed42/inference_results.json,Canonical completion re-established from checkpoint-10 TEST artifacts on 2026-09-01.,11903,751168,colon_s1,colon_s2,95091217911927e0dbf677070725bf1795fe5191566c82602778576ae497686a,14767.536841,4.102094,2.040328,1.581058,8.176019,1613512,verified adapter safetensors,run/sthelar40x_colon_5class_slideind_foldA_cellvit256_lora_adaptformer_r8_a8_red16_heads_e10_seed42/log/2026-08-31T102746_sthelar40x_colon_5class_slideind_foldA_cellvit256_lora_adaptformer_r8_a8_red16_heads_e10_seed42/efficiency_metrics.json,run/sthelar40x_colon_5class_slideind_foldA_cellvit256_lora_adaptformer_r8_a8_red16_heads_e10_seed42/log/2026-08-31T102746_sthelar40x_colon_5class_slideind_foldA_cellvit256_lora_adaptformer_r8_a8_red16_heads_e10_seed42/inference_efficiency_metrics.json
tissue_specific_held_out_slide,CellViT-SAM-H,Selected PEFT,Colon,Colon,42,B,COMPLETED,1501899,checkpoint_10 TEST,0.653283014,0.504138275,0.286509128,0.119909138,0.744117931,0.386677610,0.384320149,150047,208114,0.296071046,225362,368241,0.866319247,393774,590393,,0,0,0.000000000,7701,17032,7908779,707644395,1.117620525,,run/sthelar40x_colon_5class_slideind_foldB_lora_adaptformer_r8_a8_red16_heads_e10_seed42/log/2026-08-27T154219_sthelar40x_colon_5class_slideind_foldB_lora_adaptformer_r8_a8_red16_heads_e10_seed42/inference_results.json,Canonical completion re-established from checkpoint-10 TEST artifacts on 2026-09-01.,18464,1183780,colon_s2,colon_s1,c2b49d03ad766c3afc07938621d46e2f5c85d2a631a4aab9b7b8b26e804887d3,13224.800703,3.673556,9.361769,6.834445,7.960345,,,run/sthelar40x_colon_5class_slideind_foldB_lora_adaptformer_r8_a8_red16_heads_e10_seed42/log/2026-08-27T154219_sthelar40x_colon_5class_slideind_foldB_lora_adaptformer_r8_a8_red16_heads_e10_seed42/efficiency_metrics.json,run/sthelar40x_colon_5class_slideind_foldB_lora_adaptformer_r8_a8_red16_heads_e10_seed42/log/2026-08-27T154219_sthelar40x_colon_5class_slideind_foldB_lora_adaptformer_r8_a8_red16_heads_e10_seed42/inference_efficiency_metrics.json
tissue_specific_held_out_slide,CellViT-256,Selected PEFT,Colon,Colon,42,B,COMPLETED,1570487,checkpoint_10 TEST,0.635892271,0.481320545,0.239509147,0.107870940,0.710518946,0.472448403,0.435085182,139394,205560,0.501694448,204379,362553,0.881544448,357126,585589,,0,0,0.071469534,6618,16842,374198,47116967,0.794189490,,run/sthelar40x_colon_5class_slideind_foldB_cellvit256_lora_adaptformer_r8_a8_red16_heads_e10_seed42/log/2026-08-31T102746_sthelar40x_colon_5class_slideind_foldB_cellvit256_lora_adaptformer_r8_a8_red16_heads_e10_seed42/inference_results.json,Canonical completion re-established from checkpoint-10 TEST artifacts on 2026-09-01.,18464,1170544,colon_s2,colon_s1,c2b49d03ad766c3afc07938621d46e2f5c85d2a631a4aab9b7b8b26e804887d3,8499.859343,2.361072,2.040328,1.581058,8.966220,1613512,verified adapter safetensors,run/sthelar40x_colon_5class_slideind_foldB_cellvit256_lora_adaptformer_r8_a8_red16_heads_e10_seed42/log/2026-08-31T102746_sthelar40x_colon_5class_slideind_foldB_cellvit256_lora_adaptformer_r8_a8_red16_heads_e10_seed42/efficiency_metrics.json,run/sthelar40x_colon_5class_slideind_foldB_cellvit256_lora_adaptformer_r8_a8_red16_heads_e10_seed42/log/2026-08-31T102746_sthelar40x_colon_5class_slideind_foldB_cellvit256_lora_adaptformer_r8_a8_red16_heads_e10_seed42/inference_efficiency_metrics.json
tissue_specific_held_out_slide,CellViT-SAM-H,Selected PEFT,Kidney,Kidney,42,A,COMPLETED,1480494+1482332,checkpoint_10 TEST,0.801429288,0.687524304,0.549528894,0.090364372,0.847799845,0.149248608,0.069963545,51254,58422,0.402536397,20986,26644,0.120824765,12660,17669,,0,0,0.003669725,1081,2100,7908779,707644395,1.117620525,,run/sthelar40x_kidney_5class_slideind_foldA_lora_adaptformer_r8_a8_red16_heads_e10_seed42/log/2026-08-25T220941_sthelar40x_kidney_5class_slideind_foldA_lora_adaptformer_r8_a8_red16_heads_e10_seed42/inference_results.json,Canonical completion re-established from checkpoint-10 TEST artifacts on 2026-09-01.,4449,104835,kidney_s0,kidney_s1,b294169ffe32e16f2d9a571f70ab523bd530581e1f64bbc0e475f24dbba448ad,6180.794919,1.716887,9.361769,4.158983,12.998244,,,run/sthelar40x_kidney_5class_slideind_foldA_lora_adaptformer_r8_a8_red16_heads_e10_seed42/log/2026-08-25T220941_sthelar40x_kidney_5class_slideind_foldA_lora_adaptformer_r8_a8_red16_heads_e10_seed42/efficiency_metrics.json,run/sthelar40x_kidney_5class_slideind_foldA_lora_adaptformer_r8_a8_red16_heads_e10_seed42/log/2026-08-25T220941_sthelar40x_kidney_5class_slideind_foldA_lora_adaptformer_r8_a8_red16_heads_e10_seed42/inference_efficiency_metrics.json
tissue_specific_held_out_slide,CellViT-256,Selected PEFT,Kidney,Kidney,42,A,COMPLETED,1559486,checkpoint_10 TEST,0.755604423,0.622652005,0.468127514,0.098889271,0.833860145,0.210434164,0.281443366,50099,58172,0.345101463,20753,26332,0.190212642,12150,17483,,0,0,0.024979184,975,2066,374198,47116967,0.794189490,,run/sthelar40x_kidney_5class_slideind_foldA_cellvit256_lora_adaptformer_r8_a8_red16_heads_e10_seed42/log/2026-08-30T014011_sthelar40x_kidney_5class_slideind_foldA_cellvit256_lora_adaptformer_r8_a8_red16_heads_e10_seed42/inference_results.json,Canonical completion re-established from checkpoint-10 TEST artifacts on 2026-09-01.,4449,104053,kidney_s0,kidney_s1,b294169ffe32e16f2d9a571f70ab523bd530581e1f64bbc0e475f24dbba448ad,5254.501538,1.459584,2.040328,1.581058,15.042816,1613512,adapter safetensors,run/sthelar40x_kidney_5class_slideind_foldA_cellvit256_lora_adaptformer_r8_a8_red16_heads_e10_seed42/log/2026-08-30T014011_sthelar40x_kidney_5class_slideind_foldA_cellvit256_lora_adaptformer_r8_a8_red16_heads_e10_seed42/efficiency_metrics.json,run/sthelar40x_kidney_5class_slideind_foldA_cellvit256_lora_adaptformer_r8_a8_red16_heads_e10_seed42/log/2026-08-30T014011_sthelar40x_kidney_5class_slideind_foldA_cellvit256_lora_adaptformer_r8_a8_red16_heads_e10_seed42/inference_efficiency_metrics.json
tissue_specific_held_out_slide,CellViT-SAM-H,Selected PEFT,Kidney,Kidney,42,B,COMPLETED,1524196,checkpoint_10 TEST,0.834308427,0.726542581,0.609419493,0.052900124,0.900829712,0.105982137,0.172397545,16255,19732,0.156188217,47028,55116,0.095342785,92912,106874,,0,0,0.000000000,6729,9921,7908779,707644395,1.117620525,,run/sthelar40x_kidney_5class_slideind_foldB_lora_adaptformer_r8_a8_red16_heads_e10_seed42/log/2026-08-29T060654_sthelar40x_kidney_5class_slideind_foldB_lora_adaptformer_r8_a8_red16_heads_e10_seed42/inference_results.json,Canonical completion re-established from checkpoint-10 TEST artifacts on 2026-09-01.,6723,191643,kidney_s1,kidney_s0,b20a4b6f38be145511cdb41d76c9e6d2830968b56af08084050986485b1e3cb5,4142.981277,1.150828,9.361769,6.834445,12.395516,31812052,adapter safetensors,run/sthelar40x_kidney_5class_slideind_foldB_lora_adaptformer_r8_a8_red16_heads_e10_seed42/log/2026-08-29T060654_sthelar40x_kidney_5class_slideind_foldB_lora_adaptformer_r8_a8_red16_heads_e10_seed42/efficiency_metrics.json,run/sthelar40x_kidney_5class_slideind_foldB_lora_adaptformer_r8_a8_red16_heads_e10_seed42/log/2026-08-29T060654_sthelar40x_kidney_5class_slideind_foldB_lora_adaptformer_r8_a8_red16_heads_e10_seed42/inference_efficiency_metrics.json
tissue_specific_held_out_slide,CellViT-256,Selected PEFT,Kidney,Kidney,42,B,COMPLETED,1558644,checkpoint_10 TEST,0.808517605,0.690588408,0.568279343,0.096473832,0.893834220,0.172681129,0.119542878,15930,19709,0.134973583,46290,54995,0.401450289,90647,106277,,0,0,0.034757767,6318,9885,374198,47116967,0.794189490,,run/sthelar40x_kidney_5class_slideind_foldB_cellvit256_lora_adaptformer_r8_a8_red16_heads_e10_seed42/log/2026-08-29T172314_sthelar40x_kidney_5class_slideind_foldB_cellvit256_lora_adaptformer_r8_a8_red16_heads_e10_seed42/inference_results.json,Canonical completion re-established from checkpoint-10 TEST artifacts on 2026-09-01.,6723,190866,kidney_s1,kidney_s0,b20a4b6f38be145511cdb41d76c9e6d2830968b56af08084050986485b1e3cb5,3027.840582,0.841067,2.040328,1.581058,14.498688,1613440,adapter safetensors,run/sthelar40x_kidney_5class_slideind_foldB_cellvit256_lora_adaptformer_r8_a8_red16_heads_e10_seed42/log/2026-08-29T172314_sthelar40x_kidney_5class_slideind_foldB_cellvit256_lora_adaptformer_r8_a8_red16_heads_e10_seed42/efficiency_metrics.json,run/sthelar40x_kidney_5class_slideind_foldB_cellvit256_lora_adaptformer_r8_a8_red16_heads_e10_seed42/log/2026-08-29T172314_sthelar40x_kidney_5class_slideind_foldB_cellvit256_lora_adaptformer_r8_a8_red16_heads_e10_seed42/inference_efficiency_metrics.json
tissue_specific_held_out_slide,CellViT-SAM-H,Selected PEFT,Liver,Liver,42,A,COMPLETED,1480495,checkpoint_10 TEST,0.795615362,0.668982003,0.480070241,0.171505713,0.843155925,0.264901675,0.017299500,53118,66191,0.446133493,56751,72684,0.596173709,142638,175936,,0,0,0.000000000,419,1124,7908779,707644395,1.117620525,,run/sthelar40x_liver_5class_slideind_foldA_lora_adaptformer_r8_a8_red16_heads_e10_seed42/log/2026-08-25T220941_sthelar40x_liver_5class_slideind_foldA_lora_adaptformer_r8_a8_red16_heads_e10_seed42/inference_results.json,Canonical completion re-established from checkpoint-10 TEST artifacts on 2026-09-01.,9166,315935,liver_s0,liver_s1,804074f4d9746fe34711ab8329cd95971876a36acf8f6fa8a4c397d23944bd17,18998.749407,5.277430,9.361769,6.834445,11.801603,,,run/sthelar40x_liver_5class_slideind_foldA_lora_adaptformer_r8_a8_red16_heads_e10_seed42/log/2026-08-25T220941_sthelar40x_liver_5class_slideind_foldA_lora_adaptformer_r8_a8_red16_heads_e10_seed42/efficiency_metrics.json,run/sthelar40x_liver_5class_slideind_foldA_lora_adaptformer_r8_a8_red16_heads_e10_seed42/log/2026-08-25T220941_sthelar40x_liver_5class_slideind_foldA_lora_adaptformer_r8_a8_red16_heads_e10_seed42/inference_efficiency_metrics.json
tissue_specific_held_out_slide,CellViT-256,Selected PEFT,Liver,Liver,42,A,COMPLETED,1558645,checkpoint_10 TEST,0.791773288,0.669413548,0.479361786,0.073690644,0.832493574,0.113617051,0.006192531,52983,66172,0.368196350,55171,72592,0.080079322,138217,175685,,0,0,0.000000000,528,1124,374198,47116967,0.794189490,,run/sthelar40x_liver_5class_slideind_foldA_cellvit256_lora_adaptformer_r8_a8_red16_heads_e10_seed42/log/2026-08-29T182535_sthelar40x_liver_5class_slideind_foldA_cellvit256_lora_adaptformer_r8_a8_red16_heads_e10_seed42/inference_results.json,Canonical completion re-established from checkpoint-10 TEST artifacts on 2026-09-01.,9166,315573,liver_s0,liver_s1,804074f4d9746fe34711ab8329cd95971876a36acf8f6fa8a4c397d23944bd17,14196.196219,3.943388,2.040328,1.581058,13.458645,1613512,adapter safetensors,run/sthelar40x_liver_5class_slideind_foldA_cellvit256_lora_adaptformer_r8_a8_red16_heads_e10_seed42/log/2026-08-29T182535_sthelar40x_liver_5class_slideind_foldA_cellvit256_lora_adaptformer_r8_a8_red16_heads_e10_seed42/efficiency_metrics.json,run/sthelar40x_liver_5class_slideind_foldA_cellvit256_lora_adaptformer_r8_a8_red16_heads_e10_seed42/log/2026-08-29T182535_sthelar40x_liver_5class_slideind_foldA_cellvit256_lora_adaptformer_r8_a8_red16_heads_e10_seed42/inference_efficiency_metrics.json
tissue_specific_held_out_slide,CellViT-SAM-H,Selected PEFT,Liver,Liver,42,B,COMPLETED,1524197,checkpoint_10 TEST,0.776509757,0.650808524,0.521889107,0.244554879,0.882646972,0.403020125,0.328581513,89350,106478,0.465118203,76143,97143,0.818380782,238175,271122,,0,0,0.000000000,2649,5350,7908779,707644395,1.117620525,,run/sthelar40x_liver_5class_slideind_foldB_lora_adaptformer_r8_a8_red16_heads_e10_seed42/log/2026-08-29T060941_sthelar40x_liver_5class_slideind_foldB_lora_adaptformer_r8_a8_red16_heads_e10_seed42/inference_results.json,Canonical completion re-established from checkpoint-10 TEST artifacts on 2026-09-01.,20427,480093,liver_s1,liver_s0,c190501712ee96da9433ec72d5f100102a64473809a4f9c0f7644314e577f11c,8878.671989,2.466298,9.361769,6.834445,13.306076,31812036,adapter safetensors,run/sthelar40x_liver_5class_slideind_foldB_lora_adaptformer_r8_a8_red16_heads_e10_seed42/log/2026-08-29T060941_sthelar40x_liver_5class_slideind_foldB_lora_adaptformer_r8_a8_red16_heads_e10_seed42/efficiency_metrics.json,run/sthelar40x_liver_5class_slideind_foldB_lora_adaptformer_r8_a8_red16_heads_e10_seed42/log/2026-08-29T060941_sthelar40x_liver_5class_slideind_foldB_lora_adaptformer_r8_a8_red16_heads_e10_seed42/inference_efficiency_metrics.json
tissue_specific_held_out_slide,CellViT-256,Selected PEFT,Liver,Liver,42,B,COMPLETED,1558646,checkpoint_10 TEST,0.802019244,0.687799085,0.572147436,0.251327973,0.865265695,0.396318305,0.430460851,80035,104556,0.353551846,68478,95611,0.801260524,216927,266639,,0,0,0.000000000,2052,5311,374198,47116967,0.794189490,,run/sthelar40x_liver_5class_slideind_foldB_cellvit256_lora_adaptformer_r8_a8_red16_heads_e10_seed42/log/2026-08-29T223640_sthelar40x_liver_5class_slideind_foldB_cellvit256_lora_adaptformer_r8_a8_red16_heads_e10_seed42/inference_results.json,Canonical completion re-established from checkpoint-10 TEST artifacts on 2026-09-01.,20427,472117,liver_s1,liver_s0,c190501712ee96da9433ec72d5f100102a64473809a4f9c0f7644314e577f11c,7200.252043,2.000070,2.040328,1.581058,14.465707,1613456,adapter safetensors,run/sthelar40x_liver_5class_slideind_foldB_cellvit256_lora_adaptformer_r8_a8_red16_heads_e10_seed42/log/2026-08-29T223640_sthelar40x_liver_5class_slideind_foldB_cellvit256_lora_adaptformer_r8_a8_red16_heads_e10_seed42/efficiency_metrics.json,run/sthelar40x_liver_5class_slideind_foldB_cellvit256_lora_adaptformer_r8_a8_red16_heads_e10_seed42/log/2026-08-29T223640_sthelar40x_liver_5class_slideind_foldB_cellvit256_lora_adaptformer_r8_a8_red16_heads_e10_seed42/inference_efficiency_metrics.json
tissue_specific_held_out_slide,CellViT-SAM-H,Selected PEFT,Lung,Lung,42,A,COMPLETED,1482337,checkpoint_10 TEST,0.783376793,0.657245289,0.508303818,0.193408481,0.842962916,0.404211364,0.622021261,162574,194173,0.638516623,142469,174761,0.354830985,121008,145102,,0,0,0.001476586,28337,40119,7908779,707644395,1.117620525,,run/sthelar40x_lung_5class_slideind_foldA_lora_adaptformer_r8_a8_red16_heads_e10_seed42/log/2026-08-26T141800_sthelar40x_lung_5class_slideind_foldA_lora_adaptformer_r8_a8_red16_heads_e10_seed42/inference_results.json,Canonical completion re-established from checkpoint-10 TEST artifacts on 2026-09-01.,20621,554155,lung_s1,lung_s3,5db06a5c053f1e5e1cf24db539858410b34c8bfc91c24b2ae46ccf93e461091d,9865.828497,2.740508,9.361769,6.834445,11.294610,,,run/sthelar40x_lung_5class_slideind_foldA_lora_adaptformer_r8_a8_red16_heads_e10_seed42/log/2026-08-26T141800_sthelar40x_lung_5class_slideind_foldA_lora_adaptformer_r8_a8_red16_heads_e10_seed42/efficiency_metrics.json,run/sthelar40x_lung_5class_slideind_foldA_lora_adaptformer_r8_a8_red16_heads_e10_seed42/log/2026-08-26T141800_sthelar40x_lung_5class_slideind_foldA_lora_adaptformer_r8_a8_red16_heads_e10_seed42/inference_efficiency_metrics.json
tissue_specific_held_out_slide,CellViT-256,Selected PEFT,Lung,Lung,42,A,COMPLETED,1570488,checkpoint_10 TEST,0.732243451,0.592575082,0.412532954,0.148066393,0.829681206,0.404976312,0.571588548,155783,193054,0.589449317,134549,173776,0.320329176,114686,143632,,0,0,0.138538206,24936,39652,374198,47116967,0.794189490,,run/sthelar40x_lung_5class_slideind_foldA_cellvit256_lora_adaptformer_r8_a8_red16_heads_e10_seed42/log/2026-08-31T132703_sthelar40x_lung_5class_slideind_foldA_cellvit256_lora_adaptformer_r8_a8_red16_heads_e10_seed42/inference_results.json,Canonical completion re-established from checkpoint-10 TEST artifacts on 2026-09-01.,20621,550114,lung_s1,lung_s3,5db06a5c053f1e5e1cf24db539858410b34c8bfc91c24b2ae46ccf93e461091d,8782.372211,2.439548,2.040328,1.581058,11.840249,1613496,verified adapter safetensors,run/sthelar40x_lung_5class_slideind_foldA_cellvit256_lora_adaptformer_r8_a8_red16_heads_e10_seed42/log/2026-08-31T132703_sthelar40x_lung_5class_slideind_foldA_cellvit256_lora_adaptformer_r8_a8_red16_heads_e10_seed42/efficiency_metrics.json,run/sthelar40x_lung_5class_slideind_foldA_cellvit256_lora_adaptformer_r8_a8_red16_heads_e10_seed42/log/2026-08-31T132703_sthelar40x_lung_5class_slideind_foldA_cellvit256_lora_adaptformer_r8_a8_red16_heads_e10_seed42/inference_efficiency_metrics.json
tissue_specific_held_out_slide,CellViT-SAM-H,Selected PEFT,Lung,Lung,42,B,COMPLETED,1501917,checkpoint_10 TEST,0.829716286,0.719172327,0.563651005,0.251397281,0.861941938,0.470081725,0.726274638,126042,145454,0.434201267,57991,71716,0.718915663,53323,68294,,0,0,0.000935334,23479,34934,7908779,707644395,1.117620525,,run/sthelar40x_lung_5class_slideind_foldB_lora_adaptformer_r8_a8_red16_heads_e10_seed42/log/2026-08-27T154613_sthelar40x_lung_5class_slideind_foldB_lora_adaptformer_r8_a8_red16_heads_e10_seed42/inference_results.json,Canonical completion re-established from checkpoint-10 TEST artifacts on 2026-09-01.,10938,320398,lung_s3,lung_s1,ec3ab11027a24760ba6aaea75d3a6b61bd6113cdc815385289d049041b754bb1,18519.975260,5.144438,9.361769,6.834445,12.440271,,,run/sthelar40x_lung_5class_slideind_foldB_lora_adaptformer_r8_a8_red16_heads_e10_seed42/log/2026-08-27T154613_sthelar40x_lung_5class_slideind_foldB_lora_adaptformer_r8_a8_red16_heads_e10_seed42/efficiency_metrics.json,run/sthelar40x_lung_5class_slideind_foldB_lora_adaptformer_r8_a8_red16_heads_e10_seed42/log/2026-08-27T154613_sthelar40x_lung_5class_slideind_foldB_lora_adaptformer_r8_a8_red16_heads_e10_seed42/inference_efficiency_metrics.json
tissue_specific_held_out_slide,CellViT-256,Selected PEFT,Lung,Lung,42,B,COMPLETED,1570250,checkpoint_10 TEST,0.794386346,0.671776377,0.496273215,0.216826758,0.828202126,0.454568673,0.701580327,122131,144815,0.376484449,55395,70978,0.621035392,51187,67669,,0,0,0.119174525,21500,34686,374198,47116967,0.794189490,,run/sthelar40x_lung_5class_slideind_foldB_cellvit256_lora_adaptformer_r8_a8_red16_heads_e10_seed42/log/2026-08-30T224946_sthelar40x_lung_5class_slideind_foldB_cellvit256_lora_adaptformer_r8_a8_red16_heads_e10_seed42/inference_results.json,Canonical completion re-established from checkpoint-10 TEST artifacts on 2026-09-01.,10938,318148,lung_s3,lung_s1,ec3ab11027a24760ba6aaea75d3a6b61bd6113cdc815385289d049041b754bb1,18604.139780,5.167817,2.040328,1.581058,12.435191,1613504,verified adapter safetensors,run/sthelar40x_lung_5class_slideind_foldB_cellvit256_lora_adaptformer_r8_a8_red16_heads_e10_seed42/log/2026-08-30T224946_sthelar40x_lung_5class_slideind_foldB_cellvit256_lora_adaptformer_r8_a8_red16_heads_e10_seed42/efficiency_metrics.json,run/sthelar40x_lung_5class_slideind_foldB_cellvit256_lora_adaptformer_r8_a8_red16_heads_e10_seed42/log/2026-08-30T224946_sthelar40x_lung_5class_slideind_foldB_cellvit256_lora_adaptformer_r8_a8_red16_heads_e10_seed42/inference_efficiency_metrics.json
tissue_specific_held_out_slide,CellViT-SAM-H,Selected PEFT,Ovary,Ovary,42,A,COMPLETED,1482335,checkpoint_10 TEST,0.751455270,0.622539950,0.448759877,0.222644702,0.834354971,0.505402914,0.361880188,74970,90259,0.775210804,247883,304120,0.884118130,311194,360874,,0,0,0.000402536,39723,60217,7908779,707644395,1.117620525,,run/sthelar40x_ovary_5class_slideind_foldA_lora_adaptformer_r8_a8_red16_heads_e10_seed42/log/2026-08-26T105512_sthelar40x_ovary_5class_slideind_foldA_lora_adaptformer_r8_a8_red16_heads_e10_seed42/inference_results.json,Canonical completion re-established from checkpoint-10 TEST artifacts on 2026-09-01.,25498,815470,ovary_s0,ovary_s1,e501c6aab1225b8b8a96a9e00d89d1b12dc0f10ecd006e9ff4fcd0ce70334617,9281.548215,2.578208,9.361769,6.834445,10.196044,,,run/sthelar40x_ovary_5class_slideind_foldA_lora_adaptformer_r8_a8_red16_heads_e10_seed42/log/2026-08-26T105512_sthelar40x_ovary_5class_slideind_foldA_lora_adaptformer_r8_a8_red16_heads_e10_seed42/efficiency_metrics.json,run/sthelar40x_ovary_5class_slideind_foldA_lora_adaptformer_r8_a8_red16_heads_e10_seed42/log/2026-08-26T105512_sthelar40x_ovary_5class_slideind_foldA_lora_adaptformer_r8_a8_red16_heads_e10_seed42/inference_efficiency_metrics.json
tissue_specific_held_out_slide,CellViT-256,Selected PEFT,Ovary,Ovary,42,A,COMPLETED,1570251,checkpoint_10 TEST,0.728815691,0.594312057,0.412638980,0.199412165,0.784555077,0.515849515,0.340921529,68367,89958,0.750945859,220843,303337,0.845250608,288146,360012,,0,0,0.126280066,31500,60005,374198,47116967,0.794189490,,run/sthelar40x_ovary_5class_slideind_foldA_cellvit256_lora_adaptformer_r8_a8_red16_heads_e10_seed42/log/2026-08-30T224946_sthelar40x_ovary_5class_slideind_foldA_cellvit256_lora_adaptformer_r8_a8_red16_heads_e10_seed42/inference_results.json,Canonical completion re-established from checkpoint-10 TEST artifacts on 2026-09-01.,25498,813312,ovary_s0,ovary_s1,e501c6aab1225b8b8a96a9e00d89d1b12dc0f10ecd006e9ff4fcd0ce70334617,10599.944324,2.944429,2.040328,1.581058,9.862767,1613488,verified adapter safetensors,run/sthelar40x_ovary_5class_slideind_foldA_cellvit256_lora_adaptformer_r8_a8_red16_heads_e10_seed42/log/2026-08-30T224946_sthelar40x_ovary_5class_slideind_foldA_cellvit256_lora_adaptformer_r8_a8_red16_heads_e10_seed42/efficiency_metrics.json,run/sthelar40x_ovary_5class_slideind_foldA_cellvit256_lora_adaptformer_r8_a8_red16_heads_e10_seed42/log/2026-08-30T224946_sthelar40x_ovary_5class_slideind_foldA_cellvit256_lora_adaptformer_r8_a8_red16_heads_e10_seed42/inference_efficiency_metrics.json
tissue_specific_held_out_slide,CellViT-SAM-H,Selected PEFT,Ovary,Ovary,42,B,COMPLETED,1501898,checkpoint_10 TEST,0.727367987,0.591168256,0.387430107,0.154828265,0.832847863,0.480599340,0.344940565,85438,104483,0.646573921,49291,61888,0.712966762,246564,310152,,0,0,0.217916112,13593,22354,7908779,707644395,1.117620525,,run/sthelar40x_ovary_5class_slideind_foldB_lora_adaptformer_r8_a8_red16_heads_e10_seed42/log/2026-08-27T154219_sthelar40x_ovary_5class_slideind_foldB_lora_adaptformer_r8_a8_red16_heads_e10_seed42/inference_results.json,Canonical completion re-established from checkpoint-10 TEST artifacts on 2026-09-01.,10039,498877,ovary_s1,ovary_s0,0792454f7561464ffbbad200e7863074519bf3f66522fb5e97ed0aa2b4dd9189,24111.212721,6.697559,9.361769,6.834445,9.363432,,,run/sthelar40x_ovary_5class_slideind_foldB_lora_adaptformer_r8_a8_red16_heads_e10_seed42/log/2026-08-27T154219_sthelar40x_ovary_5class_slideind_foldB_lora_adaptformer_r8_a8_red16_heads_e10_seed42/efficiency_metrics.json,run/sthelar40x_ovary_5class_slideind_foldB_lora_adaptformer_r8_a8_red16_heads_e10_seed42/log/2026-08-27T154219_sthelar40x_ovary_5class_slideind_foldB_lora_adaptformer_r8_a8_red16_heads_e10_seed42/inference_efficiency_metrics.json
tissue_specific_held_out_slide,CellViT-256,Selected PEFT,Ovary,Ovary,42,B,COMPLETED,1570489,checkpoint_10 TEST,0.743704773,0.610827053,0.413871384,0.147708426,0.838534275,0.426264201,0.356579624,83750,104163,0.464689469,47474,60936,0.653925277,239064,309004,,0,0,0.229862434,12391,22182,374198,47116967,0.794189490,,run/sthelar40x_ovary_5class_slideind_foldB_cellvit256_lora_adaptformer_r8_a8_red16_heads_e10_seed42/log/2026-08-31T150207_sthelar40x_ovary_5class_slideind_foldB_cellvit256_lora_adaptformer_r8_a8_red16_heads_e10_seed42/inference_results.json,Canonical completion re-established from checkpoint-10 TEST artifacts on 2026-09-01.,10039,496285,ovary_s1,ovary_s0,0792454f7561464ffbbad200e7863074519bf3f66522fb5e97ed0aa2b4dd9189,17925.770051,4.979381,2.040328,1.581058,9.967254,1613504,verified adapter safetensors,run/sthelar40x_ovary_5class_slideind_foldB_cellvit256_lora_adaptformer_r8_a8_red16_heads_e10_seed42/log/2026-08-31T150207_sthelar40x_ovary_5class_slideind_foldB_cellvit256_lora_adaptformer_r8_a8_red16_heads_e10_seed42/efficiency_metrics.json,run/sthelar40x_ovary_5class_slideind_foldB_cellvit256_lora_adaptformer_r8_a8_red16_heads_e10_seed42/log/2026-08-31T150207_sthelar40x_ovary_5class_slideind_foldB_cellvit256_lora_adaptformer_r8_a8_red16_heads_e10_seed42/inference_efficiency_metrics.json
tissue_specific_held_out_slide,CellViT-SAM-H,Selected PEFT,Pancreatic,Pancreatic,42,A,COMPLETED,1482334,checkpoint_10 TEST,0.741721595,0.604978639,0.377441166,0.123930722,0.733775571,0.278762512,0.613724277,103402,155985,0.381053168,58546,82287,0.118747558,76569,117706,,0,0,0.001525046,50296,113164,7908779,707644395,1.117620525,,run/sthelar40x_pancreatic_5class_slideind_foldA_lora_adaptformer_r8_a8_red16_heads_e10_seed42/log/2026-08-26T105512_sthelar40x_pancreatic_5class_slideind_foldA_lora_adaptformer_r8_a8_red16_heads_e10_seed42/inference_results.json,Canonical completion re-established from checkpoint-10 TEST artifacts on 2026-09-01.,12647,469142,pancreatic_s0,pancreatic_s1,6c5b9bfb903b0e1be01f4c8af47025b2de17cfc067b4756773b74d84bbfc7ed4,21705.933762,6.029426,9.361769,6.834445,10.333550,,,run/sthelar40x_pancreatic_5class_slideind_foldA_lora_adaptformer_r8_a8_red16_heads_e10_seed42/log/2026-08-26T105512_sthelar40x_pancreatic_5class_slideind_foldA_lora_adaptformer_r8_a8_red16_heads_e10_seed42/efficiency_metrics.json,run/sthelar40x_pancreatic_5class_slideind_foldA_lora_adaptformer_r8_a8_red16_heads_e10_seed42/log/2026-08-26T105512_sthelar40x_pancreatic_5class_slideind_foldA_lora_adaptformer_r8_a8_red16_heads_e10_seed42/inference_efficiency_metrics.json
tissue_specific_held_out_slide,CellViT-256,Selected PEFT,Pancreatic,Pancreatic,42,A,COMPLETED,1570490,checkpoint_10 TEST,0.710071950,0.567056020,0.350000842,0.097049651,0.736281291,0.232810189,0.573499261,110874,155402,0.284262458,55932,81687,0.067364282,76913,117095,,0,0,0.006114754,55159,112225,374198,47116967,0.794189490,,run/sthelar40x_pancreatic_5class_slideind_foldA_cellvit256_lora_adaptformer_r8_a8_red16_heads_e10_seed42/log/2026-08-31T162713_sthelar40x_pancreatic_5class_slideind_foldA_cellvit256_lora_adaptformer_r8_a8_red16_heads_e10_seed42/inference_results.json,Canonical completion re-established from checkpoint-10 TEST artifacts on 2026-09-01.,12647,466409,pancreatic_s0,pancreatic_s1,6c5b9bfb903b0e1be01f4c8af47025b2de17cfc067b4756773b74d84bbfc7ed4,19813.210010,5.503669,2.040328,1.581058,12.674871,1613568,verified adapter safetensors,run/sthelar40x_pancreatic_5class_slideind_foldA_cellvit256_lora_adaptformer_r8_a8_red16_heads_e10_seed42/log/2026-08-31T162713_sthelar40x_pancreatic_5class_slideind_foldA_cellvit256_lora_adaptformer_r8_a8_red16_heads_e10_seed42/efficiency_metrics.json,run/sthelar40x_pancreatic_5class_slideind_foldA_cellvit256_lora_adaptformer_r8_a8_red16_heads_e10_seed42/log/2026-08-31T162713_sthelar40x_pancreatic_5class_slideind_foldA_cellvit256_lora_adaptformer_r8_a8_red16_heads_e10_seed42/inference_efficiency_metrics.json
tissue_specific_held_out_slide,CellViT-SAM-H,Selected PEFT,Pancreatic,Pancreatic,42,B,COMPLETED,1492583,checkpoint_10 TEST,0.748703222,0.613721964,0.389165727,0.174534048,0.725043142,0.416725354,0.573698308,100869,138877,0.388389921,49056,73507,0.694568217,149034,199217,,0,0,0.010244970,21668,28420,7908779,707644395,1.117620525,,run/sthelar40x_pancreatic_5class_slideind_foldB_lora_adaptformer_r8_a8_red16_heads_e10_seed42/log/2026-08-26T225723_sthelar40x_pancreatic_5class_slideind_foldB_lora_adaptformer_r8_a8_red16_heads_e10_seed42/inference_results.json,Canonical completion re-established from checkpoint-10 TEST artifacts on 2026-09-01.,25526,440021,pancreatic_s1,pancreatic_s0,131dba6a8406983810271632caff4321d009223660b4eac06350afd1f06466a3,12253.390752,3.403720,9.361769,6.834445,13.435451,,,run/sthelar40x_pancreatic_5class_slideind_foldB_lora_adaptformer_r8_a8_red16_heads_e10_seed42/log/2026-08-26T225723_sthelar40x_pancreatic_5class_slideind_foldB_lora_adaptformer_r8_a8_red16_heads_e10_seed42/efficiency_metrics.json,run/sthelar40x_pancreatic_5class_slideind_foldB_lora_adaptformer_r8_a8_red16_heads_e10_seed42/log/2026-08-26T225723_sthelar40x_pancreatic_5class_slideind_foldB_lora_adaptformer_r8_a8_red16_heads_e10_seed42/inference_efficiency_metrics.json
tissue_specific_held_out_slide,CellViT-256,Selected PEFT,Pancreatic,Pancreatic,42,B,COMPLETED,1570254,checkpoint_10 TEST,0.698866369,0.552042793,0.299765645,0.106696916,0.630322685,0.315055024,0.451503395,85293,138213,0.320883570,41209,73108,0.468252949,126744,197644,,0,0,0.019580180,18945,28187,374198,47116967,0.794189490,,run/sthelar40x_pancreatic_5class_slideind_foldB_cellvit256_lora_adaptformer_r8_a8_red16_heads_e10_seed42/log/2026-08-30T224700_sthelar40x_pancreatic_5class_slideind_foldB_cellvit256_lora_adaptformer_r8_a8_red16_heads_e10_seed42/inference_results.json,Canonical completion re-established from checkpoint-10 TEST artifacts on 2026-09-01.,25526,437152,pancreatic_s1,pancreatic_s0,131dba6a8406983810271632caff4321d009223660b4eac06350afd1f06466a3,9579.346276,2.660930,2.040328,1.581058,15.852005,1613448,verified adapter safetensors,run/sthelar40x_pancreatic_5class_slideind_foldB_cellvit256_lora_adaptformer_r8_a8_red16_heads_e10_seed42/log/2026-08-30T224700_sthelar40x_pancreatic_5class_slideind_foldB_cellvit256_lora_adaptformer_r8_a8_red16_heads_e10_seed42/efficiency_metrics.json,run/sthelar40x_pancreatic_5class_slideind_foldB_cellvit256_lora_adaptformer_r8_a8_red16_heads_e10_seed42/log/2026-08-30T224700_sthelar40x_pancreatic_5class_slideind_foldB_cellvit256_lora_adaptformer_r8_a8_red16_heads_e10_seed42/inference_efficiency_metrics.json
tissue_specific_held_out_slide,CellViT-SAM-H,Selected PEFT,Skin,Skin,42,A,COMPLETED,1482338,checkpoint_10 TEST,0.769196533,0.654654583,0.440097632,0.134162919,0.743151222,0.242518971,0.454747428,66764,77761,0.282692391,31860,38319,0.472002748,8619,10718,0.001466301,58589,72962,0.001685985,51,87,7908779,707644395,1.117620525,,run/sthelar40x_skin_5class_slideind_foldA_lora_adaptformer_r8_a8_red16_heads_e10_seed42/log/2026-08-26T164216_sthelar40x_skin_5class_slideind_foldA_lora_adaptformer_r8_a8_red16_heads_e10_seed42/inference_results.json,Canonical completion re-established from checkpoint-10 TEST artifacts on 2026-09-01.,12790,199847,skin_s1,skin_s2,40d1b93990a1e94d7bc5cc7bca9bf05e0c8537e4aa3fbf7caa58e2bd26163bee,9771.164030,2.714212,9.361769,6.834445,13.530115,,,run/sthelar40x_skin_5class_slideind_foldA_lora_adaptformer_r8_a8_red16_heads_e10_seed42/log/2026-08-26T164216_sthelar40x_skin_5class_slideind_foldA_lora_adaptformer_r8_a8_red16_heads_e10_seed42/efficiency_metrics.json,run/sthelar40x_skin_5class_slideind_foldA_lora_adaptformer_r8_a8_red16_heads_e10_seed42/log/2026-08-26T164216_sthelar40x_skin_5class_slideind_foldA_lora_adaptformer_r8_a8_red16_heads_e10_seed42/inference_efficiency_metrics.json
tissue_specific_held_out_slide,CellViT-256,Selected PEFT,Skin,Skin,42,A,COMPLETED,1570491,checkpoint_10 TEST,0.750448184,0.632361957,0.394440325,0.083150268,0.708723773,0.130921293,0.193080929,65869,77698,0.262045668,31147,38263,0.189482577,8757,10678,0.008793074,57943,72678,0.001204215,45,87,374198,47116967,0.794189490,,run/sthelar40x_skin_5class_slideind_foldA_cellvit256_lora_adaptformer_r8_a8_red16_heads_e10_seed42/log/2026-08-31T193035_sthelar40x_skin_5class_slideind_foldA_cellvit256_lora_adaptformer_r8_a8_red16_heads_e10_seed42/inference_results.json,Canonical completion re-established from checkpoint-10 TEST artifacts on 2026-09-01.,12790,199404,skin_s1,skin_s2,40d1b93990a1e94d7bc5cc7bca9bf05e0c8537e4aa3fbf7caa58e2bd26163bee,7866.619783,2.185172,2.040328,1.581058,15.898368,1613560,verified adapter safetensors,run/sthelar40x_skin_5class_slideind_foldA_cellvit256_lora_adaptformer_r8_a8_red16_heads_e10_seed42/log/2026-08-31T193035_sthelar40x_skin_5class_slideind_foldA_cellvit256_lora_adaptformer_r8_a8_red16_heads_e10_seed42/efficiency_metrics.json,run/sthelar40x_skin_5class_slideind_foldA_cellvit256_lora_adaptformer_r8_a8_red16_heads_e10_seed42/log/2026-08-31T193035_sthelar40x_skin_5class_slideind_foldA_cellvit256_lora_adaptformer_r8_a8_red16_heads_e10_seed42/inference_efficiency_metrics.json
tissue_specific_held_out_slide,CellViT-SAM-H,Selected PEFT,Skin,Skin,42,B,COMPLETED,1492587,checkpoint_10 TEST,0.454879847,0.334849403,0.213661360,0.071668448,0.662776393,0.293580725,0.175502742,5300,7656,0.496972228,24025,47505,0.761119557,41763,60109,0.034309097,3996,5534,0.000000000,17215,55988,7908779,707644395,1.117620525,,run/sthelar40x_skin_5class_slideind_foldB_lora_adaptformer_r8_a8_red16_heads_e10_seed42/log/2026-08-26T230626_sthelar40x_skin_5class_slideind_foldB_lora_adaptformer_r8_a8_red16_heads_e10_seed42/inference_results.json,Canonical completion re-established from checkpoint-10 TEST artifacts on 2026-09-01.,11209,176792,skin_s2,skin_s1,f3031bff17e940b3fe42adbb4bfbd4f26484bb7227111655332a7632620a51d7,11496.166852,3.193380,9.361769,6.834445,16.965868,,,run/sthelar40x_skin_5class_slideind_foldB_lora_adaptformer_r8_a8_red16_heads_e10_seed42/log/2026-08-26T230626_sthelar40x_skin_5class_slideind_foldB_lora_adaptformer_r8_a8_red16_heads_e10_seed42/efficiency_metrics.json,run/sthelar40x_skin_5class_slideind_foldB_lora_adaptformer_r8_a8_red16_heads_e10_seed42/log/2026-08-26T230626_sthelar40x_skin_5class_slideind_foldB_lora_adaptformer_r8_a8_red16_heads_e10_seed42/inference_efficiency_metrics.json
tissue_specific_held_out_slide,CellViT-256,Selected PEFT,Skin,Skin,42,B,COMPLETED,1570492,checkpoint_10 TEST,0.475746786,0.352984332,0.222075272,0.030554471,0.678200242,0.150493841,0.016200035,5491,7633,0.106396496,25717,47418,0.629872675,43428,60114,0.000000000,4264,5532,0.000000000,19808,55877,374198,47116967,0.794189490,,run/sthelar40x_skin_5class_slideind_foldB_cellvit256_lora_adaptformer_r8_a8_red16_heads_e10_seed42/log/2026-08-31T201343_sthelar40x_skin_5class_slideind_foldB_cellvit256_lora_adaptformer_r8_a8_red16_heads_e10_seed42/inference_results.json,Canonical completion re-established from checkpoint-10 TEST artifacts on 2026-09-01.,11209,176574,skin_s2,skin_s1,f3031bff17e940b3fe42adbb4bfbd4f26484bb7227111655332a7632620a51d7,8864.897053,2.462471,2.040328,1.581058,21.592211,1613496,verified adapter safetensors,run/sthelar40x_skin_5class_slideind_foldB_cellvit256_lora_adaptformer_r8_a8_red16_heads_e10_seed42/log/2026-08-31T201343_sthelar40x_skin_5class_slideind_foldB_cellvit256_lora_adaptformer_r8_a8_red16_heads_e10_seed42/efficiency_metrics.json,run/sthelar40x_skin_5class_slideind_foldB_cellvit256_lora_adaptformer_r8_a8_red16_heads_e10_seed42/log/2026-08-31T201343_sthelar40x_skin_5class_slideind_foldB_cellvit256_lora_adaptformer_r8_a8_red16_heads_e10_seed42/inference_efficiency_metrics.json
tissue_specific_held_out_slide,CellViT-SAM-H,Selected PEFT,Tonsil,Tonsil,42,A,COMPLETED,1478431,checkpoint_10 TEST,0.737428784,0.611172603,0.452244022,0.215840309,0.838258952,0.487866434,0.809813616,921418,1115096,0.505580057,261227,341054,0.636072062,140868,177099,,0,0,0.000000000,44164,83059,7908779,707644395,1.117620525,,run/sthelar40x_tonsil_5class_slideind_foldA_lora_adaptformer_r8_a8_red16_heads_e10_seed42/log/2026-08-25T192051_sthelar40x_tonsil_5class_slideind_foldA_lora_adaptformer_r8_a8_red16_heads_e10_seed42/inference_results.json,Canonical completion re-established from checkpoint-10 TEST artifacts on 2026-09-01.,21083,1716308,tonsil_s0,tonsil_s1,e6c67abea5f71f64b93f484dca1b8271dc1a36351cb2f69ae542e13e9105452b,29688.760781,8.246878,9.361769,6.834445,6.925426,,,run/sthelar40x_tonsil_5class_slideind_foldA_lora_adaptformer_r8_a8_red16_heads_e10_seed42/log/2026-08-25T192051_sthelar40x_tonsil_5class_slideind_foldA_lora_adaptformer_r8_a8_red16_heads_e10_seed42/efficiency_metrics.json,run/sthelar40x_tonsil_5class_slideind_foldA_lora_adaptformer_r8_a8_red16_heads_e10_seed42/log/2026-08-25T192051_sthelar40x_tonsil_5class_slideind_foldA_lora_adaptformer_r8_a8_red16_heads_e10_seed42/inference_efficiency_metrics.json
tissue_specific_held_out_slide,CellViT-256,Selected PEFT,Tonsil,Tonsil,42,A,COMPLETED,1558698,checkpoint_10 TEST,0.703375696,0.572341224,0.409102076,0.176688549,0.827759032,0.458658889,0.777128963,902934,1114971,0.478641519,239720,340968,0.578865073,131545,177080,,0,0,0.000000000,33826,83047,374198,47116967,0.794189490,,run/sthelar40x_tonsil_5class_slideind_foldA_cellvit256_lora_adaptformer_r8_a8_red16_heads_e10_seed42/log/2026-08-29T235644_sthelar40x_tonsil_5class_slideind_foldA_cellvit256_lora_adaptformer_r8_a8_red16_heads_e10_seed42/inference_results.json,Canonical completion re-established from checkpoint-10 TEST artifacts on 2026-09-01.,21083,1716066,tonsil_s0,tonsil_s1,e6c67abea5f71f64b93f484dca1b8271dc1a36351cb2f69ae542e13e9105452b,26502.769729,7.361880,2.040328,1.581058,7.371453,1613456,adapter safetensors,run/sthelar40x_tonsil_5class_slideind_foldA_cellvit256_lora_adaptformer_r8_a8_red16_heads_e10_seed42/log/2026-08-29T235644_sthelar40x_tonsil_5class_slideind_foldA_cellvit256_lora_adaptformer_r8_a8_red16_heads_e10_seed42/efficiency_metrics.json,run/sthelar40x_tonsil_5class_slideind_foldA_cellvit256_lora_adaptformer_r8_a8_red16_heads_e10_seed42/log/2026-08-29T235644_sthelar40x_tonsil_5class_slideind_foldA_cellvit256_lora_adaptformer_r8_a8_red16_heads_e10_seed42/inference_efficiency_metrics.json
tissue_specific_held_out_slide,CellViT-SAM-H,Selected PEFT,Tonsil,Tonsil,42,B,COMPLETED,1478428,checkpoint_10 TEST,0.831690051,0.719038914,0.577059605,0.260302041,0.855993609,0.510764350,0.861193080,1550883,1855942,0.409910472,369093,445916,0.677229129,277100,334497,,0,0,0.094724718,14850,26622,7908779,707644395,1.117620525,,run/sthelar40x_tonsil_5class_slideind_foldB_lora_adaptformer_r8_a8_red16_heads_e10_seed42/log/2026-08-25T192051_sthelar40x_tonsil_5class_slideind_foldB_lora_adaptformer_r8_a8_red16_heads_e10_seed42/inference_results.json,Canonical completion re-established from checkpoint-10 TEST artifacts on 2026-09-01.,23067,2662977,tonsil_s1,tonsil_s0,1504d6aa6fde1cfdc9c35ba08d98d6c14e3a97208b3b0adf12801766c596de3c,23329.282131,6.480356,9.361769,6.834445,5.242221,,,run/sthelar40x_tonsil_5class_slideind_foldB_lora_adaptformer_r8_a8_red16_heads_e10_seed42/log/2026-08-25T192051_sthelar40x_tonsil_5class_slideind_foldB_lora_adaptformer_r8_a8_red16_heads_e10_seed42/efficiency_metrics.json,run/sthelar40x_tonsil_5class_slideind_foldB_lora_adaptformer_r8_a8_red16_heads_e10_seed42/log/2026-08-25T192051_sthelar40x_tonsil_5class_slideind_foldB_lora_adaptformer_r8_a8_red16_heads_e10_seed42/inference_efficiency_metrics.json
tissue_specific_held_out_slide,CellViT-256,Selected PEFT,Tonsil,Tonsil,42,B,COMPLETED,1558796,checkpoint_10 TEST,0.798068657,0.674432771,0.527359921,0.229452572,0.863211018,0.499847705,0.839342640,1517287,1852833,0.407599436,352126,445134,0.690371581,262667,333755,,0,0,0.062077162,10875,26588,374198,47116967,0.794189490,,run/sthelar40x_tonsil_5class_slideind_foldB_cellvit256_lora_adaptformer_r8_a8_red16_heads_e10_seed42/log/2026-08-30T002904_sthelar40x_tonsil_5class_slideind_foldB_cellvit256_lora_adaptformer_r8_a8_red16_heads_e10_seed42/inference_results.json,Canonical completion re-established from checkpoint-10 TEST artifacts on 2026-09-01.,23067,2658310,tonsil_s1,tonsil_s0,1504d6aa6fde1cfdc9c35ba08d98d6c14e3a97208b3b0adf12801766c596de3c,19092.493742,5.303470,2.040328,1.581058,5.399435,1613520,adapter safetensors,run/sthelar40x_tonsil_5class_slideind_foldB_cellvit256_lora_adaptformer_r8_a8_red16_heads_e10_seed42/log/2026-08-30T002904_sthelar40x_tonsil_5class_slideind_foldB_cellvit256_lora_adaptformer_r8_a8_red16_heads_e10_seed42/efficiency_metrics.json,run/sthelar40x_tonsil_5class_slideind_foldB_cellvit256_lora_adaptformer_r8_a8_red16_heads_e10_seed42/log/2026-08-30T002904_sthelar40x_tonsil_5class_slideind_foldB_cellvit256_lora_adaptformer_r8_a8_red16_heads_e10_seed42/inference_efficiency_metrics.json
historical_within_slide_KLT,CellViT-SAM-H,FullFT,Kidney+Liver+Tonsil,Kidney+Liver+Tonsil,42,within-slide,COMPLETED,,checkpoint_10 TEST,0.781871341,0.668148209,0.508390420,0.305804188,0.827082667,0.668087804,0.837782481,113399,139491,0.546957238,41383,53367,0.877899606,46025,57267,,0,0,0.409711890,4783,9421,699736523,699736523,100.000000000,,run/sthelar40x_kidney_liver_tonsil_5class_spatial_margin128_fullft_lr1e-5_e10_seed42_CLEAN/log/2026-06-24T195748_sthelar40x_kidney_liver_tonsil_5class_spatial_margin128_fullft_lr1e-5_e10_seed42_CLEAN/inference_results.json,historical/supporting; never pool with held-out-slide folds,,,,,,,,,,,,,,
historical_within_slide_KLT,CellViT-SAM-H,FullFT,Kidney+Liver+Tonsil,Kidney+Liver+Tonsil,43,within-slide,COMPLETED,,checkpoint_10 TEST,0.786953367,0.676723904,0.521079999,0.312628811,0.830126185,0.664136716,0.841461338,113346,139476,0.532134805,41148,53346,0.881321608,45629,57260,,0,0,0.401629114,4525,9419,699736523,699736523,100.000000000,,run/sthelar40x_kidney_liver_tonsil_5class_spatial_margin128_fullft_lr1e-5_e10_seed43_KEEPALL_FISHER/log/2026-06-26T002217_sthelar40x_kidney_liver_tonsil_5class_spatial_margin128_fullft_lr1e-5_e10_seed43_KEEPALL_FISHER/inference_results.json,historical/supporting; never pool with held-out-slide folds,,,,,,,,,,,,,,
historical_within_slide_KLT,CellViT-SAM-H,LoRA+AdaptFormer heads only,Kidney+Liver+Tonsil,Kidney+Liver+Tonsil,42,within-slide,COMPLETED,,checkpoint_10 TEST,0.774053784,0.660005925,0.507576659,0.296947658,0.833584953,0.561242684,0.841125730,113391,139494,0.524345312,41358,53360,0.877365223,46290,57278,,0,0,0.002134472,3741,9417,7908779,707644395,1.117620525,,run/sthelar40x_kidney_liver_tonsil_5class_spatial_margin128_lora_adaptformer_r8_a8_red16_decoder_heads_only_lr5e-5_e10_seed42_CLEAN/log/2026-06-25T113302_sthelar40x_kidney_liver_tonsil_5class_spatial_margin128_lora_adaptformer_r8_a8_red16_decoder_heads_only_lr5e-5_e10_seed42_CLEAN/inference_results.json,historical/supporting; never pool with held-out-slide folds,,,,,,,,,,,,,,
historical_within_slide_KLT,CellViT-SAM-H,LoRA+AdaptFormer heads only,Kidney+Liver+Tonsil,Kidney+Liver+Tonsil,43,within-slide,COMPLETED,,checkpoint_10 TEST,0.770294728,0.655264287,0.500948756,0.290346162,0.835497862,0.595329895,0.832995152,113488,139477,0.550304606,41542,53350,0.870067517,46366,57232,,0,0,0.127952305,3718,9417,7908779,707644395,1.117620525,,run/sthelar40x_kidney_liver_tonsil_5class_spatial_margin128_lora_adaptformer_r8_a8_red16_decoder_heads_only_lr5e-5_e10_seed43_CLEAN/log/2026-06-26T002217_sthelar40x_kidney_liver_tonsil_5class_spatial_margin128_lora_adaptformer_r8_a8_red16_decoder_heads_only_lr5e-5_e10_seed43_CLEAN/inference_results.json,historical/supporting; never pool with held-out-slide folds,,,,,,,,,,,,,,
historical_within_slide_KLT,CellViT-SAM-H,LoRA+AdaptFormer last stage,Kidney+Liver+Tonsil,Kidney+Liver+Tonsil,42,within-slide,COMPLETED,,checkpoint_10 TEST,0.777106764,0.662468177,0.506422589,0.297845052,0.827868130,0.657019919,0.832198089,112183,139410,0.543079453,40409,53317,0.873593946,45566,57141,,0,0,0.379208187,3415,9407,8261291,707644395,1.167435376,,run/sthelar40x_kidney_liver_tonsil_5class_spatial_margin128_lora_adaptformer_r8_a8_red16_decoder_last_stage_lr5e-5_e10_seed42_CLEAN/log/2026-06-25T185008_sthelar40x_kidney_liver_tonsil_5class_spatial_margin128_lora_adaptformer_r8_a8_red16_decoder_last_stage_lr5e-5_e10_seed42_CLEAN/inference_results.json,historical/supporting; never pool with held-out-slide folds,,,,,,,,,,,,,,
historical_within_slide_KLT,CellViT-SAM-H,LoRA+AdaptFormer last stage,Kidney+Liver+Tonsil,Kidney+Liver+Tonsil,43,within-slide,COMPLETED,,checkpoint_10 TEST,0.772718771,0.658104065,0.498808235,0.294059984,0.823991437,0.651152433,0.832688844,111786,139452,0.550144108,40433,53342,0.877519000,45545,57208,,0,0,0.344257780,3356,9415,8261291,707644395,1.167435376,,run/sthelar40x_kidney_liver_tonsil_5class_spatial_margin128_lora_adaptformer_r8_a8_red16_decoder_last_stage_lr5e-5_e10_seed43_CLEAN/log/2026-06-27T201436_sthelar40x_kidney_liver_tonsil_5class_spatial_margin128_lora_adaptformer_r8_a8_red16_decoder_last_stage_lr5e-5_e10_seed43_CLEAN/inference_results.json,historical/supporting; never pool with held-out-slide folds,,,,,,,,,,,,,,
historical_within_slide_KLT,CellViT-SAM-H,LoRA+AdaptFormer conv adapters,Kidney+Liver+Tonsil,Kidney+Liver+Tonsil,42,within-slide,COMPLETED,,checkpoint_10 TEST,0.768524047,0.651580709,0.488987023,0.286351622,0.828971022,0.649546200,0.826729399,112977,139468,0.546786191,40825,53362,0.867936544,45756,57265,,0,0,0.356732665,3702,9415,8460874,708196490,1.194707136,,run/sthelar40x_kidney_liver_tonsil_5class_spatial_margin128_lora_adaptformer_r8_a8_red16_decoder_conv_adapters_lr5e-5_e10_seed42_CLEAN/log/2026-06-25T102125_sthelar40x_kidney_liver_tonsil_5class_spatial_margin128_lora_adaptformer_r8_a8_red16_decoder_conv_adapters_lr5e-5_e10_seed42_CLEAN/inference_results.json,historical/supporting; never pool with held-out-slide folds,,,,,,,,,,,,,,
historical_within_slide_KLT,CellViT-SAM-H,LoRA+AdaptFormer conv adapters,Kidney+Liver+Tonsil,Kidney+Liver+Tonsil,43,within-slide,COMPLETED,,checkpoint_10 TEST,0.772979804,0.657565862,0.497174238,0.290426940,0.829562141,0.653335045,0.832717894,113106,139477,0.541010101,41115,53354,0.869372850,45848,57266,,0,0,0.370239334,4057,9416,8460874,708196490,1.194707136,,run/sthelar40x_kidney_liver_tonsil_5class_spatial_margin128_lora_adaptformer_r8_a8_red16_decoder_conv_adapters_lr5e-5_e10_seed43_CLEAN/log/2026-06-26T002217_sthelar40x_kidney_liver_tonsil_5class_spatial_margin128_lora_adaptformer_r8_a8_red16_decoder_conv_adapters_lr5e-5_e10_seed43_CLEAN/inference_results.json,historical/supporting; never pool with held-out-slide folds,,,,,,,,,,,,,,
historical_within_slide_KLT,CellViT-SAM-H,VeRA+AdaptFormer heads only,Kidney+Liver+Tonsil,Kidney+Liver+Tonsil,43,within-slide,COMPLETED,,checkpoint_10 TEST,0.767088188,0.649982592,0.493230703,0.287030851,0.832649276,0.579021653,0.826310610,113345,139470,0.539587974,41658,53326,0.845182466,46446,57226,,0,0,0.105005562,3981,9412,6681035,706416651,0.945764088,,run/sthelar40x_kidney_liver_tonsil_5class_spatial_margin128_vera_adaptformer_r16_a16_red16_decoder_heads_only_lr5e-5_e10_seed43_CLEAN/log/2026-06-28T022341_sthelar40x_kidney_liver_tonsil_5class_spatial_margin128_vera_adaptformer_r16_a16_red16_decoder_heads_only_lr5e-5_e10_seed43_CLEAN/inference_results.json,historical/supporting; never pool with held-out-slide folds,,,,,,,,,,,,,,
historical_within_slide_KLT,CellViT-SAM-H,VeRA+AdaptFormer conv adapters,Kidney+Liver+Tonsil,Kidney+Liver+Tonsil,42,within-slide,COMPLETED,,checkpoint_10 TEST,0.771331781,0.654726570,0.491808942,0.283968468,0.832794812,0.643559341,0.836703589,113320,139456,0.517311270,41109,53346,0.869847474,45630,57236,,0,0,0.350375032,4045,9420,7233130,706968746,1.023118779,,run/sthelar40x_kidney_liver_tonsil_5class_spatial_margin128_vera_adaptformer_r16_a16_red16_decoder_conv_adapters_lr5e-5_e10_seed42_CLEAN/log/2026-06-25T102125_sthelar40x_kidney_liver_tonsil_5class_spatial_margin128_vera_adaptformer_r16_a16_red16_decoder_conv_adapters_lr5e-5_e10_seed42_CLEAN/inference_results.json,historical/supporting; never pool with held-out-slide folds,,,,,,,,,,,,,,
historical_within_slide_KLT,CellViT-SAM-H,VeRA+AdaptFormer conv adapters,Kidney+Liver+Tonsil,Kidney+Liver+Tonsil,43,within-slide,COMPLETED,,checkpoint_10 TEST,0.770170104,0.653876742,0.491672653,0.285741834,0.824669008,0.660771655,0.834977330,112846,139466,0.544636361,40994,53348,0.877650323,45908,57258,,0,0,0.385822606,4025,9417,7233130,706968746,1.023118779,,run/sthelar40x_kidney_liver_tonsil_5class_spatial_margin128_vera_adaptformer_r16_a16_red16_decoder_conv_adapters_lr5e-5_e10_seed43_CLEAN/log/2026-06-27T235829_sthelar40x_kidney_liver_tonsil_5class_spatial_margin128_vera_adaptformer_r16_a16_red16_decoder_conv_adapters_lr5e-5_e10_seed43_CLEAN/inference_results.json,historical/supporting; never pool with held-out-slide folds,,,,,,,,,,,,,,
historical_within_slide_tissue,CellViT-SAM-H,FullFT,Breast,Breast,42,within-slide,COMPLETED,,checkpoint_10 TEST,0.824043824,0.721552314,0.524725185,0.348114303,0.817617948,0.623232167,0.722960437,31509,38706,0.660258606,23010,30011,0.910993466,68453,87780,,0,0,0.198716160,658,1152,699736523,699736523,100.000000000,,run/sthelar40x_breast_5class_spatial_margin128_cap50000_fullft_lr1e-5_e10_seed42_CLEAN/log/2026-06-30T030512_sthelar40x_breast_5class_spatial_margin128_cap50000_fullft_lr1e-5_e10_seed42_CLEAN/inference_results.json,historical/supporting; never pool with held-out-slide folds,,,,,,,,,,,,,,
historical_within_slide_tissue,CellViT-SAM-H,Selected PEFT,Breast,Breast,42,within-slide,COMPLETED,,checkpoint_10 TEST,0.812026927,0.704536966,0.526668782,0.334774573,0.842364628,0.587322336,0.696314965,32330,38773,0.605696287,24442,30055,0.901857885,72077,87879,,0,0,0.145420208,651,1152,7908779,707644395,1.117620525,,run/sthelar40x_breast_5class_spatial_margin128_cap50000_lora_adaptformer_r8_a8_red16_decoder_heads_only_lr5e-5_e10_seed42_CLEAN/log/2026-06-30T170944_sthelar40x_breast_5class_spatial_margin128_cap50000_lora_adaptformer_r8_a8_red16_decoder_heads_only_lr5e-5_e10_seed42_CLEAN/inference_results.json,historical/supporting; never pool with held-out-slide folds,,,,,,,,,,,,,,
historical_within_slide_tissue,CellViT-SAM-H,FullFT,Colon,Colon,42,within-slide,COMPLETED,,checkpoint_10 TEST,0.709578649,0.568033112,0.317811920,0.205685053,0.787611266,0.691007012,0.681907594,31411,40278,0.817408539,44568,59838,0.939462272,62241,86901,,0,0,0.325249643,1961,3686,699736523,699736523,100.000000000,,run/sthelar40x_colon_5class_spatial_margin128_cap50000_fullft_lr1e-5_e10_seed42_CLEAN/log/2026-06-30T180350_sthelar40x_colon_5class_spatial_margin128_cap50000_fullft_lr1e-5_e10_seed42_CLEAN/inference_results.json,historical/supporting; never pool with held-out-slide folds,,,,,,,,,,,,,,
historical_within_slide_tissue,CellViT-SAM-H,Selected PEFT,Colon,Colon,42,within-slide,COMPLETED,,checkpoint_10 TEST,0.710467420,0.569706054,0.326176879,0.201803137,0.790532604,0.604678677,0.670900609,31488,40286,0.809343390,45767,59849,0.938470710,63107,86864,,0,0,0.000000000,1890,3687,7908779,707644395,1.117620525,,run/sthelar40x_colon_5class_spatial_margin128_cap50000_lora_adaptformer_r8_a8_red16_decoder_heads_only_lr5e-5_e10_seed42_CLEAN/log/2026-06-30T203052_sthelar40x_colon_5class_spatial_margin128_cap50000_lora_adaptformer_r8_a8_red16_decoder_heads_only_lr5e-5_e10_seed42_CLEAN/inference_results.json,historical/supporting; never pool with held-out-slide folds,,,,,,,,,,,,,,
historical_within_slide_tissue,CellViT-SAM-H,FullFT,Kidney,Kidney,42,within-slide,COMPLETED,,checkpoint_10 TEST,0.746398209,0.631082409,0.494489564,0.259247168,0.828514592,0.522189541,0.724933394,6354,7329,0.655522250,4699,6129,0.553814002,3962,5865,,0,0,0.154488518,127,397,699736523,699736523,100.000000000,,run/sthelar40x_kidney_5class_spatial_margin128_fullft_lr1e-5_e10_seed42_CLEAN/log/2026-06-27T195908_sthelar40x_kidney_5class_spatial_margin128_fullft_lr1e-5_e10_seed42_CLEAN/inference_results.json,historical/supporting; never pool with held-out-slide folds,,,,,,,,,,,,,,
historical_within_slide_tissue,CellViT-SAM-H,Selected PEFT,Kidney,Kidney,42,within-slide,COMPLETED,,checkpoint_10 TEST,0.726961470,0.605610435,0.466721599,0.230417061,0.827132875,0.475250784,0.719319719,6301,7332,0.619075620,4728,6146,0.562607796,3840,5887,,0,0,0.000000000,87,397,7908779,707644395,1.117620525,,run/sthelar40x_kidney_5class_spatial_margin128_lora_adaptformer_r8_a8_red16_decoder_heads_only_lr5e-5_e10_seed42_CLEAN/log/2026-06-28T203148_sthelar40x_kidney_5class_spatial_margin128_lora_adaptformer_r8_a8_red16_decoder_heads_only_lr5e-5_e10_seed42_CLEAN/inference_results.json,historical/supporting; never pool with held-out-slide folds,,,,,,,,,,,,,,
historical_within_slide_tissue,CellViT-SAM-H,FullFT,Liver,Liver,42,within-slide,COMPLETED,,checkpoint_10 TEST,0.828018829,0.726523187,0.595209752,0.412365897,0.883854971,0.666145021,0.657090239,10087,11894,0.741772784,10320,12792,0.918877513,33124,38808,,0,0,0.346839546,235,428,699736523,699736523,100.000000000,,run/sthelar40x_liver_5class_spatial_margin128_fullft_lr1e-5_e10_seed42_CLEAN/log/2026-06-27T190145_sthelar40x_liver_5class_spatial_margin128_fullft_lr1e-5_e10_seed42_CLEAN/inference_results.json,historical/supporting; never pool with held-out-slide folds,,,,,,,,,,,,,,
historical_within_slide_tissue,CellViT-SAM-H,Selected PEFT,Liver,Liver,42,within-slide,COMPLETED,,checkpoint_10 TEST,0.818956775,0.714624368,0.588137638,0.392534385,0.891611933,0.567337969,0.636549678,10174,11899,0.718324819,10521,12793,0.914477378,33583,38798,,0,0,0.000000000,231,428,7908779,707644395,1.117620525,,run/sthelar40x_liver_5class_spatial_margin128_lora_adaptformer_r8_a8_red16_decoder_heads_only_lr5e-5_e10_seed42_CLEAN/log/2026-06-28T133237_sthelar40x_liver_5class_spatial_margin128_lora_adaptformer_r8_a8_red16_decoder_heads_only_lr5e-5_e10_seed42_CLEAN/inference_results.json,historical/supporting; never pool with held-out-slide folds,,,,,,,,,,,,,,
historical_within_slide_tissue,CellViT-SAM-H,FullFT,Lung,Lung,42,within-slide,COMPLETED,,checkpoint_10 TEST,0.815225282,0.700835664,0.547921506,0.322509905,0.851064586,0.668341811,0.729208095,16965,19914,0.726316456,15699,19669,0.800799062,12230,15161,,0,0,0.417043631,2925,4150,699736523,699736523,100.000000000,,run/sthelar40x_lung_5class_spatial_margin128_cap50000_fullft_lr1e-5_e10_seed42_CLEAN/log/2026-07-01T025414_sthelar40x_lung_5class_spatial_margin128_cap50000_fullft_lr1e-5_e10_seed42_CLEAN/inference_results.json,historical/supporting; never pool with held-out-slide folds,,,,,,,,,,,,,,
historical_within_slide_tissue,CellViT-SAM-H,Selected PEFT,Lung,Lung,42,within-slide,COMPLETED,,checkpoint_10 TEST,0.808109743,0.691065618,0.543843664,0.301539120,0.863708882,0.627107352,0.711108414,16935,19928,0.725064691,15994,19681,0.785140126,12429,15182,,0,0,0.287116176,2791,4157,7908779,707644395,1.117620525,,run/sthelar40x_lung_5class_spatial_margin128_cap50000_lora_adaptformer_r8_a8_red16_decoder_heads_only_lr5e-5_e10_seed42_CLEAN/log/2026-07-01T025800_sthelar40x_lung_5class_spatial_margin128_cap50000_lora_adaptformer_r8_a8_red16_decoder_heads_only_lr5e-5_e10_seed42_CLEAN/inference_results.json,historical/supporting; never pool with held-out-slide folds,,,,,,,,,,,,,,
historical_within_slide_tissue,CellViT-SAM-H,FullFT,Ovary,Ovary,42,within-slide,COMPLETED,,checkpoint_10 TEST,0.793264589,0.682872272,0.529327043,0.319484428,0.831062845,0.645524685,0.537748070,8604,10549,0.724951413,18641,23437,0.933184167,47086,56428,,0,0,0.386215092,3176,5132,699736523,699736523,100.000000000,,run/sthelar40x_ovary_5class_spatial_margin128_fullft_lr1e-5_e10_seed42_CLEAN/log/2026-06-27T200611_sthelar40x_ovary_5class_spatial_margin128_fullft_lr1e-5_e10_seed42_CLEAN/inference_results.json,historical/supporting; never pool with held-out-slide folds,,,,,,,,,,,,,,
historical_within_slide_tissue,CellViT-SAM-H,Selected PEFT,Ovary,Ovary,42,within-slide,COMPLETED,,checkpoint_10 TEST,0.789427499,0.675438266,0.526140855,0.299860455,0.841407889,0.618221698,0.501136206,8664,10566,0.684987035,19505,23450,0.927291131,47661,56444,,0,0,0.359472422,3319,5139,7908779,707644395,1.117620525,,run/sthelar40x_ovary_5class_spatial_margin128_lora_adaptformer_r8_a8_red16_decoder_heads_only_lr5e-5_e10_seed42_CLEAN/log/2026-06-28T203221_sthelar40x_ovary_5class_spatial_margin128_lora_adaptformer_r8_a8_red16_decoder_heads_only_lr5e-5_e10_seed42_CLEAN/inference_results.json,historical/supporting; never pool with held-out-slide folds,,,,,,,,,,,,,,
historical_within_slide_tissue,CellViT-SAM-H,FullFT,Pancreatic,Pancreatic,42,within-slide,COMPLETED,,checkpoint_10 TEST,0.721799896,0.589036215,0.338936705,0.211842609,0.680192820,0.696463139,0.775561329,10611,17453,0.536254564,3341,6511,0.896770690,12003,18167,,0,0,0.577265973,2359,3953,699736523,699736523,100.000000000,,run/sthelar40x_pancreatic_5class_spatial_margin128_cap50000_fullft_lr1e-5_e10_seed42_CLEAN/log/2026-07-01T230717_sthelar40x_pancreatic_5class_spatial_margin128_cap50000_fullft_lr1e-5_e10_seed42_CLEAN/inference_results.json,historical/supporting; never pool with held-out-slide folds,,,,,,,,,,,,,,
historical_within_slide_tissue,CellViT-SAM-H,Selected PEFT,Pancreatic,Pancreatic,43,within-slide,EXCLUDED_CHECKPOINT_POLICY,,model_best TEST; excluded from canonical paper values,,,,,,,,,,,,,,,,,,,,,,7908779,707644395,1.117620525,,run/sthelar40x_pancreatic_5class_spatial_margin128_cap50000_lora_adaptformer_r8_a8_red16_decoder_heads_only_lr5e-5_e10_seed43_CLEAN/log/2026-06-30T235608_sthelar40x_pancreatic_5class_spatial_margin128_cap50000_lora_adaptformer_r8_a8_red16_decoder_heads_only_lr5e-5_e10_seed43_CLEAN/inference_results.json,historical/supporting; never pool with held-out-slide folds,,,,,,,,,,,,,,
historical_within_slide_tissue,CellViT-SAM-H,FullFT,Skin,Skin,42,within-slide,COMPLETED,,checkpoint_10 TEST,0.530677106,0.436679991,0.315325254,0.210672842,0.700619742,0.689236854,0.740679825,3743,4634,0.734038759,4257,5999,0.895572829,1469,1858,0.447916667,131,147,0.627976190,501,4173,699736523,699736523,100.000000000,,run/sthelar40x_skin_5class_spatial_margin128_cap50000_fullft_lr1e-5_e10_seed42_CLEAN/log/2026-07-01T231252_sthelar40x_skin_5class_spatial_margin128_cap50000_fullft_lr1e-5_e10_seed42_CLEAN/inference_results.json,historical/supporting; never pool with held-out-slide folds,,,,,,,,,,,,,,
historical_within_slide_tissue,CellViT-SAM-H,Selected PEFT,Skin,Skin,42,within-slide,EXCLUDED_CHECKPOINT_POLICY,,model_best TEST; excluded from canonical paper values,,,,,,,,,,,,,,,,,,,,,,7908779,707644395,1.117620525,,run/sthelar40x_skin_5class_spatial_margin128_cap50000_lora_adaptformer_r8_a8_red16_decoder_heads_only_lr5e-5_e10_seed42_CLEAN/log/2026-06-30T092331_sthelar40x_skin_5class_spatial_margin128_cap50000_lora_adaptformer_r8_a8_red16_decoder_heads_only_lr5e-5_e10_seed42_CLEAN/inference_results.json,historical/supporting; never pool with held-out-slide folds,,,,,,,,,,,,,,
historical_within_slide_tissue,CellViT-SAM-H,FullFT,Tonsil,Tonsil,42,within-slide,COMPLETED,,checkpoint_10 TEST,0.750155902,0.626551732,0.445853806,0.249820379,0.820285958,0.675225927,0.855223919,228261,281217,0.512463474,64282,83662,0.871443215,42589,54235,,0,0,0.461773098,9218,18783,699736523,699736523,100.000000000,,run/sthelar40x_tonsil_5class_spatial_margin128_cap50000_fullft_lr1e-5_e10_seed42_CLEAN/log/2026-07-01T230338_sthelar40x_tonsil_5class_spatial_margin128_cap50000_fullft_lr1e-5_e10_seed42_CLEAN/inference_results.json,historical/supporting; never pool with held-out-slide folds,,,,,,,,,,,,,,
historical_within_slide_tissue,CellViT-SAM-H,Selected PEFT,Tonsil,Tonsil,43,within-slide,EXCLUDED_CHECKPOINT_POLICY,,model_best TEST; excluded from canonical paper values,,,,,,,,,,,,,,,,,,,,,,7908779,707644395,1.117620525,,run/sthelar40x_tonsil_5class_spatial_margin128_cap50000_lora_adaptformer_r8_a8_red16_decoder_heads_only_lr5e-5_e10_seed43_CLEAN/log/2026-06-30T232731_sthelar40x_tonsil_5class_spatial_margin128_cap50000_lora_adaptformer_r8_a8_red16_decoder_heads_only_lr5e-5_e10_seed43_CLEAN/inference_results.json,historical/supporting; never pool with held-out-slide folds,,,,,,,,,,,,,,
composition_matched_generalist_vs_specialist,CellViT-SAM-H,Generalist Selected PEFT,Kidney,Kidney,42,A,COMPLETED,derived,checkpoint_10 TEST; exact common patch IDs,0.813905307,0.703865678,0.576629619,0.182611759,0.866926813,0.301089503,0.554228392,52308,58432,0.496841831,21500,26658,0.153287788,13101,17674,,0,0,0.000000000,1158,2105,7908779,707644395,1.117620525,4449,run/sthelar40x_klt_5class_slideind_foldA_lora_adaptformer_r8_a8_red16_heads_e10_seed42/log/2026-08-19T105648_sthelar40x_klt_5class_slideind_foldA_lora_adaptformer_r8_a8_red16_heads_e10_seed42/inference_results.json,Generalist Selected PEFT; exact intersection of generalist raw n=4449 and specialist raw n=4449,,,,,,,,,,,,,,
composition_matched_generalist_vs_specialist,CellViT-SAM-H,Tissue-specific Selected PEFT,Kidney,Kidney,42,A,COMPLETED,derived,checkpoint_10 TEST; exact common patch IDs,0.801429288,0.687524304,0.549528894,0.090364372,0.847799845,0.149248608,0.069963545,51254,58422,0.402536397,20986,26644,0.120824765,12660,17669,,0,0,0.003669725,1081,2100,7908779,707644395,1.117620525,4449,run/sthelar40x_kidney_5class_slideind_foldA_lora_adaptformer_r8_a8_red16_heads_e10_seed42/log/2026-08-25T220941_sthelar40x_kidney_5class_slideind_foldA_lora_adaptformer_r8_a8_red16_heads_e10_seed42/inference_results.json,Tissue-specific Selected PEFT; exact intersection of generalist raw n=4449 and specialist raw n=4449,,,,,,,,,,,,,,
composition_matched_generalist_vs_specialist,CellViT-SAM-H,Generalist Selected PEFT,Kidney,Kidney,42,B,COMPLETED,derived,checkpoint_10 TEST; exact common patch IDs,0.850735143,0.751474423,0.640946644,0.237188768,0.903512849,0.353721099,0.276374671,16649,19734,0.502272073,47665,55119,0.635962094,94510,106830,,0,0,0.000275558,7256,9918,7908779,707644395,1.117620525,6723,run/sthelar40x_klt_5class_slideind_foldB_lora_adaptformer_r8_a8_red16_heads_e10_seed42/log/2026-08-20T112527_sthelar40x_klt_5class_slideind_foldB_lora_adaptformer_r8_a8_red16_heads_e10_seed42/inference_results.json,Generalist Selected PEFT; exact intersection of generalist raw n=6723 and specialist raw n=6723,,,,,,,,,,,,,,
composition_matched_generalist_vs_specialist,CellViT-SAM-H,Tissue-specific Selected PEFT,Kidney,Kidney,42,B,COMPLETED,derived,checkpoint_10 TEST; exact common patch IDs,0.834308427,0.726542581,0.609419493,0.052900124,0.900829712,0.105982137,0.172397545,16255,19732,0.156188217,47028,55116,0.095342785,92912,106874,,0,0,0.000000000,6729,9921,7908779,707644395,1.117620525,6723,run/sthelar40x_kidney_5class_slideind_foldB_lora_adaptformer_r8_a8_red16_heads_e10_seed42/log/2026-08-29T060654_sthelar40x_kidney_5class_slideind_foldB_lora_adaptformer_r8_a8_red16_heads_e10_seed42/inference_results.json,Tissue-specific Selected PEFT; exact intersection of generalist raw n=6723 and specialist raw n=6723,,,,,,,,,,,,,,
composition_matched_generalist_vs_specialist,CellViT-SAM-H,Generalist Selected PEFT,Liver,Liver,42,A,COMPLETED,derived,checkpoint_10 TEST; exact common patch IDs,0.840550359,0.731885210,0.577369104,0.231636582,0.872199087,0.359515873,0.197335254,56187,66225,0.575259479,60899,72718,0.665468760,146973,176168,,0,0,0.000000000,545,1125,7908779,707644395,1.117620525,9166,run/sthelar40x_klt_5class_slideind_foldA_lora_adaptformer_r8_a8_red16_heads_e10_seed42/log/2026-08-19T105648_sthelar40x_klt_5class_slideind_foldA_lora_adaptformer_r8_a8_red16_heads_e10_seed42/inference_results.json,Generalist Selected PEFT; exact intersection of generalist raw n=9166 and specialist raw n=9166,,,,,,,,,,,,,,
composition_matched_generalist_vs_specialist,CellViT-SAM-H,Tissue-specific Selected PEFT,Liver,Liver,42,A,COMPLETED,derived,checkpoint_10 TEST; exact common patch IDs,0.795615362,0.668982003,0.480070241,0.171505713,0.843155925,0.264901675,0.017299500,53118,66191,0.446133493,56751,72684,0.596173709,142638,175936,,0,0,0.000000000,419,1124,7908779,707644395,1.117620525,9166,run/sthelar40x_liver_5class_slideind_foldA_lora_adaptformer_r8_a8_red16_heads_e10_seed42/log/2026-08-25T220941_sthelar40x_liver_5class_slideind_foldA_lora_adaptformer_r8_a8_red16_heads_e10_seed42/inference_results.json,Tissue-specific Selected PEFT; exact intersection of generalist raw n=9166 and specialist raw n=9166,,,,,,,,,,,,,,
composition_matched_generalist_vs_specialist,CellViT-SAM-H,Generalist Selected PEFT,Liver,Liver,42,B,COMPLETED,derived,checkpoint_10 TEST; exact common patch IDs,0.832030526,0.731645305,0.625670301,0.211969124,0.897740993,0.312148068,0.077725480,43250,50651,0.398327645,37102,46356,0.772539145,115644,130042,,0,0,0.000000000,1299,2569,7908779,707644395,1.117620525,9756,run/sthelar40x_klt_5class_slideind_foldB_lora_adaptformer_r8_a8_red16_heads_e10_seed42/log/2026-08-20T112527_sthelar40x_klt_5class_slideind_foldB_lora_adaptformer_r8_a8_red16_heads_e10_seed42/inference_results.json,Generalist Selected PEFT; exact intersection of generalist raw n=9756 and specialist raw n=20427,,,,,,,,,,,,,,
composition_matched_generalist_vs_specialist,CellViT-SAM-H,Tissue-specific Selected PEFT,Liver,Liver,42,B,COMPLETED,derived,checkpoint_10 TEST; exact common patch IDs,0.777125748,0.651511759,0.522544053,0.245518684,0.883610839,0.404709095,0.331430017,42576,50671,0.468220376,36438,46367,0.819185989,114334,130087,,0,0,0.000000000,1292,2567,7908779,707644395,1.117620525,9756,run/sthelar40x_liver_5class_slideind_foldB_lora_adaptformer_r8_a8_red16_heads_e10_seed42/log/2026-08-29T060941_sthelar40x_liver_5class_slideind_foldB_lora_adaptformer_r8_a8_red16_heads_e10_seed42/inference_results.json,Tissue-specific Selected PEFT; exact intersection of generalist raw n=9756 and specialist raw n=20427,,,,,,,,,,,,,,
composition_matched_generalist_vs_specialist,CellViT-SAM-H,Generalist Selected PEFT,Tonsil,Tonsil,42,A,COMPLETED,derived,checkpoint_10 TEST; exact common patch IDs,0.734661587,0.610725095,0.440846262,0.218818834,0.827865872,0.507272842,0.842767471,428001,519982,0.508815596,121315,160821,0.677397573,65389,82911,,0,0,0.000110730,18059,38511,7908779,707644395,1.117620525,9879,run/sthelar40x_klt_5class_slideind_foldA_lora_adaptformer_r8_a8_red16_heads_e10_seed42/log/2026-08-19T105648_sthelar40x_klt_5class_slideind_foldA_lora_adaptformer_r8_a8_red16_heads_e10_seed42/inference_results.json,Generalist Selected PEFT; exact intersection of generalist raw n=9879 and specialist raw n=21083,,,,,,,,,,,,,,
composition_matched_generalist_vs_specialist,CellViT-SAM-H,Tissue-specific Selected PEFT,Tonsil,Tonsil,42,A,COMPLETED,derived,checkpoint_10 TEST; exact common patch IDs,0.735516086,0.609268202,0.450253055,0.215774070,0.837857086,0.487873256,0.808772810,429416,520010,0.506623382,123092,160887,0.636096834,65688,82951,,0,0,0.000000000,20589,38541,7908779,707644395,1.117620525,9879,run/sthelar40x_tonsil_5class_slideind_foldA_lora_adaptformer_r8_a8_red16_heads_e10_seed42/log/2026-08-25T192051_sthelar40x_tonsil_5class_slideind_foldA_lora_adaptformer_r8_a8_red16_heads_e10_seed42/inference_results.json,Tissue-specific Selected PEFT; exact intersection of generalist raw n=9879 and specialist raw n=21083,,,,,,,,,,,,,,
composition_matched_generalist_vs_specialist,CellViT-SAM-H,Generalist Selected PEFT,Tonsil,Tonsil,42,B,COMPLETED,derived,checkpoint_10 TEST; exact common patch IDs,0.831062194,0.717111932,0.572254806,0.244294291,0.849335579,0.453998265,0.866231352,664098,795858,0.326472806,158070,191136,0.623288903,116714,140515,,0,0,0.000000000,6556,11136,7908779,707644395,1.117620525,9856,run/sthelar40x_klt_5class_slideind_foldB_lora_adaptformer_r8_a8_red16_heads_e10_seed42/log/2026-08-20T112527_sthelar40x_klt_5class_slideind_foldB_lora_adaptformer_r8_a8_red16_heads_e10_seed42/inference_results.json,Generalist Selected PEFT; exact intersection of generalist raw n=9856 and specialist raw n=23067,,,,,,,,,,,,,,
composition_matched_generalist_vs_specialist,CellViT-SAM-H,Tissue-specific Selected PEFT,Tonsil,Tonsil,42,B,COMPLETED,derived,checkpoint_10 TEST; exact common patch IDs,0.831997074,0.719328043,0.576722119,0.260633400,0.856036083,0.513394313,0.862293951,665146,795780,0.410386979,157914,191124,0.680510222,116267,140460,,0,0,0.100386100,6239,11107,7908779,707644395,1.117620525,9856,run/sthelar40x_tonsil_5class_slideind_foldB_lora_adaptformer_r8_a8_red16_heads_e10_seed42/log/2026-08-25T192051_sthelar40x_tonsil_5class_slideind_foldB_lora_adaptformer_r8_a8_red16_heads_e10_seed42/inference_results.json,Tissue-specific Selected PEFT; exact intersection of generalist raw n=9856 and specialist raw n=23067,,,,,,,,,,,,,,
composition_matched_generalist_vs_specialist,CellViT-256,Generalist Selected PEFT,Kidney,Kidney,42,A,COMPLETED,derived,checkpoint_10 TEST; exact common patch IDs,0.776139226,0.650465699,0.498064050,0.120196792,0.836220059,0.289946773,0.456175925,50670,58351,0.404850130,21128,26579,0.223490582,12776,17581,,0,0,0.075270456,1128,2095,374198,47116967,0.794189490,4449,run/sthelar40x_klt_5class_slideind_foldA_cellvit256_lora_adaptformer_r8_a8_red16_heads_e10_seed42/log/2026-08-25T114238_sthelar40x_klt_5class_slideind_foldA_cellvit256_lora_adaptformer_r8_a8_red16_heads_e10_seed42/inference_results.json,Generalist Selected PEFT; exact intersection of generalist raw n=4449 and specialist raw n=4449,,,,,,,,,,,,,,
composition_matched_generalist_vs_specialist,CellViT-256,Tissue-specific Selected PEFT,Kidney,Kidney,42,A,COMPLETED,derived,checkpoint_10 TEST; exact common patch IDs,0.755604423,0.622652005,0.468127514,0.098889271,0.833860145,0.210434164,0.281443366,50099,58172,0.345101463,20753,26332,0.190212642,12150,17483,,0,0,0.024979184,975,2066,374198,47116967,0.794189490,4449,run/sthelar40x_kidney_5class_slideind_foldA_cellvit256_lora_adaptformer_r8_a8_red16_heads_e10_seed42/log/2026-08-30T014011_sthelar40x_kidney_5class_slideind_foldA_cellvit256_lora_adaptformer_r8_a8_red16_heads_e10_seed42/inference_results.json,Tissue-specific Selected PEFT; exact intersection of generalist raw n=4449 and specialist raw n=4449,,,,,,,,,,,,,,
composition_matched_generalist_vs_specialist,CellViT-256,Generalist Selected PEFT,Kidney,Kidney,42,B,COMPLETED,derived,checkpoint_10 TEST; exact common patch IDs,0.811882447,0.695389582,0.569010219,0.175951422,0.889476762,0.311403845,0.247770645,15590,19607,0.451637998,45202,54814,0.531577686,90081,106077,,0,0,0.014629049,5860,9777,374198,47116967,0.794189490,6723,run/sthelar40x_klt_5class_slideind_foldB_cellvit256_lora_adaptformer_r8_a8_red16_heads_e10_seed42/log/2026-08-25T114238_sthelar40x_klt_5class_slideind_foldB_cellvit256_lora_adaptformer_r8_a8_red16_heads_e10_seed42/inference_results.json,Generalist Selected PEFT; exact intersection of generalist raw n=6723 and specialist raw n=6723,,,,,,,,,,,,,,
composition_matched_generalist_vs_specialist,CellViT-256,Tissue-specific Selected PEFT,Kidney,Kidney,42,B,COMPLETED,derived,checkpoint_10 TEST; exact common patch IDs,0.808517605,0.690588408,0.568279343,0.096473832,0.893834220,0.172681129,0.119542878,15930,19709,0.134973583,46290,54995,0.401450289,90647,106277,,0,0,0.034757767,6318,9885,374198,47116967,0.794189490,6723,run/sthelar40x_kidney_5class_slideind_foldB_cellvit256_lora_adaptformer_r8_a8_red16_heads_e10_seed42/log/2026-08-29T172314_sthelar40x_kidney_5class_slideind_foldB_cellvit256_lora_adaptformer_r8_a8_red16_heads_e10_seed42/inference_results.json,Tissue-specific Selected PEFT; exact intersection of generalist raw n=6723 and specialist raw n=6723,,,,,,,,,,,,,,
composition_matched_generalist_vs_specialist,CellViT-256,Generalist Selected PEFT,Liver,Liver,42,A,COMPLETED,derived,checkpoint_10 TEST; exact common patch IDs,0.803064496,0.678814125,0.504938953,0.218416680,0.834736454,0.354060417,0.117125958,54486,66141,0.514698248,59733,72590,0.763248899,142682,175530,,0,0,0.021168562,609,1119,374198,47116967,0.794189490,9166,run/sthelar40x_klt_5class_slideind_foldA_cellvit256_lora_adaptformer_r8_a8_red16_heads_e10_seed42/log/2026-08-25T114238_sthelar40x_klt_5class_slideind_foldA_cellvit256_lora_adaptformer_r8_a8_red16_heads_e10_seed42/inference_results.json,Generalist Selected PEFT; exact intersection of generalist raw n=9166 and specialist raw n=9166,,,,,,,,,,,,,,
composition_matched_generalist_vs_specialist,CellViT-256,Tissue-specific Selected PEFT,Liver,Liver,42,A,COMPLETED,derived,checkpoint_10 TEST; exact common patch IDs,0.791773288,0.669413548,0.479361786,0.073690644,0.832493574,0.113617051,0.006192531,52983,66172,0.368196350,55171,72592,0.080079322,138217,175685,,0,0,0.000000000,528,1124,374198,47116967,0.794189490,9166,run/sthelar40x_liver_5class_slideind_foldA_cellvit256_lora_adaptformer_r8_a8_red16_heads_e10_seed42/log/2026-08-29T182535_sthelar40x_liver_5class_slideind_foldA_cellvit256_lora_adaptformer_r8_a8_red16_heads_e10_seed42/inference_results.json,Tissue-specific Selected PEFT; exact intersection of generalist raw n=9166 and specialist raw n=9166,,,,,,,,,,,,,,
composition_matched_generalist_vs_specialist,CellViT-256,Generalist Selected PEFT,Liver,Liver,42,B,COMPLETED,derived,checkpoint_10 TEST; exact common patch IDs,0.810870073,0.700726215,0.587757861,0.178393588,0.865864463,0.289006157,0.061602842,38994,50433,0.204155334,33657,46196,0.768265084,105312,129730,,0,0,0.122001371,1045,2562,374198,47116967,0.794189490,9756,run/sthelar40x_klt_5class_slideind_foldB_cellvit256_lora_adaptformer_r8_a8_red16_heads_e10_seed42/log/2026-08-25T114238_sthelar40x_klt_5class_slideind_foldB_cellvit256_lora_adaptformer_r8_a8_red16_heads_e10_seed42/inference_results.json,Generalist Selected PEFT; exact intersection of generalist raw n=9756 and specialist raw n=20427,,,,,,,,,,,,,,
composition_matched_generalist_vs_specialist,CellViT-256,Tissue-specific Selected PEFT,Liver,Liver,42,B,COMPLETED,derived,checkpoint_10 TEST; exact common patch IDs,0.802853333,0.688823170,0.573492055,0.252595749,0.865783362,0.397673746,0.430827836,38129,49714,0.357310039,32838,45676,0.802557110,104107,128022,,0,0,0.000000000,1014,2550,374198,47116967,0.794189490,9756,run/sthelar40x_liver_5class_slideind_foldB_cellvit256_lora_adaptformer_r8_a8_red16_heads_e10_seed42/log/2026-08-29T223640_sthelar40x_liver_5class_slideind_foldB_cellvit256_lora_adaptformer_r8_a8_red16_heads_e10_seed42/inference_results.json,Tissue-specific Selected PEFT; exact intersection of generalist raw n=9756 and specialist raw n=20427,,,,,,,,,,,,,,
composition_matched_generalist_vs_specialist,CellViT-256,Generalist Selected PEFT,Tonsil,Tonsil,42,A,COMPLETED,derived,checkpoint_10 TEST; exact common patch IDs,0.730771884,0.601445356,0.421180663,0.196177209,0.818842657,0.515127247,0.817895371,423280,519575,0.493969364,122737,160529,0.604312922,65047,82599,,0,0,0.144331330,21673,38389,374198,47116967,0.794189490,9879,run/sthelar40x_klt_5class_slideind_foldA_cellvit256_lora_adaptformer_r8_a8_red16_heads_e10_seed42/log/2026-08-25T114238_sthelar40x_klt_5class_slideind_foldA_cellvit256_lora_adaptformer_r8_a8_red16_heads_e10_seed42/inference_results.json,Generalist Selected PEFT; exact intersection of generalist raw n=9879 and specialist raw n=21083,,,,,,,,,,,,,,
composition_matched_generalist_vs_specialist,CellViT-256,Tissue-specific Selected PEFT,Tonsil,Tonsil,42,A,COMPLETED,derived,checkpoint_10 TEST; exact common patch IDs,0.702209530,0.571088700,0.407208447,0.176935668,0.827436651,0.457895858,0.776121151,421007,519950,0.478421071,112849,160836,0.577041211,61462,82934,,0,0,0.000000000,15571,38534,374198,47116967,0.794189490,9879,run/sthelar40x_tonsil_5class_slideind_foldA_cellvit256_lora_adaptformer_r8_a8_red16_heads_e10_seed42/log/2026-08-29T235644_sthelar40x_tonsil_5class_slideind_foldA_cellvit256_lora_adaptformer_r8_a8_red16_heads_e10_seed42/inference_results.json,Tissue-specific Selected PEFT; exact intersection of generalist raw n=9879 and specialist raw n=21083,,,,,,,,,,,,,,
composition_matched_generalist_vs_specialist,CellViT-256,Generalist Selected PEFT,Tonsil,Tonsil,42,B,COMPLETED,derived,checkpoint_10 TEST; exact common patch IDs,0.820435950,0.702638568,0.546662604,0.225027451,0.853195203,0.425031876,0.858945064,659527,794983,0.309091224,155882,190654,0.493411206,114542,139853,,0,0,0.038680011,5733,11069,374198,47116967,0.794189490,9856,run/sthelar40x_klt_5class_slideind_foldB_cellvit256_lora_adaptformer_r8_a8_red16_heads_e10_seed42/log/2026-08-25T114238_sthelar40x_klt_5class_slideind_foldB_cellvit256_lora_adaptformer_r8_a8_red16_heads_e10_seed42/inference_results.json,Generalist Selected PEFT; exact intersection of generalist raw n=9856 and specialist raw n=23067,,,,,,,,,,,,,,
composition_matched_generalist_vs_specialist,CellViT-256,Tissue-specific Selected PEFT,Tonsil,Tonsil,42,B,COMPLETED,derived,checkpoint_10 TEST; exact common patch IDs,0.799079308,0.675122950,0.527379547,0.230223797,0.862958875,0.503404201,0.840854958,650448,794453,0.408848159,150934,190795,0.693828027,109966,140161,,0,0,0.070085660,4555,11093,374198,47116967,0.794189490,9856,run/sthelar40x_tonsil_5class_slideind_foldB_cellvit256_lora_adaptformer_r8_a8_red16_heads_e10_seed42/log/2026-08-30T002904_sthelar40x_tonsil_5class_slideind_foldB_cellvit256_lora_adaptformer_r8_a8_red16_heads_e10_seed42/inference_results.json,Tissue-specific Selected PEFT; exact intersection of generalist raw n=9856 and specialist raw n=23067,,,,,,,,,,,,,,
tissue_specific_held_out_slide,CellViT-SAM-H,FullFT,Breast,Breast,42,A,COMPLETED,1596567_0,checkpoint_10 TEST,0.735224459,0.597194976,0.342093338,0.203063146,0.781921554,0.524464630,0.537601916,149106,193334,0.644125192,152299,205849,0.841736223,289508,395247,,0,0,0.074395189,4853,25098,699736523,699736523,100.000000000,,run/sthelar40x_breast_5class_slideind_foldA_fullft_lr1e-5_e10_seed42/log/2026-09-01T195014_sthelar40x_breast_5class_slideind_foldA_fullft_lr1e-5_e10_seed42/inference_results.json,Canonical completion re-established from checkpoint-10 TEST artifacts on 2026-09-01.,49569,819528,breast_s0,breast_s1,6919f9d362da83fdab6869db214f1149625570ce8b9e2d81ed9651cf98f0fe57,44425.596799,12.340444,15.507665,7.882327,13.815338,8397780609,canonical FullFT checkpoint size (provenance; weight may be retention-deleted),run/sthelar40x_breast_5class_slideind_foldA_fullft_lr1e-5_e10_seed42/log/2026-09-01T195014_sthelar40x_breast_5class_slideind_foldA_fullft_lr1e-5_e10_seed42/efficiency_metrics.json,run/sthelar40x_breast_5class_slideind_foldA_fullft_lr1e-5_e10_seed42/log/2026-09-01T195014_sthelar40x_breast_5class_slideind_foldA_fullft_lr1e-5_e10_seed42/inference_efficiency_metrics.json
tissue_specific_held_out_slide,CellViT-SAM-H,FullFT,Breast,Breast,42,B,COMPLETED,1596567_1,checkpoint_10 TEST,0.805097740,0.681823014,0.466096551,0.302616525,0.823098252,0.579053529,0.700131889,196422,239278,0.603033842,182379,235052,0.922057304,616081,763519,,0,0,0.090991081,10942,15028,699736523,699736523,100.000000000,,run/sthelar40x_breast_5class_slideind_foldB_fullft_lr1e-5_e10_seed42/log/2026-09-01T200157_sthelar40x_breast_5class_slideind_foldB_fullft_lr1e-5_e10_seed42/inference_results.json,Canonical completion re-established from checkpoint-10 TEST artifacts on 2026-09-01.,45773,1252877,breast_s1,breast_s0,d41bd81521359b3f03b1832ffa33157a6ad1b2fd89819853a91a8a9835dc7d73,45850.918049,12.736366,15.507665,7.882327,10.770292,8397780609,canonical FullFT checkpoint size (provenance; weight may be retention-deleted),run/sthelar40x_breast_5class_slideind_foldB_fullft_lr1e-5_e10_seed42/log/2026-09-01T200157_sthelar40x_breast_5class_slideind_foldB_fullft_lr1e-5_e10_seed42/efficiency_metrics.json,run/sthelar40x_breast_5class_slideind_foldB_fullft_lr1e-5_e10_seed42/log/2026-09-01T200157_sthelar40x_breast_5class_slideind_foldB_fullft_lr1e-5_e10_seed42/inference_efficiency_metrics.json
tissue_specific_held_out_slide,CellViT-SAM-H,FullFT,Colon,Colon,42,A,COMPLETED,1596567_2,checkpoint_10 TEST,0.696350621,0.549363156,0.245586466,0.127708553,0.755959358,0.439816069,0.560281241,149219,195784,0.301930834,23533,30542,0.783522195,354114,511261,,0,0,0.113530005,8078,14277,699736523,699736523,100.000000000,,run/sthelar40x_colon_5class_slideind_foldA_fullft_lr1e-5_e10_seed42/log/2026-09-01T211611_sthelar40x_colon_5class_slideind_foldA_fullft_lr1e-5_e10_seed42/inference_results.json,Canonical completion re-established from checkpoint-10 TEST artifacts on 2026-09-01.,11903,751864,colon_s1,colon_s2,95091217911927e0dbf677070725bf1795fe5191566c82602778576ae497686a,20621.614918,5.728226,15.507665,7.882327,7.271227,8397780545,canonical FullFT checkpoint size (provenance; weight may be retention-deleted),run/sthelar40x_colon_5class_slideind_foldA_fullft_lr1e-5_e10_seed42/log/2026-09-01T211611_sthelar40x_colon_5class_slideind_foldA_fullft_lr1e-5_e10_seed42/efficiency_metrics.json,run/sthelar40x_colon_5class_slideind_foldA_fullft_lr1e-5_e10_seed42/log/2026-09-01T211611_sthelar40x_colon_5class_slideind_foldA_fullft_lr1e-5_e10_seed42/inference_efficiency_metrics.json
tissue_specific_held_out_slide,CellViT-SAM-H,FullFT,Colon,Colon,42,B,COMPLETED,1596567_3,checkpoint_10 TEST,0.699394417,0.554109009,0.319176995,0.124182469,0.740694788,0.401243629,0.411185531,152321,207312,0.152810385,236065,366274,0.882041689,409720,589471,,0,0,0.158936912,8414,16974,699736523,699736523,100.000000000,,run/sthelar40x_colon_5class_slideind_foldB_fullft_lr1e-5_e10_seed42/log/2026-09-02T033103_sthelar40x_colon_5class_slideind_foldB_fullft_lr1e-5_e10_seed42/inference_results.json,Canonical completion re-established from checkpoint-10 TEST artifacts on 2026-09-01.,18464,1180031,colon_s2,colon_s1,c2b49d03ad766c3afc07938621d46e2f5c85d2a631a4aab9b7b8b26e804887d3,13501.631611,3.750453,15.501546,7.884646,7.405804,8397780609,canonical FullFT checkpoint size (provenance; weight may be retention-deleted),run/sthelar40x_colon_5class_slideind_foldB_fullft_lr1e-5_e10_seed42/log/2026-09-02T033103_sthelar40x_colon_5class_slideind_foldB_fullft_lr1e-5_e10_seed42/efficiency_metrics.json,run/sthelar40x_colon_5class_slideind_foldB_fullft_lr1e-5_e10_seed42/log/2026-09-02T033103_sthelar40x_colon_5class_slideind_foldB_fullft_lr1e-5_e10_seed42/inference_efficiency_metrics.json
tissue_specific_held_out_slide,CellViT-SAM-H,FullFT,Kidney,Kidney,42,A,COMPLETED,1586683,checkpoint_10 TEST,0.825913739,0.721608199,0.591683167,0.181413210,0.856378146,0.307102571,0.494753885,51539,58398,0.480666370,20918,26630,0.127990029,12945,17620,,0,0,0.125000000,1168,2102,699736523,699736523,100.000000000,,run/sthelar40x_kidney_5class_slideind_foldA_fullft_lr1e-5_e10_seed42/log/2026-08-31T202148_sthelar40x_kidney_5class_slideind_foldA_fullft_lr1e-5_e10_seed42/inference_results.json,Canonical completion re-established from checkpoint-10 TEST artifacts on 2026-09-01.,4449,104750,kidney_s0,kidney_s1,b294169ffe32e16f2d9a571f70ab523bd530581e1f64bbc0e475f24dbba448ad,7640.110197,2.122253,15.507665,7.882327,14.297544,8397788628,canonical FullFT checkpoint size (provenance; weight may be retention-deleted),run/sthelar40x_kidney_5class_slideind_foldA_fullft_lr1e-5_e10_seed42/log/2026-08-31T202148_sthelar40x_kidney_5class_slideind_foldA_fullft_lr1e-5_e10_seed42/efficiency_metrics.json,run/sthelar40x_kidney_5class_slideind_foldA_fullft_lr1e-5_e10_seed42/log/2026-08-31T202148_sthelar40x_kidney_5class_slideind_foldA_fullft_lr1e-5_e10_seed42/inference_efficiency_metrics.json
tissue_specific_held_out_slide,CellViT-SAM-H,FullFT,Kidney,Kidney,42,B,COMPLETED,1586684,checkpoint_10 TEST,0.834052126,0.726436999,0.608680250,0.088820671,0.894684298,0.224373343,0.111883219,16260,19736,0.347321477,46294,55104,0.174211007,90810,106591,,0,0,0.264077670,6664,9917,699736523,699736523,100.000000000,,run/sthelar40x_kidney_5class_slideind_foldB_fullft_lr1e-5_e10_seed42/log/2026-08-31T215922_sthelar40x_kidney_5class_slideind_foldB_fullft_lr1e-5_e10_seed42/inference_results.json,Canonical completion re-established from checkpoint-10 TEST artifacts on 2026-09-01.,6723,191348,kidney_s1,kidney_s0,b20a4b6f38be145511cdb41d76c9e6d2830968b56af08084050986485b1e3cb5,4815.525534,1.337646,15.507665,7.882327,12.738556,8397788628,canonical FullFT checkpoint size (provenance; weight may be retention-deleted),run/sthelar40x_kidney_5class_slideind_foldB_fullft_lr1e-5_e10_seed42/log/2026-08-31T215922_sthelar40x_kidney_5class_slideind_foldB_fullft_lr1e-5_e10_seed42/efficiency_metrics.json,run/sthelar40x_kidney_5class_slideind_foldB_fullft_lr1e-5_e10_seed42/log/2026-08-31T215922_sthelar40x_kidney_5class_slideind_foldB_fullft_lr1e-5_e10_seed42/inference_efficiency_metrics.json
tissue_specific_held_out_slide,CellViT-SAM-H,FullFT,Liver,Liver,42,A,COMPLETED,1586685,checkpoint_10 TEST,0.802784087,0.679389326,0.493431776,0.146406181,0.841040386,0.222511511,0.037031236,54040,66226,0.417721140,57447,72721,0.411009195,141857,176089,,0,0,0.024284475,454,1125,699736523,699736523,100.000000000,,run/sthelar40x_liver_5class_slideind_foldA_fullft_lr1e-5_e10_seed42/log/2026-08-31T221828_sthelar40x_liver_5class_slideind_foldA_fullft_lr1e-5_e10_seed42/inference_results.json,Canonical completion re-established from checkpoint-10 TEST artifacts on 2026-09-01.,9166,316161,liver_s0,liver_s1,804074f4d9746fe34711ab8329cd95971876a36acf8f6fa8a4c397d23944bd17,20671.627788,5.742119,15.507665,7.882327,11.797404,8397780545,canonical FullFT checkpoint size (provenance; weight may be retention-deleted),run/sthelar40x_liver_5class_slideind_foldA_fullft_lr1e-5_e10_seed42/log/2026-08-31T221828_sthelar40x_liver_5class_slideind_foldA_fullft_lr1e-5_e10_seed42/efficiency_metrics.json,run/sthelar40x_liver_5class_slideind_foldA_fullft_lr1e-5_e10_seed42/log/2026-08-31T221828_sthelar40x_liver_5class_slideind_foldA_fullft_lr1e-5_e10_seed42/inference_efficiency_metrics.json
tissue_specific_held_out_slide,CellViT-SAM-H,FullFT,Liver,Liver,42,B,COMPLETED,1586686,checkpoint_10 TEST,0.771194126,0.643793346,0.507493216,0.260520759,0.883564117,0.467050459,0.394989589,87248,105407,0.527023743,74064,96415,0.845254870,234273,269834,,0,0,0.100933636,2527,5274,699736523,699736523,100.000000000,,run/sthelar40x_liver_5class_slideind_foldB_fullft_lr1e-5_e10_seed42/log/2026-08-31T223807_sthelar40x_liver_5class_slideind_foldB_fullft_lr1e-5_e10_seed42/inference_results.json,Canonical completion re-established from checkpoint-10 TEST artifacts on 2026-09-01.,20427,476930,liver_s1,liver_s0,c190501712ee96da9433ec72d5f100102a64473809a4f9c0f7644314e577f11c,9509.990367,2.641664,15.501546,7.884646,13.829241,8397788564,canonical FullFT checkpoint size (provenance; weight may be retention-deleted),run/sthelar40x_liver_5class_slideind_foldB_fullft_lr1e-5_e10_seed42/log/2026-08-31T223807_sthelar40x_liver_5class_slideind_foldB_fullft_lr1e-5_e10_seed42/efficiency_metrics.json,run/sthelar40x_liver_5class_slideind_foldB_fullft_lr1e-5_e10_seed42/log/2026-08-31T223807_sthelar40x_liver_5class_slideind_foldB_fullft_lr1e-5_e10_seed42/inference_efficiency_metrics.json
tissue_specific_held_out_slide,CellViT-SAM-H,FullFT,Lung,Lung,42,A,COMPLETED,1596567_4,checkpoint_10 TEST,0.794631420,0.672048850,0.518004421,0.227549463,0.836796286,0.491063056,0.586079041,162174,194127,0.619732285,139443,174761,0.515074669,119273,145011,,0,0,0.243366229,28083,40132,699736523,699736523,100.000000000,,run/sthelar40x_lung_5class_slideind_foldA_fullft_lr1e-5_e10_seed42/log/2026-09-02T080128_sthelar40x_lung_5class_slideind_foldA_fullft_lr1e-5_e10_seed42/inference_results.json,Canonical completion re-established from checkpoint-10 TEST artifacts on 2026-09-01.,20621,554031,lung_s1,lung_s3,5db06a5c053f1e5e1cf24db539858410b34c8bfc91c24b2ae46ccf93e461091d,11312.414162,3.142337,15.507665,7.882327,12.826846,8397780545,canonical FullFT checkpoint size (provenance; weight may be retention-deleted),run/sthelar40x_lung_5class_slideind_foldA_fullft_lr1e-5_e10_seed42/log/2026-09-02T080128_sthelar40x_lung_5class_slideind_foldA_fullft_lr1e-5_e10_seed42/efficiency_metrics.json,run/sthelar40x_lung_5class_slideind_foldA_fullft_lr1e-5_e10_seed42/log/2026-09-02T080128_sthelar40x_lung_5class_slideind_foldA_fullft_lr1e-5_e10_seed42/inference_efficiency_metrics.json
tissue_specific_held_out_slide,CellViT-SAM-H,FullFT,Lung,Lung,42,B,COMPLETED,1596567_5,checkpoint_10 TEST,0.845216103,0.742058712,0.585981324,0.292868831,0.852778045,0.557425087,0.735023186,125484,145343,0.515039202,56524,71599,0.711106694,50598,68204,,0,0,0.268531266,23898,34892,699736523,699736523,100.000000000,,run/sthelar40x_lung_5class_slideind_foldB_fullft_lr1e-5_e10_seed42/log/2026-09-02T091426_sthelar40x_lung_5class_slideind_foldB_fullft_lr1e-5_e10_seed42/inference_results.json,Canonical completion re-established from checkpoint-10 TEST artifacts on 2026-09-01.,10938,320038,lung_s3,lung_s1,ec3ab11027a24760ba6aaea75d3a6b61bd6113cdc815385289d049041b754bb1,21042.262505,5.845073,15.507665,7.882327,10.762469,8397780545,canonical FullFT checkpoint size (provenance; weight may be retention-deleted),run/sthelar40x_lung_5class_slideind_foldB_fullft_lr1e-5_e10_seed42/log/2026-09-02T091426_sthelar40x_lung_5class_slideind_foldB_fullft_lr1e-5_e10_seed42/efficiency_metrics.json,run/sthelar40x_lung_5class_slideind_foldB_fullft_lr1e-5_e10_seed42/log/2026-09-02T091426_sthelar40x_lung_5class_slideind_foldB_fullft_lr1e-5_e10_seed42/inference_efficiency_metrics.json
tissue_specific_held_out_slide,CellViT-SAM-H,FullFT,Ovary,Ovary,42,A,COMPLETED,1596567_6,checkpoint_10 TEST,0.762046228,0.635118596,0.450118456,0.247301473,0.822512906,0.591675775,0.455542268,74240,90316,0.776516610,238777,304207,0.903004879,307134,360968,,0,0,0.231639344,38895,60232,699736523,699736523,100.000000000,,run/sthelar40x_ovary_5class_slideind_foldA_fullft_lr1e-5_e10_seed42/log/2026-09-02T100058_sthelar40x_ovary_5class_slideind_foldA_fullft_lr1e-5_e10_seed42/inference_results.json,Canonical completion re-established from checkpoint-10 TEST artifacts on 2026-09-01.,25498,815723,ovary_s0,ovary_s1,e501c6aab1225b8b8a96a9e00d89d1b12dc0f10ecd006e9ff4fcd0ce70334617,11386.701164,3.162973,15.507665,7.882327,10.914088,8397780545,canonical FullFT checkpoint size (provenance; weight may be retention-deleted),run/sthelar40x_ovary_5class_slideind_foldA_fullft_lr1e-5_e10_seed42/log/2026-09-02T100058_sthelar40x_ovary_5class_slideind_foldA_fullft_lr1e-5_e10_seed42/efficiency_metrics.json,run/sthelar40x_ovary_5class_slideind_foldA_fullft_lr1e-5_e10_seed42/log/2026-09-02T100058_sthelar40x_ovary_5class_slideind_foldA_fullft_lr1e-5_e10_seed42/inference_efficiency_metrics.json
tissue_specific_held_out_slide,CellViT-SAM-H,FullFT,Ovary,Ovary,42,B,COMPLETED,1596567_7,checkpoint_10 TEST,0.728820523,0.596565311,0.388802952,0.152396896,0.831309016,0.458089397,0.365557399,84681,104349,0.621489806,47224,61814,0.663710754,246439,309760,,0,0,0.181599630,13127,22303,699736523,699736523,100.000000000,,run/sthelar40x_ovary_5class_slideind_foldB_fullft_lr1e-5_e10_seed42/log/2026-09-02T114048_sthelar40x_ovary_5class_slideind_foldB_fullft_lr1e-5_e10_seed42/inference_results.json,Canonical completion re-established from checkpoint-10 TEST artifacts on 2026-09-01.,10039,498226,ovary_s1,ovary_s0,0792454f7561464ffbbad200e7863074519bf3f66522fb5e97ed0aa2b4dd9189,26453.382436,7.348162,15.501546,7.884646,9.173801,8397780545,canonical FullFT checkpoint size (provenance; weight may be retention-deleted),run/sthelar40x_ovary_5class_slideind_foldB_fullft_lr1e-5_e10_seed42/log/2026-09-02T114048_sthelar40x_ovary_5class_slideind_foldB_fullft_lr1e-5_e10_seed42/efficiency_metrics.json,run/sthelar40x_ovary_5class_slideind_foldB_fullft_lr1e-5_e10_seed42/log/2026-09-02T114048_sthelar40x_ovary_5class_slideind_foldB_fullft_lr1e-5_e10_seed42/inference_efficiency_metrics.json
tissue_specific_held_out_slide,CellViT-SAM-H,FullFT,Pancreatic,Pancreatic,42,A,COMPLETED,1596567_8,checkpoint_10 TEST,0.756298834,0.624094349,0.397844745,0.139284966,0.743968972,0.332267101,0.629896660,108190,156067,0.420134403,56782,82308,0.252806532,77187,117578,,0,0,0.026230811,50964,113203,699736523,699736523,100.000000000,,run/sthelar40x_pancreatic_5class_slideind_foldA_fullft_lr1e-5_e10_seed42/log/2026-09-02T135333_sthelar40x_pancreatic_5class_slideind_foldA_fullft_lr1e-5_e10_seed42/inference_results.json,Canonical completion re-established from checkpoint-10 TEST artifacts on 2026-09-01.,12647,469156,pancreatic_s0,pancreatic_s1,6c5b9bfb903b0e1be01f4c8af47025b2de17cfc067b4756773b74d84bbfc7ed4,24961.167337,6.933658,15.501546,7.884646,12.171346,8397788692,canonical FullFT checkpoint size (provenance; weight may be retention-deleted),run/sthelar40x_pancreatic_5class_slideind_foldA_fullft_lr1e-5_e10_seed42/log/2026-09-02T135333_sthelar40x_pancreatic_5class_slideind_foldA_fullft_lr1e-5_e10_seed42/efficiency_metrics.json,run/sthelar40x_pancreatic_5class_slideind_foldA_fullft_lr1e-5_e10_seed42/log/2026-09-02T135333_sthelar40x_pancreatic_5class_slideind_foldA_fullft_lr1e-5_e10_seed42/inference_efficiency_metrics.json
tissue_specific_held_out_slide,CellViT-SAM-H,FullFT,Pancreatic,Pancreatic,42,B,COMPLETED,1596567_9,checkpoint_10 TEST,0.751633206,0.618414517,0.376939152,0.147552349,0.699559661,0.374500937,0.590775441,96380,138412,0.342428285,46000,73309,0.555210734,140506,198250,,0,0,0.009589289,20253,28241,699736523,699736523,100.000000000,,run/sthelar40x_pancreatic_5class_slideind_foldB_fullft_lr1e-5_e10_seed42/log/2026-09-02T152702_sthelar40x_pancreatic_5class_slideind_foldB_fullft_lr1e-5_e10_seed42/inference_results.json,Canonical completion re-established from checkpoint-10 TEST artifacts on 2026-09-01.,25526,438212,pancreatic_s1,pancreatic_s0,131dba6a8406983810271632caff4321d009223660b4eac06350afd1f06466a3,13500.808528,3.750225,15.507665,7.882327,14.201987,8397788692,canonical FullFT checkpoint size (provenance; weight may be retention-deleted),run/sthelar40x_pancreatic_5class_slideind_foldB_fullft_lr1e-5_e10_seed42/log/2026-09-02T152702_sthelar40x_pancreatic_5class_slideind_foldB_fullft_lr1e-5_e10_seed42/efficiency_metrics.json,run/sthelar40x_pancreatic_5class_slideind_foldB_fullft_lr1e-5_e10_seed42/log/2026-09-02T152702_sthelar40x_pancreatic_5class_slideind_foldB_fullft_lr1e-5_e10_seed42/inference_efficiency_metrics.json
tissue_specific_held_out_slide,CellViT-SAM-H,FullFT,Skin,Skin,42,A,COMPLETED,1596567_10,checkpoint_10 TEST,0.773741041,0.660323960,0.449717840,0.131896492,0.752794224,0.210268169,0.569825060,64338,77785,0.213070977,30040,38339,0.226317550,7655,10719,0.040507306,55420,72990,0.001619950,47,87,699736523,699736523,100.000000000,,run/sthelar40x_skin_5class_slideind_foldA_fullft_lr1e-5_e10_seed42/log/2026-09-02T192405_sthelar40x_skin_5class_slideind_foldA_fullft_lr1e-5_e10_seed42/inference_results.json,Canonical completion re-established from checkpoint-10 TEST artifacts on 2026-09-01.,12790,199920,skin_s1,skin_s2,40d1b93990a1e94d7bc5cc7bca9bf05e0c8537e4aa3fbf7caa58e2bd26163bee,12106.815962,3.363004,15.501546,7.884646,14.809767,8397780545,canonical FullFT checkpoint size (provenance; weight may be retention-deleted),run/sthelar40x_skin_5class_slideind_foldA_fullft_lr1e-5_e10_seed42/log/2026-09-02T192405_sthelar40x_skin_5class_slideind_foldA_fullft_lr1e-5_e10_seed42/efficiency_metrics.json,run/sthelar40x_skin_5class_slideind_foldA_fullft_lr1e-5_e10_seed42/log/2026-09-02T192405_sthelar40x_skin_5class_slideind_foldA_fullft_lr1e-5_e10_seed42/inference_efficiency_metrics.json
tissue_specific_held_out_slide,CellViT-SAM-H,FullFT,Skin,Skin,42,B,COMPLETED,1596567_11,checkpoint_10 TEST,0.488345111,0.364493139,0.223972526,0.075461636,0.708927393,0.272009648,0.071439475,5647,7656,0.534359167,26321,47509,0.754249600,46121,60129,0.000000000,4402,5534,0.000000000,21138,55991,699736523,699736523,100.000000000,,run/sthelar40x_skin_5class_slideind_foldB_fullft_lr1e-5_e10_seed42/log/2026-09-02T194550_sthelar40x_skin_5class_slideind_foldB_fullft_lr1e-5_e10_seed42/inference_results.json,Canonical completion re-established from checkpoint-10 TEST artifacts on 2026-09-01.,11209,176819,skin_s2,skin_s1,f3031bff17e940b3fe42adbb4bfbd4f26484bb7227111655332a7632620a51d7,13356.172282,3.710048,15.501546,7.884646,18.743339,8397780545,canonical FullFT checkpoint size (provenance; weight may be retention-deleted),run/sthelar40x_skin_5class_slideind_foldB_fullft_lr1e-5_e10_seed42/log/2026-09-02T194550_sthelar40x_skin_5class_slideind_foldB_fullft_lr1e-5_e10_seed42/efficiency_metrics.json,run/sthelar40x_skin_5class_slideind_foldB_fullft_lr1e-5_e10_seed42/log/2026-09-02T194550_sthelar40x_skin_5class_slideind_foldB_fullft_lr1e-5_e10_seed42/inference_efficiency_metrics.json
tissue_specific_held_out_slide,CellViT-SAM-H,FullFT,Tonsil,Tonsil,42,A,COMPLETED,1586687,checkpoint_10 TEST,0.749989875,0.628591773,0.463236367,0.239026464,0.826965772,0.538523346,0.815509388,916462,1115079,0.530579241,257183,341055,0.714477323,139892,177095,,0,0,0.093527434,41594,83061,699736523,699736523,100.000000000,,run/sthelar40x_tonsil_5class_slideind_foldA_fullft_lr1e-5_e10_seed42/log/2026-08-31T225424_sthelar40x_tonsil_5class_slideind_foldA_fullft_lr1e-5_e10_seed42/inference_results.json,Canonical completion re-established from checkpoint-10 TEST artifacts on 2026-09-01.,21083,1716290,tonsil_s0,tonsil_s1,e6c67abea5f71f64b93f484dca1b8271dc1a36351cb2f69ae542e13e9105452b,33630.588572,9.341830,15.507665,7.882327,7.039465,8397780609,canonical FullFT checkpoint size (provenance; weight may be retention-deleted),run/sthelar40x_tonsil_5class_slideind_foldA_fullft_lr1e-5_e10_seed42/log/2026-08-31T225424_sthelar40x_tonsil_5class_slideind_foldA_fullft_lr1e-5_e10_seed42/efficiency_metrics.json,run/sthelar40x_tonsil_5class_slideind_foldA_fullft_lr1e-5_e10_seed42/log/2026-08-31T225424_sthelar40x_tonsil_5class_slideind_foldA_fullft_lr1e-5_e10_seed42/inference_efficiency_metrics.json
tissue_specific_held_out_slide,CellViT-SAM-H,FullFT,Tonsil,Tonsil,42,B,COMPLETED,1586688,checkpoint_10 TEST,0.840022285,0.730870860,0.583669553,0.272189510,0.856145228,0.526858871,0.867135935,1550341,1856097,0.445774724,368219,445973,0.639922529,276838,334702,,0,0,0.154602298,15271,26691,699736523,699736523,100.000000000,,run/sthelar40x_tonsil_5class_slideind_foldB_fullft_lr1e-5_e10_seed42/log/2026-08-31T233216_sthelar40x_tonsil_5class_slideind_foldB_fullft_lr1e-5_e10_seed42/inference_results.json,Canonical completion re-established from checkpoint-10 TEST artifacts on 2026-09-01.,23067,2663463,tonsil_s1,tonsil_s0,1504d6aa6fde1cfdc9c35ba08d98d6c14e3a97208b3b0adf12801766c596de3c,25351.853248,7.042181,15.507665,7.882327,4.844307,8397780609,canonical FullFT checkpoint size (provenance; weight may be retention-deleted),run/sthelar40x_tonsil_5class_slideind_foldB_fullft_lr1e-5_e10_seed42/log/2026-08-31T233216_sthelar40x_tonsil_5class_slideind_foldB_fullft_lr1e-5_e10_seed42/efficiency_metrics.json,run/sthelar40x_tonsil_5class_slideind_foldB_fullft_lr1e-5_e10_seed42/log/2026-08-31T233216_sthelar40x_tonsil_5class_slideind_foldB_fullft_lr1e-5_e10_seed42/inference_efficiency_metrics.json
tissue_specific_held_out_slide,CellViT-256,FullFT,Kidney,Kidney,42,A,COMPLETED,1586689,checkpoint_10 TEST,0.813218352,0.705850960,0.570719498,0.157794736,0.854945733,0.316974114,0.494473380,51407,58361,0.433260459,20735,26578,0.190162618,12459,17556,,0,0,0.150000000,1038,2094,46743419,46743419,100.000000000,,run/sthelar40x_kidney_5class_slideind_foldA_cellvit256_fullft_lr1e-5_e10_seed42/log/2026-09-01T014503_sthelar40x_kidney_5class_slideind_foldA_cellvit256_fullft_lr1e-5_e10_seed42/inference_results.json,Canonical completion re-established from checkpoint-10 TEST artifacts on 2026-09-01.,4449,104589,kidney_s0,kidney_s1,b294169ffe32e16f2d9a571f70ab523bd530581e1f64bbc0e475f24dbba448ad,4953.104081,1.375862,2.667426,1.617799,15.701409,561447040,canonical FullFT checkpoint size (provenance; weight may be retention-deleted),run/sthelar40x_kidney_5class_slideind_foldA_cellvit256_fullft_lr1e-5_e10_seed42/log/2026-09-01T014503_sthelar40x_kidney_5class_slideind_foldA_cellvit256_fullft_lr1e-5_e10_seed42/efficiency_metrics.json,run/sthelar40x_kidney_5class_slideind_foldA_cellvit256_fullft_lr1e-5_e10_seed42/log/2026-09-01T014503_sthelar40x_kidney_5class_slideind_foldA_cellvit256_fullft_lr1e-5_e10_seed42/inference_efficiency_metrics.json
tissue_specific_held_out_slide,CellViT-256,FullFT,Kidney,Kidney,42,B,COMPLETED,1586690,checkpoint_10 TEST,0.826384435,0.715543577,0.594012618,0.091515428,0.893109095,0.206013653,0.093556353,16099,19708,0.211390968,46082,55000,0.350713232,90246,106087,,0,0,0.168394059,6605,9891,46743419,46743419,100.000000000,,run/sthelar40x_kidney_5class_slideind_foldB_cellvit256_fullft_lr1e-5_e10_seed42/log/2026-09-01T031519_sthelar40x_kidney_5class_slideind_foldB_cellvit256_fullft_lr1e-5_e10_seed42/inference_results.json,Canonical completion re-established from checkpoint-10 TEST artifacts on 2026-09-01.,6723,190686,kidney_s1,kidney_s0,b20a4b6f38be145511cdb41d76c9e6d2830968b56af08084050986485b1e3cb5,3263.427750,0.906508,2.667426,1.617799,14.574575,561442705,canonical FullFT checkpoint size (provenance; weight may be retention-deleted),run/sthelar40x_kidney_5class_slideind_foldB_cellvit256_fullft_lr1e-5_e10_seed42/log/2026-09-01T031519_sthelar40x_kidney_5class_slideind_foldB_cellvit256_fullft_lr1e-5_e10_seed42/efficiency_metrics.json,run/sthelar40x_kidney_5class_slideind_foldB_cellvit256_fullft_lr1e-5_e10_seed42/log/2026-09-01T031519_sthelar40x_kidney_5class_slideind_foldB_cellvit256_fullft_lr1e-5_e10_seed42/inference_efficiency_metrics.json
tissue_specific_held_out_slide,CellViT-256,FullFT,Liver,Liver,42,A,COMPLETED,1586691,checkpoint_10 TEST,0.785666107,0.664038679,0.470951908,0.082082251,0.820610274,0.132704870,0.014958607,51277,66223,0.364495588,51541,72714,0.142839097,139207,176113,,0,0,0.008526188,356,1125,46743419,46743419,100.000000000,,run/sthelar40x_liver_5class_slideind_foldA_cellvit256_fullft_lr1e-5_e10_seed42/log/2026-09-01T041949_sthelar40x_liver_5class_slideind_foldA_cellvit256_fullft_lr1e-5_e10_seed42/inference_results.json,Canonical completion re-established from checkpoint-10 TEST artifacts on 2026-09-01.,9166,316175,liver_s0,liver_s1,804074f4d9746fe34711ab8329cd95971876a36acf8f6fa8a4c397d23944bd17,13893.573259,3.859326,2.667426,1.617799,11.990032,561442705,canonical FullFT checkpoint size (provenance; weight may be retention-deleted),run/sthelar40x_liver_5class_slideind_foldA_cellvit256_fullft_lr1e-5_e10_seed42/log/2026-09-01T041949_sthelar40x_liver_5class_slideind_foldA_cellvit256_fullft_lr1e-5_e10_seed42/efficiency_metrics.json,run/sthelar40x_liver_5class_slideind_foldA_cellvit256_fullft_lr1e-5_e10_seed42/log/2026-09-01T041949_sthelar40x_liver_5class_slideind_foldA_cellvit256_fullft_lr1e-5_e10_seed42/inference_efficiency_metrics.json
tissue_specific_held_out_slide,CellViT-256,FullFT,Liver,Liver,42,B,COMPLETED,1586692,checkpoint_10 TEST,0.746477049,0.609722086,0.462402902,0.196174005,0.877001936,0.389351437,0.308222821,83728,105428,0.380051956,70773,96347,0.806196023,224740,269577,,0,0,0.062934947,2203,5310,46743419,46743419,100.000000000,,run/sthelar40x_liver_5class_slideind_foldB_cellvit256_fullft_lr1e-5_e10_seed42/log/2026-09-01T042018_sthelar40x_liver_5class_slideind_foldB_cellvit256_fullft_lr1e-5_e10_seed42/inference_results.json,Canonical completion re-established from checkpoint-10 TEST artifacts on 2026-09-01.,20427,476662,liver_s1,liver_s0,c190501712ee96da9433ec72d5f100102a64473809a4f9c0f7644314e577f11c,6436.865465,1.788018,2.675923,1.617799,15.291060,561447040,canonical FullFT checkpoint size (provenance; weight may be retention-deleted),run/sthelar40x_liver_5class_slideind_foldB_cellvit256_fullft_lr1e-5_e10_seed42/log/2026-09-01T042018_sthelar40x_liver_5class_slideind_foldB_cellvit256_fullft_lr1e-5_e10_seed42/efficiency_metrics.json,run/sthelar40x_liver_5class_slideind_foldB_cellvit256_fullft_lr1e-5_e10_seed42/log/2026-09-01T042018_sthelar40x_liver_5class_slideind_foldB_cellvit256_fullft_lr1e-5_e10_seed42/inference_efficiency_metrics.json
tissue_specific_held_out_slide,CellViT-256,FullFT,Tonsil,Tonsil,42,A,COMPLETED,1586693,checkpoint_10 TEST,0.753907903,0.628960329,0.451609883,0.211481289,0.820672901,0.524881203,0.815801429,913567,1114169,0.492414640,262283,340401,0.617541319,140432,176927,,0,0,0.173767425,47292,82849,46743419,46743419,100.000000000,,run/sthelar40x_tonsil_5class_slideind_foldA_cellvit256_fullft_lr1e-5_e10_seed42/log/2026-09-01T063231_sthelar40x_tonsil_5class_slideind_foldA_cellvit256_fullft_lr1e-5_e10_seed42/inference_results.json,Canonical completion re-established from checkpoint-10 TEST artifacts on 2026-09-01.,21083,1714346,tonsil_s0,tonsil_s1,e6c67abea5f71f64b93f484dca1b8271dc1a36351cb2f69ae542e13e9105452b,21325.713482,5.923809,2.667426,1.617799,6.867547,561447104,canonical FullFT checkpoint size (provenance; weight may be retention-deleted),run/sthelar40x_tonsil_5class_slideind_foldA_cellvit256_fullft_lr1e-5_e10_seed42/log/2026-09-01T063231_sthelar40x_tonsil_5class_slideind_foldA_cellvit256_fullft_lr1e-5_e10_seed42/efficiency_metrics.json,run/sthelar40x_tonsil_5class_slideind_foldA_cellvit256_fullft_lr1e-5_e10_seed42/log/2026-09-01T063231_sthelar40x_tonsil_5class_slideind_foldA_cellvit256_fullft_lr1e-5_e10_seed42/inference_efficiency_metrics.json
tissue_specific_held_out_slide,CellViT-256,FullFT,Tonsil,Tonsil,42,B,COMPLETED,1586694,checkpoint_10 TEST,0.832528978,0.721005833,0.570982290,0.260604708,0.854307915,0.531130196,0.853161299,1547815,1855413,0.441278637,366128,445847,0.691312138,273885,334504,,0,0,0.138768708,14665,26666,46743419,46743419,100.000000000,,run/sthelar40x_tonsil_5class_slideind_foldB_cellvit256_fullft_lr1e-5_e10_seed42/log/2026-09-01T075806_sthelar40x_tonsil_5class_slideind_foldB_cellvit256_fullft_lr1e-5_e10_seed42/inference_results.json,Canonical completion re-established from checkpoint-10 TEST artifacts on 2026-09-01.,23067,2662430,tonsil_s1,tonsil_s0,1504d6aa6fde1cfdc9c35ba08d98d6c14e3a97208b3b0adf12801766c596de3c,19340.641218,5.372400,2.667426,1.617799,5.069759,561442769,canonical FullFT checkpoint size (provenance; weight may be retention-deleted),run/sthelar40x_tonsil_5class_slideind_foldB_cellvit256_fullft_lr1e-5_e10_seed42/log/2026-09-01T075806_sthelar40x_tonsil_5class_slideind_foldB_cellvit256_fullft_lr1e-5_e10_seed42/efficiency_metrics.json,run/sthelar40x_tonsil_5class_slideind_foldB_cellvit256_fullft_lr1e-5_e10_seed42/log/2026-09-01T075806_sthelar40x_tonsil_5class_slideind_foldB_cellvit256_fullft_lr1e-5_e10_seed42/inference_efficiency_metrics.json
held_out_slide_KLT_aggregate,CellViT-SAM-H,Frozen,KLT,Kidney+Liver+Tonsil,MEAN,A,COMPLETE,,derived from checkpoint_10 TEST rows,0.739183209,0.610734187,0.476233098,,0.828634881,,,,,,,,,,,,,,,,,0,699741149,0.000000000,,,Derived within Fold A from completed seeds 42; n=1/1.,,,,,,,,,,,,,,
held_out_slide_KLT_aggregate,CellViT-SAM-H,Frozen,KLT,Kidney+Liver+Tonsil,MEAN,B,COMPLETE,,derived from checkpoint_10 TEST rows,0.784177340,0.659797761,0.556509529,,0.848977657,,,,,,,,,,,,,,,,,0,699741149,0.000000000,,,Derived within Fold B from completed seeds 42; n=1/1.,,,,,,,,,,,,,,
held_out_slide_KLT_aggregate,CellViT-SAM-H,LP,KLT,Kidney+Liver+Tonsil,MEAN,A,COMPLETE,,derived from checkpoint_10 TEST rows,0.731110579,0.599001757,0.462612421,0.199307139,0.828823981,0.431496005,,,,,,,,,,,,,,,,650,699736523,0.000092892,,,"Derived within Fold A from completed seeds 42,43,44; n=3/3.",,,,,,,,,,,,,,
held_out_slide_KLT_aggregate,CellViT-SAM-H,LP,KLT,Kidney+Liver+Tonsil,SD,A,COMPLETE,,derived from checkpoint_10 TEST rows,0.002526241,0.002532841,0.001402207,0.004437030,0.002743793,0.013693914,,,,,,,,,,,,,,,,650,699736523,0.000092892,,,"Derived within Fold A from completed seeds 42,43,44; n=3/3.",,,,,,,,,,,,,,
held_out_slide_KLT_aggregate,CellViT-SAM-H,LP,KLT,Kidney+Liver+Tonsil,MEAN,B,COMPLETE,,derived from checkpoint_10 TEST rows,0.784320870,0.659982480,0.557653880,0.209540410,0.849675801,0.419780629,,,,,,,,,,,,,,,,650,699736523,0.000092892,,,"Derived within Fold B from completed seeds 42,43,44; n=3/3.",,,,,,,,,,,,,,
held_out_slide_KLT_aggregate,CellViT-SAM-H,LP,KLT,Kidney+Liver+Tonsil,SD,B,COMPLETE,,derived from checkpoint_10 TEST rows,0.002562645,0.003161899,0.002677624,0.005722616,0.001462490,0.004061718,,,,,,,,,,,,,,,,650,699736523,0.000092892,,,"Derived within Fold B from completed seeds 42,43,44; n=3/3.",,,,,,,,,,,,,,
held_out_slide_KLT_aggregate,CellViT-SAM-H,Selected PEFT,KLT,Kidney+Liver+Tonsil,MEAN,A,COMPLETE,,derived from checkpoint_10 TEST rows,0.788541944,0.674134125,0.518942445,0.219499041,0.840557354,0.493737573,,,,,,,,,,,,,,,,7908779,707644395,1.117620525,,,"Derived within Fold A from completed seeds 42,43,44; n=3/3.",,,,,,,,,,,,,,
held_out_slide_KLT_aggregate,CellViT-SAM-H,Selected PEFT,KLT,Kidney+Liver+Tonsil,SD,A,COMPLETE,,derived from checkpoint_10 TEST rows,0.002252768,0.001616004,0.001576743,0.006627173,0.004180091,0.018116575,,,,,,,,,,,,,,,,7908779,707644395,1.117620525,,,"Derived within Fold A from completed seeds 42,43,44; n=3/3.",,,,,,,,,,,,,,
held_out_slide_KLT_aggregate,CellViT-SAM-H,Selected PEFT,KLT,Kidney+Liver+Tonsil,MEAN,B,COMPLETE,,derived from checkpoint_10 TEST rows,0.836291414,0.731167942,0.609712724,0.236494388,0.865417996,0.489520090,,,,,,,,,,,,,,,,7908779,707644395,1.117620525,,,"Derived within Fold B from completed seeds 42,43,44; n=3/3.",,,,,,,,,,,,,,
held_out_slide_KLT_aggregate,CellViT-SAM-H,Selected PEFT,KLT,Kidney+Liver+Tonsil,SD,B,COMPLETE,,derived from checkpoint_10 TEST rows,0.000931317,0.001287360,0.001645488,0.005294592,0.002232008,0.010066778,,,,,,,,,,,,,,,,7908779,707644395,1.117620525,,,"Derived within Fold B from completed seeds 42,43,44; n=3/3.",,,,,,,,,,,,,,
held_out_slide_KLT_aggregate,CellViT-SAM-H,FullFT,KLT,Kidney+Liver+Tonsil,MEAN,A,COMPLETE,,derived from checkpoint_10 TEST rows,0.794729657,0.682367954,0.525188802,0.198396294,0.835972024,0.475084485,,,,,,,,,,,,,,,,699736523,699736523,100.000000000,,,"Derived within Fold A from completed seeds 42,43,44; n=3/3.",,,,,,,,,,,,,,
held_out_slide_KLT_aggregate,CellViT-SAM-H,FullFT,KLT,Kidney+Liver+Tonsil,SD,A,COMPLETE,,derived from checkpoint_10 TEST rows,0.003278618,0.002156294,0.002551736,0.016973518,0.003864854,0.027662230,,,,,,,,,,,,,,,,699736523,699736523,100.000000000,,,"Derived within Fold A from completed seeds 42,43,44; n=3/3.",,,,,,,,,,,,,,
held_out_slide_KLT_aggregate,CellViT-SAM-H,FullFT,KLT,Kidney+Liver+Tonsil,MEAN,B,COMPLETE,,derived from checkpoint_10 TEST rows,0.837492105,0.732280042,0.603518286,0.230086319,0.860056184,0.541355844,,,,,,,,,,,,,,,,699736523,699736523,100.000000000,,,"Derived within Fold B from completed seeds 42,43,44; n=3/3.",,,,,,,,,,,,,,
held_out_slide_KLT_aggregate,CellViT-SAM-H,FullFT,KLT,Kidney+Liver+Tonsil,SD,B,COMPLETE,,derived from checkpoint_10 TEST rows,0.001191286,0.001591962,0.002163895,0.002650198,0.004442736,0.002865371,,,,,,,,,,,,,,,,699736523,699736523,100.000000000,,,"Derived within Fold B from completed seeds 42,43,44; n=3/3.",,,,,,,,,,,,,,
held_out_slide_KLT_aggregate,CellViT-256,Frozen,KLT,Kidney+Liver+Tonsil,MEAN,A,COMPLETE,,derived from checkpoint_10 TEST rows,0.747747126,0.621585337,0.474524360,,0.833567515,,,,,,,,,,,,,,,,,0,46750349,0.000000000,,,Derived within Fold A from completed seeds 42; n=1/1.,,,,,,,,,,,,,,
held_out_slide_KLT_aggregate,CellViT-256,Frozen,KLT,Kidney+Liver+Tonsil,MEAN,B,COMPLETE,,derived from checkpoint_10 TEST rows,0.795420779,0.675882735,0.561385455,,0.857775898,,,,,,,,,,,,,,,,,0,46750349,0.000000000,,,Derived within Fold B from completed seeds 42; n=1/1.,,,,,,,,,,,,,,
held_out_slide_KLT_aggregate,CellViT-256,LP,KLT,Kidney+Liver+Tonsil,MEAN,A,COMPLETE,,derived from checkpoint_10 TEST rows,0.726507579,0.592503723,0.439960840,0.171353795,0.823971127,0.400443038,,,,,,,,,,,,,,,,650,46743419,0.001390570,,,"Derived within Fold A from completed seeds 42,43,44; n=3/3.",,,,,,,,,,,,,,
held_out_slide_KLT_aggregate,CellViT-256,LP,KLT,Kidney+Liver+Tonsil,SD,A,COMPLETE,,derived from checkpoint_10 TEST rows,0.008205434,0.009774574,0.006398369,0.001935746,0.004794027,0.002650370,,,,,,,,,,,,,,,,650,46743419,0.001390570,,,"Derived within Fold A from completed seeds 42,43,44; n=3/3.",,,,,,,,,,,,,,
held_out_slide_KLT_aggregate,CellViT-256,LP,KLT,Kidney+Liver+Tonsil,MEAN,B,COMPLETE,,derived from checkpoint_10 TEST rows,0.780378844,0.654949762,0.539768785,0.199258170,0.848771338,0.414177446,,,,,,,,,,,,,,,,650,46743419,0.001390570,,,"Derived within Fold B from completed seeds 42,43,44; n=3/3.",,,,,,,,,,,,,,
held_out_slide_KLT_aggregate,CellViT-256,LP,KLT,Kidney+Liver+Tonsil,SD,B,COMPLETE,,derived from checkpoint_10 TEST rows,0.014355571,0.018440107,0.014895879,0.007386660,0.009462435,0.001077787,,,,,,,,,,,,,,,,650,46743419,0.001390570,,,"Derived within Fold B from completed seeds 42,43,44; n=3/3.",,,,,,,,,,,,,,
held_out_slide_KLT_aggregate,CellViT-256,Selected PEFT,KLT,Kidney+Liver+Tonsil,MEAN,A,COMPLETE,,derived from checkpoint_10 TEST rows,0.766608756,0.641075301,0.469383049,0.183533363,0.833232282,0.474964332,,,,,,,,,,,,,,,,374198,47116967,0.794189490,,,"Derived within Fold A from completed seeds 42,43,44; n=3/3.",,,,,,,,,,,,,,
held_out_slide_KLT_aggregate,CellViT-256,Selected PEFT,KLT,Kidney+Liver+Tonsil,SD,A,COMPLETE,,derived from checkpoint_10 TEST rows,0.001357985,0.000267800,0.001128544,0.012323554,0.008672834,0.034486018,,,,,,,,,,,,,,,,374198,47116967,0.794189490,,,"Derived within Fold A from completed seeds 42,43,44; n=3/3.",,,,,,,,,,,,,,
held_out_slide_KLT_aggregate,CellViT-256,Selected PEFT,KLT,Kidney+Liver+Tonsil,MEAN,B,COMPLETE,,derived from checkpoint_10 TEST rows,0.811875892,0.696395231,0.564432901,0.190065037,0.861685176,0.466680549,,,,,,,,,,,,,,,,374198,47116967,0.794189490,,,"Derived within Fold B from completed seeds 42,43,44; n=3/3.",,,,,,,,,,,,,,
held_out_slide_KLT_aggregate,CellViT-256,Selected PEFT,KLT,Kidney+Liver+Tonsil,SD,B,COMPLETE,,derived from checkpoint_10 TEST rows,0.007851432,0.010766402,0.010969164,0.006431234,0.003069576,0.004755224,,,,,,,,,,,,,,,,374198,47116967,0.794189490,,,"Derived within Fold B from completed seeds 42,43,44; n=3/3.",,,,,,,,,,,,,,
held_out_slide_KLT_aggregate,CellViT-256,FullFT,KLT,Kidney+Liver+Tonsil,MEAN,A,COMPLETE,,derived from checkpoint_10 TEST rows,0.785542069,0.671724482,0.509557051,0.187287784,0.835644711,0.465033992,,,,,,,,,,,,,,,,46743419,46743419,100.000000000,,,"Derived within Fold A from completed seeds 42,43,44; n=3/3.",,,,,,,,,,,,,,
held_out_slide_KLT_aggregate,CellViT-256,FullFT,KLT,Kidney+Liver+Tonsil,SD,A,COMPLETE,,derived from checkpoint_10 TEST rows,0.001267557,0.001478213,0.002695920,0.006353818,0.001616892,0.017964141,,,,,,,,,,,,,,,,46743419,46743419,100.000000000,,,"Derived within Fold A from completed seeds 42,43,44; n=3/3.",,,,,,,,,,,,,,
held_out_slide_KLT_aggregate,CellViT-256,FullFT,KLT,Kidney+Liver+Tonsil,MEAN,B,COMPLETE,,derived from checkpoint_10 TEST rows,0.832203906,0.725033347,0.594763509,0.212122331,0.863338963,0.499125649,,,,,,,,,,,,,,,,46743419,46743419,100.000000000,,,"Derived within Fold B from completed seeds 42,43,44; n=3/3.",,,,,,,,,,,,,,
held_out_slide_KLT_aggregate,CellViT-256,FullFT,KLT,Kidney+Liver+Tonsil,SD,B,COMPLETE,,derived from checkpoint_10 TEST rows,0.005748478,0.008033066,0.007761973,0.008491994,0.004852085,0.016310205,,,,,,,,,,,,,,,,46743419,46743419,100.000000000,,,"Derived within Fold B from completed seeds 42,43,44; n=3/3.",,,,,,,,,,,,,,
