protocol,scope,backbone,method,seed,fold,slide_id,class,taxonomy_metrics_valid,source,f1,precision,recall,matched_true_support,matched_pred_support,unmatched_true,unmatched_pred,total_true_support,total_pred_support
slide-independent,fold,SAM-H,Frozen,42,A,ALL_HELD_OUT_SLIDES,Epithelial,False,run/sthelar40x_klt_5class_slideind_foldA_frozen_seed42/eval/frozen_class_agnostic_results.json,NA,NA,NA,NA,NA,NA,NA,NA,NA
slide-independent,fold,SAM-H,Frozen,42,A,ALL_HELD_OUT_SLIDES,Immune,False,run/sthelar40x_klt_5class_slideind_foldA_frozen_seed42/eval/frozen_class_agnostic_results.json,NA,NA,NA,NA,NA,NA,NA,NA,NA
slide-independent,fold,SAM-H,Frozen,42,A,ALL_HELD_OUT_SLIDES,Stromal,False,run/sthelar40x_klt_5class_slideind_foldA_frozen_seed42/eval/frozen_class_agnostic_results.json,NA,NA,NA,NA,NA,NA,NA,NA,NA
slide-independent,fold,SAM-H,Frozen,42,A,ALL_HELD_OUT_SLIDES,Melanocyte,False,run/sthelar40x_klt_5class_slideind_foldA_frozen_seed42/eval/frozen_class_agnostic_results.json,NA,NA,NA,NA,NA,NA,NA,NA,NA
slide-independent,fold,SAM-H,Frozen,42,A,ALL_HELD_OUT_SLIDES,Other,False,run/sthelar40x_klt_5class_slideind_foldA_frozen_seed42/eval/frozen_class_agnostic_results.json,NA,NA,NA,NA,NA,NA,NA,NA,NA
slide-independent,fold,SAM-H,LP,42,A,ALL_HELD_OUT_SLIDES,Epithelial,True,run/sthelar40x_klt_5class_slideind_foldA_lp_final_heads_e10_seed42/log/2026-08-19T114405_sthelar40x_klt_5class_slideind_foldA_lp_final_heads_e10_seed42/inference_results.json,0.4782762618,0.5667338764,0.4137040293,202466,147796,74337,7923,276803,155719
slide-independent,fold,SAM-H,LP,42,A,ALL_HELD_OUT_SLIDES,Immune,True,run/sthelar40x_klt_5class_slideind_foldA_lp_final_heads_e10_seed42/log/2026-08-19T114405_sthelar40x_klt_5class_slideind_foldA_lp_final_heads_e10_seed42/inference_results.json,0.8028766365,0.7791566451,0.8280861983,507388,539251,137301,34962,644689,574213
slide-independent,fold,SAM-H,LP,42,A,ALL_HELD_OUT_SLIDES,Stromal,True,run/sthelar40x_klt_5class_slideind_foldA_lp_final_heads_e10_seed42/log/2026-08-19T114405_sthelar40x_klt_5class_slideind_foldA_lp_final_heads_e10_seed42/inference_results.json,0.3816136561,0.3466417043,0.4244338985,186274,228077,74005,18853,260279,246930
slide-independent,fold,SAM-H,LP,42,A,ALL_HELD_OUT_SLIDES,Melanocyte,True,run/sthelar40x_klt_5class_slideind_foldA_lp_final_heads_e10_seed42/log/2026-08-19T114405_sthelar40x_klt_5class_slideind_foldA_lp_final_heads_e10_seed42/inference_results.json,0,0,0,0,0,0,0,0,0
slide-independent,fold,SAM-H,LP,42,A,ALL_HELD_OUT_SLIDES,Other,True,run/sthelar40x_klt_5class_slideind_foldA_lp_final_heads_e10_seed42/log/2026-08-19T114405_sthelar40x_klt_5class_slideind_foldA_lp_final_heads_e10_seed42/inference_results.json,0,0,0,18998,2,22777,0,41775,2
slide-independent,fold,SAM-H,LP,43,A,ALL_HELD_OUT_SLIDES,Epithelial,True,run/sthelar40x_klt_5class_slideind_foldA_lp_final_heads_e10_seed43/log/2026-08-20T165926_sthelar40x_klt_5class_slideind_foldA_lp_final_heads_e10_seed43/inference_results.json,0.6188542349,0.571576366,0.6746585324,198994,234882,77725,12890,276719,247772
slide-independent,fold,SAM-H,LP,43,A,ALL_HELD_OUT_SLIDES,Immune,True,run/sthelar40x_klt_5class_slideind_foldA_lp_final_heads_e10_seed43/log/2026-08-20T165926_sthelar40x_klt_5class_slideind_foldA_lp_final_heads_e10_seed43/inference_results.json,0.7971819566,0.7900852979,0.8044072572,501128,510212,143520,30096,644648,540308
slide-independent,fold,SAM-H,LP,43,A,ALL_HELD_OUT_SLIDES,Stromal,True,run/sthelar40x_klt_5class_slideind_foldA_lp_final_heads_e10_seed43/log/2026-08-20T165926_sthelar40x_klt_5class_slideind_foldA_lp_final_heads_e10_seed43/inference_results.json,0.3398138966,0.3696180129,0.3144576327,181980,154822,78275,11904,260255,166726
slide-independent,fold,SAM-H,LP,43,A,ALL_HELD_OUT_SLIDES,Melanocyte,True,run/sthelar40x_klt_5class_slideind_foldA_lp_final_heads_e10_seed43/log/2026-08-20T165926_sthelar40x_klt_5class_slideind_foldA_lp_final_heads_e10_seed43/inference_results.json,0,0,0,0,0,0,0,0,0
slide-independent,fold,SAM-H,LP,43,A,ALL_HELD_OUT_SLIDES,Other,True,run/sthelar40x_klt_5class_slideind_foldA_lp_final_heads_e10_seed43/log/2026-08-20T165926_sthelar40x_klt_5class_slideind_foldA_lp_final_heads_e10_seed43/inference_results.json,0,0,0,17818,4,23957,2,41775,6
slide-independent,fold,SAM-H,Selected PEFT,42,A,ALL_HELD_OUT_SLIDES,Epithelial,True,run/sthelar40x_klt_5class_slideind_foldA_lora_adaptformer_r8_a8_red16_heads_e10_seed42/log/2026-08-19T105648_sthelar40x_klt_5class_slideind_foldA_lora_adaptformer_r8_a8_red16_heads_e10_seed42/inference_results.json,0.6470542838,0.7091181088,0.5949801076,225463,189173,51290,22682,276753,211855
slide-independent,fold,SAM-H,Selected PEFT,42,A,ALL_HELD_OUT_SLIDES,Immune,True,run/sthelar40x_klt_5class_slideind_foldA_lora_adaptformer_r8_a8_red16_heads_e10_seed42/log/2026-08-19T105648_sthelar40x_klt_5class_slideind_foldA_lora_adaptformer_r8_a8_red16_heads_e10_seed42/inference_results.json,0.7543827243,0.7710719319,0.7384006591,536496,513764,108143,72131,644639,585895
slide-independent,fold,SAM-H,Selected PEFT,42,A,ALL_HELD_OUT_SLIDES,Stromal,True,run/sthelar40x_klt_5class_slideind_foldA_lora_adaptformer_r8_a8_red16_heads_e10_seed42/log/2026-08-19T105648_sthelar40x_klt_5class_slideind_foldA_lora_adaptformer_r8_a8_red16_heads_e10_seed42/inference_results.json,0.5327313863,0.4584545783,0.6357295031,203714,282486,56483,34446,260197,316932
slide-independent,fold,SAM-H,Selected PEFT,42,A,ALL_HELD_OUT_SLIDES,Melanocyte,True,run/sthelar40x_klt_5class_slideind_foldA_lora_adaptformer_r8_a8_red16_heads_e10_seed42/log/2026-08-19T105648_sthelar40x_klt_5class_slideind_foldA_lora_adaptformer_r8_a8_red16_heads_e10_seed42/inference_results.json,0,0,0,0,0,0,0,0,0
slide-independent,fold,SAM-H,Selected PEFT,42,A,ALL_HELD_OUT_SLIDES,Other,True,run/sthelar40x_klt_5class_slideind_foldA_lora_adaptformer_r8_a8_red16_heads_e10_seed42/log/2026-08-19T105648_sthelar40x_klt_5class_slideind_foldA_lora_adaptformer_r8_a8_red16_heads_e10_seed42/inference_results.json,0.0001011429,0.0833333333,0.0000506022,19762,12,21979,13,41741,25
slide-independent,fold,SAM-H,Selected PEFT,43,A,ALL_HELD_OUT_SLIDES,Epithelial,True,run/sthelar40x_klt_5class_slideind_foldA_lora_adaptformer_r8_a8_red16_heads_e10_seed43/log/2026-08-24T122637_sthelar40x_klt_5class_slideind_foldA_lora_adaptformer_r8_a8_red16_heads_e10_seed43/inference_results.json,0.6555259161,0.7226392921,0.5998191625,224511,186353,51588,22024,276099,208377
slide-independent,fold,SAM-H,Selected PEFT,43,A,ALL_HELD_OUT_SLIDES,Immune,True,run/sthelar40x_klt_5class_slideind_foldA_lora_adaptformer_r8_a8_red16_heads_e10_seed43/log/2026-08-24T122637_sthelar40x_klt_5class_slideind_foldA_lora_adaptformer_r8_a8_red16_heads_e10_seed43/inference_results.json,0.7447726913,0.768593111,0.7223843834,537531,505214,106954,70733,644485,575947
slide-independent,fold,SAM-H,Selected PEFT,43,A,ALL_HELD_OUT_SLIDES,Stromal,True,run/sthelar40x_klt_5class_slideind_foldA_lora_adaptformer_r8_a8_red16_heads_e10_seed43/log/2026-08-24T122637_sthelar40x_klt_5class_slideind_foldA_lora_adaptformer_r8_a8_red16_heads_e10_seed43/inference_results.json,0.5303571788,0.4490833089,0.6475487886,203736,293774,56338,35800,260074,329574
slide-independent,fold,SAM-H,Selected PEFT,43,A,ALL_HELD_OUT_SLIDES,Melanocyte,True,run/sthelar40x_klt_5class_slideind_foldA_lora_adaptformer_r8_a8_red16_heads_e10_seed43/log/2026-08-24T122637_sthelar40x_klt_5class_slideind_foldA_lora_adaptformer_r8_a8_red16_heads_e10_seed43/inference_results.json,0,0,0,0,0,0,0,0,0
slide-independent,fold,SAM-H,Selected PEFT,43,A,ALL_HELD_OUT_SLIDES,Other,True,run/sthelar40x_klt_5class_slideind_foldA_lora_adaptformer_r8_a8_red16_heads_e10_seed43/log/2026-08-24T122637_sthelar40x_klt_5class_slideind_foldA_lora_adaptformer_r8_a8_red16_heads_e10_seed43/inference_results.json,0.0013089664,0.0866666667,0.0006594633,19713,150,22018,52,41731,202
slide-independent,fold,SAM-H,NT-header1,42,A,ALL_HELD_OUT_SLIDES,Epithelial,True,run/sthelar40x_klt_5class_slideind_foldA_lora_adaptformer_r8_a8_red16_nt_header1_np_hv_heads_e10_seed42/log/2026-08-19T183125_sthelar40x_klt_5class_slideind_foldA_lora_adaptformer_r8_a8_red16_nt_header1_np_hv_heads_e10_seed42/inference_results.json,0.5839671642,0.7139319086,0.4940329964,223479,154645,52799,18413,276278,173058
slide-independent,fold,SAM-H,NT-header1,42,A,ALL_HELD_OUT_SLIDES,Immune,True,run/sthelar40x_klt_5class_slideind_foldA_lora_adaptformer_r8_a8_red16_nt_header1_np_hv_heads_e10_seed42/log/2026-08-19T183125_sthelar40x_klt_5class_slideind_foldA_lora_adaptformer_r8_a8_red16_nt_header1_np_hv_heads_e10_seed42/inference_results.json,0.7491056621,0.810741031,0.6961796501,534951,459360,109317,62595,644268,521955
slide-independent,fold,SAM-H,NT-header1,42,A,ALL_HELD_OUT_SLIDES,Stromal,True,run/sthelar40x_klt_5class_slideind_foldA_lora_adaptformer_r8_a8_red16_nt_header1_np_hv_heads_e10_seed42/log/2026-08-19T183125_sthelar40x_klt_5class_slideind_foldA_lora_adaptformer_r8_a8_red16_nt_header1_np_hv_heads_e10_seed42/inference_results.json,0.507690599,0.4090893923,0.668917042,201596,329637,58371,35169,259967,364806
slide-independent,fold,SAM-H,NT-header1,42,A,ALL_HELD_OUT_SLIDES,Melanocyte,True,run/sthelar40x_klt_5class_slideind_foldA_lora_adaptformer_r8_a8_red16_nt_header1_np_hv_heads_e10_seed42/log/2026-08-19T183125_sthelar40x_klt_5class_slideind_foldA_lora_adaptformer_r8_a8_red16_nt_header1_np_hv_heads_e10_seed42/inference_results.json,0,0,0,0,0,0,0,0,0
slide-independent,fold,SAM-H,NT-header1,42,A,ALL_HELD_OUT_SLIDES,Other,True,run/sthelar40x_klt_5class_slideind_foldA_lora_adaptformer_r8_a8_red16_nt_header1_np_hv_heads_e10_seed42/log/2026-08-19T183125_sthelar40x_klt_5class_slideind_foldA_lora_adaptformer_r8_a8_red16_nt_header1_np_hv_heads_e10_seed42/inference_results.json,0.083392985,0.0644857744,0.1179866316,19748,36132,21967,6667,41715,42799
slide-independent,fold,SAM-H,NT-header1,43,A,ALL_HELD_OUT_SLIDES,Epithelial,True,run/sthelar40x_klt_5class_slideind_foldA_lora_adaptformer_r8_a8_red16_nt_header1_np_hv_heads_e10_seed43/log/2026-08-24T175805_sthelar40x_klt_5class_slideind_foldA_lora_adaptformer_r8_a8_red16_nt_header1_np_hv_heads_e10_seed43/inference_results.json,0.4339028831,0.6713871242,0.3205258962,224531,107193,51396,15734,275927,122927
slide-independent,fold,SAM-H,NT-header1,43,A,ALL_HELD_OUT_SLIDES,Immune,True,run/sthelar40x_klt_5class_slideind_foldA_lora_adaptformer_r8_a8_red16_nt_header1_np_hv_heads_e10_seed43/log/2026-08-24T175805_sthelar40x_klt_5class_slideind_foldA_lora_adaptformer_r8_a8_red16_nt_header1_np_hv_heads_e10_seed43/inference_results.json,0.7099422099,0.7613143503,0.6650648171,536047,468277,108172,67890,644219,536167
slide-independent,fold,SAM-H,NT-header1,43,A,ALL_HELD_OUT_SLIDES,Stromal,True,run/sthelar40x_klt_5class_slideind_foldA_lora_adaptformer_r8_a8_red16_nt_header1_np_hv_heads_e10_seed43/log/2026-08-24T175805_sthelar40x_klt_5class_slideind_foldA_lora_adaptformer_r8_a8_red16_nt_header1_np_hv_heads_e10_seed43/inference_results.json,0.4960757681,0.3762238827,0.7279872747,203689,394135,56113,47461,259802,441596
slide-independent,fold,SAM-H,NT-header1,43,A,ALL_HELD_OUT_SLIDES,Melanocyte,True,run/sthelar40x_klt_5class_slideind_foldA_lora_adaptformer_r8_a8_red16_nt_header1_np_hv_heads_e10_seed43/log/2026-08-24T175805_sthelar40x_klt_5class_slideind_foldA_lora_adaptformer_r8_a8_red16_nt_header1_np_hv_heads_e10_seed43/inference_results.json,0,0,0,0,0,0,0,0,0
slide-independent,fold,SAM-H,NT-header1,43,A,ALL_HELD_OUT_SLIDES,Other,True,run/sthelar40x_klt_5class_slideind_foldA_lora_adaptformer_r8_a8_red16_nt_header1_np_hv_heads_e10_seed43/log/2026-08-24T175805_sthelar40x_klt_5class_slideind_foldA_lora_adaptformer_r8_a8_red16_nt_header1_np_hv_heads_e10_seed43/inference_results.json,0.145741596,0.1701247414,0.1274717017,21291,15953,20244,3255,41535,19208
slide-independent,fold,SAM-H,FullFT,42,A,ALL_HELD_OUT_SLIDES,Epithelial,True,run/sthelar40x_klt_5class_slideind_foldA_fullft_lr1e-5_e10_seed42/log/2026-08-19T110413_sthelar40x_klt_5class_slideind_foldA_fullft_lr1e-5_e10_seed42/inference_results.json,0.4148635966,0.6918599173,0.2962539563,223062,95515,53500,13894,276562,109409
slide-independent,fold,SAM-H,FullFT,42,A,ALL_HELD_OUT_SLIDES,Immune,True,run/sthelar40x_klt_5class_slideind_foldA_fullft_lr1e-5_e10_seed42/log/2026-08-19T110413_sthelar40x_klt_5class_slideind_foldA_fullft_lr1e-5_e10_seed42/inference_results.json,0.7038960725,0.6968306692,0.7111062204,531621,542512,112910,80196,644531,622708
slide-independent,fold,SAM-H,FullFT,42,A,ALL_HELD_OUT_SLIDES,Stromal,True,run/sthelar40x_klt_5class_slideind_foldA_fullft_lr1e-5_e10_seed42/log/2026-08-19T110413_sthelar40x_klt_5class_slideind_foldA_fullft_lr1e-5_e10_seed42/inference_results.json,0.529046558,0.4286359007,0.6908924665,197957,319075,62207,41577,260164,360652
slide-independent,fold,SAM-H,FullFT,42,A,ALL_HELD_OUT_SLIDES,Melanocyte,True,run/sthelar40x_klt_5class_slideind_foldA_fullft_lr1e-5_e10_seed42/log/2026-08-19T110413_sthelar40x_klt_5class_slideind_foldA_fullft_lr1e-5_e10_seed42/inference_results.json,0,0,0,0,0,0,0,0,0
slide-independent,fold,SAM-H,FullFT,42,A,ALL_HELD_OUT_SLIDES,Other,True,run/sthelar40x_klt_5class_slideind_foldA_fullft_lr1e-5_e10_seed42/log/2026-08-19T110413_sthelar40x_klt_5class_slideind_foldA_fullft_lr1e-5_e10_seed42/inference_results.json,0.1249755398,0.146259542,0.1090991914,17562,13100,24195,3394,41757,16494
slide-independent,fold,SAM-H,FullFT,43,A,ALL_HELD_OUT_SLIDES,Epithelial,True,run/sthelar40x_klt_5class_slideind_foldA_fullft_lr1e-5_e10_seed43/log/2026-08-25T015318_sthelar40x_klt_5class_slideind_foldA_fullft_lr1e-5_e10_seed43/inference_results.json,0.5748996208,0.756226022,0.4637117269,222317,136323,53938,16538,276255,152861
slide-independent,fold,SAM-H,FullFT,43,A,ALL_HELD_OUT_SLIDES,Immune,True,run/sthelar40x_klt_5class_slideind_foldA_fullft_lr1e-5_e10_seed43/log/2026-08-25T015318_sthelar40x_klt_5class_slideind_foldA_fullft_lr1e-5_e10_seed43/inference_results.json,0.7176193015,0.7697698171,0.6720866446,532659,465065,111774,65384,644433,530449
slide-independent,fold,SAM-H,FullFT,43,A,ALL_HELD_OUT_SLIDES,Stromal,True,run/sthelar40x_klt_5class_slideind_foldA_fullft_lr1e-5_e10_seed43/log/2026-08-25T015318_sthelar40x_klt_5class_slideind_foldA_fullft_lr1e-5_e10_seed43/inference_results.json,0.5328266899,0.4277680693,0.7062893427,200323,330754,59732,42524,260055,373278
slide-independent,fold,SAM-H,FullFT,43,A,ALL_HELD_OUT_SLIDES,Melanocyte,True,run/sthelar40x_klt_5class_slideind_foldA_fullft_lr1e-5_e10_seed43/log/2026-08-25T015318_sthelar40x_klt_5class_slideind_foldA_fullft_lr1e-5_e10_seed43/inference_results.json,0,0,0,0,0,0,0,0,0
slide-independent,fold,SAM-H,FullFT,43,A,ALL_HELD_OUT_SLIDES,Other,True,run/sthelar40x_klt_5class_slideind_foldA_fullft_lr1e-5_e10_seed43/log/2026-08-25T015318_sthelar40x_klt_5class_slideind_foldA_fullft_lr1e-5_e10_seed43/inference_results.json,0.1324260747,0.0969733404,0.2087397969,20092,43249,21558,7228,41650,50477
slide-independent,fold,CellViT-256,Frozen,42,A,ALL_HELD_OUT_SLIDES,Epithelial,False,run/sthelar40x_klt_5class_slideind_foldA_cellvit256_frozen_seed42/eval/frozen_class_agnostic_results.json,NA,NA,NA,NA,NA,NA,NA,NA,NA
slide-independent,fold,CellViT-256,Frozen,42,A,ALL_HELD_OUT_SLIDES,Immune,False,run/sthelar40x_klt_5class_slideind_foldA_cellvit256_frozen_seed42/eval/frozen_class_agnostic_results.json,NA,NA,NA,NA,NA,NA,NA,NA,NA
slide-independent,fold,CellViT-256,Frozen,42,A,ALL_HELD_OUT_SLIDES,Stromal,False,run/sthelar40x_klt_5class_slideind_foldA_cellvit256_frozen_seed42/eval/frozen_class_agnostic_results.json,NA,NA,NA,NA,NA,NA,NA,NA,NA
slide-independent,fold,CellViT-256,Frozen,42,A,ALL_HELD_OUT_SLIDES,Melanocyte,False,run/sthelar40x_klt_5class_slideind_foldA_cellvit256_frozen_seed42/eval/frozen_class_agnostic_results.json,NA,NA,NA,NA,NA,NA,NA,NA,NA
slide-independent,fold,CellViT-256,Frozen,42,A,ALL_HELD_OUT_SLIDES,Other,False,run/sthelar40x_klt_5class_slideind_foldA_cellvit256_frozen_seed42/eval/frozen_class_agnostic_results.json,NA,NA,NA,NA,NA,NA,NA,NA,NA
slide-independent,fold,CellViT-256,LP,42,A,ALL_HELD_OUT_SLIDES,Epithelial,True,run/sthelar40x_klt_5class_slideind_foldA_cellvit256_lp_final_heads_e10_seed42/log/2026-08-24T195358_sthelar40x_klt_5class_slideind_foldA_cellvit256_lp_final_heads_e10_seed42/inference_results.json,0.4568511997,0.5347440091,0.3987655243,200895,149810,75753,12786,276648,162596
slide-independent,fold,CellViT-256,LP,42,A,ALL_HELD_OUT_SLIDES,Immune,True,run/sthelar40x_klt_5class_slideind_foldA_cellvit256_lp_final_heads_e10_seed42/log/2026-08-24T195358_sthelar40x_klt_5class_slideind_foldA_cellvit256_lp_final_heads_e10_seed42/inference_results.json,0.7858803403,0.7654149565,0.8074701812,512009,540141,132651,39169,644660,579310
slide-independent,fold,CellViT-256,LP,42,A,ALL_HELD_OUT_SLIDES,Stromal,True,run/sthelar40x_klt_5class_slideind_foldA_cellvit256_lp_final_heads_e10_seed42/log/2026-08-24T195358_sthelar40x_klt_5class_slideind_foldA_cellvit256_lp_final_heads_e10_seed42/inference_results.json,0.3540331374,0.3214005083,0.3940411608,185808,227803,74390,22264,260198,250067
slide-independent,fold,CellViT-256,LP,42,A,ALL_HELD_OUT_SLIDES,Melanocyte,True,run/sthelar40x_klt_5class_slideind_foldA_cellvit256_lp_final_heads_e10_seed42/log/2026-08-24T195358_sthelar40x_klt_5class_slideind_foldA_cellvit256_lp_final_heads_e10_seed42/inference_results.json,0,0,0,0,0,0,0,0,0
slide-independent,fold,CellViT-256,LP,42,A,ALL_HELD_OUT_SLIDES,Other,True,run/sthelar40x_klt_5class_slideind_foldA_cellvit256_lp_final_heads_e10_seed42/log/2026-08-24T195358_sthelar40x_klt_5class_slideind_foldA_cellvit256_lp_final_heads_e10_seed42/inference_results.json,0.0007339065,0.4117647059,0.0003672805,19059,17,22662,5,41721,22
slide-independent,fold,CellViT-256,Selected PEFT,42,A,ALL_HELD_OUT_SLIDES,Epithelial,True,run/sthelar40x_klt_5class_slideind_foldA_cellvit256_lora_adaptformer_r8_a8_red16_heads_e10_seed42/log/2026-08-25T114238_sthelar40x_klt_5class_slideind_foldA_cellvit256_lora_adaptformer_r8_a8_red16_heads_e10_seed42/inference_results.json,0.6623993845,0.6534653028,0.6715811433,220505,226618,55205,40337,275710,266955
slide-independent,fold,CellViT-256,Selected PEFT,42,A,ALL_HELD_OUT_SLIDES,Immune,True,run/sthelar40x_klt_5class_slideind_foldA_cellvit256_lora_adaptformer_r8_a8_red16_heads_e10_seed42/log/2026-08-25T114238_sthelar40x_klt_5class_slideind_foldA_cellvit256_lora_adaptformer_r8_a8_red16_heads_e10_seed42/inference_results.json,0.7365285354,0.8184064009,0.6695437101,528436,432317,115631,65483,644067,497800
slide-independent,fold,CellViT-256,Selected PEFT,42,A,ALL_HELD_OUT_SLIDES,Stromal,True,run/sthelar40x_klt_5class_slideind_foldA_cellvit256_lora_adaptformer_r8_a8_red16_heads_e10_seed42/log/2026-08-25T114238_sthelar40x_klt_5class_slideind_foldA_cellvit256_lora_adaptformer_r8_a8_red16_heads_e10_seed42/inference_results.json,0.4910904699,0.4172835859,0.5966168626,203598,291097,56100,53944,259698,345041
slide-independent,fold,CellViT-256,Selected PEFT,42,A,ALL_HELD_OUT_SLIDES,Melanocyte,True,run/sthelar40x_klt_5class_slideind_foldA_cellvit256_lora_adaptformer_r8_a8_red16_heads_e10_seed42/log/2026-08-25T114238_sthelar40x_klt_5class_slideind_foldA_cellvit256_lora_adaptformer_r8_a8_red16_heads_e10_seed42/inference_results.json,0,0,0,0,0,0,0,0,0
slide-independent,fold,CellViT-256,Selected PEFT,42,A,ALL_HELD_OUT_SLIDES,Other,True,run/sthelar40x_klt_5class_slideind_foldA_cellvit256_lora_adaptformer_r8_a8_red16_heads_e10_seed42/log/2026-08-25T114238_sthelar40x_klt_5class_slideind_foldA_cellvit256_lora_adaptformer_r8_a8_red16_heads_e10_seed42/inference_results.json,0.1002290835,0.0953814099,0.1055958992,23410,25917,18193,6464,41603,32381
slide-independent,fold,CellViT-256,FullFT,42,A,ALL_HELD_OUT_SLIDES,Epithelial,True,run/sthelar40x_klt_5class_slideind_foldA_cellvit256_fullft_lr1e-5_e10_seed42/log/2026-08-24T115109_sthelar40x_klt_5class_slideind_foldA_cellvit256_fullft_lr1e-5_e10_seed42/inference_results.json,0.5606523392,0.6299469282,0.5050918892,221136,177307,54722,25114,275858,202421
slide-independent,fold,CellViT-256,FullFT,42,A,ALL_HELD_OUT_SLIDES,Immune,True,run/sthelar40x_klt_5class_slideind_foldA_cellvit256_fullft_lr1e-5_e10_seed42/log/2026-08-24T115109_sthelar40x_klt_5class_slideind_foldA_cellvit256_fullft_lr1e-5_e10_seed42/inference_results.json,0.7137573156,0.7383787268,0.6907249313,534023,499558,110206,69179,644229,568737
slide-independent,fold,CellViT-256,FullFT,42,A,ALL_HELD_OUT_SLIDES,Stromal,True,run/sthelar40x_klt_5class_slideind_foldA_cellvit256_fullft_lr1e-5_e10_seed42/log/2026-08-24T115109_sthelar40x_klt_5class_slideind_foldA_cellvit256_fullft_lr1e-5_e10_seed42/inference_results.json,0.5151729642,0.4370153015,0.6273754379,200121,287292,59671,37098,259792,324390
slide-independent,fold,CellViT-256,FullFT,42,A,ALL_HELD_OUT_SLIDES,Melanocyte,True,run/sthelar40x_klt_5class_slideind_foldA_cellvit256_fullft_lr1e-5_e10_seed42/log/2026-08-24T115109_sthelar40x_klt_5class_slideind_foldA_cellvit256_fullft_lr1e-5_e10_seed42/inference_results.json,0,0,0,0,0,0,0,0,0
slide-independent,fold,CellViT-256,FullFT,42,A,ALL_HELD_OUT_SLIDES,Other,True,run/sthelar40x_klt_5class_slideind_foldA_cellvit256_fullft_lr1e-5_e10_seed42/log/2026-08-24T115109_sthelar40x_klt_5class_slideind_foldA_cellvit256_fullft_lr1e-5_e10_seed42/inference_results.json,0.080037952,0.114471261,0.0615296447,19194,10317,22457,2151,41651,12468
slide-independent,fold,SAM-H,Frozen,42,B,ALL_HELD_OUT_SLIDES,Epithelial,False,run/sthelar40x_klt_5class_slideind_foldB_frozen_seed42/eval/frozen_class_agnostic_results.json,NA,NA,NA,NA,NA,NA,NA,NA,NA
slide-independent,fold,SAM-H,Frozen,42,B,ALL_HELD_OUT_SLIDES,Immune,False,run/sthelar40x_klt_5class_slideind_foldB_frozen_seed42/eval/frozen_class_agnostic_results.json,NA,NA,NA,NA,NA,NA,NA,NA,NA
slide-independent,fold,SAM-H,Frozen,42,B,ALL_HELD_OUT_SLIDES,Stromal,False,run/sthelar40x_klt_5class_slideind_foldB_frozen_seed42/eval/frozen_class_agnostic_results.json,NA,NA,NA,NA,NA,NA,NA,NA,NA
slide-independent,fold,SAM-H,Frozen,42,B,ALL_HELD_OUT_SLIDES,Melanocyte,False,run/sthelar40x_klt_5class_slideind_foldB_frozen_seed42/eval/frozen_class_agnostic_results.json,NA,NA,NA,NA,NA,NA,NA,NA,NA
slide-independent,fold,SAM-H,Frozen,42,B,ALL_HELD_OUT_SLIDES,Other,False,run/sthelar40x_klt_5class_slideind_foldB_frozen_seed42/eval/frozen_class_agnostic_results.json,NA,NA,NA,NA,NA,NA,NA,NA,NA
slide-independent,fold,SAM-H,LP,42,B,ALL_HELD_OUT_SLIDES,Epithelial,True,run/sthelar40x_klt_5class_slideind_foldB_lp_final_heads_e10_seed42/log/2026-08-19T123449_sthelar40x_klt_5class_slideind_foldB_lp_final_heads_e10_seed42/inference_results.json,0.6784830806,0.6446925048,0.7160117458,285378,316948,92218,8787,377596,325735
slide-independent,fold,SAM-H,LP,42,B,ALL_HELD_OUT_SLIDES,Immune,True,run/sthelar40x_klt_5class_slideind_foldB_lp_final_heads_e10_seed42/log/2026-08-19T123449_sthelar40x_klt_5class_slideind_foldB_lp_final_heads_e10_seed42/inference_results.json,0.8130055382,0.7404408409,0.9013385345,687543,836946,178784,53136,866327,890082
slide-independent,fold,SAM-H,LP,42,B,ALL_HELD_OUT_SLIDES,Stromal,True,run/sthelar40x_klt_5class_slideind_foldB_lp_final_heads_e10_seed42/log/2026-08-19T123449_sthelar40x_klt_5class_slideind_foldB_lp_final_heads_e10_seed42/inference_results.json,0.1922006385,0.505155431,0.1186774026,221685,52081,71008,5608,292693,57689
slide-independent,fold,SAM-H,LP,42,B,ALL_HELD_OUT_SLIDES,Melanocyte,True,run/sthelar40x_klt_5class_slideind_foldB_lp_final_heads_e10_seed42/log/2026-08-19T123449_sthelar40x_klt_5class_slideind_foldB_lp_final_heads_e10_seed42/inference_results.json,0,0,0,0,0,0,0,0,0
slide-independent,fold,SAM-H,LP,42,B,ALL_HELD_OUT_SLIDES,Other,True,run/sthelar40x_klt_5class_slideind_foldB_lp_final_heads_e10_seed42/log/2026-08-19T123449_sthelar40x_klt_5class_slideind_foldB_lp_final_heads_e10_seed42/inference_results.json,0,0,0,11370,1,12264,0,23634,1
slide-independent,fold,SAM-H,LP,43,B,ALL_HELD_OUT_SLIDES,Epithelial,True,run/sthelar40x_klt_5class_slideind_foldB_lp_final_heads_e10_seed43/log/2026-08-20T194225_sthelar40x_klt_5class_slideind_foldB_lp_final_heads_e10_seed43/inference_results.json,0.5732343269,0.7216334598,0.4754592806,284140,187210,93370,4009,377510,191219
slide-independent,fold,SAM-H,LP,43,B,ALL_HELD_OUT_SLIDES,Immune,True,run/sthelar40x_klt_5class_slideind_foldB_lp_final_heads_e10_seed43/log/2026-08-20T194225_sthelar40x_klt_5class_slideind_foldB_lp_final_heads_e10_seed43/inference_results.json,0.8020727607,0.705164286,0.9298605211,684978,903242,181348,53327,866326,956569
slide-independent,fold,SAM-H,LP,43,B,ALL_HELD_OUT_SLIDES,Stromal,True,run/sthelar40x_klt_5class_slideind_foldB_lp_final_heads_e10_seed43/log/2026-08-20T194225_sthelar40x_klt_5class_slideind_foldB_lp_final_heads_e10_seed43/inference_results.json,0.2855959664,0.4280588251,0.2142808544,220463,110361,72221,7223,292684,117584
slide-independent,fold,SAM-H,LP,43,B,ALL_HELD_OUT_SLIDES,Melanocyte,True,run/sthelar40x_klt_5class_slideind_foldB_lp_final_heads_e10_seed43/log/2026-08-20T194225_sthelar40x_klt_5class_slideind_foldB_lp_final_heads_e10_seed43/inference_results.json,0,0,0,0,0,0,0,0,0
slide-independent,fold,SAM-H,LP,43,B,ALL_HELD_OUT_SLIDES,Other,True,run/sthelar40x_klt_5class_slideind_foldB_lp_final_heads_e10_seed43/log/2026-08-20T194225_sthelar40x_klt_5class_slideind_foldB_lp_final_heads_e10_seed43/inference_results.json,0.0001779359,0.25,0.0000889996,11236,4,12398,0,23634,4
slide-independent,fold,SAM-H,Selected PEFT,42,B,ALL_HELD_OUT_SLIDES,Epithelial,True,run/sthelar40x_klt_5class_slideind_foldB_lora_adaptformer_r8_a8_red16_heads_e10_seed42/log/2026-08-20T112527_sthelar40x_klt_5class_slideind_foldB_lora_adaptformer_r8_a8_red16_heads_e10_seed42/inference_results.json,0.6963120214,0.7454381059,0.6532606434,326868,286449,50519,19788,377387,306237
slide-independent,fold,SAM-H,Selected PEFT,42,B,ALL_HELD_OUT_SLIDES,Immune,True,run/sthelar40x_klt_5class_slideind_foldB_lora_adaptformer_r8_a8_red16_heads_e10_seed42/log/2026-08-20T112527_sthelar40x_klt_5class_slideind_foldB_lora_adaptformer_r8_a8_red16_heads_e10_seed42/inference_results.json,0.8234745929,0.756708559,0.9031625822,723997,864120,142246,124479,866243,988599
slide-independent,fold,SAM-H,Selected PEFT,42,B,ALL_HELD_OUT_SLIDES,Stromal,True,run/sthelar40x_klt_5class_slideind_foldB_lora_adaptformer_r8_a8_red16_heads_e10_seed42/log/2026-08-20T112527_sthelar40x_klt_5class_slideind_foldB_lora_adaptformer_r8_a8_red16_heads_e10_seed42/inference_results.json,0.391760083,0.4964893987,0.3235174212,242837,158235,49774,19935,292611,178170
slide-independent,fold,SAM-H,Selected PEFT,42,B,ALL_HELD_OUT_SLIDES,Melanocyte,True,run/sthelar40x_klt_5class_slideind_foldB_lora_adaptformer_r8_a8_red16_heads_e10_seed42/log/2026-08-20T112527_sthelar40x_klt_5class_slideind_foldB_lora_adaptformer_r8_a8_red16_heads_e10_seed42/inference_results.json,0,0,0,0,0,0,0,0,0
slide-independent,fold,SAM-H,Selected PEFT,42,B,ALL_HELD_OUT_SLIDES,Other,True,run/sthelar40x_klt_5class_slideind_foldB_lora_adaptformer_r8_a8_red16_heads_e10_seed42/log/2026-08-20T112527_sthelar40x_klt_5class_slideind_foldB_lora_adaptformer_r8_a8_red16_heads_e10_seed42/inference_results.json,0.0001322751,0.1111111111,0.000066177,15111,9,8512,12,23623,21
slide-independent,fold,SAM-H,Selected PEFT,43,B,ALL_HELD_OUT_SLIDES,Epithelial,True,run/sthelar40x_klt_5class_slideind_foldB_lora_adaptformer_r8_a8_red16_heads_e10_seed43/log/2026-08-24T122637_sthelar40x_klt_5class_slideind_foldB_lora_adaptformer_r8_a8_red16_heads_e10_seed43/inference_results.json,0.7221506802,0.7533259516,0.6934531553,326707,300741,50548,16499,377255,317240
slide-independent,fold,SAM-H,Selected PEFT,43,B,ALL_HELD_OUT_SLIDES,Immune,True,run/sthelar40x_klt_5class_slideind_foldB_lora_adaptformer_r8_a8_red16_heads_e10_seed43/log/2026-08-24T122637_sthelar40x_klt_5class_slideind_foldB_lora_adaptformer_r8_a8_red16_heads_e10_seed43/inference_results.json,0.8236436041,0.7715436054,0.8832894613,724836,829817,141405,113597,866241,943414
slide-independent,fold,SAM-H,Selected PEFT,43,B,ALL_HELD_OUT_SLIDES,Stromal,True,run/sthelar40x_klt_5class_slideind_foldB_lora_adaptformer_r8_a8_red16_heads_e10_seed43/log/2026-08-24T122637_sthelar40x_klt_5class_slideind_foldB_lora_adaptformer_r8_a8_red16_heads_e10_seed43/inference_results.json,0.4189382797,0.4960045083,0.3625996968,242736,177450,49837,23189,292573,200639
slide-independent,fold,SAM-H,Selected PEFT,43,B,ALL_HELD_OUT_SLIDES,Melanocyte,True,run/sthelar40x_klt_5class_slideind_foldB_lora_adaptformer_r8_a8_red16_heads_e10_seed43/log/2026-08-24T122637_sthelar40x_klt_5class_slideind_foldB_lora_adaptformer_r8_a8_red16_heads_e10_seed43/inference_results.json,0,0,0,0,0,0,0,0,0
slide-independent,fold,SAM-H,Selected PEFT,43,B,ALL_HELD_OUT_SLIDES,Other,True,run/sthelar40x_klt_5class_slideind_foldB_lora_adaptformer_r8_a8_red16_heads_e10_seed43/log/2026-08-24T122637_sthelar40x_klt_5class_slideind_foldB_lora_adaptformer_r8_a8_red16_heads_e10_seed43/inference_results.json,0.0191221208,0.1295206056,0.0103230996,14918,1189,8664,450,23582,1639
slide-independent,fold,SAM-H,NT-header1,42,B,ALL_HELD_OUT_SLIDES,Epithelial,True,run/sthelar40x_klt_5class_slideind_foldB_lora_adaptformer_r8_a8_red16_nt_header1_np_hv_heads_e10_seed42/log/2026-08-20T114259_sthelar40x_klt_5class_slideind_foldB_lora_adaptformer_r8_a8_red16_nt_header1_np_hv_heads_e10_seed42/inference_results.json,0.7102889677,0.7465306658,0.6774031895,327263,296959,49842,19000,377105,315959
slide-independent,fold,SAM-H,NT-header1,42,B,ALL_HELD_OUT_SLIDES,Immune,True,run/sthelar40x_klt_5class_slideind_foldB_lora_adaptformer_r8_a8_red16_nt_header1_np_hv_heads_e10_seed42/log/2026-08-20T114259_sthelar40x_klt_5class_slideind_foldB_lora_adaptformer_r8_a8_red16_nt_header1_np_hv_heads_e10_seed42/inference_results.json,0.8227047863,0.7764603629,0.8748065091,720964,812281,145218,127259,866182,939540
slide-independent,fold,SAM-H,NT-header1,42,B,ALL_HELD_OUT_SLIDES,Stromal,True,run/sthelar40x_klt_5class_slideind_foldB_lora_adaptformer_r8_a8_red16_nt_header1_np_hv_heads_e10_seed42/log/2026-08-20T114259_sthelar40x_klt_5class_slideind_foldB_lora_adaptformer_r8_a8_red16_nt_header1_np_hv_heads_e10_seed42/inference_results.json,0.4350396516,0.5035080389,0.3829632687,242300,184291,50294,28701,292594,212992
slide-independent,fold,SAM-H,NT-header1,42,B,ALL_HELD_OUT_SLIDES,Melanocyte,True,run/sthelar40x_klt_5class_slideind_foldB_lora_adaptformer_r8_a8_red16_nt_header1_np_hv_heads_e10_seed42/log/2026-08-20T114259_sthelar40x_klt_5class_slideind_foldB_lora_adaptformer_r8_a8_red16_nt_header1_np_hv_heads_e10_seed42/inference_results.json,0,0,0,0,0,0,0,0,0
slide-independent,fold,SAM-H,NT-header1,42,B,ALL_HELD_OUT_SLIDES,Other,True,run/sthelar40x_klt_5class_slideind_foldB_lora_adaptformer_r8_a8_red16_nt_header1_np_hv_heads_e10_seed42/log/2026-08-20T114259_sthelar40x_klt_5class_slideind_foldB_lora_adaptformer_r8_a8_red16_nt_header1_np_hv_heads_e10_seed42/inference_results.json,0.1710855428,0.1916579938,0.1545014521,15495,12491,8099,3957,23594,16448
slide-independent,fold,SAM-H,NT-header1,43,B,ALL_HELD_OUT_SLIDES,Epithelial,True,run/sthelar40x_klt_5class_slideind_foldB_lora_adaptformer_r8_a8_red16_nt_header1_np_hv_heads_e10_seed43/log/2026-08-24T183826_sthelar40x_klt_5class_slideind_foldB_lora_adaptformer_r8_a8_red16_nt_header1_np_hv_heads_e10_seed43/inference_results.json,0.729934465,0.7697319816,0.6940499431,324249,292368,52600,15296,376849,307664
slide-independent,fold,SAM-H,NT-header1,43,B,ALL_HELD_OUT_SLIDES,Immune,True,run/sthelar40x_klt_5class_slideind_foldB_lora_adaptformer_r8_a8_red16_nt_header1_np_hv_heads_e10_seed43/log/2026-08-24T183826_sthelar40x_klt_5class_slideind_foldB_lora_adaptformer_r8_a8_red16_nt_header1_np_hv_heads_e10_seed43/inference_results.json,0.8204249864,0.7711243042,0.8764601593,721411,819956,144655,114644,866066,934600
slide-independent,fold,SAM-H,NT-header1,43,B,ALL_HELD_OUT_SLIDES,Stromal,True,run/sthelar40x_klt_5class_slideind_foldB_lora_adaptformer_r8_a8_red16_nt_header1_np_hv_heads_e10_seed43/log/2026-08-24T183826_sthelar40x_klt_5class_slideind_foldB_lora_adaptformer_r8_a8_red16_nt_header1_np_hv_heads_e10_seed43/inference_results.json,0.4086825678,0.5109521681,0.3405248392,241674,161064,50812,24069,292486,185133
slide-independent,fold,SAM-H,NT-header1,43,B,ALL_HELD_OUT_SLIDES,Melanocyte,True,run/sthelar40x_klt_5class_slideind_foldB_lora_adaptformer_r8_a8_red16_nt_header1_np_hv_heads_e10_seed43/log/2026-08-24T183826_sthelar40x_klt_5class_slideind_foldB_lora_adaptformer_r8_a8_red16_nt_header1_np_hv_heads_e10_seed43/inference_results.json,0,0,0,0,0,0,0,0,0
slide-independent,fold,SAM-H,NT-header1,43,B,ALL_HELD_OUT_SLIDES,Other,True,run/sthelar40x_klt_5class_slideind_foldB_lora_adaptformer_r8_a8_red16_nt_header1_np_hv_heads_e10_seed43/log/2026-08-24T183826_sthelar40x_klt_5class_slideind_foldB_lora_adaptformer_r8_a8_red16_nt_header1_np_hv_heads_e10_seed43/inference_results.json,0.1959054974,0.1485652897,0.2875251509,14910,28856,8676,5244,23586,34100
slide-independent,fold,SAM-H,FullFT,42,B,ALL_HELD_OUT_SLIDES,Epithelial,True,run/sthelar40x_klt_5class_slideind_foldB_fullft_lr1e-5_e10_seed42/log/2026-08-19T181004_sthelar40x_klt_5class_slideind_foldB_fullft_lr1e-5_e10_seed42/inference_results.json,0.6983787274,0.7324751919,0.6673154271,324208,295367,53158,18307,377366,313674
slide-independent,fold,SAM-H,FullFT,42,B,ALL_HELD_OUT_SLIDES,Immune,True,run/sthelar40x_klt_5class_slideind_foldB_fullft_lr1e-5_e10_seed42/log/2026-08-19T181004_sthelar40x_klt_5class_slideind_foldB_fullft_lr1e-5_e10_seed42/inference_results.json,0.8312734421,0.7912583325,0.8755513761,722057,798978,144233,112176,866290,911154
slide-independent,fold,SAM-H,FullFT,42,B,ALL_HELD_OUT_SLIDES,Stromal,True,run/sthelar40x_klt_5class_slideind_foldB_fullft_lr1e-5_e10_seed42/log/2026-08-19T181004_sthelar40x_klt_5class_slideind_foldB_fullft_lr1e-5_e10_seed42/inference_results.json,0.4318076322,0.479350381,0.3928446612,240352,196977,52279,24836,292631,221813
slide-independent,fold,SAM-H,FullFT,42,B,ALL_HELD_OUT_SLIDES,Melanocyte,True,run/sthelar40x_klt_5class_slideind_foldB_fullft_lr1e-5_e10_seed42/log/2026-08-19T181004_sthelar40x_klt_5class_slideind_foldB_fullft_lr1e-5_e10_seed42/inference_results.json,0,0,0,0,0,0,0,0,0
slide-independent,fold,SAM-H,FullFT,42,B,ALL_HELD_OUT_SLIDES,Other,True,run/sthelar40x_klt_5class_slideind_foldB_fullft_lr1e-5_e10_seed42/log/2026-08-19T181004_sthelar40x_klt_5class_slideind_foldB_fullft_lr1e-5_e10_seed42/inference_results.json,0.1908700365,0.2353232353,0.1605430231,14806,10101,8809,1897,23615,11998
slide-independent,fold,SAM-H,FullFT,43,B,ALL_HELD_OUT_SLIDES,Epithelial,True,run/sthelar40x_klt_5class_slideind_foldB_fullft_lr1e-5_e10_seed43/log/2026-08-25T105706_sthelar40x_klt_5class_slideind_foldB_fullft_lr1e-5_e10_seed43/inference_results.json,0.7174550495,0.7277868816,0.7074124574,322700,313666,54630,20131,377330,333797
slide-independent,fold,SAM-H,FullFT,43,B,ALL_HELD_OUT_SLIDES,Immune,True,run/sthelar40x_klt_5class_slideind_foldB_fullft_lr1e-5_e10_seed43/log/2026-08-25T105706_sthelar40x_klt_5class_slideind_foldB_fullft_lr1e-5_e10_seed43/inference_results.json,0.8225780194,0.7859306909,0.8628101777,717371,787544,148897,119203,866268,906747
slide-independent,fold,SAM-H,FullFT,43,B,ALL_HELD_OUT_SLIDES,Stromal,True,run/sthelar40x_klt_5class_slideind_foldB_fullft_lr1e-5_e10_seed43/log/2026-08-25T105706_sthelar40x_klt_5class_slideind_foldB_fullft_lr1e-5_e10_seed43/inference_results.json,0.422591111,0.5035919706,0.3640371201,239547,173164,53086,29140,292633,202304
slide-independent,fold,SAM-H,FullFT,43,B,ALL_HELD_OUT_SLIDES,Melanocyte,True,run/sthelar40x_klt_5class_slideind_foldB_fullft_lr1e-5_e10_seed43/log/2026-08-25T105706_sthelar40x_klt_5class_slideind_foldB_fullft_lr1e-5_e10_seed43/inference_results.json,0,0,0,0,0,0,0,0,0
slide-independent,fold,SAM-H,FullFT,43,B,ALL_HELD_OUT_SLIDES,Other,True,run/sthelar40x_klt_5class_slideind_foldB_fullft_lr1e-5_e10_seed43/log/2026-08-25T105706_sthelar40x_klt_5class_slideind_foldB_fullft_lr1e-5_e10_seed43/inference_results.json,0.2110148169,0.1840347199,0.2472646269,15263,20507,8360,5615,23623,26122
slide-independent,fold,CellViT-256,Frozen,42,B,ALL_HELD_OUT_SLIDES,Epithelial,False,run/sthelar40x_klt_5class_slideind_foldB_cellvit256_frozen_seed42/eval/frozen_class_agnostic_results.json,NA,NA,NA,NA,NA,NA,NA,NA,NA
slide-independent,fold,CellViT-256,Frozen,42,B,ALL_HELD_OUT_SLIDES,Immune,False,run/sthelar40x_klt_5class_slideind_foldB_cellvit256_frozen_seed42/eval/frozen_class_agnostic_results.json,NA,NA,NA,NA,NA,NA,NA,NA,NA
slide-independent,fold,CellViT-256,Frozen,42,B,ALL_HELD_OUT_SLIDES,Stromal,False,run/sthelar40x_klt_5class_slideind_foldB_cellvit256_frozen_seed42/eval/frozen_class_agnostic_results.json,NA,NA,NA,NA,NA,NA,NA,NA,NA
slide-independent,fold,CellViT-256,Frozen,42,B,ALL_HELD_OUT_SLIDES,Melanocyte,False,run/sthelar40x_klt_5class_slideind_foldB_cellvit256_frozen_seed42/eval/frozen_class_agnostic_results.json,NA,NA,NA,NA,NA,NA,NA,NA,NA
slide-independent,fold,CellViT-256,Frozen,42,B,ALL_HELD_OUT_SLIDES,Other,False,run/sthelar40x_klt_5class_slideind_foldB_cellvit256_frozen_seed42/eval/frozen_class_agnostic_results.json,NA,NA,NA,NA,NA,NA,NA,NA,NA
slide-independent,fold,CellViT-256,LP,42,B,ALL_HELD_OUT_SLIDES,Epithelial,True,run/sthelar40x_klt_5class_slideind_foldB_cellvit256_lp_final_heads_e10_seed42/log/2026-08-24T203638_sthelar40x_klt_5class_slideind_foldB_cellvit256_lp_final_heads_e10_seed42/inference_results.json,0.5778457367,0.6356552449,0.5296746108,286457,238697,89842,8268,376299,246965
slide-independent,fold,CellViT-256,LP,42,B,ALL_HELD_OUT_SLIDES,Immune,True,run/sthelar40x_klt_5class_slideind_foldB_cellvit256_lp_final_heads_e10_seed42/log/2026-08-24T203638_sthelar40x_klt_5class_slideind_foldB_cellvit256_lp_final_heads_e10_seed42/inference_results.json,0.8160010583,0.7356967478,0.9159845165,700359,871987,165542,71058,865901,943045
slide-independent,fold,CellViT-256,LP,42,B,ALL_HELD_OUT_SLIDES,Stromal,True,run/sthelar40x_klt_5class_slideind_foldB_cellvit256_lp_final_heads_e10_seed42/log/2026-08-24T203638_sthelar40x_klt_5class_slideind_foldB_cellvit256_lp_final_heads_e10_seed42/inference_results.json,0.2621783826,0.394235065,0.1963928034,224662,111918,67596,6299,292258,118217
slide-independent,fold,CellViT-256,LP,42,B,ALL_HELD_OUT_SLIDES,Melanocyte,True,run/sthelar40x_klt_5class_slideind_foldB_cellvit256_lp_final_heads_e10_seed42/log/2026-08-24T203638_sthelar40x_klt_5class_slideind_foldB_cellvit256_lp_final_heads_e10_seed42/inference_results.json,0,0,0,0,0,0,0,0,0
slide-independent,fold,CellViT-256,LP,42,B,ALL_HELD_OUT_SLIDES,Other,True,run/sthelar40x_klt_5class_slideind_foldB_cellvit256_lp_final_heads_e10_seed42/log/2026-08-24T203638_sthelar40x_klt_5class_slideind_foldB_cellvit256_lp_final_heads_e10_seed42/inference_results.json,0,0,0,11124,0,12468,0,23592,0
slide-independent,fold,CellViT-256,Selected PEFT,42,B,ALL_HELD_OUT_SLIDES,Epithelial,True,run/sthelar40x_klt_5class_slideind_foldB_cellvit256_lora_adaptformer_r8_a8_red16_heads_e10_seed42/log/2026-08-25T114238_sthelar40x_klt_5class_slideind_foldB_cellvit256_lora_adaptformer_r8_a8_red16_heads_e10_seed42/inference_results.json,0.6342587945,0.7135971087,0.5707971026,309935,247913,65725,9865,375660,257778
slide-independent,fold,CellViT-256,Selected PEFT,42,B,ALL_HELD_OUT_SLIDES,Immune,True,run/sthelar40x_klt_5class_slideind_foldB_cellvit256_lora_adaptformer_r8_a8_red16_heads_e10_seed42/log/2026-08-25T114238_sthelar40x_klt_5class_slideind_foldB_cellvit256_lora_adaptformer_r8_a8_red16_heads_e10_seed42/inference_results.json,0.8242638832,0.7635255419,0.8955008395,714111,837545,150912,100004,865023,937549
slide-independent,fold,CellViT-256,Selected PEFT,42,B,ALL_HELD_OUT_SLIDES,Stromal,True,run/sthelar40x_klt_5class_slideind_foldB_cellvit256_lora_adaptformer_r8_a8_red16_heads_e10_seed42/log/2026-08-25T114238_sthelar40x_klt_5class_slideind_foldB_cellvit256_lora_adaptformer_r8_a8_red16_heads_e10_seed42/inference_results.json,0.345854186,0.4001152925,0.3045526772,234741,178676,56923,20248,291664,198924
slide-independent,fold,CellViT-256,Selected PEFT,42,B,ALL_HELD_OUT_SLIDES,Melanocyte,True,run/sthelar40x_klt_5class_slideind_foldB_cellvit256_lora_adaptformer_r8_a8_red16_heads_e10_seed42/log/2026-08-25T114238_sthelar40x_klt_5class_slideind_foldB_cellvit256_lora_adaptformer_r8_a8_red16_heads_e10_seed42/inference_results.json,0,0,0,0,0,0,0,0,0
slide-independent,fold,CellViT-256,Selected PEFT,42,B,ALL_HELD_OUT_SLIDES,Other,True,run/sthelar40x_klt_5class_slideind_foldB_cellvit256_lora_adaptformer_r8_a8_red16_heads_e10_seed42/log/2026-08-25T114238_sthelar40x_klt_5class_slideind_foldB_cellvit256_lora_adaptformer_r8_a8_red16_heads_e10_seed42/inference_results.json,0.0549952331,0.0751611576,0.0433612913,12638,7291,10770,1279,23408,8570
slide-independent,fold,CellViT-256,FullFT,42,B,ALL_HELD_OUT_SLIDES,Epithelial,True,run/sthelar40x_klt_5class_slideind_foldB_cellvit256_fullft_lr1e-5_e10_seed42/log/2026-08-24T115109_sthelar40x_klt_5class_slideind_foldB_cellvit256_fullft_lr1e-5_e10_seed42/inference_results.json,0.5983406755,0.7329717673,0.5054925969,322434,222366,54255,12363,376689,234729
slide-independent,fold,CellViT-256,FullFT,42,B,ALL_HELD_OUT_SLIDES,Immune,True,run/sthelar40x_klt_5class_slideind_foldB_cellvit256_fullft_lr1e-5_e10_seed42/log/2026-08-24T115109_sthelar40x_klt_5class_slideind_foldB_cellvit256_fullft_lr1e-5_e10_seed42/inference_results.json,0.8201069807,0.7589095548,0.8920398512,722989,849818,143050,105227,866039,955045
slide-independent,fold,CellViT-256,FullFT,42,B,ALL_HELD_OUT_SLIDES,Stromal,True,run/sthelar40x_klt_5class_slideind_foldB_cellvit256_fullft_lr1e-5_e10_seed42/log/2026-08-24T115109_sthelar40x_klt_5class_slideind_foldB_cellvit256_fullft_lr1e-5_e10_seed42/inference_results.json,0.3825992434,0.40023834,0.3664492808,240126,219854,52381,23426,292507,243280
slide-independent,fold,CellViT-256,FullFT,42,B,ALL_HELD_OUT_SLIDES,Melanocyte,True,run/sthelar40x_klt_5class_slideind_foldB_cellvit256_fullft_lr1e-5_e10_seed42/log/2026-08-24T115109_sthelar40x_klt_5class_slideind_foldB_cellvit256_fullft_lr1e-5_e10_seed42/inference_results.json,0,0,0,0,0,0,0,0,0
slide-independent,fold,CellViT-256,FullFT,42,B,ALL_HELD_OUT_SLIDES,Other,True,run/sthelar40x_klt_5class_slideind_foldB_cellvit256_fullft_lr1e-5_e10_seed42/log/2026-08-24T115109_sthelar40x_klt_5class_slideind_foldB_cellvit256_fullft_lr1e-5_e10_seed42/inference_results.json,0.1238270552,0.1747339078,0.095890411,14381,7892,9217,2078,23598,9970
slide-independent,slide,SAM-H,Frozen,42,A,kidney_s1,Epithelial,False,run/sthelar40x_klt_5class_slideind_foldA_frozen_seed42/eval/frozen_class_agnostic_results.json,NA,NA,NA,NA,NA,NA,NA,NA,NA
slide-independent,slide,SAM-H,Frozen,42,A,kidney_s1,Immune,False,run/sthelar40x_klt_5class_slideind_foldA_frozen_seed42/eval/frozen_class_agnostic_results.json,NA,NA,NA,NA,NA,NA,NA,NA,NA
slide-independent,slide,SAM-H,Frozen,42,A,kidney_s1,Stromal,False,run/sthelar40x_klt_5class_slideind_foldA_frozen_seed42/eval/frozen_class_agnostic_results.json,NA,NA,NA,NA,NA,NA,NA,NA,NA
slide-independent,slide,SAM-H,Frozen,42,A,kidney_s1,Melanocyte,False,run/sthelar40x_klt_5class_slideind_foldA_frozen_seed42/eval/frozen_class_agnostic_results.json,NA,NA,NA,NA,NA,NA,NA,NA,NA
slide-independent,slide,SAM-H,Frozen,42,A,kidney_s1,Other,False,run/sthelar40x_klt_5class_slideind_foldA_frozen_seed42/eval/frozen_class_agnostic_results.json,NA,NA,NA,NA,NA,NA,NA,NA,NA
slide-independent,slide,SAM-H,Frozen,42,A,liver_s1,Epithelial,False,run/sthelar40x_klt_5class_slideind_foldA_frozen_seed42/eval/frozen_class_agnostic_results.json,NA,NA,NA,NA,NA,NA,NA,NA,NA
slide-independent,slide,SAM-H,Frozen,42,A,liver_s1,Immune,False,run/sthelar40x_klt_5class_slideind_foldA_frozen_seed42/eval/frozen_class_agnostic_results.json,NA,NA,NA,NA,NA,NA,NA,NA,NA
slide-independent,slide,SAM-H,Frozen,42,A,liver_s1,Stromal,False,run/sthelar40x_klt_5class_slideind_foldA_frozen_seed42/eval/frozen_class_agnostic_results.json,NA,NA,NA,NA,NA,NA,NA,NA,NA
slide-independent,slide,SAM-H,Frozen,42,A,liver_s1,Melanocyte,False,run/sthelar40x_klt_5class_slideind_foldA_frozen_seed42/eval/frozen_class_agnostic_results.json,NA,NA,NA,NA,NA,NA,NA,NA,NA
slide-independent,slide,SAM-H,Frozen,42,A,liver_s1,Other,False,run/sthelar40x_klt_5class_slideind_foldA_frozen_seed42/eval/frozen_class_agnostic_results.json,NA,NA,NA,NA,NA,NA,NA,NA,NA
slide-independent,slide,SAM-H,Frozen,42,A,tonsil_s1,Epithelial,False,run/sthelar40x_klt_5class_slideind_foldA_frozen_seed42/eval/frozen_class_agnostic_results.json,NA,NA,NA,NA,NA,NA,NA,NA,NA
slide-independent,slide,SAM-H,Frozen,42,A,tonsil_s1,Immune,False,run/sthelar40x_klt_5class_slideind_foldA_frozen_seed42/eval/frozen_class_agnostic_results.json,NA,NA,NA,NA,NA,NA,NA,NA,NA
slide-independent,slide,SAM-H,Frozen,42,A,tonsil_s1,Stromal,False,run/sthelar40x_klt_5class_slideind_foldA_frozen_seed42/eval/frozen_class_agnostic_results.json,NA,NA,NA,NA,NA,NA,NA,NA,NA
slide-independent,slide,SAM-H,Frozen,42,A,tonsil_s1,Melanocyte,False,run/sthelar40x_klt_5class_slideind_foldA_frozen_seed42/eval/frozen_class_agnostic_results.json,NA,NA,NA,NA,NA,NA,NA,NA,NA
slide-independent,slide,SAM-H,Frozen,42,A,tonsil_s1,Other,False,run/sthelar40x_klt_5class_slideind_foldA_frozen_seed42/eval/frozen_class_agnostic_results.json,NA,NA,NA,NA,NA,NA,NA,NA,NA
slide-independent,slide,SAM-H,Selected PEFT,42,A,kidney_s1,Epithelial,True,run/sthelar40x_klt_5class_slideind_foldA_lora_adaptformer_r8_a8_red16_heads_e10_seed42/log/2026-08-19T105648_sthelar40x_klt_5class_slideind_foldA_lora_adaptformer_r8_a8_red16_heads_e10_seed42/inference_results.json,0.1532877882,0.2548358474,0.1096099534,13101,5635,4573,896,17674,6531
slide-independent,slide,SAM-H,Selected PEFT,42,A,kidney_s1,Immune,True,run/sthelar40x_klt_5class_slideind_foldA_lora_adaptformer_r8_a8_red16_heads_e10_seed42/log/2026-08-19T105648_sthelar40x_klt_5class_slideind_foldA_lora_adaptformer_r8_a8_red16_heads_e10_seed42/inference_results.json,0.5542283923,0.8111483624,0.4209107593,52308,27143,6124,1919,58432,29062
slide-independent,slide,SAM-H,Selected PEFT,42,A,kidney_s1,Stromal,True,run/sthelar40x_klt_5class_slideind_foldA_lora_adaptformer_r8_a8_red16_heads_e10_seed42/log/2026-08-19T105648_sthelar40x_klt_5class_slideind_foldA_lora_adaptformer_r8_a8_red16_heads_e10_seed42/inference_results.json,0.4968418311,0.3450302975,0.8872093023,21500,55285,5158,7314,26658,62599
slide-independent,slide,SAM-H,Selected PEFT,42,A,kidney_s1,Melanocyte,True,run/sthelar40x_klt_5class_slideind_foldA_lora_adaptformer_r8_a8_red16_heads_e10_seed42/log/2026-08-19T105648_sthelar40x_klt_5class_slideind_foldA_lora_adaptformer_r8_a8_red16_heads_e10_seed42/inference_results.json,0,0,0,0,0,0,0,0,0
slide-independent,slide,SAM-H,Selected PEFT,42,A,kidney_s1,Other,True,run/sthelar40x_klt_5class_slideind_foldA_lora_adaptformer_r8_a8_red16_heads_e10_seed42/log/2026-08-19T105648_sthelar40x_klt_5class_slideind_foldA_lora_adaptformer_r8_a8_red16_heads_e10_seed42/inference_results.json,0,0,0,1158,4,947,7,2105,11
slide-independent,slide,SAM-H,Selected PEFT,42,A,liver_s1,Epithelial,True,run/sthelar40x_klt_5class_slideind_foldA_lora_adaptformer_r8_a8_red16_heads_e10_seed42/log/2026-08-19T105648_sthelar40x_klt_5class_slideind_foldA_lora_adaptformer_r8_a8_red16_heads_e10_seed42/inference_results.json,0.6654687601,0.9111802418,0.5241302824,146973,84542,29195,7933,176168,92475
slide-independent,slide,SAM-H,Selected PEFT,42,A,liver_s1,Immune,True,run/sthelar40x_klt_5class_slideind_foldA_lora_adaptformer_r8_a8_red16_heads_e10_seed42/log/2026-08-19T105648_sthelar40x_klt_5class_slideind_foldA_lora_adaptformer_r8_a8_red16_heads_e10_seed42/inference_results.json,0.1973352539,0.2050425973,0.190186342,56187,52116,10038,6356,66225,58472
slide-independent,slide,SAM-H,Selected PEFT,42,A,liver_s1,Stromal,True,run/sthelar40x_klt_5class_slideind_foldA_lora_adaptformer_r8_a8_red16_heads_e10_seed42/log/2026-08-19T105648_sthelar40x_klt_5class_slideind_foldA_lora_adaptformer_r8_a8_red16_heads_e10_seed42/inference_results.json,0.5752594789,0.4245394361,0.8919029869,60899,127941,11819,11512,72718,139453
slide-independent,slide,SAM-H,Selected PEFT,42,A,liver_s1,Melanocyte,True,run/sthelar40x_klt_5class_slideind_foldA_lora_adaptformer_r8_a8_red16_heads_e10_seed42/log/2026-08-19T105648_sthelar40x_klt_5class_slideind_foldA_lora_adaptformer_r8_a8_red16_heads_e10_seed42/inference_results.json,0,0,0,0,0,0,0,0,0
slide-independent,slide,SAM-H,Selected PEFT,42,A,liver_s1,Other,True,run/sthelar40x_klt_5class_slideind_foldA_lora_adaptformer_r8_a8_red16_heads_e10_seed42/log/2026-08-19T105648_sthelar40x_klt_5class_slideind_foldA_lora_adaptformer_r8_a8_red16_heads_e10_seed42/inference_results.json,0,0,0,545,5,580,4,1125,9
slide-independent,slide,SAM-H,Selected PEFT,42,A,tonsil_s1,Epithelial,True,run/sthelar40x_klt_5class_slideind_foldA_lora_adaptformer_r8_a8_red16_heads_e10_seed42/log/2026-08-19T105648_sthelar40x_klt_5class_slideind_foldA_lora_adaptformer_r8_a8_red16_heads_e10_seed42/inference_results.json,0.6773975728,0.5624166633,0.8514734894,65389,98996,17522,13853,82911,112849
slide-independent,slide,SAM-H,Selected PEFT,42,A,tonsil_s1,Immune,True,run/sthelar40x_klt_5class_slideind_foldA_lora_adaptformer_r8_a8_red16_heads_e10_seed42/log/2026-08-19T105648_sthelar40x_klt_5class_slideind_foldA_lora_adaptformer_r8_a8_red16_heads_e10_seed42/inference_results.json,0.8427674706,0.8364598796,0.8491709132,428001,434505,91981,63856,519982,498361
slide-independent,slide,SAM-H,Selected PEFT,42,A,tonsil_s1,Stromal,True,run/sthelar40x_klt_5class_slideind_foldA_lora_adaptformer_r8_a8_red16_heads_e10_seed42/log/2026-08-19T105648_sthelar40x_klt_5class_slideind_foldA_lora_adaptformer_r8_a8_red16_heads_e10_seed42/inference_results.json,0.5088155956,0.5653435422,0.4625643985,121315,99260,39506,15620,160821,114880
slide-independent,slide,SAM-H,Selected PEFT,42,A,tonsil_s1,Melanocyte,True,run/sthelar40x_klt_5class_slideind_foldA_lora_adaptformer_r8_a8_red16_heads_e10_seed42/log/2026-08-19T105648_sthelar40x_klt_5class_slideind_foldA_lora_adaptformer_r8_a8_red16_heads_e10_seed42/inference_results.json,0,0,0,0,0,0,0,0,0
slide-independent,slide,SAM-H,Selected PEFT,42,A,tonsil_s1,Other,True,run/sthelar40x_klt_5class_slideind_foldA_lora_adaptformer_r8_a8_red16_heads_e10_seed42/log/2026-08-19T105648_sthelar40x_klt_5class_slideind_foldA_lora_adaptformer_r8_a8_red16_heads_e10_seed42/inference_results.json,0.0001107297,0.3333333333,0.0000553741,18059,3,20452,2,38511,5
slide-independent,slide,SAM-H,Selected PEFT,43,A,kidney_s1,Epithelial,True,run/sthelar40x_klt_5class_slideind_foldA_lora_adaptformer_r8_a8_red16_heads_e10_seed43/log/2026-08-24T122637_sthelar40x_klt_5class_slideind_foldA_lora_adaptformer_r8_a8_red16_heads_e10_seed43/inference_results.json,0.1990191135,0.2395982783,0.1701944183,12756,9061,4865,1052,17621,10113
slide-independent,slide,SAM-H,Selected PEFT,43,A,kidney_s1,Immune,True,run/sthelar40x_klt_5class_slideind_foldA_lora_adaptformer_r8_a8_red16_heads_e10_seed43/log/2026-08-24T122637_sthelar40x_klt_5class_slideind_foldA_lora_adaptformer_r8_a8_red16_heads_e10_seed43/inference_results.json,0.4764517102,0.8473584077,0.331393685,52415,20499,5950,1041,58365,21540
slide-independent,slide,SAM-H,Selected PEFT,43,A,kidney_s1,Stromal,True,run/sthelar40x_klt_5class_slideind_foldA_lora_adaptformer_r8_a8_red16_heads_e10_seed43/log/2026-08-24T122637_sthelar40x_klt_5class_slideind_foldA_lora_adaptformer_r8_a8_red16_heads_e10_seed43/inference_results.json,0.4780377643,0.3273761449,0.8855987356,21512,58193,5101,6645,26613,64838
slide-independent,slide,SAM-H,Selected PEFT,43,A,kidney_s1,Melanocyte,True,run/sthelar40x_klt_5class_slideind_foldA_lora_adaptformer_r8_a8_red16_heads_e10_seed43/log/2026-08-24T122637_sthelar40x_klt_5class_slideind_foldA_lora_adaptformer_r8_a8_red16_heads_e10_seed43/inference_results.json,0,0,0,0,0,0,0,0,0
slide-independent,slide,SAM-H,Selected PEFT,43,A,kidney_s1,Other,True,run/sthelar40x_klt_5class_slideind_foldA_lora_adaptformer_r8_a8_red16_heads_e10_seed43/log/2026-08-24T122637_sthelar40x_klt_5class_slideind_foldA_lora_adaptformer_r8_a8_red16_heads_e10_seed43/inference_results.json,0.0051635112,0.0652173913,0.002688172,1116,46,980,22,2096,68
slide-independent,slide,SAM-H,Selected PEFT,43,A,liver_s1,Epithelial,True,run/sthelar40x_klt_5class_slideind_foldA_lora_adaptformer_r8_a8_red16_heads_e10_seed43/log/2026-08-24T122637_sthelar40x_klt_5class_slideind_foldA_lora_adaptformer_r8_a8_red16_heads_e10_seed43/inference_results.json,0.6635161575,0.8934696761,0.5277010205,146204,86351,29412,7535,175616,93886
slide-independent,slide,SAM-H,Selected PEFT,43,A,liver_s1,Immune,True,run/sthelar40x_klt_5class_slideind_foldA_lora_adaptformer_r8_a8_red16_heads_e10_seed43/log/2026-08-24T122637_sthelar40x_klt_5class_slideind_foldA_lora_adaptformer_r8_a8_red16_heads_e10_seed43/inference_results.json,0.1234691469,0.1318251472,0.1161093253,56309,49596,9883,5659,66192,55255
slide-independent,slide,SAM-H,Selected PEFT,43,A,liver_s1,Stromal,True,run/sthelar40x_klt_5class_slideind_foldA_lora_adaptformer_r8_a8_red16_heads_e10_seed43/log/2026-08-24T122637_sthelar40x_klt_5class_slideind_foldA_lora_adaptformer_r8_a8_red16_heads_e10_seed43/inference_results.json,0.5692348397,0.420142008,0.8823471514,60959,128021,11698,10993,72657,139014
slide-independent,slide,SAM-H,Selected PEFT,43,A,liver_s1,Melanocyte,True,run/sthelar40x_klt_5class_slideind_foldA_lora_adaptformer_r8_a8_red16_heads_e10_seed43/log/2026-08-24T122637_sthelar40x_klt_5class_slideind_foldA_lora_adaptformer_r8_a8_red16_heads_e10_seed43/inference_results.json,0,0,0,0,0,0,0,0,0
slide-independent,slide,SAM-H,Selected PEFT,43,A,liver_s1,Other,True,run/sthelar40x_klt_5class_slideind_foldA_lora_adaptformer_r8_a8_red16_heads_e10_seed43/log/2026-08-24T122637_sthelar40x_klt_5class_slideind_foldA_lora_adaptformer_r8_a8_red16_heads_e10_seed43/inference_results.json,0,0,0,561,65,564,25,1125,90
slide-independent,slide,SAM-H,Selected PEFT,43,A,tonsil_s1,Epithelial,True,run/sthelar40x_klt_5class_slideind_foldA_lora_adaptformer_r8_a8_red16_heads_e10_seed43/log/2026-08-24T122637_sthelar40x_klt_5class_slideind_foldA_lora_adaptformer_r8_a8_red16_heads_e10_seed43/inference_results.json,0.7072949416,0.6085593957,0.8442739241,65551,90941,17311,13437,82862,104378
slide-independent,slide,SAM-H,Selected PEFT,43,A,tonsil_s1,Immune,True,run/sthelar40x_klt_5class_slideind_foldA_lora_adaptformer_r8_a8_red16_heads_e10_seed43/log/2026-08-24T122637_sthelar40x_klt_5class_slideind_foldA_lora_adaptformer_r8_a8_red16_heads_e10_seed43/inference_results.json,0.8435815105,0.837462855,0.849790232,428807,435119,91121,64033,519928,499152
slide-independent,slide,SAM-H,Selected PEFT,43,A,tonsil_s1,Stromal,True,run/sthelar40x_klt_5class_slideind_foldA_lora_adaptformer_r8_a8_red16_heads_e10_seed43/log/2026-08-24T122637_sthelar40x_klt_5class_slideind_foldA_lora_adaptformer_r8_a8_red16_heads_e10_seed43/inference_results.json,0.5164732874,0.5493770919,0.4872881705,121265,107560,39539,18162,160804,125722
slide-independent,slide,SAM-H,Selected PEFT,43,A,tonsil_s1,Melanocyte,True,run/sthelar40x_klt_5class_slideind_foldA_lora_adaptformer_r8_a8_red16_heads_e10_seed43/log/2026-08-24T122637_sthelar40x_klt_5class_slideind_foldA_lora_adaptformer_r8_a8_red16_heads_e10_seed43/inference_results.json,0,0,0,0,0,0,0,0,0
slide-independent,slide,SAM-H,Selected PEFT,43,A,tonsil_s1,Other,True,run/sthelar40x_klt_5class_slideind_foldA_lora_adaptformer_r8_a8_red16_heads_e10_seed43/log/2026-08-24T122637_sthelar40x_klt_5class_slideind_foldA_lora_adaptformer_r8_a8_red16_heads_e10_seed43/inference_results.json,0.0011065007,0.2564102564,0.0005544467,18036,39,20474,5,38510,44
slide-independent,slide,SAM-H,NT-header1,42,A,kidney_s1,Epithelial,True,run/sthelar40x_klt_5class_slideind_foldA_lora_adaptformer_r8_a8_red16_nt_header1_np_hv_heads_e10_seed42/log/2026-08-19T183125_sthelar40x_klt_5class_slideind_foldA_lora_adaptformer_r8_a8_red16_nt_header1_np_hv_heads_e10_seed42/inference_results.json,0.0946861082,0.206767919,0.0614021206,12638,3753,5022,356,17660,4109
slide-independent,slide,SAM-H,NT-header1,42,A,kidney_s1,Immune,True,run/sthelar40x_klt_5class_slideind_foldA_lora_adaptformer_r8_a8_red16_nt_header1_np_hv_heads_e10_seed42/log/2026-08-19T183125_sthelar40x_klt_5class_slideind_foldA_lora_adaptformer_r8_a8_red16_nt_header1_np_hv_heads_e10_seed42/inference_results.json,0.4081093381,0.846477072,0.2688692019,51698,16421,6711,1008,58409,17429
slide-independent,slide,SAM-H,NT-header1,42,A,kidney_s1,Stromal,True,run/sthelar40x_klt_5class_slideind_foldA_lora_adaptformer_r8_a8_red16_nt_header1_np_hv_heads_e10_seed42/log/2026-08-19T183125_sthelar40x_klt_5class_slideind_foldA_lora_adaptformer_r8_a8_red16_nt_header1_np_hv_heads_e10_seed42/inference_results.json,0.4631751025,0.313374558,0.8873493404,21074,59673,5573,6114,26647,65787
slide-independent,slide,SAM-H,NT-header1,42,A,kidney_s1,Melanocyte,True,run/sthelar40x_klt_5class_slideind_foldA_lora_adaptformer_r8_a8_red16_nt_header1_np_hv_heads_e10_seed42/log/2026-08-19T183125_sthelar40x_klt_5class_slideind_foldA_lora_adaptformer_r8_a8_red16_nt_header1_np_hv_heads_e10_seed42/inference_results.json,0,0,0,0,0,0,0,0,0
slide-independent,slide,SAM-H,NT-header1,42,A,kidney_s1,Other,True,run/sthelar40x_klt_5class_slideind_foldA_lora_adaptformer_r8_a8_red16_nt_header1_np_hv_heads_e10_seed42/log/2026-08-19T183125_sthelar40x_klt_5class_slideind_foldA_lora_adaptformer_r8_a8_red16_nt_header1_np_hv_heads_e10_seed42/inference_results.json,0.1296319878,0.0758795468,0.4445414847,1145,6708,961,1470,2106,8178
slide-independent,slide,SAM-H,NT-header1,42,A,liver_s1,Epithelial,True,run/sthelar40x_klt_5class_slideind_foldA_lora_adaptformer_r8_a8_red16_nt_header1_np_hv_heads_e10_seed42/log/2026-08-19T183125_sthelar40x_klt_5class_slideind_foldA_lora_adaptformer_r8_a8_red16_nt_header1_np_hv_heads_e10_seed42/inference_results.json,0.5566618384,0.9326453277,0.3967267539,145788,62015,30093,4508,175881,66523
slide-independent,slide,SAM-H,NT-header1,42,A,liver_s1,Immune,True,run/sthelar40x_klt_5class_slideind_foldA_lora_adaptformer_r8_a8_red16_nt_header1_np_hv_heads_e10_seed42/log/2026-08-19T183125_sthelar40x_klt_5class_slideind_foldA_lora_adaptformer_r8_a8_red16_nt_header1_np_hv_heads_e10_seed42/inference_results.json,0.14682282,0.208188096,0.1133978148,55830,30410,10379,2558,66209,32968
slide-independent,slide,SAM-H,NT-header1,42,A,liver_s1,Stromal,True,run/sthelar40x_klt_5class_slideind_foldA_lora_adaptformer_r8_a8_red16_nt_header1_np_hv_heads_e10_seed42/log/2026-08-19T183125_sthelar40x_klt_5class_slideind_foldA_lora_adaptformer_r8_a8_red16_nt_header1_np_hv_heads_e10_seed42/inference_results.json,0.511448252,0.3587610082,0.8903981108,59707,148185,12960,9480,72667,157665
slide-independent,slide,SAM-H,NT-header1,42,A,liver_s1,Melanocyte,True,run/sthelar40x_klt_5class_slideind_foldA_lora_adaptformer_r8_a8_red16_nt_header1_np_hv_heads_e10_seed42/log/2026-08-19T183125_sthelar40x_klt_5class_slideind_foldA_lora_adaptformer_r8_a8_red16_nt_header1_np_hv_heads_e10_seed42/inference_results.json,0,0,0,0,0,0,0,0,0
slide-independent,slide,SAM-H,NT-header1,42,A,liver_s1,Other,True,run/sthelar40x_klt_5class_slideind_foldA_lora_adaptformer_r8_a8_red16_nt_header1_np_hv_heads_e10_seed42/log/2026-08-19T183125_sthelar40x_klt_5class_slideind_foldA_lora_adaptformer_r8_a8_red16_nt_header1_np_hv_heads_e10_seed42/inference_results.json,0.0142208358,0.0072917157,0.2859778598,542,21257,583,3676,1125,24933
slide-independent,slide,SAM-H,NT-header1,42,A,tonsil_s1,Epithelial,True,run/sthelar40x_klt_5class_slideind_foldA_lora_adaptformer_r8_a8_red16_nt_header1_np_hv_heads_e10_seed42/log/2026-08-19T183125_sthelar40x_klt_5class_slideind_foldA_lora_adaptformer_r8_a8_red16_nt_header1_np_hv_heads_e10_seed42/inference_results.json,0.6729292536,0.5827379412,0.7961508309,65053,88877,17684,13549,82737,102426
slide-independent,slide,SAM-H,NT-header1,42,A,tonsil_s1,Immune,True,run/sthelar40x_klt_5class_slideind_foldA_lora_adaptformer_r8_a8_red16_nt_header1_np_hv_heads_e10_seed42/log/2026-08-19T183125_sthelar40x_klt_5class_slideind_foldA_lora_adaptformer_r8_a8_red16_nt_header1_np_hv_heads_e10_seed42/inference_results.json,0.8385979199,0.8537363434,0.8239870105,427423,412529,92227,59029,519650,471558
slide-independent,slide,SAM-H,NT-header1,42,A,tonsil_s1,Stromal,True,run/sthelar40x_klt_5class_slideind_foldA_lora_adaptformer_r8_a8_red16_nt_header1_np_hv_heads_e10_seed42/log/2026-08-19T183125_sthelar40x_klt_5class_slideind_foldA_lora_adaptformer_r8_a8_red16_nt_header1_np_hv_heads_e10_seed42/inference_results.json,0.519287369,0.5172320351,0.5213591028,120815,121779,39838,19575,160653,141354
slide-independent,slide,SAM-H,NT-header1,42,A,tonsil_s1,Melanocyte,True,run/sthelar40x_klt_5class_slideind_foldA_lora_adaptformer_r8_a8_red16_nt_header1_np_hv_heads_e10_seed42/log/2026-08-19T183125_sthelar40x_klt_5class_slideind_foldA_lora_adaptformer_r8_a8_red16_nt_header1_np_hv_heads_e10_seed42/inference_results.json,0,0,0,0,0,0,0,0,0
slide-independent,slide,SAM-H,NT-header1,42,A,tonsil_s1,Other,True,run/sthelar40x_klt_5class_slideind_foldA_lora_adaptformer_r8_a8_red16_nt_header1_np_hv_heads_e10_seed42/log/2026-08-19T183125_sthelar40x_klt_5class_slideind_foldA_lora_adaptformer_r8_a8_red16_nt_header1_np_hv_heads_e10_seed42/inference_results.json,0.1270398048,0.2039916738,0.0922429544,18061,8167,20423,1521,38484,9688
slide-independent,slide,SAM-H,NT-header1,43,A,kidney_s1,Epithelial,True,run/sthelar40x_klt_5class_slideind_foldA_lora_adaptformer_r8_a8_red16_nt_header1_np_hv_heads_e10_seed43/log/2026-08-24T175805_sthelar40x_klt_5class_slideind_foldA_lora_adaptformer_r8_a8_red16_nt_header1_np_hv_heads_e10_seed43/inference_results.json,0.0702214251,0.3128457283,0.0395493395,12870,1627,4791,214,17661,1841
slide-independent,slide,SAM-H,NT-header1,43,A,kidney_s1,Immune,True,run/sthelar40x_klt_5class_slideind_foldA_lora_adaptformer_r8_a8_red16_nt_header1_np_hv_heads_e10_seed43/log/2026-08-24T175805_sthelar40x_klt_5class_slideind_foldA_lora_adaptformer_r8_a8_red16_nt_header1_np_hv_heads_e10_seed43/inference_results.json,0.2594343481,0.8821893425,0.1520788585,52144,8989,6275,615,58419,9604
slide-independent,slide,SAM-H,NT-header1,43,A,kidney_s1,Stromal,True,run/sthelar40x_klt_5class_slideind_foldA_lora_adaptformer_r8_a8_red16_nt_header1_np_hv_heads_e10_seed43/log/2026-08-24T175805_sthelar40x_klt_5class_slideind_foldA_lora_adaptformer_r8_a8_red16_nt_header1_np_hv_heads_e10_seed43/inference_results.json,0.4308446567,0.2780649473,0.9562403264,21321,73321,5325,8099,26646,81420
slide-independent,slide,SAM-H,NT-header1,43,A,kidney_s1,Melanocyte,True,run/sthelar40x_klt_5class_slideind_foldA_lora_adaptformer_r8_a8_red16_nt_header1_np_hv_heads_e10_seed43/log/2026-08-24T175805_sthelar40x_klt_5class_slideind_foldA_lora_adaptformer_r8_a8_red16_nt_header1_np_hv_heads_e10_seed43/inference_results.json,0,0,0,0,0,0,0,0,0
slide-independent,slide,SAM-H,NT-header1,43,A,kidney_s1,Other,True,run/sthelar40x_klt_5class_slideind_foldA_lora_adaptformer_r8_a8_red16_nt_header1_np_hv_heads_e10_seed43/log/2026-08-24T175805_sthelar40x_klt_5class_slideind_foldA_lora_adaptformer_r8_a8_red16_nt_header1_np_hv_heads_e10_seed43/inference_results.json,0.1526427061,0.1012906846,0.3096054889,1166,3564,937,659,2103,4223
slide-independent,slide,SAM-H,NT-header1,43,A,liver_s1,Epithelial,True,run/sthelar40x_klt_5class_slideind_foldA_lora_adaptformer_r8_a8_red16_nt_header1_np_hv_heads_e10_seed43/log/2026-08-24T175805_sthelar40x_klt_5class_slideind_foldA_lora_adaptformer_r8_a8_red16_nt_header1_np_hv_heads_e10_seed43/inference_results.json,0.2102048869,0.9336676913,0.1184345542,146182,18543,29366,1457,175548,20000
slide-independent,slide,SAM-H,NT-header1,43,A,liver_s1,Immune,True,run/sthelar40x_klt_5class_slideind_foldA_lora_adaptformer_r8_a8_red16_nt_header1_np_hv_heads_e10_seed43/log/2026-08-24T175805_sthelar40x_klt_5class_slideind_foldA_lora_adaptformer_r8_a8_red16_nt_header1_np_hv_heads_e10_seed43/inference_results.json,0.0749141538,0.0718876224,0.0782067248,56210,61151,9988,5597,66198,66748
slide-independent,slide,SAM-H,NT-header1,43,A,liver_s1,Stromal,True,run/sthelar40x_klt_5class_slideind_foldA_lora_adaptformer_r8_a8_red16_nt_header1_np_hv_heads_e10_seed43/log/2026-08-24T175805_sthelar40x_klt_5class_slideind_foldA_lora_adaptformer_r8_a8_red16_nt_header1_np_hv_heads_e10_seed43/inference_results.json,0.4820828363,0.3228638708,0.9511272607,60545,178360,12132,14458,72677,192818
slide-independent,slide,SAM-H,NT-header1,43,A,liver_s1,Melanocyte,True,run/sthelar40x_klt_5class_slideind_foldA_lora_adaptformer_r8_a8_red16_nt_header1_np_hv_heads_e10_seed43/log/2026-08-24T175805_sthelar40x_klt_5class_slideind_foldA_lora_adaptformer_r8_a8_red16_nt_header1_np_hv_heads_e10_seed43/inference_results.json,0,0,0,0,0,0,0,0,0
slide-independent,slide,SAM-H,NT-header1,43,A,liver_s1,Other,True,run/sthelar40x_klt_5class_slideind_foldA_lora_adaptformer_r8_a8_red16_nt_header1_np_hv_heads_e10_seed43/log/2026-08-24T175805_sthelar40x_klt_5class_slideind_foldA_lora_adaptformer_r8_a8_red16_nt_header1_np_hv_heads_e10_seed43/inference_results.json,0.0373986431,0.0206846055,0.1948275862,580,5463,545,1153,1125,6616
slide-independent,slide,SAM-H,NT-header1,43,A,tonsil_s1,Epithelial,True,run/sthelar40x_klt_5class_slideind_foldA_lora_adaptformer_r8_a8_red16_nt_header1_np_hv_heads_e10_seed43/log/2026-08-24T175805_sthelar40x_klt_5class_slideind_foldA_lora_adaptformer_r8_a8_red16_nt_header1_np_hv_heads_e10_seed43/inference_results.json,0.7101021626,0.6222033256,0.8269216085,65479,87023,17239,14063,82718,101086
slide-independent,slide,SAM-H,NT-header1,43,A,tonsil_s1,Immune,True,run/sthelar40x_klt_5class_slideind_foldA_lora_adaptformer_r8_a8_red16_nt_header1_np_hv_heads_e10_seed43/log/2026-08-24T175805_sthelar40x_klt_5class_slideind_foldA_lora_adaptformer_r8_a8_red16_nt_header1_np_hv_heads_e10_seed43/inference_results.json,0.8335371687,0.8644762984,0.8047361074,427693,398137,91909,61678,519602,459815
slide-independent,slide,SAM-H,NT-header1,43,A,tonsil_s1,Stromal,True,run/sthelar40x_klt_5class_slideind_foldA_lora_adaptformer_r8_a8_red16_nt_header1_np_hv_heads_e10_seed43/log/2026-08-24T175805_sthelar40x_klt_5class_slideind_foldA_lora_adaptformer_r8_a8_red16_nt_header1_np_hv_heads_e10_seed43/inference_results.json,0.5320856526,0.4935558145,0.5771406056,121823,142454,38656,24904,160479,167358
slide-independent,slide,SAM-H,NT-header1,43,A,tonsil_s1,Melanocyte,True,run/sthelar40x_klt_5class_slideind_foldA_lora_adaptformer_r8_a8_red16_nt_header1_np_hv_heads_e10_seed43/log/2026-08-24T175805_sthelar40x_klt_5class_slideind_foldA_lora_adaptformer_r8_a8_red16_nt_header1_np_hv_heads_e10_seed43/inference_results.json,0,0,0,0,0,0,0,0,0
slide-independent,slide,SAM-H,NT-header1,43,A,tonsil_s1,Other,True,run/sthelar40x_klt_5class_slideind_foldA_lora_adaptformer_r8_a8_red16_nt_header1_np_hv_heads_e10_seed43/log/2026-08-24T175805_sthelar40x_klt_5class_slideind_foldA_lora_adaptformer_r8_a8_red16_nt_header1_np_hv_heads_e10_seed43/inference_results.json,0.1692418118,0.3234190009,0.1146073164,19545,6926,18762,1443,38307,8369
slide-independent,slide,SAM-H,FullFT,42,A,kidney_s1,Epithelial,True,run/sthelar40x_klt_5class_slideind_foldA_fullft_lr1e-5_e10_seed42/log/2026-08-19T110413_sthelar40x_klt_5class_slideind_foldA_fullft_lr1e-5_e10_seed42/inference_results.json,0.1575130639,0.2601726264,0.1129463944,13077,5677,4595,854,17672,6531
slide-independent,slide,SAM-H,FullFT,42,A,kidney_s1,Immune,True,run/sthelar40x_klt_5class_slideind_foldA_fullft_lr1e-5_e10_seed42/log/2026-08-19T110413_sthelar40x_klt_5class_slideind_foldA_fullft_lr1e-5_e10_seed42/inference_results.json,0.3935084096,0.8396927339,0.2569655863,51898,15882,6526,1228,58424,17110
slide-independent,slide,SAM-H,FullFT,42,A,kidney_s1,Stromal,True,run/sthelar40x_klt_5class_slideind_foldA_fullft_lr1e-5_e10_seed42/log/2026-08-19T110413_sthelar40x_klt_5class_slideind_foldA_fullft_lr1e-5_e10_seed42/inference_results.json,0.4624693299,0.3090859881,0.9180498416,21147,62811,5512,8354,26659,71165
slide-independent,slide,SAM-H,FullFT,42,A,kidney_s1,Melanocyte,True,run/sthelar40x_klt_5class_slideind_foldA_fullft_lr1e-5_e10_seed42/log/2026-08-19T110413_sthelar40x_klt_5class_slideind_foldA_fullft_lr1e-5_e10_seed42/inference_results.json,0,0,0,0,0,0,0,0,0
slide-independent,slide,SAM-H,FullFT,42,A,kidney_s1,Other,True,run/sthelar40x_klt_5class_slideind_foldA_fullft_lr1e-5_e10_seed42/log/2026-08-19T110413_sthelar40x_klt_5class_slideind_foldA_fullft_lr1e-5_e10_seed42/inference_results.json,0.1625119847,0.1144496962,0.2801652893,1210,2962,895,959,2105,3921
slide-independent,slide,SAM-H,FullFT,42,A,liver_s1,Epithelial,True,run/sthelar40x_klt_5class_slideind_foldA_fullft_lr1e-5_e10_seed42/log/2026-08-19T110413_sthelar40x_klt_5class_slideind_foldA_fullft_lr1e-5_e10_seed42/inference_results.json,0.1905433583,0.8937406512,0.1066393004,145678,17382,30337,1362,176015,18744
slide-independent,slide,SAM-H,FullFT,42,A,liver_s1,Immune,True,run/sthelar40x_klt_5class_slideind_foldA_fullft_lr1e-5_e10_seed42/log/2026-08-19T110413_sthelar40x_klt_5class_slideind_foldA_fullft_lr1e-5_e10_seed42/inference_results.json,0.0797388928,0.061034815,0.1149719776,56205,105874,10011,12440,66216,118314
slide-independent,slide,SAM-H,FullFT,42,A,liver_s1,Stromal,True,run/sthelar40x_klt_5class_slideind_foldA_fullft_lr1e-5_e10_seed42/log/2026-08-19T110413_sthelar40x_klt_5class_slideind_foldA_fullft_lr1e-5_e10_seed42/inference_results.json,0.5636084935,0.4080545811,0.91082146,60149,134259,12564,12716,72713,146975
slide-independent,slide,SAM-H,FullFT,42,A,liver_s1,Melanocyte,True,run/sthelar40x_klt_5class_slideind_foldA_fullft_lr1e-5_e10_seed42/log/2026-08-19T110413_sthelar40x_klt_5class_slideind_foldA_fullft_lr1e-5_e10_seed42/inference_results.json,0,0,0,0,0,0,0,0,0
slide-independent,slide,SAM-H,FullFT,42,A,liver_s1,Other,True,run/sthelar40x_klt_5class_slideind_foldA_fullft_lr1e-5_e10_seed42/log/2026-08-19T110413_sthelar40x_klt_5class_slideind_foldA_fullft_lr1e-5_e10_seed42/inference_results.json,0.0342332804,0.0190494894,0.1686956522,575,5092,550,1460,1125,6552
slide-independent,slide,SAM-H,FullFT,42,A,tonsil_s1,Epithelial,True,run/sthelar40x_klt_5class_slideind_foldA_fullft_lr1e-5_e10_seed42/log/2026-08-19T110413_sthelar40x_klt_5class_slideind_foldA_fullft_lr1e-5_e10_seed42/inference_results.json,0.7176063701,0.6772524015,0.7630740044,64307,72456,18568,11678,82875,84134
slide-independent,slide,SAM-H,FullFT,42,A,tonsil_s1,Immune,True,run/sthelar40x_klt_5class_slideind_foldA_fullft_lr1e-5_e10_seed42/log/2026-08-19T110413_sthelar40x_klt_5class_slideind_foldA_fullft_lr1e-5_e10_seed42/inference_results.json,0.848636817,0.8514222019,0.845869597,423518,420756,96373,66528,519891,487284
slide-independent,slide,SAM-H,FullFT,42,A,tonsil_s1,Stromal,True,run/sthelar40x_klt_5class_slideind_foldA_fullft_lr1e-5_e10_seed42/log/2026-08-19T110413_sthelar40x_klt_5class_slideind_foldA_fullft_lr1e-5_e10_seed42/inference_results.json,0.5243143137,0.5128314413,0.5363231928,116661,122005,44131,20507,160792,142512
slide-independent,slide,SAM-H,FullFT,42,A,tonsil_s1,Melanocyte,True,run/sthelar40x_klt_5class_slideind_foldA_fullft_lr1e-5_e10_seed42/log/2026-08-19T110413_sthelar40x_klt_5class_slideind_foldA_fullft_lr1e-5_e10_seed42/inference_results.json,0,0,0,0,0,0,0,0,0
slide-independent,slide,SAM-H,FullFT,42,A,tonsil_s1,Other,True,run/sthelar40x_klt_5class_slideind_foldA_fullft_lr1e-5_e10_seed42/log/2026-08-19T110413_sthelar40x_klt_5class_slideind_foldA_fullft_lr1e-5_e10_seed42/inference_results.json,0.1421505067,0.293301625,0.0938074412,15777,5046,22750,975,38527,6021
slide-independent,slide,SAM-H,FullFT,43,A,kidney_s1,Epithelial,True,run/sthelar40x_klt_5class_slideind_foldA_fullft_lr1e-5_e10_seed43/log/2026-08-25T015318_sthelar40x_klt_5class_slideind_foldA_fullft_lr1e-5_e10_seed43/inference_results.json,0.1223566663,0.2198740093,0.0847630239,12765,4921,4894,466,17659,5387
slide-independent,slide,SAM-H,FullFT,43,A,kidney_s1,Immune,True,run/sthelar40x_klt_5class_slideind_foldA_fullft_lr1e-5_e10_seed43/log/2026-08-25T015318_sthelar40x_klt_5class_slideind_foldA_fullft_lr1e-5_e10_seed43/inference_results.json,0.431113927,0.8499403849,0.2888010032,51835,17613,6592,902,58427,18515
slide-independent,slide,SAM-H,FullFT,43,A,kidney_s1,Stromal,True,run/sthelar40x_klt_5class_slideind_foldA_fullft_lr1e-5_e10_seed43/log/2026-08-25T015318_sthelar40x_klt_5class_slideind_foldA_fullft_lr1e-5_e10_seed43/inference_results.json,0.469188167,0.3259205044,0.8372059391,20744,53286,5912,5734,26656,59020
slide-independent,slide,SAM-H,FullFT,43,A,kidney_s1,Melanocyte,True,run/sthelar40x_klt_5class_slideind_foldA_fullft_lr1e-5_e10_seed43/log/2026-08-25T015318_sthelar40x_klt_5class_slideind_foldA_fullft_lr1e-5_e10_seed43/inference_results.json,0,0,0,0,0,0,0,0,0
slide-independent,slide,SAM-H,FullFT,43,A,kidney_s1,Other,True,run/sthelar40x_klt_5class_slideind_foldA_fullft_lr1e-5_e10_seed43/log/2026-08-25T015318_sthelar40x_klt_5class_slideind_foldA_fullft_lr1e-5_e10_seed43/inference_results.json,0.1078098472,0.0596132182,0.5629432624,1128,10652,978,1920,2106,12572
slide-independent,slide,SAM-H,FullFT,43,A,liver_s1,Epithelial,True,run/sthelar40x_klt_5class_slideind_foldA_fullft_lr1e-5_e10_seed43/log/2026-08-25T015318_sthelar40x_klt_5class_slideind_foldA_fullft_lr1e-5_e10_seed43/inference_results.json,0.5104090741,0.9206649377,0.3530756586,144782,55524,31058,4275,175840,59799
slide-independent,slide,SAM-H,FullFT,43,A,liver_s1,Immune,True,run/sthelar40x_klt_5class_slideind_foldA_fullft_lr1e-5_e10_seed43/log/2026-08-25T015318_sthelar40x_klt_5class_slideind_foldA_fullft_lr1e-5_e10_seed43/inference_results.json,0.1438839199,0.1361725257,0.1525211288,55848,62553,10371,5152,66219,67705
slide-independent,slide,SAM-H,FullFT,43,A,liver_s1,Stromal,True,run/sthelar40x_klt_5class_slideind_foldA_fullft_lr1e-5_e10_seed43/log/2026-08-25T015318_sthelar40x_klt_5class_slideind_foldA_fullft_lr1e-5_e10_seed43/inference_results.json,0.5564181714,0.4130462996,0.8522367826,59751,123284,12954,9052,72705,132336
slide-independent,slide,SAM-H,FullFT,43,A,liver_s1,Melanocyte,True,run/sthelar40x_klt_5class_slideind_foldA_fullft_lr1e-5_e10_seed43/log/2026-08-25T015318_sthelar40x_klt_5class_slideind_foldA_fullft_lr1e-5_e10_seed43/inference_results.json,0,0,0,0,0,0,0,0,0
slide-independent,slide,SAM-H,FullFT,43,A,liver_s1,Other,True,run/sthelar40x_klt_5class_slideind_foldA_fullft_lr1e-5_e10_seed43/log/2026-08-25T015318_sthelar40x_klt_5class_slideind_foldA_fullft_lr1e-5_e10_seed43/inference_results.json,0.0223546945,0.0114942529,0.4054054054,555,19575,570,2852,1125,22427
slide-independent,slide,SAM-H,FullFT,43,A,tonsil_s1,Epithelial,True,run/sthelar40x_klt_5class_slideind_foldA_fullft_lr1e-5_e10_seed43/log/2026-08-25T015318_sthelar40x_klt_5class_slideind_foldA_fullft_lr1e-5_e10_seed43/inference_results.json,0.7236505318,0.6706818841,0.7857032577,64770,75878,17986,11797,82756,87675
slide-independent,slide,SAM-H,FullFT,43,A,tonsil_s1,Immune,True,run/sthelar40x_klt_5class_slideind_foldA_fullft_lr1e-5_e10_seed43/log/2026-08-25T015318_sthelar40x_klt_5class_slideind_foldA_fullft_lr1e-5_e10_seed43/inference_results.json,0.8260657509,0.8690721462,0.7871150371,424976,384899,94811,59330,519787,444229
slide-independent,slide,SAM-H,FullFT,43,A,tonsil_s1,Stromal,True,run/sthelar40x_klt_5class_slideind_foldA_fullft_lr1e-5_e10_seed43/log/2026-08-25T015318_sthelar40x_klt_5class_slideind_foldA_fullft_lr1e-5_e10_seed43/inference_results.json,0.5342612732,0.4747379754,0.6108505525,119828,154184,40866,27738,160694,181922
slide-independent,slide,SAM-H,FullFT,43,A,tonsil_s1,Melanocyte,True,run/sthelar40x_klt_5class_slideind_foldA_fullft_lr1e-5_e10_seed43/log/2026-08-25T015318_sthelar40x_klt_5class_slideind_foldA_fullft_lr1e-5_e10_seed43/inference_results.json,0,0,0,0,0,0,0,0,0
slide-independent,slide,SAM-H,FullFT,43,A,tonsil_s1,Other,True,run/sthelar40x_klt_5class_slideind_foldA_fullft_lr1e-5_e10_seed43/log/2026-08-25T015318_sthelar40x_klt_5class_slideind_foldA_fullft_lr1e-5_e10_seed43/inference_results.json,0.2121472432,0.2560282599,0.1811070672,18409,13022,20010,2456,38419,15478
slide-independent,slide,CellViT-256,Frozen,42,A,kidney_s1,Epithelial,False,run/sthelar40x_klt_5class_slideind_foldA_cellvit256_frozen_seed42/eval/frozen_class_agnostic_results.json,NA,NA,NA,NA,NA,NA,NA,NA,NA
slide-independent,slide,CellViT-256,Frozen,42,A,kidney_s1,Immune,False,run/sthelar40x_klt_5class_slideind_foldA_cellvit256_frozen_seed42/eval/frozen_class_agnostic_results.json,NA,NA,NA,NA,NA,NA,NA,NA,NA
slide-independent,slide,CellViT-256,Frozen,42,A,kidney_s1,Stromal,False,run/sthelar40x_klt_5class_slideind_foldA_cellvit256_frozen_seed42/eval/frozen_class_agnostic_results.json,NA,NA,NA,NA,NA,NA,NA,NA,NA
slide-independent,slide,CellViT-256,Frozen,42,A,kidney_s1,Melanocyte,False,run/sthelar40x_klt_5class_slideind_foldA_cellvit256_frozen_seed42/eval/frozen_class_agnostic_results.json,NA,NA,NA,NA,NA,NA,NA,NA,NA
slide-independent,slide,CellViT-256,Frozen,42,A,kidney_s1,Other,False,run/sthelar40x_klt_5class_slideind_foldA_cellvit256_frozen_seed42/eval/frozen_class_agnostic_results.json,NA,NA,NA,NA,NA,NA,NA,NA,NA
slide-independent,slide,CellViT-256,Frozen,42,A,liver_s1,Epithelial,False,run/sthelar40x_klt_5class_slideind_foldA_cellvit256_frozen_seed42/eval/frozen_class_agnostic_results.json,NA,NA,NA,NA,NA,NA,NA,NA,NA
slide-independent,slide,CellViT-256,Frozen,42,A,liver_s1,Immune,False,run/sthelar40x_klt_5class_slideind_foldA_cellvit256_frozen_seed42/eval/frozen_class_agnostic_results.json,NA,NA,NA,NA,NA,NA,NA,NA,NA
slide-independent,slide,CellViT-256,Frozen,42,A,liver_s1,Stromal,False,run/sthelar40x_klt_5class_slideind_foldA_cellvit256_frozen_seed42/eval/frozen_class_agnostic_results.json,NA,NA,NA,NA,NA,NA,NA,NA,NA
slide-independent,slide,CellViT-256,Frozen,42,A,liver_s1,Melanocyte,False,run/sthelar40x_klt_5class_slideind_foldA_cellvit256_frozen_seed42/eval/frozen_class_agnostic_results.json,NA,NA,NA,NA,NA,NA,NA,NA,NA
slide-independent,slide,CellViT-256,Frozen,42,A,liver_s1,Other,False,run/sthelar40x_klt_5class_slideind_foldA_cellvit256_frozen_seed42/eval/frozen_class_agnostic_results.json,NA,NA,NA,NA,NA,NA,NA,NA,NA
slide-independent,slide,CellViT-256,Frozen,42,A,tonsil_s1,Epithelial,False,run/sthelar40x_klt_5class_slideind_foldA_cellvit256_frozen_seed42/eval/frozen_class_agnostic_results.json,NA,NA,NA,NA,NA,NA,NA,NA,NA
slide-independent,slide,CellViT-256,Frozen,42,A,tonsil_s1,Immune,False,run/sthelar40x_klt_5class_slideind_foldA_cellvit256_frozen_seed42/eval/frozen_class_agnostic_results.json,NA,NA,NA,NA,NA,NA,NA,NA,NA
slide-independent,slide,CellViT-256,Frozen,42,A,tonsil_s1,Stromal,False,run/sthelar40x_klt_5class_slideind_foldA_cellvit256_frozen_seed42/eval/frozen_class_agnostic_results.json,NA,NA,NA,NA,NA,NA,NA,NA,NA
slide-independent,slide,CellViT-256,Frozen,42,A,tonsil_s1,Melanocyte,False,run/sthelar40x_klt_5class_slideind_foldA_cellvit256_frozen_seed42/eval/frozen_class_agnostic_results.json,NA,NA,NA,NA,NA,NA,NA,NA,NA
slide-independent,slide,CellViT-256,Frozen,42,A,tonsil_s1,Other,False,run/sthelar40x_klt_5class_slideind_foldA_cellvit256_frozen_seed42/eval/frozen_class_agnostic_results.json,NA,NA,NA,NA,NA,NA,NA,NA,NA
slide-independent,slide,CellViT-256,Selected PEFT,42,A,kidney_s1,Epithelial,True,run/sthelar40x_klt_5class_slideind_foldA_cellvit256_lora_adaptformer_r8_a8_red16_heads_e10_seed42/log/2026-08-25T114238_sthelar40x_klt_5class_slideind_foldA_cellvit256_lora_adaptformer_r8_a8_red16_heads_e10_seed42/inference_results.json,0.2234905824,0.163620508,0.3524577332,12776,27521,4805,5794,17581,33315
slide-independent,slide,CellViT-256,Selected PEFT,42,A,kidney_s1,Immune,True,run/sthelar40x_klt_5class_slideind_foldA_cellvit256_lora_adaptformer_r8_a8_red16_heads_e10_seed42/log/2026-08-25T114238_sthelar40x_klt_5class_slideind_foldA_cellvit256_lora_adaptformer_r8_a8_red16_heads_e10_seed42/inference_results.json,0.4561759246,0.8250516529,0.3152358397,50670,19360,7681,1656,58351,21016
slide-independent,slide,CellViT-256,Selected PEFT,42,A,kidney_s1,Stromal,True,run/sthelar40x_klt_5class_slideind_foldA_cellvit256_lora_adaptformer_r8_a8_red16_heads_e10_seed42/log/2026-08-25T114238_sthelar40x_klt_5class_slideind_foldA_cellvit256_lora_adaptformer_r8_a8_red16_heads_e10_seed42/inference_results.json,0.4048501302,0.3305277661,0.5222926922,21128,33386,5451,5679,26579,39065
slide-independent,slide,CellViT-256,Selected PEFT,42,A,kidney_s1,Melanocyte,True,run/sthelar40x_klt_5class_slideind_foldA_cellvit256_lora_adaptformer_r8_a8_red16_heads_e10_seed42/log/2026-08-25T114238_sthelar40x_klt_5class_slideind_foldA_cellvit256_lora_adaptformer_r8_a8_red16_heads_e10_seed42/inference_results.json,0,0,0,0,0,0,0,0,0
slide-independent,slide,CellViT-256,Selected PEFT,42,A,kidney_s1,Other,True,run/sthelar40x_klt_5class_slideind_foldA_cellvit256_lora_adaptformer_r8_a8_red16_heads_e10_seed42/log/2026-08-25T114238_sthelar40x_klt_5class_slideind_foldA_cellvit256_lora_adaptformer_r8_a8_red16_heads_e10_seed42/inference_results.json,0.0752704556,0.0454461822,0.2189716312,1128,5435,967,1168,2095,6603
slide-independent,slide,CellViT-256,Selected PEFT,42,A,liver_s1,Epithelial,True,run/sthelar40x_klt_5class_slideind_foldA_cellvit256_lora_adaptformer_r8_a8_red16_heads_e10_seed42/log/2026-08-25T114238_sthelar40x_klt_5class_slideind_foldA_cellvit256_lora_adaptformer_r8_a8_red16_heads_e10_seed42/inference_results.json,0.7632488989,0.8458941194,0.6953154567,142682,117283,32848,19252,175530,136535
slide-independent,slide,CellViT-256,Selected PEFT,42,A,liver_s1,Immune,True,run/sthelar40x_klt_5class_slideind_foldA_cellvit256_lora_adaptformer_r8_a8_red16_heads_e10_seed42/log/2026-08-25T114238_sthelar40x_klt_5class_slideind_foldA_cellvit256_lora_adaptformer_r8_a8_red16_heads_e10_seed42/inference_results.json,0.1171259581,0.2110898662,0.0810483427,54486,20920,11655,3071,66141,23991
slide-independent,slide,CellViT-256,Selected PEFT,42,A,liver_s1,Stromal,True,run/sthelar40x_klt_5class_slideind_foldA_cellvit256_lora_adaptformer_r8_a8_red16_heads_e10_seed42/log/2026-08-25T114238_sthelar40x_klt_5class_slideind_foldA_cellvit256_lora_adaptformer_r8_a8_red16_heads_e10_seed42/inference_results.json,0.5146982483,0.4024619335,0.7137428222,59733,105933,12857,15308,72590,121241
slide-independent,slide,CellViT-256,Selected PEFT,42,A,liver_s1,Melanocyte,True,run/sthelar40x_klt_5class_slideind_foldA_cellvit256_lora_adaptformer_r8_a8_red16_heads_e10_seed42/log/2026-08-25T114238_sthelar40x_klt_5class_slideind_foldA_cellvit256_lora_adaptformer_r8_a8_red16_heads_e10_seed42/inference_results.json,0,0,0,0,0,0,0,0,0
slide-independent,slide,CellViT-256,Selected PEFT,42,A,liver_s1,Other,True,run/sthelar40x_klt_5class_slideind_foldA_cellvit256_lora_adaptformer_r8_a8_red16_heads_e10_seed42/log/2026-08-25T114238_sthelar40x_klt_5class_slideind_foldA_cellvit256_lora_adaptformer_r8_a8_red16_heads_e10_seed42/inference_results.json,0.0211685618,0.0110662479,0.2430213465,609,13374,510,3723,1119,17097
slide-independent,slide,CellViT-256,Selected PEFT,42,A,tonsil_s1,Epithelial,True,run/sthelar40x_klt_5class_slideind_foldA_cellvit256_lora_adaptformer_r8_a8_red16_heads_e10_seed42/log/2026-08-25T114238_sthelar40x_klt_5class_slideind_foldA_cellvit256_lora_adaptformer_r8_a8_red16_heads_e10_seed42/inference_results.json,0.6043129217,0.5423888332,0.6821990253,65047,81814,17552,15291,82599,97105
slide-independent,slide,CellViT-256,Selected PEFT,42,A,tonsil_s1,Immune,True,run/sthelar40x_klt_5class_slideind_foldA_cellvit256_lora_adaptformer_r8_a8_red16_heads_e10_seed42/log/2026-08-25T114238_sthelar40x_klt_5class_slideind_foldA_cellvit256_lora_adaptformer_r8_a8_red16_heads_e10_seed42/inference_results.json,0.8178953708,0.8504860511,0.7877102627,423280,392037,96295,60756,519575,452793
slide-independent,slide,CellViT-256,Selected PEFT,42,A,tonsil_s1,Stromal,True,run/sthelar40x_klt_5class_slideind_foldA_cellvit256_lora_adaptformer_r8_a8_red16_heads_e10_seed42/log/2026-08-25T114238_sthelar40x_klt_5class_slideind_foldA_cellvit256_lora_adaptformer_r8_a8_red16_heads_e10_seed42/inference_results.json,0.4939693642,0.4467116446,0.5524088091,122737,151778,37792,32957,160529,184735
slide-independent,slide,CellViT-256,Selected PEFT,42,A,tonsil_s1,Melanocyte,True,run/sthelar40x_klt_5class_slideind_foldA_cellvit256_lora_adaptformer_r8_a8_red16_heads_e10_seed42/log/2026-08-25T114238_sthelar40x_klt_5class_slideind_foldA_cellvit256_lora_adaptformer_r8_a8_red16_heads_e10_seed42/inference_results.json,0,0,0,0,0,0,0,0,0
slide-independent,slide,CellViT-256,Selected PEFT,42,A,tonsil_s1,Other,True,run/sthelar40x_klt_5class_slideind_foldA_cellvit256_lora_adaptformer_r8_a8_red16_heads_e10_seed42/log/2026-08-25T114238_sthelar40x_klt_5class_slideind_foldA_cellvit256_lora_adaptformer_r8_a8_red16_heads_e10_seed42/inference_results.json,0.1443313297,0.2922059651,0.0958335256,21673,7108,16716,1573,38389,8681
slide-independent,slide,CellViT-256,FullFT,42,A,kidney_s1,Epithelial,True,run/sthelar40x_klt_5class_slideind_foldA_cellvit256_fullft_lr1e-5_e10_seed42/log/2026-08-24T115109_sthelar40x_klt_5class_slideind_foldA_cellvit256_fullft_lr1e-5_e10_seed42/inference_results.json,0.2265259148,0.2311305475,0.2221011673,12850,12348,4736,1942,17586,14290
slide-independent,slide,CellViT-256,FullFT,42,A,kidney_s1,Immune,True,run/sthelar40x_klt_5class_slideind_foldA_cellvit256_fullft_lr1e-5_e10_seed42/log/2026-08-24T115109_sthelar40x_klt_5class_slideind_foldA_cellvit256_fullft_lr1e-5_e10_seed42/inference_results.json,0.3939367104,0.8404710921,0.2572579712,51874,15878,6527,980,58401,16858
slide-independent,slide,CellViT-256,FullFT,42,A,kidney_s1,Stromal,True,run/sthelar40x_klt_5class_slideind_foldA_cellvit256_fullft_lr1e-5_e10_seed42/log/2026-08-24T115109_sthelar40x_klt_5class_slideind_foldA_cellvit256_fullft_lr1e-5_e10_seed42/inference_results.json,0.440361675,0.3042910515,0.7965626929,21063,55138,5563,6535,26626,61673
slide-independent,slide,CellViT-256,FullFT,42,A,kidney_s1,Melanocyte,True,run/sthelar40x_klt_5class_slideind_foldA_cellvit256_fullft_lr1e-5_e10_seed42/log/2026-08-24T115109_sthelar40x_klt_5class_slideind_foldA_cellvit256_fullft_lr1e-5_e10_seed42/inference_results.json,0,0,0,0,0,0,0,0,0
slide-independent,slide,CellViT-256,FullFT,42,A,kidney_s1,Other,True,run/sthelar40x_klt_5class_slideind_foldA_cellvit256_fullft_lr1e-5_e10_seed42/log/2026-08-24T115109_sthelar40x_klt_5class_slideind_foldA_cellvit256_fullft_lr1e-5_e10_seed42/inference_results.json,0.139944194,0.0920643886,0.2915921288,1118,3541,984,706,2102,4247
slide-independent,slide,CellViT-256,FullFT,42,A,liver_s1,Epithelial,True,run/sthelar40x_klt_5class_slideind_foldA_cellvit256_fullft_lr1e-5_e10_seed42/log/2026-08-24T115109_sthelar40x_klt_5class_slideind_foldA_cellvit256_fullft_lr1e-5_e10_seed42/inference_results.json,0.5391047386,0.8602249985,0.3925620978,144530,65956,30966,7994,175496,73950
slide-independent,slide,CellViT-256,FullFT,42,A,liver_s1,Immune,True,run/sthelar40x_klt_5class_slideind_foldA_cellvit256_fullft_lr1e-5_e10_seed42/log/2026-08-24T115109_sthelar40x_klt_5class_slideind_foldA_cellvit256_fullft_lr1e-5_e10_seed42/inference_results.json,0.0769529362,0.068923924,0.0870992038,55764,70469,10392,10086,66156,80555
slide-independent,slide,CellViT-256,FullFT,42,A,liver_s1,Stromal,True,run/sthelar40x_klt_5class_slideind_foldA_cellvit256_fullft_lr1e-5_e10_seed42/log/2026-08-24T115109_sthelar40x_klt_5class_slideind_foldA_cellvit256_fullft_lr1e-5_e10_seed42/inference_results.json,0.5614942465,0.4213049909,0.8415051122,60248,120338,12367,12840,72615,133178
slide-independent,slide,CellViT-256,FullFT,42,A,liver_s1,Melanocyte,True,run/sthelar40x_klt_5class_slideind_foldA_cellvit256_fullft_lr1e-5_e10_seed42/log/2026-08-24T115109_sthelar40x_klt_5class_slideind_foldA_cellvit256_fullft_lr1e-5_e10_seed42/inference_results.json,0,0,0,0,0,0,0,0,0
slide-independent,slide,CellViT-256,FullFT,42,A,liver_s1,Other,True,run/sthelar40x_klt_5class_slideind_foldA_cellvit256_fullft_lr1e-5_e10_seed42/log/2026-08-24T115109_sthelar40x_klt_5class_slideind_foldA_cellvit256_fullft_lr1e-5_e10_seed42/inference_results.json,0.0386395653,0.0219478738,0.1613445378,595,4374,529,1002,1124,5376
slide-independent,slide,CellViT-256,FullFT,42,A,tonsil_s1,Epithelial,True,run/sthelar40x_klt_5class_slideind_foldA_cellvit256_fullft_lr1e-5_e10_seed42/log/2026-08-24T115109_sthelar40x_klt_5class_slideind_foldA_cellvit256_fullft_lr1e-5_e10_seed42/inference_results.json,0.6402472367,0.5262769815,0.8172250455,63756,99003,19020,15178,82776,114181
slide-independent,slide,CellViT-256,FullFT,42,A,tonsil_s1,Immune,True,run/sthelar40x_klt_5class_slideind_foldA_cellvit256_fullft_lr1e-5_e10_seed42/log/2026-08-24T115109_sthelar40x_klt_5class_slideind_foldA_cellvit256_fullft_lr1e-5_e10_seed42/inference_results.json,0.8353088867,0.8486245526,0.8224046343,426385,413211,93287,58113,519672,471324
slide-independent,slide,CellViT-256,FullFT,42,A,tonsil_s1,Stromal,True,run/sthelar40x_klt_5class_slideind_foldA_cellvit256_fullft_lr1e-5_e10_seed42/log/2026-08-24T115109_sthelar40x_klt_5class_slideind_foldA_cellvit256_fullft_lr1e-5_e10_seed42/inference_results.json,0.5036205805,0.5193711097,0.4887972393,118810,111816,41741,17723,160551,129539
slide-independent,slide,CellViT-256,FullFT,42,A,tonsil_s1,Melanocyte,True,run/sthelar40x_klt_5class_slideind_foldA_cellvit256_fullft_lr1e-5_e10_seed42/log/2026-08-24T115109_sthelar40x_klt_5class_slideind_foldA_cellvit256_fullft_lr1e-5_e10_seed42/inference_results.json,0,0,0,0,0,0,0,0,0
slide-independent,slide,CellViT-256,FullFT,42,A,tonsil_s1,Other,True,run/sthelar40x_klt_5class_slideind_foldA_cellvit256_fullft_lr1e-5_e10_seed42/log/2026-08-24T115109_sthelar40x_klt_5class_slideind_foldA_cellvit256_fullft_lr1e-5_e10_seed42/inference_results.json,0.0763466278,0.3159866778,0.0434185687,17481,2402,20944,443,38425,2845
slide-independent,slide,SAM-H,Frozen,42,B,kidney_s0,Epithelial,False,run/sthelar40x_klt_5class_slideind_foldB_frozen_seed42/eval/frozen_class_agnostic_results.json,NA,NA,NA,NA,NA,NA,NA,NA,NA
slide-independent,slide,SAM-H,Frozen,42,B,kidney_s0,Immune,False,run/sthelar40x_klt_5class_slideind_foldB_frozen_seed42/eval/frozen_class_agnostic_results.json,NA,NA,NA,NA,NA,NA,NA,NA,NA
slide-independent,slide,SAM-H,Frozen,42,B,kidney_s0,Stromal,False,run/sthelar40x_klt_5class_slideind_foldB_frozen_seed42/eval/frozen_class_agnostic_results.json,NA,NA,NA,NA,NA,NA,NA,NA,NA
slide-independent,slide,SAM-H,Frozen,42,B,kidney_s0,Melanocyte,False,run/sthelar40x_klt_5class_slideind_foldB_frozen_seed42/eval/frozen_class_agnostic_results.json,NA,NA,NA,NA,NA,NA,NA,NA,NA
slide-independent,slide,SAM-H,Frozen,42,B,kidney_s0,Other,False,run/sthelar40x_klt_5class_slideind_foldB_frozen_seed42/eval/frozen_class_agnostic_results.json,NA,NA,NA,NA,NA,NA,NA,NA,NA
slide-independent,slide,SAM-H,Frozen,42,B,liver_s0,Epithelial,False,run/sthelar40x_klt_5class_slideind_foldB_frozen_seed42/eval/frozen_class_agnostic_results.json,NA,NA,NA,NA,NA,NA,NA,NA,NA
slide-independent,slide,SAM-H,Frozen,42,B,liver_s0,Immune,False,run/sthelar40x_klt_5class_slideind_foldB_frozen_seed42/eval/frozen_class_agnostic_results.json,NA,NA,NA,NA,NA,NA,NA,NA,NA
slide-independent,slide,SAM-H,Frozen,42,B,liver_s0,Stromal,False,run/sthelar40x_klt_5class_slideind_foldB_frozen_seed42/eval/frozen_class_agnostic_results.json,NA,NA,NA,NA,NA,NA,NA,NA,NA
slide-independent,slide,SAM-H,Frozen,42,B,liver_s0,Melanocyte,False,run/sthelar40x_klt_5class_slideind_foldB_frozen_seed42/eval/frozen_class_agnostic_results.json,NA,NA,NA,NA,NA,NA,NA,NA,NA
slide-independent,slide,SAM-H,Frozen,42,B,liver_s0,Other,False,run/sthelar40x_klt_5class_slideind_foldB_frozen_seed42/eval/frozen_class_agnostic_results.json,NA,NA,NA,NA,NA,NA,NA,NA,NA
slide-independent,slide,SAM-H,Frozen,42,B,tonsil_s0,Epithelial,False,run/sthelar40x_klt_5class_slideind_foldB_frozen_seed42/eval/frozen_class_agnostic_results.json,NA,NA,NA,NA,NA,NA,NA,NA,NA
slide-independent,slide,SAM-H,Frozen,42,B,tonsil_s0,Immune,False,run/sthelar40x_klt_5class_slideind_foldB_frozen_seed42/eval/frozen_class_agnostic_results.json,NA,NA,NA,NA,NA,NA,NA,NA,NA
slide-independent,slide,SAM-H,Frozen,42,B,tonsil_s0,Stromal,False,run/sthelar40x_klt_5class_slideind_foldB_frozen_seed42/eval/frozen_class_agnostic_results.json,NA,NA,NA,NA,NA,NA,NA,NA,NA
slide-independent,slide,SAM-H,Frozen,42,B,tonsil_s0,Melanocyte,False,run/sthelar40x_klt_5class_slideind_foldB_frozen_seed42/eval/frozen_class_agnostic_results.json,NA,NA,NA,NA,NA,NA,NA,NA,NA
slide-independent,slide,SAM-H,Frozen,42,B,tonsil_s0,Other,False,run/sthelar40x_klt_5class_slideind_foldB_frozen_seed42/eval/frozen_class_agnostic_results.json,NA,NA,NA,NA,NA,NA,NA,NA,NA
slide-independent,slide,SAM-H,Selected PEFT,42,B,kidney_s0,Epithelial,True,run/sthelar40x_klt_5class_slideind_foldB_lora_adaptformer_r8_a8_red16_heads_e10_seed42/log/2026-08-20T112527_sthelar40x_klt_5class_slideind_foldB_lora_adaptformer_r8_a8_red16_heads_e10_seed42/inference_results.json,0.6359620939,0.8815091226,0.4974076817,94510,53329,12320,2129,106830,55458
slide-independent,slide,SAM-H,Selected PEFT,42,B,kidney_s0,Immune,True,run/sthelar40x_klt_5class_slideind_foldB_lora_adaptformer_r8_a8_red16_heads_e10_seed42/log/2026-08-20T112527_sthelar40x_klt_5class_slideind_foldB_lora_adaptformer_r8_a8_red16_heads_e10_seed42/inference_results.json,0.2763746711,0.2031452934,0.4321580876,16649,35418,3085,2188,19734,37606
slide-independent,slide,SAM-H,Selected PEFT,42,B,kidney_s0,Stromal,True,run/sthelar40x_klt_5class_slideind_foldB_lora_adaptformer_r8_a8_red16_heads_e10_seed42/log/2026-08-20T112527_sthelar40x_klt_5class_slideind_foldB_lora_adaptformer_r8_a8_red16_heads_e10_seed42/inference_results.json,0.5022720727,0.4059303513,0.6585754747,47665,77331,7454,5494,55119,82825
slide-independent,slide,SAM-H,Selected PEFT,42,B,kidney_s0,Melanocyte,True,run/sthelar40x_klt_5class_slideind_foldB_lora_adaptformer_r8_a8_red16_heads_e10_seed42/log/2026-08-20T112527_sthelar40x_klt_5class_slideind_foldB_lora_adaptformer_r8_a8_red16_heads_e10_seed42/inference_results.json,0,0,0,0,0,0,0,0,0
slide-independent,slide,SAM-H,Selected PEFT,42,B,kidney_s0,Other,True,run/sthelar40x_klt_5class_slideind_foldB_lora_adaptformer_r8_a8_red16_heads_e10_seed42/log/2026-08-20T112527_sthelar40x_klt_5class_slideind_foldB_lora_adaptformer_r8_a8_red16_heads_e10_seed42/inference_results.json,0.000275558,0.5,0.000137817,7256,2,2662,0,9918,2
slide-independent,slide,SAM-H,Selected PEFT,42,B,liver_s0,Epithelial,True,run/sthelar40x_klt_5class_slideind_foldB_lora_adaptformer_r8_a8_red16_heads_e10_seed42/log/2026-08-20T112527_sthelar40x_klt_5class_slideind_foldB_lora_adaptformer_r8_a8_red16_heads_e10_seed42/inference_results.json,0.7725391448,0.6461618124,0.9603697555,115644,171878,14398,8820,130042,180698
slide-independent,slide,SAM-H,Selected PEFT,42,B,liver_s0,Immune,True,run/sthelar40x_klt_5class_slideind_foldB_lora_adaptformer_r8_a8_red16_heads_e10_seed42/log/2026-08-20T112527_sthelar40x_klt_5class_slideind_foldB_lora_adaptformer_r8_a8_red16_heads_e10_seed42/inference_results.json,0.0777254802,0.4680796731,0.0423815029,43250,3916,7401,444,50651,4360
slide-independent,slide,SAM-H,Selected PEFT,42,B,liver_s0,Stromal,True,run/sthelar40x_klt_5class_slideind_foldB_lora_adaptformer_r8_a8_red16_heads_e10_seed42/log/2026-08-20T112527_sthelar40x_klt_5class_slideind_foldB_lora_adaptformer_r8_a8_red16_heads_e10_seed42/inference_results.json,0.3983276451,0.5428877105,0.3145652525,37102,21498,9254,3142,46356,24640
slide-independent,slide,SAM-H,Selected PEFT,42,B,liver_s0,Melanocyte,True,run/sthelar40x_klt_5class_slideind_foldB_lora_adaptformer_r8_a8_red16_heads_e10_seed42/log/2026-08-20T112527_sthelar40x_klt_5class_slideind_foldB_lora_adaptformer_r8_a8_red16_heads_e10_seed42/inference_results.json,0,0,0,0,0,0,0,0,0
slide-independent,slide,SAM-H,Selected PEFT,42,B,liver_s0,Other,True,run/sthelar40x_klt_5class_slideind_foldB_lora_adaptformer_r8_a8_red16_heads_e10_seed42/log/2026-08-20T112527_sthelar40x_klt_5class_slideind_foldB_lora_adaptformer_r8_a8_red16_heads_e10_seed42/inference_results.json,0,0,0,1299,3,1270,5,2569,8
slide-independent,slide,SAM-H,Selected PEFT,42,B,tonsil_s0,Epithelial,True,run/sthelar40x_klt_5class_slideind_foldB_lora_adaptformer_r8_a8_red16_heads_e10_seed42/log/2026-08-20T112527_sthelar40x_klt_5class_slideind_foldB_lora_adaptformer_r8_a8_red16_heads_e10_seed42/inference_results.json,0.6232889029,0.9055713399,0.4751700739,116714,61242,23801,8839,140515,70081
slide-independent,slide,SAM-H,Selected PEFT,42,B,tonsil_s0,Immune,True,run/sthelar40x_klt_5class_slideind_foldB_lora_adaptformer_r8_a8_red16_heads_e10_seed42/log/2026-08-20T112527_sthelar40x_klt_5class_slideind_foldB_lora_adaptformer_r8_a8_red16_heads_e10_seed42/inference_results.json,0.8662313518,0.7818500799,0.9710298781,664098,824786,131760,121847,795858,946633
slide-independent,slide,SAM-H,Selected PEFT,42,B,tonsil_s0,Stromal,True,run/sthelar40x_klt_5class_slideind_foldB_lora_adaptformer_r8_a8_red16_heads_e10_seed42/log/2026-08-20T112527_sthelar40x_klt_5class_slideind_foldB_lora_adaptformer_r8_a8_red16_heads_e10_seed42/inference_results.json,0.3264728062,0.5975827358,0.224584045,158070,59406,33066,11299,191136,70705
slide-independent,slide,SAM-H,Selected PEFT,42,B,tonsil_s0,Melanocyte,True,run/sthelar40x_klt_5class_slideind_foldB_lora_adaptformer_r8_a8_red16_heads_e10_seed42/log/2026-08-20T112527_sthelar40x_klt_5class_slideind_foldB_lora_adaptformer_r8_a8_red16_heads_e10_seed42/inference_results.json,0,0,0,0,0,0,0,0,0
slide-independent,slide,SAM-H,Selected PEFT,42,B,tonsil_s0,Other,True,run/sthelar40x_klt_5class_slideind_foldB_lora_adaptformer_r8_a8_red16_heads_e10_seed42/log/2026-08-20T112527_sthelar40x_klt_5class_slideind_foldB_lora_adaptformer_r8_a8_red16_heads_e10_seed42/inference_results.json,0,0,0,6556,4,4580,7,11136,11
slide-independent,slide,SAM-H,Selected PEFT,43,B,kidney_s0,Epithelial,True,run/sthelar40x_klt_5class_slideind_foldB_lora_adaptformer_r8_a8_red16_heads_e10_seed43/log/2026-08-24T122637_sthelar40x_klt_5class_slideind_foldB_lora_adaptformer_r8_a8_red16_heads_e10_seed43/inference_results.json,0.7049000051,0.896620149,0.5807260392,94926,61482,11831,2183,106757,63665
slide-independent,slide,SAM-H,Selected PEFT,43,B,kidney_s0,Immune,True,run/sthelar40x_klt_5class_slideind_foldB_lora_adaptformer_r8_a8_red16_heads_e10_seed43/log/2026-08-24T122637_sthelar40x_klt_5class_slideind_foldB_lora_adaptformer_r8_a8_red16_heads_e10_seed43/inference_results.json,0.3020056705,0.2320028395,0.4325072185,16624,30991,3103,1455,19727,32446
slide-independent,slide,SAM-H,Selected PEFT,43,B,kidney_s0,Stromal,True,run/sthelar40x_klt_5class_slideind_foldB_lora_adaptformer_r8_a8_red16_heads_e10_seed43/log/2026-08-24T122637_sthelar40x_klt_5class_slideind_foldB_lora_adaptformer_r8_a8_red16_heads_e10_seed43/inference_results.json,0.5180790218,0.4265378474,0.6596492697,47786,73902,7307,5586,55093,79488
slide-independent,slide,SAM-H,Selected PEFT,43,B,kidney_s0,Melanocyte,True,run/sthelar40x_klt_5class_slideind_foldB_lora_adaptformer_r8_a8_red16_heads_e10_seed43/log/2026-08-24T122637_sthelar40x_klt_5class_slideind_foldB_lora_adaptformer_r8_a8_red16_heads_e10_seed43/inference_results.json,0,0,0,0,0,0,0,0,0
slide-independent,slide,SAM-H,Selected PEFT,43,B,kidney_s0,Other,True,run/sthelar40x_klt_5class_slideind_foldB_lora_adaptformer_r8_a8_red16_heads_e10_seed43/log/2026-08-24T122637_sthelar40x_klt_5class_slideind_foldB_lora_adaptformer_r8_a8_red16_heads_e10_seed43/inference_results.json,0.0167843346,0.2692307692,0.0086621752,7273,234,2615,111,9888,345
slide-independent,slide,SAM-H,Selected PEFT,43,B,liver_s0,Epithelial,True,run/sthelar40x_klt_5class_slideind_foldB_lora_adaptformer_r8_a8_red16_heads_e10_seed43/log/2026-08-24T122637_sthelar40x_klt_5class_slideind_foldB_lora_adaptformer_r8_a8_red16_heads_e10_seed43/inference_results.json,0.779518039,0.6480216871,0.9779667334,115371,174113,14661,6055,130032,180168
slide-independent,slide,SAM-H,Selected PEFT,43,B,liver_s0,Immune,True,run/sthelar40x_klt_5class_slideind_foldB_lora_adaptformer_r8_a8_red16_heads_e10_seed43/log/2026-08-24T122637_sthelar40x_klt_5class_slideind_foldB_lora_adaptformer_r8_a8_red16_heads_e10_seed43/inference_results.json,0.0687655344,0.5658414065,0.0366071636,43079,2787,7577,279,50656,3066
slide-independent,slide,SAM-H,Selected PEFT,43,B,liver_s0,Stromal,True,run/sthelar40x_klt_5class_slideind_foldB_lora_adaptformer_r8_a8_red16_heads_e10_seed43/log/2026-08-24T122637_sthelar40x_klt_5class_slideind_foldB_lora_adaptformer_r8_a8_red16_heads_e10_seed43/inference_results.json,0.372638717,0.5484501241,0.2821822529,36806,18937,9547,2446,46353,21383
slide-independent,slide,SAM-H,Selected PEFT,43,B,liver_s0,Melanocyte,True,run/sthelar40x_klt_5class_slideind_foldB_lora_adaptformer_r8_a8_red16_heads_e10_seed43/log/2026-08-24T122637_sthelar40x_klt_5class_slideind_foldB_lora_adaptformer_r8_a8_red16_heads_e10_seed43/inference_results.json,0,0,0,0,0,0,0,0,0
slide-independent,slide,SAM-H,Selected PEFT,43,B,liver_s0,Other,True,run/sthelar40x_klt_5class_slideind_foldB_lora_adaptformer_r8_a8_red16_heads_e10_seed43/log/2026-08-24T122637_sthelar40x_klt_5class_slideind_foldB_lora_adaptformer_r8_a8_red16_heads_e10_seed43/inference_results.json,0.063840921,0.0917293233,0.0489566613,1246,665,1318,198,2564,863
slide-independent,slide,SAM-H,Selected PEFT,43,B,tonsil_s0,Epithelial,True,run/sthelar40x_klt_5class_slideind_foldB_lora_adaptformer_r8_a8_red16_heads_e10_seed43/log/2026-08-24T122637_sthelar40x_klt_5class_slideind_foldB_lora_adaptformer_r8_a8_red16_heads_e10_seed43/inference_results.json,0.6455418714,0.8995333558,0.5034017696,116410,65146,24056,8261,140466,73407
slide-independent,slide,SAM-H,Selected PEFT,43,B,tonsil_s0,Immune,True,run/sthelar40x_klt_5class_slideind_foldB_lora_adaptformer_r8_a8_red16_heads_e10_seed43/log/2026-08-24T122637_sthelar40x_klt_5class_slideind_foldB_lora_adaptformer_r8_a8_red16_heads_e10_seed43/inference_results.json,0.8643376687,0.7932689228,0.9493935799,665133,796039,130725,111863,795858,907902
slide-independent,slide,SAM-H,Selected PEFT,43,B,tonsil_s0,Stromal,True,run/sthelar40x_klt_5class_slideind_foldB_lora_adaptformer_r8_a8_red16_heads_e10_seed43/log/2026-08-24T122637_sthelar40x_klt_5class_slideind_foldB_lora_adaptformer_r8_a8_red16_heads_e10_seed43/inference_results.json,0.3798727112,0.5449409651,0.2915570619,158144,84611,32983,15157,191127,99768
slide-independent,slide,SAM-H,Selected PEFT,43,B,tonsil_s0,Melanocyte,True,run/sthelar40x_klt_5class_slideind_foldB_lora_adaptformer_r8_a8_red16_heads_e10_seed43/log/2026-08-24T122637_sthelar40x_klt_5class_slideind_foldB_lora_adaptformer_r8_a8_red16_heads_e10_seed43/inference_results.json,0,0,0,0,0,0,0,0,0
slide-independent,slide,SAM-H,Selected PEFT,43,B,tonsil_s0,Other,True,run/sthelar40x_klt_5class_slideind_foldB_lora_adaptformer_r8_a8_red16_heads_e10_seed43/log/2026-08-24T122637_sthelar40x_klt_5class_slideind_foldB_lora_adaptformer_r8_a8_red16_heads_e10_seed43/inference_results.json,0.0089699507,0.1034482759,0.0046882325,6399,290,4731,141,11130,431
slide-independent,slide,SAM-H,NT-header1,42,B,kidney_s0,Epithelial,True,run/sthelar40x_klt_5class_slideind_foldB_lora_adaptformer_r8_a8_red16_nt_header1_np_hv_heads_e10_seed42/log/2026-08-20T114259_sthelar40x_klt_5class_slideind_foldB_lora_adaptformer_r8_a8_red16_nt_header1_np_hv_heads_e10_seed42/inference_results.json,0.7014409222,0.8627082338,0.5909700303,94729,64891,12078,2315,106807,67206
slide-independent,slide,SAM-H,NT-header1,42,B,kidney_s0,Immune,True,run/sthelar40x_klt_5class_slideind_foldB_lora_adaptformer_r8_a8_red16_nt_header1_np_hv_heads_e10_seed42/log/2026-08-20T114259_sthelar40x_klt_5class_slideind_foldB_lora_adaptformer_r8_a8_red16_nt_header1_np_hv_heads_e10_seed42/inference_results.json,0.2469297222,0.2014245991,0.3189961996,16577,26253,3153,1029,19730,27282
slide-independent,slide,SAM-H,NT-header1,42,B,kidney_s0,Stromal,True,run/sthelar40x_klt_5class_slideind_foldB_lora_adaptformer_r8_a8_red16_nt_header1_np_hv_heads_e10_seed42/log/2026-08-20T114259_sthelar40x_klt_5class_slideind_foldB_lora_adaptformer_r8_a8_red16_nt_header1_np_hv_heads_e10_seed42/inference_results.json,0.5219842739,0.4376290348,0.6466244504,47533,70233,7581,5573,55114,75806
slide-independent,slide,SAM-H,NT-header1,42,B,kidney_s0,Melanocyte,True,run/sthelar40x_klt_5class_slideind_foldB_lora_adaptformer_r8_a8_red16_nt_header1_np_hv_heads_e10_seed42/log/2026-08-20T114259_sthelar40x_klt_5class_slideind_foldB_lora_adaptformer_r8_a8_red16_nt_header1_np_hv_heads_e10_seed42/inference_results.json,0,0,0,0,0,0,0,0,0
slide-independent,slide,SAM-H,NT-header1,42,B,kidney_s0,Other,True,run/sthelar40x_klt_5class_slideind_foldB_lora_adaptformer_r8_a8_red16_nt_header1_np_hv_heads_e10_seed42/log/2026-08-20T114259_sthelar40x_klt_5class_slideind_foldB_lora_adaptformer_r8_a8_red16_nt_header1_np_hv_heads_e10_seed42/inference_results.json,0.1886761307,0.2386719566,0.1559983622,7327,4789,2579,1145,9906,5934
slide-independent,slide,SAM-H,NT-header1,42,B,liver_s0,Epithelial,True,run/sthelar40x_klt_5class_slideind_foldB_lora_adaptformer_r8_a8_red16_nt_header1_np_hv_heads_e10_seed42/log/2026-08-20T114259_sthelar40x_klt_5class_slideind_foldB_lora_adaptformer_r8_a8_red16_nt_header1_np_hv_heads_e10_seed42/inference_results.json,0.7802943576,0.6472812674,0.9821138913,115900,175854,14152,8460,130052,184314
slide-independent,slide,SAM-H,NT-header1,42,B,liver_s0,Immune,True,run/sthelar40x_klt_5class_slideind_foldB_lora_adaptformer_r8_a8_red16_nt_header1_np_hv_heads_e10_seed42/log/2026-08-20T114259_sthelar40x_klt_5class_slideind_foldB_lora_adaptformer_r8_a8_red16_nt_header1_np_hv_heads_e10_seed42/inference_results.json,0.1050389743,0.664869237,0.0570239334,43245,3709,7414,232,50659,3941
slide-independent,slide,SAM-H,NT-header1,42,B,liver_s0,Stromal,True,run/sthelar40x_klt_5class_slideind_foldB_lora_adaptformer_r8_a8_red16_nt_header1_np_hv_heads_e10_seed42/log/2026-08-20T114259_sthelar40x_klt_5class_slideind_foldB_lora_adaptformer_r8_a8_red16_nt_header1_np_hv_heads_e10_seed42/inference_results.json,0.3712894071,0.6454860648,0.2605921938,37150,14998,9202,1994,46352,16992
slide-independent,slide,SAM-H,NT-header1,42,B,liver_s0,Melanocyte,True,run/sthelar40x_klt_5class_slideind_foldB_lora_adaptformer_r8_a8_red16_nt_header1_np_hv_heads_e10_seed42/log/2026-08-20T114259_sthelar40x_klt_5class_slideind_foldB_lora_adaptformer_r8_a8_red16_nt_header1_np_hv_heads_e10_seed42/inference_results.json,0,0,0,0,0,0,0,0,0
slide-independent,slide,SAM-H,NT-header1,42,B,liver_s0,Other,True,run/sthelar40x_klt_5class_slideind_foldB_lora_adaptformer_r8_a8_red16_nt_header1_np_hv_heads_e10_seed42/log/2026-08-20T114259_sthelar40x_klt_5class_slideind_foldB_lora_adaptformer_r8_a8_red16_nt_header1_np_hv_heads_e10_seed42/inference_results.json,0.1947818264,0.1401294498,0.3193215339,1356,3090,1209,869,2565,3959
slide-independent,slide,SAM-H,NT-header1,42,B,tonsil_s0,Epithelial,True,run/sthelar40x_klt_5class_slideind_foldB_lora_adaptformer_r8_a8_red16_nt_header1_np_hv_heads_e10_seed42/log/2026-08-20T114259_sthelar40x_klt_5class_slideind_foldB_lora_adaptformer_r8_a8_red16_nt_header1_np_hv_heads_e10_seed42/inference_results.json,0.600296214,0.9229017682,0.4448102612,116634,56214,23612,8225,140246,64439
slide-independent,slide,SAM-H,NT-header1,42,B,tonsil_s0,Immune,True,run/sthelar40x_klt_5class_slideind_foldB_lora_adaptformer_r8_a8_red16_nt_header1_np_hv_heads_e10_seed42/log/2026-08-20T114259_sthelar40x_klt_5class_slideind_foldB_lora_adaptformer_r8_a8_red16_nt_header1_np_hv_heads_e10_seed42/inference_results.json,0.8631338152,0.7962864254,0.9422332873,661142,782319,134651,125998,795793,908317
slide-independent,slide,SAM-H,NT-header1,42,B,tonsil_s0,Stromal,True,run/sthelar40x_klt_5class_slideind_foldB_lora_adaptformer_r8_a8_red16_nt_header1_np_hv_heads_e10_seed42/log/2026-08-20T114259_sthelar40x_klt_5class_slideind_foldB_lora_adaptformer_r8_a8_red16_nt_header1_np_hv_heads_e10_seed42/inference_results.json,0.4081004531,0.5287199677,0.3322928364,157617,99060,33511,21134,191128,120194
slide-independent,slide,SAM-H,NT-header1,42,B,tonsil_s0,Melanocyte,True,run/sthelar40x_klt_5class_slideind_foldB_lora_adaptformer_r8_a8_red16_nt_header1_np_hv_heads_e10_seed42/log/2026-08-20T114259_sthelar40x_klt_5class_slideind_foldB_lora_adaptformer_r8_a8_red16_nt_header1_np_hv_heads_e10_seed42/inference_results.json,0,0,0,0,0,0,0,0,0
slide-independent,slide,SAM-H,NT-header1,42,B,tonsil_s0,Other,True,run/sthelar40x_klt_5class_slideind_foldB_lora_adaptformer_r8_a8_red16_nt_header1_np_hv_heads_e10_seed42/log/2026-08-20T114259_sthelar40x_klt_5class_slideind_foldB_lora_adaptformer_r8_a8_red16_nt_header1_np_hv_heads_e10_seed42/inference_results.json,0.1432072829,0.1773633998,0.1200822079,6812,4612,4311,1943,11123,6555
slide-independent,slide,SAM-H,NT-header1,43,B,kidney_s0,Epithelial,True,run/sthelar40x_klt_5class_slideind_foldB_lora_adaptformer_r8_a8_red16_nt_header1_np_hv_heads_e10_seed43/log/2026-08-24T183826_sthelar40x_klt_5class_slideind_foldB_lora_adaptformer_r8_a8_red16_nt_header1_np_hv_heads_e10_seed43/inference_results.json,0.6748251288,0.8848738189,0.5453674428,93933,57893,12693,1940,106626,59833
slide-independent,slide,SAM-H,NT-header1,43,B,kidney_s0,Immune,True,run/sthelar40x_klt_5class_slideind_foldB_lora_adaptformer_r8_a8_red16_nt_header1_np_hv_heads_e10_seed43/log/2026-08-24T183826_sthelar40x_klt_5class_slideind_foldB_lora_adaptformer_r8_a8_red16_nt_header1_np_hv_heads_e10_seed43/inference_results.json,0.2711991435,0.1919230186,0.4620576432,16446,39594,3281,1588,19727,41182
slide-independent,slide,SAM-H,NT-header1,43,B,kidney_s0,Stromal,True,run/sthelar40x_klt_5class_slideind_foldB_lora_adaptformer_r8_a8_red16_nt_header1_np_hv_heads_e10_seed43/log/2026-08-24T183826_sthelar40x_klt_5class_slideind_foldB_lora_adaptformer_r8_a8_red16_nt_header1_np_hv_heads_e10_seed43/inference_results.json,0.4546568393,0.4163569425,0.5007168459,47430,57040,7655,3986,55085,61026
slide-independent,slide,SAM-H,NT-header1,43,B,kidney_s0,Melanocyte,True,run/sthelar40x_klt_5class_slideind_foldB_lora_adaptformer_r8_a8_red16_nt_header1_np_hv_heads_e10_seed43/log/2026-08-24T183826_sthelar40x_klt_5class_slideind_foldB_lora_adaptformer_r8_a8_red16_nt_header1_np_hv_heads_e10_seed43/inference_results.json,0,0,0,0,0,0,0,0,0
slide-independent,slide,SAM-H,NT-header1,43,B,kidney_s0,Other,True,run/sthelar40x_klt_5class_slideind_foldB_lora_adaptformer_r8_a8_red16_nt_header1_np_hv_heads_e10_seed43/log/2026-08-24T183826_sthelar40x_klt_5class_slideind_foldB_lora_adaptformer_r8_a8_red16_nt_header1_np_hv_heads_e10_seed43/inference_results.json,0.2619265008,0.2206094396,0.3222861958,7121,10403,2775,1666,9896,12069
slide-independent,slide,SAM-H,NT-header1,43,B,liver_s0,Epithelial,True,run/sthelar40x_klt_5class_slideind_foldB_lora_adaptformer_r8_a8_red16_nt_header1_np_hv_heads_e10_seed43/log/2026-08-24T183826_sthelar40x_klt_5class_slideind_foldB_lora_adaptformer_r8_a8_red16_nt_header1_np_hv_heads_e10_seed43/inference_results.json,0.7988389366,0.6777770996,0.9725523511,114181,163840,15747,4633,129928,168473
slide-independent,slide,SAM-H,NT-header1,43,B,liver_s0,Immune,True,run/sthelar40x_klt_5class_slideind_foldB_lora_adaptformer_r8_a8_red16_nt_header1_np_hv_heads_e10_seed43/log/2026-08-24T183826_sthelar40x_klt_5class_slideind_foldB_lora_adaptformer_r8_a8_red16_nt_header1_np_hv_heads_e10_seed43/inference_results.json,0.0815416261,0.5507458321,0.0440303044,42766,3419,7831,150,50597,3569
slide-independent,slide,SAM-H,NT-header1,43,B,liver_s0,Stromal,True,run/sthelar40x_klt_5class_slideind_foldB_lora_adaptformer_r8_a8_red16_nt_header1_np_hv_heads_e10_seed43/log/2026-08-24T183826_sthelar40x_klt_5class_slideind_foldB_lora_adaptformer_r8_a8_red16_nt_header1_np_hv_heads_e10_seed43/inference_results.json,0.4091467824,0.6029302078,0.309630643,36550,18770,9749,1901,46299,20671
slide-independent,slide,SAM-H,NT-header1,43,B,liver_s0,Melanocyte,True,run/sthelar40x_klt_5class_slideind_foldB_lora_adaptformer_r8_a8_red16_nt_header1_np_hv_heads_e10_seed43/log/2026-08-24T183826_sthelar40x_klt_5class_slideind_foldB_lora_adaptformer_r8_a8_red16_nt_header1_np_hv_heads_e10_seed43/inference_results.json,0,0,0,0,0,0,0,0,0
slide-independent,slide,SAM-H,NT-header1,43,B,liver_s0,Other,True,run/sthelar40x_klt_5class_slideind_foldB_lora_adaptformer_r8_a8_red16_nt_header1_np_hv_heads_e10_seed43/log/2026-08-24T183826_sthelar40x_klt_5class_slideind_foldB_lora_adaptformer_r8_a8_red16_nt_header1_np_hv_heads_e10_seed43/inference_results.json,0.1644355644,0.094175535,0.6475216365,1271,8739,1295,1374,2566,10113
slide-independent,slide,SAM-H,NT-header1,43,B,tonsil_s0,Epithelial,True,run/sthelar40x_klt_5class_slideind_foldB_lora_adaptformer_r8_a8_red16_nt_header1_np_hv_heads_e10_seed43/log/2026-08-24T183826_sthelar40x_klt_5class_slideind_foldB_lora_adaptformer_r8_a8_red16_nt_header1_np_hv_heads_e10_seed43/inference_results.json,0.6721636237,0.8886529341,0.5404916692,116135,70635,24160,8723,140295,79358
slide-independent,slide,SAM-H,NT-header1,43,B,tonsil_s0,Immune,True,run/sthelar40x_klt_5class_slideind_foldB_lora_adaptformer_r8_a8_red16_nt_header1_np_hv_heads_e10_seed43/log/2026-08-24T183826_sthelar40x_klt_5class_slideind_foldB_lora_adaptformer_r8_a8_red16_nt_header1_np_hv_heads_e10_seed43/inference_results.json,0.8655240414,0.801610929,0.9405118401,662199,776943,133543,112906,795742,889849
slide-independent,slide,SAM-H,NT-header1,43,B,tonsil_s0,Stromal,True,run/sthelar40x_klt_5class_slideind_foldB_lora_adaptformer_r8_a8_red16_nt_header1_np_hv_heads_e10_seed43/log/2026-08-24T183826_sthelar40x_klt_5class_slideind_foldB_lora_adaptformer_r8_a8_red16_nt_header1_np_hv_heads_e10_seed43/inference_results.json,0.3888074814,0.5539916016,0.2995041029,157694,85254,33408,18182,191102,103436
slide-independent,slide,SAM-H,NT-header1,43,B,tonsil_s0,Melanocyte,True,run/sthelar40x_klt_5class_slideind_foldB_lora_adaptformer_r8_a8_red16_nt_header1_np_hv_heads_e10_seed43/log/2026-08-24T183826_sthelar40x_klt_5class_slideind_foldB_lora_adaptformer_r8_a8_red16_nt_header1_np_hv_heads_e10_seed43/inference_results.json,0,0,0,0,0,0,0,0,0
slide-independent,slide,SAM-H,NT-header1,43,B,tonsil_s0,Other,True,run/sthelar40x_klt_5class_slideind_foldB_lora_adaptformer_r8_a8_red16_nt_header1_np_hv_heads_e10_seed43/log/2026-08-24T183826_sthelar40x_klt_5class_slideind_foldB_lora_adaptformer_r8_a8_red16_nt_header1_np_hv_heads_e10_seed43/inference_results.json,0.1440364712,0.1203417748,0.1793494937,6518,9714,4606,2204,11124,11918
slide-independent,slide,SAM-H,FullFT,42,B,kidney_s0,Epithelial,True,run/sthelar40x_klt_5class_slideind_foldB_fullft_lr1e-5_e10_seed42/log/2026-08-19T181004_sthelar40x_klt_5class_slideind_foldB_fullft_lr1e-5_e10_seed42/inference_results.json,0.561930412,0.8871497851,0.4111919549,93871,43509,12936,1346,106807,44855
slide-independent,slide,SAM-H,FullFT,42,B,kidney_s0,Immune,True,run/sthelar40x_klt_5class_slideind_foldB_fullft_lr1e-5_e10_seed42/log/2026-08-19T181004_sthelar40x_klt_5class_slideind_foldB_fullft_lr1e-5_e10_seed42/inference_results.json,0.2618864441,0.2256995093,0.3118929815,16371,22623,3361,1006,19732,23629
slide-independent,slide,SAM-H,FullFT,42,B,kidney_s0,Stromal,True,run/sthelar40x_klt_5class_slideind_foldB_fullft_lr1e-5_e10_seed42/log/2026-08-19T181004_sthelar40x_klt_5class_slideind_foldB_fullft_lr1e-5_e10_seed42/inference_results.json,0.4806191514,0.3615409588,0.716660589,46619,92410,8494,5609,55113,98019
slide-independent,slide,SAM-H,FullFT,42,B,kidney_s0,Melanocyte,True,run/sthelar40x_klt_5class_slideind_foldB_fullft_lr1e-5_e10_seed42/log/2026-08-19T181004_sthelar40x_klt_5class_slideind_foldB_fullft_lr1e-5_e10_seed42/inference_results.json,0,0,0,0,0,0,0,0,0
slide-independent,slide,SAM-H,FullFT,42,B,kidney_s0,Other,True,run/sthelar40x_klt_5class_slideind_foldB_fullft_lr1e-5_e10_seed42/log/2026-08-19T181004_sthelar40x_klt_5class_slideind_foldB_fullft_lr1e-5_e10_seed42/inference_results.json,0.2272170004,0.263407239,0.1997700489,6958,5277,2958,763,9916,6040
slide-independent,slide,SAM-H,FullFT,42,B,liver_s0,Epithelial,True,run/sthelar40x_klt_5class_slideind_foldB_fullft_lr1e-5_e10_seed42/log/2026-08-19T181004_sthelar40x_klt_5class_slideind_foldB_fullft_lr1e-5_e10_seed42/inference_results.json,0.7646199828,0.6274470277,0.9785517169,114508,178584,15559,6877,130067,185461
slide-independent,slide,SAM-H,FullFT,42,B,liver_s0,Immune,True,run/sthelar40x_klt_5class_slideind_foldB_fullft_lr1e-5_e10_seed42/log/2026-08-19T181004_sthelar40x_klt_5class_slideind_foldB_fullft_lr1e-5_e10_seed42/inference_results.json,0.0583739014,0.5117806103,0.0309521585,42808,2589,7853,222,50661,2811
slide-independent,slide,SAM-H,FullFT,42,B,liver_s0,Stromal,True,run/sthelar40x_klt_5class_slideind_foldB_fullft_lr1e-5_e10_seed42/log/2026-08-19T181004_sthelar40x_klt_5class_slideind_foldB_fullft_lr1e-5_e10_seed42/inference_results.json,0.3134838011,0.6380742499,0.2077836047,36230,11798,10115,1831,46345,13629
slide-independent,slide,SAM-H,FullFT,42,B,liver_s0,Melanocyte,True,run/sthelar40x_klt_5class_slideind_foldB_fullft_lr1e-5_e10_seed42/log/2026-08-19T181004_sthelar40x_klt_5class_slideind_foldB_fullft_lr1e-5_e10_seed42/inference_results.json,0,0,0,0,0,0,0,0,0
slide-independent,slide,SAM-H,FullFT,42,B,liver_s0,Other,True,run/sthelar40x_klt_5class_slideind_foldB_fullft_lr1e-5_e10_seed42/log/2026-08-19T181004_sthelar40x_klt_5class_slideind_foldB_fullft_lr1e-5_e10_seed42/inference_results.json,0.2610072854,0.2207931404,0.3191324555,1291,1866,1276,478,2567,2344
slide-independent,slide,SAM-H,FullFT,42,B,tonsil_s0,Epithelial,True,run/sthelar40x_klt_5class_slideind_foldB_fullft_lr1e-5_e10_seed42/log/2026-08-19T181004_sthelar40x_klt_5class_slideind_foldB_fullft_lr1e-5_e10_seed42/inference_results.json,0.6948382627,0.896607255,0.5671981973,115829,73274,24663,10084,140492,83358
slide-independent,slide,SAM-H,FullFT,42,B,tonsil_s0,Immune,True,run/sthelar40x_klt_5class_slideind_foldB_fullft_lr1e-5_e10_seed42/log/2026-08-19T181004_sthelar40x_klt_5class_slideind_foldB_fullft_lr1e-5_e10_seed42/inference_results.json,0.8711510994,0.8087289956,0.9440153392,662878,773766,133019,110948,795897,884714
slide-independent,slide,SAM-H,FullFT,42,B,tonsil_s0,Stromal,True,run/sthelar40x_klt_5class_slideind_foldB_fullft_lr1e-5_e10_seed42/log/2026-08-19T181004_sthelar40x_klt_5class_slideind_foldB_fullft_lr1e-5_e10_seed42/inference_results.json,0.4273989899,0.5765180179,0.3395681352,157503,92769,33670,17396,191173,110165
slide-independent,slide,SAM-H,FullFT,42,B,tonsil_s0,Melanocyte,True,run/sthelar40x_klt_5class_slideind_foldB_fullft_lr1e-5_e10_seed42/log/2026-08-19T181004_sthelar40x_klt_5class_slideind_foldB_fullft_lr1e-5_e10_seed42/inference_results.json,0,0,0,0,0,0,0,0,0
slide-independent,slide,SAM-H,FullFT,42,B,tonsil_s0,Other,True,run/sthelar40x_klt_5class_slideind_foldB_fullft_lr1e-5_e10_seed42/log/2026-08-19T181004_sthelar40x_klt_5class_slideind_foldB_fullft_lr1e-5_e10_seed42/inference_results.json,0.1208617972,0.1943881001,0.0876925423,6557,2958,4575,656,11132,3614
slide-independent,slide,SAM-H,FullFT,43,B,kidney_s0,Epithelial,True,run/sthelar40x_klt_5class_slideind_foldB_fullft_lr1e-5_e10_seed43/log/2026-08-25T105706_sthelar40x_klt_5class_slideind_foldB_fullft_lr1e-5_e10_seed43/inference_results.json,0.6130576952,0.8584264066,0.4767777151,93983,52199,12807,2031,106790,54230
slide-independent,slide,SAM-H,FullFT,43,B,kidney_s0,Immune,True,run/sthelar40x_klt_5class_slideind_foldB_fullft_lr1e-5_e10_seed43/log/2026-08-25T105706_sthelar40x_klt_5class_slideind_foldB_fullft_lr1e-5_e10_seed43/inference_results.json,0.2662751035,0.1904053843,0.4426587422,16489,38334,3247,1910,19736,40244
slide-independent,slide,SAM-H,FullFT,43,B,kidney_s0,Stromal,True,run/sthelar40x_klt_5class_slideind_foldB_fullft_lr1e-5_e10_seed43/log/2026-08-25T105706_sthelar40x_klt_5class_slideind_foldB_fullft_lr1e-5_e10_seed43/inference_results.json,0.4621471954,0.3974223082,0.552055993,46863,65097,8259,4617,55122,69714
slide-independent,slide,SAM-H,FullFT,43,B,kidney_s0,Melanocyte,True,run/sthelar40x_klt_5class_slideind_foldB_fullft_lr1e-5_e10_seed43/log/2026-08-25T105706_sthelar40x_klt_5class_slideind_foldB_fullft_lr1e-5_e10_seed43/inference_results.json,0,0,0,0,0,0,0,0,0
slide-independent,slide,SAM-H,FullFT,43,B,kidney_s0,Other,True,run/sthelar40x_klt_5class_slideind_foldB_fullft_lr1e-5_e10_seed43/log/2026-08-25T105706_sthelar40x_klt_5class_slideind_foldB_fullft_lr1e-5_e10_seed43/inference_results.json,0.2463437211,0.222892239,0.2753103448,7250,8955,2669,1794,9919,10749
slide-independent,slide,SAM-H,FullFT,43,B,liver_s0,Epithelial,True,run/sthelar40x_klt_5class_slideind_foldB_fullft_lr1e-5_e10_seed43/log/2026-08-25T105706_sthelar40x_klt_5class_slideind_foldB_fullft_lr1e-5_e10_seed43/inference_results.json,0.7631730812,0.6229610552,0.9848328618,113469,179382,16604,6073,130073,185455
slide-independent,slide,SAM-H,FullFT,43,B,liver_s0,Immune,True,run/sthelar40x_klt_5class_slideind_foldB_fullft_lr1e-5_e10_seed43/log/2026-08-25T105706_sthelar40x_klt_5class_slideind_foldB_fullft_lr1e-5_e10_seed43/inference_results.json,0.0387539528,0.4224938875,0.0203083866,42544,2045,8127,161,50671,2206
slide-independent,slide,SAM-H,FullFT,43,B,liver_s0,Stromal,True,run/sthelar40x_klt_5class_slideind_foldB_fullft_lr1e-5_e10_seed43/log/2026-08-25T105706_sthelar40x_klt_5class_slideind_foldB_fullft_lr1e-5_e10_seed43/inference_results.json,0.243182237,0.6976344654,0.1472565483,35849,7567,10502,942,46351,8509
slide-independent,slide,SAM-H,FullFT,43,B,liver_s0,Melanocyte,True,run/sthelar40x_klt_5class_slideind_foldB_fullft_lr1e-5_e10_seed43/log/2026-08-25T105706_sthelar40x_klt_5class_slideind_foldB_fullft_lr1e-5_e10_seed43/inference_results.json,0,0,0,0,0,0,0,0,0
slide-independent,slide,SAM-H,FullFT,43,B,liver_s0,Other,True,run/sthelar40x_klt_5class_slideind_foldB_fullft_lr1e-5_e10_seed43/log/2026-08-25T105706_sthelar40x_klt_5class_slideind_foldB_fullft_lr1e-5_e10_seed43/inference_results.json,0.2028665932,0.1328519856,0.4289044289,1287,4155,1281,1043,2568,5198
slide-independent,slide,SAM-H,FullFT,43,B,tonsil_s0,Epithelial,True,run/sthelar40x_klt_5class_slideind_foldB_fullft_lr1e-5_e10_seed43/log/2026-08-25T105706_sthelar40x_klt_5class_slideind_foldB_fullft_lr1e-5_e10_seed43/inference_results.json,0.7269437955,0.8737893647,0.6223535333,115248,82085,25219,12027,140467,94112
slide-independent,slide,SAM-H,FullFT,43,B,tonsil_s0,Immune,True,run/sthelar40x_klt_5class_slideind_foldB_fullft_lr1e-5_e10_seed43/log/2026-08-25T105706_sthelar40x_klt_5class_slideind_foldB_fullft_lr1e-5_e10_seed43/inference_results.json,0.8691436447,0.8174794055,0.9277787398,658338,747165,137523,117132,795861,864297
slide-independent,slide,SAM-H,FullFT,43,B,tonsil_s0,Stromal,True,run/sthelar40x_klt_5class_slideind_foldB_fullft_lr1e-5_e10_seed43/log/2026-08-25T105706_sthelar40x_klt_5class_slideind_foldB_fullft_lr1e-5_e10_seed43/inference_results.json,0.4356500282,0.5577512438,0.3574074664,156835,100500,34325,23581,191160,124081
slide-independent,slide,SAM-H,FullFT,43,B,tonsil_s0,Melanocyte,True,run/sthelar40x_klt_5class_slideind_foldB_fullft_lr1e-5_e10_seed43/log/2026-08-25T105706_sthelar40x_klt_5class_slideind_foldB_fullft_lr1e-5_e10_seed43/inference_results.json,0,0,0,0,0,0,0,0,0
slide-independent,slide,SAM-H,FullFT,43,B,tonsil_s0,Other,True,run/sthelar40x_klt_5class_slideind_foldB_fullft_lr1e-5_e10_seed43/log/2026-08-25T105706_sthelar40x_klt_5class_slideind_foldB_fullft_lr1e-5_e10_seed43/inference_results.json,0.1736175034,0.1657428687,0.1822777282,6726,7397,4410,2778,11136,10175
slide-independent,slide,CellViT-256,Frozen,42,B,kidney_s0,Epithelial,False,run/sthelar40x_klt_5class_slideind_foldB_cellvit256_frozen_seed42/eval/frozen_class_agnostic_results.json,NA,NA,NA,NA,NA,NA,NA,NA,NA
slide-independent,slide,CellViT-256,Frozen,42,B,kidney_s0,Immune,False,run/sthelar40x_klt_5class_slideind_foldB_cellvit256_frozen_seed42/eval/frozen_class_agnostic_results.json,NA,NA,NA,NA,NA,NA,NA,NA,NA
slide-independent,slide,CellViT-256,Frozen,42,B,kidney_s0,Stromal,False,run/sthelar40x_klt_5class_slideind_foldB_cellvit256_frozen_seed42/eval/frozen_class_agnostic_results.json,NA,NA,NA,NA,NA,NA,NA,NA,NA
slide-independent,slide,CellViT-256,Frozen,42,B,kidney_s0,Melanocyte,False,run/sthelar40x_klt_5class_slideind_foldB_cellvit256_frozen_seed42/eval/frozen_class_agnostic_results.json,NA,NA,NA,NA,NA,NA,NA,NA,NA
slide-independent,slide,CellViT-256,Frozen,42,B,kidney_s0,Other,False,run/sthelar40x_klt_5class_slideind_foldB_cellvit256_frozen_seed42/eval/frozen_class_agnostic_results.json,NA,NA,NA,NA,NA,NA,NA,NA,NA
slide-independent,slide,CellViT-256,Frozen,42,B,liver_s0,Epithelial,False,run/sthelar40x_klt_5class_slideind_foldB_cellvit256_frozen_seed42/eval/frozen_class_agnostic_results.json,NA,NA,NA,NA,NA,NA,NA,NA,NA
slide-independent,slide,CellViT-256,Frozen,42,B,liver_s0,Immune,False,run/sthelar40x_klt_5class_slideind_foldB_cellvit256_frozen_seed42/eval/frozen_class_agnostic_results.json,NA,NA,NA,NA,NA,NA,NA,NA,NA
slide-independent,slide,CellViT-256,Frozen,42,B,liver_s0,Stromal,False,run/sthelar40x_klt_5class_slideind_foldB_cellvit256_frozen_seed42/eval/frozen_class_agnostic_results.json,NA,NA,NA,NA,NA,NA,NA,NA,NA
slide-independent,slide,CellViT-256,Frozen,42,B,liver_s0,Melanocyte,False,run/sthelar40x_klt_5class_slideind_foldB_cellvit256_frozen_seed42/eval/frozen_class_agnostic_results.json,NA,NA,NA,NA,NA,NA,NA,NA,NA
slide-independent,slide,CellViT-256,Frozen,42,B,liver_s0,Other,False,run/sthelar40x_klt_5class_slideind_foldB_cellvit256_frozen_seed42/eval/frozen_class_agnostic_results.json,NA,NA,NA,NA,NA,NA,NA,NA,NA
slide-independent,slide,CellViT-256,Frozen,42,B,tonsil_s0,Epithelial,False,run/sthelar40x_klt_5class_slideind_foldB_cellvit256_frozen_seed42/eval/frozen_class_agnostic_results.json,NA,NA,NA,NA,NA,NA,NA,NA,NA
slide-independent,slide,CellViT-256,Frozen,42,B,tonsil_s0,Immune,False,run/sthelar40x_klt_5class_slideind_foldB_cellvit256_frozen_seed42/eval/frozen_class_agnostic_results.json,NA,NA,NA,NA,NA,NA,NA,NA,NA
slide-independent,slide,CellViT-256,Frozen,42,B,tonsil_s0,Stromal,False,run/sthelar40x_klt_5class_slideind_foldB_cellvit256_frozen_seed42/eval/frozen_class_agnostic_results.json,NA,NA,NA,NA,NA,NA,NA,NA,NA
slide-independent,slide,CellViT-256,Frozen,42,B,tonsil_s0,Melanocyte,False,run/sthelar40x_klt_5class_slideind_foldB_cellvit256_frozen_seed42/eval/frozen_class_agnostic_results.json,NA,NA,NA,NA,NA,NA,NA,NA,NA
slide-independent,slide,CellViT-256,Frozen,42,B,tonsil_s0,Other,False,run/sthelar40x_klt_5class_slideind_foldB_cellvit256_frozen_seed42/eval/frozen_class_agnostic_results.json,NA,NA,NA,NA,NA,NA,NA,NA,NA
slide-independent,slide,CellViT-256,Selected PEFT,42,B,kidney_s0,Epithelial,True,run/sthelar40x_klt_5class_slideind_foldB_cellvit256_lora_adaptformer_r8_a8_red16_heads_e10_seed42/log/2026-08-25T114238_sthelar40x_klt_5class_slideind_foldB_cellvit256_lora_adaptformer_r8_a8_red16_heads_e10_seed42/inference_results.json,0.5315776859,0.8170661509,0.393934348,90081,43431,15996,879,106077,44310
slide-independent,slide,CellViT-256,Selected PEFT,42,B,kidney_s0,Immune,True,run/sthelar40x_klt_5class_slideind_foldB_cellvit256_lora_adaptformer_r8_a8_red16_heads_e10_seed42/log/2026-08-25T114238_sthelar40x_klt_5class_slideind_foldB_cellvit256_lora_adaptformer_r8_a8_red16_heads_e10_seed42/inference_results.json,0.2477706451,0.226416096,0.2735728031,15590,18837,4017,591,19607,19428
slide-independent,slide,CellViT-256,Selected PEFT,42,B,kidney_s0,Stromal,True,run/sthelar40x_klt_5class_slideind_foldB_cellvit256_lora_adaptformer_r8_a8_red16_heads_e10_seed42/log/2026-08-25T114238_sthelar40x_klt_5class_slideind_foldB_cellvit256_lora_adaptformer_r8_a8_red16_heads_e10_seed42/inference_results.json,0.4516379981,0.3348428855,0.6935533826,45202,93626,9612,3799,54814,97425
slide-independent,slide,CellViT-256,Selected PEFT,42,B,kidney_s0,Melanocyte,True,run/sthelar40x_klt_5class_slideind_foldB_cellvit256_lora_adaptformer_r8_a8_red16_heads_e10_seed42/log/2026-08-25T114238_sthelar40x_klt_5class_slideind_foldB_cellvit256_lora_adaptformer_r8_a8_red16_heads_e10_seed42/inference_results.json,0,0,0,0,0,0,0,0,0
slide-independent,slide,CellViT-256,Selected PEFT,42,B,kidney_s0,Other,True,run/sthelar40x_klt_5class_slideind_foldB_cellvit256_lora_adaptformer_r8_a8_red16_heads_e10_seed42/log/2026-08-25T114238_sthelar40x_klt_5class_slideind_foldB_cellvit256_lora_adaptformer_r8_a8_red16_heads_e10_seed42/inference_results.json,0.0146290491,0.0584028605,0.0083617747,5860,839,3917,164,9777,1003
slide-independent,slide,CellViT-256,Selected PEFT,42,B,liver_s0,Epithelial,True,run/sthelar40x_klt_5class_slideind_foldB_cellvit256_lora_adaptformer_r8_a8_red16_heads_e10_seed42/log/2026-08-25T114238_sthelar40x_klt_5class_slideind_foldB_cellvit256_lora_adaptformer_r8_a8_red16_heads_e10_seed42/inference_results.json,0.7682650836,0.6338240286,0.9750930568,105312,162015,24418,3098,129730,165113
slide-independent,slide,CellViT-256,Selected PEFT,42,B,liver_s0,Immune,True,run/sthelar40x_klt_5class_slideind_foldB_cellvit256_lora_adaptformer_r8_a8_red16_heads_e10_seed42/log/2026-08-25T114238_sthelar40x_klt_5class_slideind_foldB_cellvit256_lora_adaptformer_r8_a8_red16_heads_e10_seed42/inference_results.json,0.0616028417,0.60056926,0.0324665333,38994,2108,11439,112,50433,2220
slide-independent,slide,CellViT-256,Selected PEFT,42,B,liver_s0,Stromal,True,run/sthelar40x_klt_5class_slideind_foldB_cellvit256_lora_adaptformer_r8_a8_red16_heads_e10_seed42/log/2026-08-25T114238_sthelar40x_klt_5class_slideind_foldB_cellvit256_lora_adaptformer_r8_a8_red16_heads_e10_seed42/inference_results.json,0.2041553336,0.4424410541,0.1326915649,33657,10094,12539,1382,46196,11476
slide-independent,slide,CellViT-256,Selected PEFT,42,B,liver_s0,Melanocyte,True,run/sthelar40x_klt_5class_slideind_foldB_cellvit256_lora_adaptformer_r8_a8_red16_heads_e10_seed42/log/2026-08-25T114238_sthelar40x_klt_5class_slideind_foldB_cellvit256_lora_adaptformer_r8_a8_red16_heads_e10_seed42/inference_results.json,0,0,0,0,0,0,0,0,0
slide-independent,slide,CellViT-256,Selected PEFT,42,B,liver_s0,Other,True,run/sthelar40x_klt_5class_slideind_foldB_cellvit256_lora_adaptformer_r8_a8_red16_heads_e10_seed42/log/2026-08-25T114238_sthelar40x_klt_5class_slideind_foldB_cellvit256_lora_adaptformer_r8_a8_red16_heads_e10_seed42/inference_results.json,0.1220013708,0.0743059904,0.3406698565,1045,4791,1517,988,2562,5779
slide-independent,slide,CellViT-256,Selected PEFT,42,B,tonsil_s0,Epithelial,True,run/sthelar40x_klt_5class_slideind_foldB_cellvit256_lora_adaptformer_r8_a8_red16_heads_e10_seed42/log/2026-08-25T114238_sthelar40x_klt_5class_slideind_foldB_cellvit256_lora_adaptformer_r8_a8_red16_heads_e10_seed42/inference_results.json,0.4934112057,0.9121199991,0.3381728973,114542,42467,25311,5888,139853,48355
slide-independent,slide,CellViT-256,Selected PEFT,42,B,tonsil_s0,Immune,True,run/sthelar40x_klt_5class_slideind_foldB_cellvit256_lora_adaptformer_r8_a8_red16_heads_e10_seed42/log/2026-08-25T114238_sthelar40x_klt_5class_slideind_foldB_cellvit256_lora_adaptformer_r8_a8_red16_heads_e10_seed42/inference_results.json,0.8589450637,0.7763360274,0.9612282742,659527,816600,135456,99301,794983,915901
slide-independent,slide,CellViT-256,Selected PEFT,42,B,tonsil_s0,Stromal,True,run/sthelar40x_klt_5class_slideind_foldB_cellvit256_lora_adaptformer_r8_a8_red16_heads_e10_seed42/log/2026-08-25T114238_sthelar40x_klt_5class_slideind_foldB_cellvit256_lora_adaptformer_r8_a8_red16_heads_e10_seed42/inference_results.json,0.3090912241,0.4759458883,0.2288590087,155882,74956,34772,15067,190654,90023
slide-independent,slide,CellViT-256,Selected PEFT,42,B,tonsil_s0,Melanocyte,True,run/sthelar40x_klt_5class_slideind_foldB_cellvit256_lora_adaptformer_r8_a8_red16_heads_e10_seed42/log/2026-08-25T114238_sthelar40x_klt_5class_slideind_foldB_cellvit256_lora_adaptformer_r8_a8_red16_heads_e10_seed42/inference_results.json,0,0,0,0,0,0,0,0,0
slide-independent,slide,CellViT-256,Selected PEFT,42,B,tonsil_s0,Other,True,run/sthelar40x_klt_5class_slideind_foldB_cellvit256_lora_adaptformer_r8_a8_red16_heads_e10_seed42/log/2026-08-25T114238_sthelar40x_klt_5class_slideind_foldB_cellvit256_lora_adaptformer_r8_a8_red16_heads_e10_seed42/inference_results.json,0.0386800108,0.0860927152,0.0249433107,5733,1661,5336,127,11069,1788
slide-independent,slide,CellViT-256,FullFT,42,B,kidney_s0,Epithelial,True,run/sthelar40x_klt_5class_slideind_foldB_cellvit256_fullft_lr1e-5_e10_seed42/log/2026-08-24T115109_sthelar40x_klt_5class_slideind_foldB_cellvit256_fullft_lr1e-5_e10_seed42/inference_results.json,0.3117467346,0.8901587944,0.1889620079,93151,19774,13613,472,106764,20246
slide-independent,slide,CellViT-256,FullFT,42,B,kidney_s0,Immune,True,run/sthelar40x_klt_5class_slideind_foldB_cellvit256_fullft_lr1e-5_e10_seed42/log/2026-08-24T115109_sthelar40x_klt_5class_slideind_foldB_cellvit256_fullft_lr1e-5_e10_seed42/inference_results.json,0.2206198926,0.167311228,0.3237838169,16301,31546,3435,847,19736,32393
slide-independent,slide,CellViT-256,FullFT,42,B,kidney_s0,Stromal,True,run/sthelar40x_klt_5class_slideind_foldB_cellvit256_fullft_lr1e-5_e10_seed42/log/2026-08-24T115109_sthelar40x_klt_5class_slideind_foldB_cellvit256_fullft_lr1e-5_e10_seed42/inference_results.json,0.4455524659,0.3175167186,0.7466203912,46677,109758,8443,5907,55120,115665
slide-independent,slide,CellViT-256,FullFT,42,B,kidney_s0,Melanocyte,True,run/sthelar40x_klt_5class_slideind_foldB_cellvit256_fullft_lr1e-5_e10_seed42/log/2026-08-24T115109_sthelar40x_klt_5class_slideind_foldB_cellvit256_fullft_lr1e-5_e10_seed42/inference_results.json,0,0,0,0,0,0,0,0,0
slide-independent,slide,CellViT-256,FullFT,42,B,kidney_s0,Other,True,run/sthelar40x_klt_5class_slideind_foldB_cellvit256_fullft_lr1e-5_e10_seed42/log/2026-08-24T115109_sthelar40x_klt_5class_slideind_foldB_cellvit256_fullft_lr1e-5_e10_seed42/inference_results.json,0.1196188727,0.2769803296,0.0762811127,6830,1881,3081,406,9911,2287
slide-independent,slide,CellViT-256,FullFT,42,B,liver_s0,Epithelial,True,run/sthelar40x_klt_5class_slideind_foldB_cellvit256_fullft_lr1e-5_e10_seed42/log/2026-08-24T115109_sthelar40x_klt_5class_slideind_foldB_cellvit256_fullft_lr1e-5_e10_seed42/inference_results.json,0.7577321689,0.6563404692,0.8961733308,114094,155785,15500,6105,129594,161890
slide-independent,slide,CellViT-256,FullFT,42,B,liver_s0,Immune,True,run/sthelar40x_klt_5class_slideind_foldB_cellvit256_fullft_lr1e-5_e10_seed42/log/2026-08-24T115109_sthelar40x_klt_5class_slideind_foldB_cellvit256_fullft_lr1e-5_e10_seed42/inference_results.json,0.0614640734,0.3945749441,0.033327822,42337,3576,8139,190,50476,3766
slide-independent,slide,CellViT-256,FullFT,42,B,liver_s0,Stromal,True,run/sthelar40x_klt_5class_slideind_foldB_cellvit256_fullft_lr1e-5_e10_seed42/log/2026-08-24T115109_sthelar40x_klt_5class_slideind_foldB_cellvit256_fullft_lr1e-5_e10_seed42/inference_results.json,0.3993327531,0.4170327506,0.3830740545,35933,33007,10301,2739,46234,35746
slide-independent,slide,CellViT-256,FullFT,42,B,liver_s0,Melanocyte,True,run/sthelar40x_klt_5class_slideind_foldB_cellvit256_fullft_lr1e-5_e10_seed42/log/2026-08-24T115109_sthelar40x_klt_5class_slideind_foldB_cellvit256_fullft_lr1e-5_e10_seed42/inference_results.json,0,0,0,0,0,0,0,0,0
slide-independent,slide,CellViT-256,FullFT,42,B,liver_s0,Other,True,run/sthelar40x_klt_5class_slideind_foldB_cellvit256_fullft_lr1e-5_e10_seed42/log/2026-08-24T115109_sthelar40x_klt_5class_slideind_foldB_cellvit256_fullft_lr1e-5_e10_seed42/inference_results.json,0.1579384871,0.1582014988,0.1576763485,1205,1201,1353,391,2558,1592
slide-independent,slide,CellViT-256,FullFT,42,B,tonsil_s0,Epithelial,True,run/sthelar40x_klt_5class_slideind_foldB_cellvit256_fullft_lr1e-5_e10_seed42/log/2026-08-24T115109_sthelar40x_klt_5class_slideind_foldB_cellvit256_fullft_lr1e-5_e10_seed42/inference_results.json,0.5325810514,0.9216142885,0.3744975649,115189,46807,25142,5786,140331,52593
slide-independent,slide,CellViT-256,FullFT,42,B,tonsil_s0,Immune,True,run/sthelar40x_klt_5class_slideind_foldB_cellvit256_fullft_lr1e-5_e10_seed42/log/2026-08-24T115109_sthelar40x_klt_5class_slideind_foldB_cellvit256_fullft_lr1e-5_e10_seed42/inference_results.json,0.863050329,0.7834161454,0.9607060123,664351,814696,131476,104190,795827,918886
slide-independent,slide,CellViT-256,FullFT,42,B,tonsil_s0,Stromal,True,run/sthelar40x_klt_5class_slideind_foldB_cellvit256_fullft_lr1e-5_e10_seed42/log/2026-08-24T115109_sthelar40x_klt_5class_slideind_foldB_cellvit256_fullft_lr1e-5_e10_seed42/inference_results.json,0.3357046951,0.5108251502,0.25,157516,77089,33637,14780,191153,91869
slide-independent,slide,CellViT-256,FullFT,42,B,tonsil_s0,Melanocyte,True,run/sthelar40x_klt_5class_slideind_foldB_cellvit256_fullft_lr1e-5_e10_seed42/log/2026-08-24T115109_sthelar40x_klt_5class_slideind_foldB_cellvit256_fullft_lr1e-5_e10_seed42/inference_results.json,0,0,0,0,0,0,0,0,0
slide-independent,slide,CellViT-256,FullFT,42,B,tonsil_s0,Other,True,run/sthelar40x_klt_5class_slideind_foldB_cellvit256_fullft_lr1e-5_e10_seed42/log/2026-08-24T115109_sthelar40x_klt_5class_slideind_foldB_cellvit256_fullft_lr1e-5_e10_seed42/inference_results.json,0.119756185,0.1388773389,0.1052631579,6346,4810,4783,1281,11129,6091
